text,label_aktual,sentimen_aktual,pred_111,sentimen_pred_111,pred_631,sentimen_pred_631,pred_811,sentimen_pred_811
Kondisi pasca bencana banjir bandang di serba jadi Aceh timur PrayForSumatera 4 10 790,1,netral,1,netral,1,netral,2,positif
"BNPB mengatakan sejumlah jembatan darurat atau bailey mulai dipasang pada beberapa titik di wilayah Sumatra Barat sebagai penghubung akses antar-wilayah antaranews. BNPB Jembatan bailey dipasang, hubungkan akses terputus di Sumbar Badan Nasional Penanggulangan Bencana (BNPB) mengatakan sejumlah jembatan darurat atau bailey mulai dipasang pada beberapa titik di wilayah Sumatra Barat ... 268",1,netral,1,netral,1,netral,1,netral
KMS Aceh menyerahkan donasi kepada 8 (delapan) pegawai Mahkamah Syar’iyah Aceh yang terdampak bencana banjir dan tanah longsor. 25,1,netral,2,positif,2,positif,2,positif
"""Menko Pangan Zulhas minta Bulog gandakan distribusi bantuan pangan ke Sumatera guna bantu korban banjir. Ribuan ton beras dan jutaan liter minyak goreng sudah disalurkan dengan lancar."" 18",0,negatif,2,positif,0,negatif,0,negatif
"Ada trauma tersendiri sebagai rakyat tapanuli tengah, tapanuli tengah hancur seketika Pray for tapanuli tengah 30",2,positif,0,negatif,0,negatif,0,negatif
"Lucu banget di Sumatra sawit 'dituduh' biang banjir, ribuan pekerja terancam kehilangan kerja sampai PHK massal, sementara Papua diajak tanam sawit besar-besaran demi energi. Prioritas mana yang bener lindungi hutan Papua sambil bunuh ekonomi rakyat Sumatra? banjirsumatra 7 8 4",0,negatif,0,negatif,0,negatif,0,negatif
"Setelah Gudang Timbunan Bantuan Banjir Digerebek Anggota Dewan, Puluhan Petugas BPBD Demo DPRK Bireun Setelah Gudang Timbunan Bantuan Banjir Digerebek Anggota Dewan, Puluhan Petugas BPBD Demo DPRK... 37",0,negatif,0,negatif,0,negatif,0,negatif
"Polda Sumbar hadir melalui bakti kesehatan bagi warga terdampak bencana sebagai Melakukan Upaya Perbaikan kondisi kesehatan pascabencana, demi masyarakat yang kembali sehat dan beraktivitas dengan aman. WujudkanSumateraPulih 18",2,positif,2,positif,2,positif,2,positif
Tim Siaga SAR Satbrimob Polda Kalsel sejak siang hingga malam hari terus sigap dalam membantu evakuasi warga terdampak banjir yang melanda di Sungai Rangas dan Dalam Pagar Kabupaten Banjar PrayForSumatra Polriuntukmasyarakat BrimobUntukNusadanBangsa Jiwaragakudemikemanusiaan,2,positif,2,positif,2,positif,2,positif
"Presiden Prabowo Subianto memberikan alokasi Rp 4 miliar kepada 52 kabupaten/kota di wilayah terdampak bencana di Aceh, Sumatera Utara, dan Sumatera Barat, dan dan Rp 20 milyar untuk provinsi, dengan menghitung dampak bencana thd ekonomi. Namun sayangnya tidak dijelaskan apakah 1 779",1,netral,1,netral,2,positif,2,positif
Pemerintah Sigap untuk Aceh Sumatra Kemenhut Bersihkan 1.272 Meter Gelondongan Kayu negarahadirpulihkansumatra 10,2,positif,2,positif,2,positif,2,positif
"Respons Cepat Bencana, Raffi Ahmad langsung sebar tim untuk salurkan bantuan ke korban banjir & longsor di Bandung, Aceh, Sumbar, hingga Sumut. 269",0,negatif,2,positif,0,negatif,0,negatif
"Aku salah satu warga aceh yang rumahnya kebanjiran. Waktu air naik situasi lagi hujan deras, angin kencang, petir, listrik mati, jaringan gak ada dan sekarang kalau hujan pasti takut 44",0,negatif,0,negatif,0,negatif,0,negatif
"Aceh Tamiang menjadi wilayah paling parah terdampak banjir bandang. Rumah warga porak-poranda, dan di sejumlah titik seluruh desa rata dengan tanah. Ternak seperti sapi dan kambing mati terkapar di jalan, sementara mayat korban masih tertimbun di bawah lumpur.",0,negatif,0,negatif,0,negatif,0,negatif
"empat gajah tersebut bernama Abu, Mido, Ajis dan Noni banjirsumatra banjiraceh PrayForSumatera aceh.antaranews. Update Bencana Aceh, Empat gajah jinak bantu bersihkan puing sisa banjir di Pidie Jaya - ANTARA... Balai Konservasi dan Sumber Daya Alam (BKSDA) Aceh mengerahkan empat ekor gajah jinak untuk membantu pembersihan kayu-kayu hutan sisa bencana banjir di ... 1 113",2,positif,2,positif,2,positif,0,negatif
"Upaya pemulihan listrik pascabanjir di sejumlah wilayah Sumatera Barat terus dilakukan secara maksimal oleh berbagai pihak. Kapolda Sumbar Irjen Pol Gatot menegaskan bahwa Polri memberikan dukungan penuh, termasuk penambahan personel, dalam membantu proses penanganan bencana 17",2,positif,2,positif,2,positif,2,positif
banjir besar dan akses putus tapi Polisi Tanggap Bencana tetap maju demi evakuasi warga di titik paling sulit Terimakasih POLRI 23,2,positif,2,positif,2,positif,0,negatif
Mohon izin disuarakan pak Bg Bu dan seluruh Rakyat Byk perusahaan besar yg mengeruk alam Desa kami Belantaraya kec gaung kab Inhil prov Riau Tak satupun pejabat daerah berani bersuara untuk audit perizinannya Banjir sudah terasa 2 7 8,0,negatif,0,negatif,0,negatif,0,negatif
"Tololll, kui udu nyalahke jowo cok. Iku mek ko bayangke betapa dahsyatnya luas dampak banjir Sumatera. Sing notabene banjire kui sak pulau Jawa, tapi respon pemerintahane ga sat set karo serius. Sedangkan nek ono kasus"" bencana ng Jowo gercep, ngunu. Kenopo koe malah bengok"" cok",0,negatif,0,negatif,0,negatif,0,negatif
"Empat gajah dari sebuah pusat pelatihan lokal menggunakan belalainya untuk bantu memindahkan potongan kayu besar dan membuka jalan yang terhalang di Pidie Jaya, sebuah distrik di Aceh yang parah terdampak banjir. 6 12",0,negatif,2,positif,2,positif,0,negatif
"Kemarin BNPB (melalui kepalanya), sekarang Basarnas membuat komentar kontroversial yang bertentangan dengan laporan langsung dari lapangan. Setelah coba iseng cek latar belakang kepala/ketua 2 badan ini langsung bikin manggut-manggut 1 473",0,negatif,0,negatif,0,negatif,0,negatif
Kehadiran tim dari Polda Riau menjadi wujud nyata kepedulian Polri terhadap korban banjir bandang di Sumatera Barat. polri PolriPeduli PeduliBencana PrayForSumatera 1 53,0,negatif,2,positif,0,negatif,0,negatif
"Ketika panik malem2 tiba2 motor mogok, Mas ini ditolong oleh Marbot Masjid warungmakangratis masjidpemudaindonesia masjidramahsegalanya prayforsumatra 1 10",2,positif,0,negatif,0,negatif,0,negatif
DAH JADI KENYATAAN... Rakyat Pribumi Jadi Budak di Negeri Sendiri...Bahkan MATI Para Taipan Cina Menguras SDA dan Membabat Habis Hutan Bumi Pertiwi... PrayForSumatera BENCANANASIONAL NATIONALDISASTER 2 123,0,negatif,0,negatif,0,negatif,0,negatif
"Iya, aksi Dinas Pendidikan Aceh ini emang nyata banget. Mereka lagi rehab sekitar 1.000 kursi dan meja rusak banjir di sekolah-sekolah seperti SMK Negeri Karang Baru. Ini bantu siswa belajar lagi dengan nyaman, plus hemat biaya. Buat siswa dan guru di sana, pasti terbantu ya.",0,negatif,2,positif,2,positif,2,positif
"Akun parodi Oalah tau"" ih kta ternyata sma ya sama"" sumbar Sejauh ini tmpt ku aman bsa dibilang aku ditengah"" tau terkepung maninjau longsor banjir nah disbelah snaa lagi bnjir jga tpi untung aman cma kmaren itu air di luar gede Tpi kmu gimana skrng ??? Okey smua? 2 68",1,netral,0,negatif,0,negatif,0,negatif
"Tanggung jawab atas deforestasi penyebab banjir bandang di Sumatra (seperti November 2025) bersifat multifaset. Berdasarkan laporan dari BBC, CNN Indonesia, dan Mongabay, pemerintah bertanggung jawab karena mengeluarkan izin operasi perusahaan. Perusahaan seperti PT Tusam dan",0,negatif,1,netral,0,negatif,0,negatif
Banjir bandang jadi peringatan keras pentingnya perlindungan hutan Aceh Sumatera Update 25,0,negatif,1,netral,1,netral,1,netral
"pemerintah merespon cepat atas bencana banjir di sumatera. Bantuan terus mengalir untuk para korban, evakuasi warga, distribusi logistic dan penjagaan keamanan terus dilakukan SatuIndonesia Pemerintah Hadir Tanpa Tunda 22",0,negatif,2,positif,0,negatif,0,negatif
"Halaman masjid yang kini menjadi posko pengungsian tampak riuh oleh aktivitas warga dan relawan yang memasak di dapur umum. Tawa lirih bercampur letih menggambarkan bagaimana warga Desa Blang Panjoe, Kabupaten Bireuen, Aceh, saling menguatkan setelah rumah mereka terendam banjir. 2 9",2,positif,2,positif,2,positif,0,negatif
"Jakarta, 6 Desember 2025 — Bencana alam banjir bandang yang melanda Aceh, Sumatra Utara, dan Sumatra Barat pada akhir November lalu meninggalkan dampak hebat bagi sejumlah wilayah, termasuk di Kampung Apa di Kelurahan Lubuk Minturun, Kecamatan Koto Tangah, Sumatra Barat. 45",0,negatif,1,netral,0,negatif,1,netral
"kalau gak ada bukti, gak usah nuduh macam2. bajer emang gaje. yang banyak buktinya kalau banjir di sumatera (tapanuli selatan) belum lama ini akibat deforestasi yang ijinnya diberikan oleh pada bulan oktober 2025 lalu. Kayu Gelondongan di Balik Banjir Sumut, Bupati Tapsel Bicara Kemenhut Kembali Beri Izin Korporasi -... 149",0,negatif,0,negatif,0,negatif,0,negatif
Pembangunan bagi warga masyarakat yang terkena bencana banjir sedang di laksanakan yaitu dalam membangun rumah rumah yang rusak dan terbawa banjir dan smoga bisa segera beres Aceh Sumatera Update 16,0,negatif,2,positif,2,positif,2,positif
"""Mahasiswa terdampak bencana Sumatra dibebas UKT 1-2 semester, keren banget! 6",2,positif,2,positif,2,positif,0,negatif
"Pemerintah saat ini sepertinya hanya ingin ""hadir ketika ada masalah"" bukan untuk ""menyelesaikan masalah"" PrayForSumatera 1 12",0,negatif,0,negatif,0,negatif,0,negatif
Akun parodi Lekas Pulih Sumatera AllEyesOnSumatera PrayForSumatera PrayForSibolga PrayForTapanuli PrayForAceh prayforsumbar 1 73,2,positif,2,positif,2,positif,2,positif
"Kapolri Telah Kantongi Tersangka Pembalakan Liar Di Tapanuli Selatan, Perparah Banjir Di Sumatera Kapolri Telah Kantongi Tersangka Pembalakan Liar Di Tapanuli Selatan, Perparah Banjir Di Sumatera 53",0,negatif,1,netral,0,negatif,0,negatif
"Ini salah satu cara Allah SWT utk membuat rugi para perusak bumi. Sudah bersusah payah melalukan pembalakan liar tak terkendali, hasilnya ternyata harus hanyut terbawa banjir... Kasihan masyarakat yg tak menahu harus ikut terdampak parah..",0,negatif,0,negatif,0,negatif,0,negatif
"Yukkk.....dulur2 diseluruh Indonesia nonton Film TIMUR klo dulur2 nonton Film TIMUR berarti dulur2 sdh membantu korban Banjir di Aceh,Sumut dan Sumbar krn Pernyataan dr Bung Iko Uwais semua pendapatan dr Film TIMUR akan didonasikan unt korban Banjir,Amazing 2 2 13 352",0,negatif,2,positif,0,negatif,0,negatif
"Pejabat2 tidak punya urat malu, tidak mungkin mau mundur inanews. . 5-7 Menteri Harus Mundur terkait Bencana Banjir Sumatra INAnews. . , Jakarta- Pengamat politik Rocky Gerung mendesak setidaknya 5 hingga 7 menteri mengundurkan diri menyusul penanganan bencana banjir bandang di Sumatera yang dinilai gagal. Dalam... 9",0,negatif,1,netral,0,negatif,0,negatif
"Mendagri memastikan akan berkoordinasi dengan Kementerian Pertanian untuk memulihkan sawah terdampak melalui program optimalisasi lahan, berupa pembersihan lumpur, bantuan benih, pupuk, irigasi, serta alat mesin pertanian BanjirAceh Aceh TitoKarnavian Mendagri Tinjau Lokasi Banjir di Gayo Lues, Fokus Pemulihan Sawah dan Jembatan - Serambinews. 306",2,positif,2,positif,2,positif,2,positif
"Banjir dikawasan pulau Sumatra, pejabatnya bilang cuaca extrime, ya betul, saking extrime ya hujannya bukan hujan air, tapi hujan kayu gelondongan. Untuk semua pejabat, bikin aja terus kebijakan yg menyesatkan dan merusak. Kita tinggal sama2 hukuman dari Allah berupa bencana.",0,negatif,0,negatif,0,negatif,0,negatif
"Tidak perlu banyak berdebat, mari bantu, gotong royong, berdoa demi saudara kita di Sumatera. PrayForSumatera yukgasss 2 1 1 67",1,netral,2,positif,2,positif,2,positif
"Banjir besar Aceh & Sumatra 2025 bukan sekadar ""musibah alam"". Ini adalah Bencana Ekologis Buatan Manusia (Man-made Disaster) yang terstruktur. Sebuah bedah kasus Mengapa negara gagal mengurus hutan dan kenapa Masyarakat Adat adalah kunci keselamatannya. A Thread 2 1 104",0,negatif,0,negatif,0,negatif,0,negatif
"ya allah napa hujan lagi bukannya ga bersyukur, tapi yang kemarin aja masih dalam proses evakuasi dan pembersihan lumpur/tumpukan sisa banjir dan longsor semoga ga kenapa napa lagi 1 173",0,negatif,0,negatif,0,negatif,0,negatif
Anjirrr lagi kerja gue malah nangis gara gara liat banjir aceh gak tega banget ya Allah 31,0,negatif,0,negatif,0,negatif,0,negatif
"Natal adalah panggilan moral untuk peduli. Pesan Natal Prabowo mengajak kita menyentuh hati sesama. Langkah Presiden Perkuat Solidaritas ini menjadi pelipur lara bagi korban banjir bandang. Pesan Natal 2025, Presiden Prabowo Ajak Gotong Royong untuk Sumatra 20",0,negatif,2,positif,0,negatif,0,negatif
Akun parodi Ini foto kenyataan bukan rekayasa AI. PrayForSumatera PrayForTapanuli PrayForAceh PrayForSibolga PrayForPrabowo Kerna ulah Oligarki rakyat banyak yg mati. *kapan revolusi.? [aku bertanya dengan hati-hati] •• 1 11 20 511,0,negatif,0,negatif,0,negatif,0,negatif
"Di tanah Sumatera lebih banyak perusakan dibanding pembangunan, Sumatera juga Indonesia AllEyesOnSumatera PrayForSumatera 118",0,negatif,0,negatif,0,negatif,0,negatif
Melalui Pesan Natal Prabowo Presiden Perkuat Solidaritas dengan mengajak rakyat saling membantu korban banjir bandang dan longsor di Sumatera.,0,negatif,2,positif,0,negatif,0,negatif
"Tragedi Longsor Tapsel, 22 Korban Ditemukan Meninggal di Desa Batu Godang Sebanyak 22 korban tanah longsor di Kampung Duren, Desa Batu Godang, Tapanuli Selatan, Sumatera Utara, ditemukan dalam kondisi meninggal dunia oleh Tim SAR Gabungan, Senin (1/12/2025). + Banjir 3 38 89",0,negatif,0,negatif,0,negatif,0,negatif
"""Untuk bantuan pembuatan sumur bor, kami merencanakan pembangunan 436 fasilitas sumur bor di tiga provinsi. 261 di Aceh, 25 di Sumut, dan 150 titik di Sumbar. Saat ini proses sedang berjalan. Belum semua selesai,"" ujar Sigit dalam konferensi pers, Senin. Baca di sini 3 815",2,positif,1,netral,2,positif,1,netral
"guys banjir di aceh dan sumbar emang separah itu, air mata gua keluar terus gak kuat bgt 21",0,negatif,0,negatif,0,negatif,0,negatif
"day 1 UO ada aja ujiannya, motor mogok lah, kesandung, jatuhh laa tok nak berak tok... gwenchana, topping hidup biar ga polosan amat sii 1 14",0,negatif,0,negatif,0,negatif,0,negatif
"ya allah hujan lagi udah trust issues bgt sama hujan bukan ga bersyukur ya allah, tapi jangan sampe ada banjir susulan lagi 3 5 562",0,negatif,0,negatif,0,negatif,0,negatif
"Potret RSUD Aceh Tamiang yang Sudah Beroperasi dan Kembali Layani Masyarakat Aceh Tamiang — Rumah Sakit Umum Daerah (RSUD) Aceh Tamiang pada Sabtu (20/12) terpantau kembali bersih dan mulai melayani masyarakat, setelah sebelumnya terendam banjir dan tertimbun lumpur akibat 1 947",0,negatif,2,positif,2,positif,2,positif
"Gelondong kayu memperparah banjir Sumatera di Desa Garoga, Tapanuli Selatan. Tempo melihat sendiri gelondong-gelondong kayu merusak Daerah Aliran Sungai Garoga. Simak selengkapnya dalam program Tukang Kupas Perkara. Tayang setiap Kamis, 25 Desember 2025 pukul 19.30 WIB di 7 168 360",0,negatif,1,netral,0,negatif,0,negatif
"Kondisi pilu dialami warga terdampak banjir di Aceh yang terpaksa mengungsi secara darurat di tepi jalan. Tanpa adanya posko utama, mereka telah bertahan di lokasi tersebut selama lebih dari satu minggu. Ketika tim liputan tiba, suasana malam hari terlihat gulita akibat listrik 2 5 8",0,negatif,0,negatif,0,negatif,0,negatif
"ini ditempat kerjaku jga lumayan banjir semata kaki lebih bahkan ada yg sampe masuk rumah, hujan ga berhenti2 gimana ga banjir 1 131",0,negatif,0,negatif,0,negatif,0,negatif
"lu kira bencana ni kaya event goblok ngabisin anggaran aja, pemerintah klo ga goblok tolol dungu lu angkut semua 6",0,negatif,0,negatif,0,negatif,0,negatif
"Guys, ada yang tau info volunteer buat bisa bantu terjung langsung ke saudaraku korban banjir di aceh? Plis let me know. Sedih banget rasanya liat seliweran foto/video situasi mereka disana, hati ini tergerak buat ikut bantu. volunteer volunteersumatera banjirsumatera 1 8",0,negatif,2,positif,0,negatif,0,negatif
"Di tengah duka banjir Sumatera, Gus Yahya terus kerahkan organ NU dari tingkat pusat sampai ranting untuk bantu korban bencana. Kita yakin dengan semangat gotong royong dan ketulusan berkhidmat, kita bisa bangkit bersama. NUPeduliBencanaSumatera Korban Terus Bertambah, Gus Yahya Kerahkan Kekuatan PBNU untuk Bantu Bencana di Sumatera 8 23",0,negatif,2,positif,0,negatif,0,negatif
Penanganan banjir di Aceh makin lancar karena respons pemerintah yang solid 19,2,positif,2,positif,2,positif,2,positif
SUMATERA BUTUH STATUS BENCANANASIONAL NATIONALDISASTER PrayForSumatera 20 54,1,netral,1,netral,1,netral,1,netral
Siapa yg Bayar PrayForSumatera IndonesiaGelap TolakUUTNI SupremasiSipil MariBangunKesadaran TolakOkupasiTanahRakyat Desember2025 1 33,0,negatif,0,negatif,0,negatif,0,negatif
Seskab Teddy Pemerintah Kirim 11 Helikopter Logistik untuk Korban Banjir Sumatera - Aceh PrayForSumatera PrayForAceh Teddy Pastikan 11 Helikopter Non-Stop Keliling Lokasi Banjir Longsor Sumatera-Aceh mengirim bantuan terutama ke wilayah yang sulit dijangkau jalur darat 9 32 102,0,negatif,2,positif,0,negatif,0,negatif
"Presiden Prabowo Subianto menegaskan pemerintah akan percepat pembangunan hunian dan pemulihan infrastruktur di Aceh, Sumbar dan Sumut pasca bencana banjir dan longsor. Pemerintah memastikan seluruh langkah penanganan darurat hingga pemulihan pascabencana berjalan terkoordinasi 460",2,positif,2,positif,2,positif,2,positif
"Menteri Ekraf Motoran dan Blusukan ke Rumah Warga Terdampak Banjir di Pidie Jaya Dalam kunjungan tersebut, awalnya Teuku Riefky berjalan kaki menyusuri rumah-rumah warga yang sebelumnya terendam banjir bandang. Banjiraceh KorbanBanjir MenteriEkref Menteri Ekraf Motoran dan Blusukan ke Rumah Warga Terdampak Banjir di Pidie Jaya - Serambinews. 57",0,negatif,2,positif,0,negatif,0,negatif
"Berdasarkan data BMKG & BNPB (3 Des 2025) - Sumatra (Aceh, Sumut, Sumbar, Sumsel) Potensi longsor susulan & banjir baru akibat hujan ekstrem >100mm/hari (siklon tropis Senyar, curah hujan tinggi hingga 8 Des). Korban banjir Sumatra >753 jiwa, waspada daerah perbukitan. - Jawa",0,negatif,1,netral,0,negatif,0,negatif
"Perjuangan tanpa henti untuk mengembalikan terang dan harapan masyarakat Aceh. Sudah sebulan lebih pascabencana banjir yang melanda wilayah Aceh, salah satu yang paling parah terdampak adalah Kecamatan Takengon, Kabupaten Aceh Tengah. PetugasPLN24Jam 32",0,negatif,2,positif,2,positif,0,negatif
"sedih banget ya. emang udah paling bener gua tinggal sendiri aja/ngekost. gua pikir dengan salah satu keluarga gua ada yang mau nampung gua, gua akan dianggep. beneran sedih pdahal ini cuma karena banjir kemarin wkwkwk. 1 16",0,negatif,0,negatif,0,negatif,0,negatif
"Ribuan keluarga korban banjir dan longsor di Aceh, Sumatera Utara, dan Sumatera Barat memilih bertahan di luar hunian sementara dengan menerima Dana Tunggu Hunian (DTH) dari pemerintah. Badan Nasional Penanggulangan Bencana (BNPB) mencatat, hingga kini sebanyak 16.264 kepala 1 1",1,netral,0,negatif,0,negatif,0,negatif
"Cukong2 boss kayu dan tambang itu lagi kongkow2 di S'pore, bininya lagi belanja tas di Paris, anaknya lagi nonton NBA di LA.. Kalian para peliharaan lagi nonton tv lihat saudara di Aceh, Sumut dan Sumbar tertimpa bencana.. OTAK KALIAN ADA DIMANA BABIK..?",0,negatif,0,negatif,0,negatif,0,negatif
"Satgas KKP Peduli Bencana Bantu Normalisasi Sumur Air di Aceh Tamiang Satgas KKP Peduli Bencana Aceh dan Sumatra terus bergerak mendampingi masyarakat pascabencana di Aceh Tamiang, Langkat, hingga Langsa. AcehTamiang PSDKPPantangTercela KKP2026GrowStronger 2 57",1,netral,2,positif,2,positif,2,positif
"Susahnya pasca banjir, kayaknya maret tahun lalu di wilayah saya cuma selutut doang sampai masuk dalam rumah 3 hari baru menyusut dan ini baru kejadian banjir pertama kali setelah belasan tahun enggak pernah (terakhir kali katanya paling parah nyaris nyentuh atap rumah) 1 45",0,negatif,0,negatif,0,negatif,0,negatif
WALHI Desak Pemerintah Evaluasi Pengusaha Nakal Usai Banjir Sumatera WALHI UliArtaSiagian Banjir Longsor Sumatera Sumatra Pengusaha,0,negatif,1,netral,0,negatif,0,negatif
"Kalau pemerintah hadir dan cepat tanggap, gak perlu influencer kumpul donasi . Kalau harus nunggu ijin dari pemerintah keburu habis mereka. 8",0,negatif,2,positif,2,positif,0,negatif
"Ya Allah banjir di mana2,mana bawa kayu2 rapi lagi banjir nya..sesuatu yang berlebihan dan tanpa kendali memang menakutkan. 1 28",0,negatif,0,negatif,0,negatif,0,negatif
"1/ Ribuan saudara kita di Aceh, Sumut, Sumbar sudah meninggal dan hilang karena banjir+longsor. Tapi sampai hari ini statusnya masih “bencana daerah”, bukan bencana nasional. Kenapa sih kok lama banget dinaikkan? 1 55",0,negatif,0,negatif,0,negatif,0,negatif
"Upaya evakuasi warga terdampak banjir di Kota Langsa kembali dilakukan melalui jalur laut untuk memastikan keselamatan kelompok rentan yang membutuhkan penanganan segera. Sebanyak 36 penumpang, terdiri dari ibu hamil, warga lanjut usia, anak-anak, serta beberapa warga yang 1 6 340",2,positif,2,positif,2,positif,0,negatif
salut buat Pak Prabowo! Keputusan tepat buat penanganan banjir Sumatera. Semangat terus 18,2,positif,2,positif,2,positif,2,positif
banjir susulan yang masih terjadi di sumbar. kini pemerintah masih terus mengupayakan bantuan untuk warga di sumbar 59 3 3 118,1,netral,2,positif,2,positif,2,positif
"Sahabat Bahari, dampak banjir bandang di Aceh tentu membawa kerugian besar bagi infrastruktur dan ekonomi masyarakat. Terutama di Dusun Perdamaian, Desa Pondok Kemuning, Langsa dan Desa Sungai Liput, Aceh Tamiang yg seluruhnya terendam banjir pada November lalu 1 5 10 339",0,negatif,1,netral,0,negatif,0,negatif
"Sumsel Kirim 52,9 Ton Bantuan untuk 3 Provinsi Terdampak Banjir Sumatra sumsel.idntimes. Sumsel Kirim 52,9 Ton Bantuan untuk 3 Provinsi Terdampak Banjir Sumatra Pemerintah Provinsi Sumatra Selatan menyalurkan bantuan sebanyak 52,9 ton bantuan ketiga wilayah terdampak bencana di Sumatra seperti, Aceh, Sumatra Utara dan Sumatra Barat. 39",2,positif,2,positif,2,positif,2,positif
"Keluarga Besar BPKP Banten turut berduka sedalam-dalamnya atas musibah banjir dan longsor yang melanda sejumlah wilayah di Aceh, Sumatera Utara, dan Sumatera Barat. Semoga para korban yang terdampak diberikan kekuatan, perlindungan, dan pemulihan yang cepat. prayforsumatera 115",0,negatif,0,negatif,0,negatif,0,negatif
"Apalagi di Sumatera macam di Jambi dan Indragiri, seisi kota apalagi di perkampungan dikelilingi kebun kelapa sawit, kalau tak kerana tanah runtuh dan banjir, selalu ada rusuhan rebutan tanah dan kebun atau konflik agraria.",0,negatif,0,negatif,0,negatif,0,negatif
"Presiden Prabowo Subianto mengucapkan selamat Tahun Baru 2026 kepada para pengungsi korban banjir bandang dan tanah longsor di Tapanuli Selatan, Sumatera Utara (Sumut) PrabowoBersamaRakyat Tahun Baru Di Tapsel 43",1,netral,2,positif,0,negatif,0,negatif
"Di tengah musibah, solidaritas jadi kunci. Pemerintah Bareng Warga turun langsung ke lokasi banjir di Sumatra, bantu dari evakuasi sampai kebutuhan harian. 16",2,positif,2,positif,2,positif,2,positif
"Perum Badan Urusan Logistik atau Bulog, memastikan bahwa akan ada penambahan 50 ribu ton beras ke Provinsi Aceh guna memperkuat stok pangan dalam pemulihan pascabencana banjir dan longsor serta untuk pemenuhan kebutuhan Ramadhan hingga Idul Fitri 2026. Selengkapnya 1 963",2,positif,2,positif,2,positif,2,positif
"Berdasarkan laporan terkini dari BNPB dan berita lokal (28-29 Nov 2025), banjir masih melanda Aceh Utara, termasuk Kec. Dewantara & Krueng Geukuh. Akses jalan nasional di Krueng Geukuh tergenang, tapi Dewantara tidak termasuk daftar kecamatan terisolasi (seperti Langkahan dll.).",0,negatif,1,netral,1,netral,1,netral
"Kunjungan Presiden Prabowo hari ini di Sumbar mengevaluasi tata ruang rawan banjir. Beliau mengapresiasi kerja keras Polri, TNI, serta berbagai instansi lain di lapangan. PrabowoPeduliSumatera Respons Cepat Negara Prabowo Turun ke Sumatra Evakuasi Dipercepat, Infrastruktur Dipulihkan, Negara Hadir Sepenuhnya -... 14",2,positif,2,positif,2,positif,2,positif
Pemerintah Sigap untuk Aceh Sumatra mempercepat pembangunan infrastruktur pasca bencana 17,1,netral,2,positif,2,positif,2,positif
apa yg mau di cek ya bangsat org udh jelas PrayForSumatera PrayForTapanuli PrayForSibolga PrayForAceh SaveTessoNilo SaveOrangutans PrayForIndonesia 1 41,0,negatif,0,negatif,0,negatif,0,negatif
"Tujuh bupati di Aceh sudah menyatakan tidak sanggup menangani banjir dan longsor. Di saat yang sama, warga Aceh, Sumut, dan Sumbar hampir putus asa menanti bantuan. Lantas apa yang membuat pemerintah yakin ""kita bisa menyelesaikan masalah ini""? Banjir Sumatra Pemerintah tolak bantuan asing, pemulihan wilayah terdampak diprediksi butuh 30... 17 214 373",0,negatif,0,negatif,0,negatif,0,negatif
Emang lagi krisis² nya - Listrik padam - Sinyal hilang timbul - Air nggak ada - Bahan pangan naik drastis Simulasi hidup di djaman doeloe 1 45,0,negatif,0,negatif,0,negatif,0,negatif
Pemerintah kabupaten dan kota serta Pemerintah Aceh juga harus menambah percepatan ekstra dalam penanganan dampak banjir terutama percepatan pembangunan hunian sementara + dapur umum beserta fasilitas MCK. Biasanya setelah bencana banjir akan timbul penyakit ISPA dan sakit diare. 1 106,0,negatif,1,netral,0,negatif,0,negatif
"Akun komentar Helikopter terbang rendah angkut bantuan, tim darat menembus jalan yang rusak, tim air menyisir rumah-rumah yang terendam. Kerja besar tanpa banyak bicara. Polisi Tanggap Bencana Terimakasih POLRI 1 7",2,positif,2,positif,2,positif,0,negatif
"Melihat yang terjadi di sumatera pastinya cukup membuat masyarakat kalimantan waspada, aku lagi tinggal di pelosok kabupaten kalimantan timur yang terkenal hutannya banyak di gunduli… sekarang banjir makin naik airnya, debit air kencang dan beberapa rumah siap untuk mengungsi… 1 36",1,netral,1,netral,0,negatif,0,negatif
salut buat POLRI yg nggak tinggal diam dan selalu siap bantu korban banjir di Sumatera. Kehadiran kalian benar-benar bawa angin segar dan bantuan nyata. Keep the good work 22,0,negatif,2,positif,0,negatif,0,negatif
"Beratnya medan bukan pematah semangat ketika nyala listrik harus kembali hadir. Di tengah akses darat yang terputus, kolaborasi PLN, BNPB dan TNI berhasil membawa genset dari Banda Aceh ke Rumah Sakit di Takengon, Aceh Tengah dengan helikopter milik BNPB.",2,positif,2,positif,2,positif,2,positif
"PNM Konsisten Dukung Korban Banjir Sumatra, Beri Bantuan dan Semangat PNM Konsisten Dukung Korban Banjir Sumatra, Beri Bantuan dan Semangat 1 2 9",0,negatif,2,positif,0,negatif,0,negatif
"Relawan Kita itu diantaranya bawa Sajadah, Quran dan mukena jelang ramadhan di Aceh VL dan 1 lainnya 13",2,positif,2,positif,2,positif,2,positif
"Jembatan Darurat yang dibangun oleh warga Reje Payung Linge ambruk. Relawan hanyut Reje Payung Linge - Aceh Tengah Selasa 06/01/2026. Lebih dari 400 jembatan di Aceh hancur atau rusak akibat Bencana Banjir Aceh - Sumatera November 26, 2025. Banjir Aceh cyclone senyar 19 584 801",0,negatif,1,netral,0,negatif,0,negatif
"Akun komentar Ketika kritik dianggap ancaman, mungkin yg berkuasa takut pd cermin, bukan pd rakyat. random politik PrayForSumatera 1 46",0,negatif,0,negatif,0,negatif,0,negatif
"Fenomena banjir bandang hingga longsor melanda Sumatera, termasuk provinsi Sumatera Barat. Seorang warganet membagikan momen ketika rumah dan puluhan kendaraan bermotor terendam lumpur usai banjir bandang di Sumatera Barat Sumber TikTok Banjir BanjirBandang 5 31 69",0,negatif,1,netral,0,negatif,0,negatif
"Akun parodi kami tadi malam telfonan sama nantulang yg ada di sipirok dan yg di batang toru, beneran ikutan nangis banget mereka yg kena banjir pada ngungsi. yg aku lebih kasihan banget sama nantulang (iparnya mamah) krna udh berumur itu kata nantulang baru kali ini banjir segede itu 99",0,negatif,0,negatif,0,negatif,0,negatif
Mobilitas POLRI dalam menangani dan memberikan bantuan serta evakuasi korban bencana banjir di Sumatera patut di apresiasi Presiden sbg panglima tertinggi harus bisa kerahkan semua kemampuan Negara untuk menyelamatkan rakyat nya Trima kasih Polri 4 10 140,0,negatif,2,positif,0,negatif,0,negatif
"""Kepada saudara-saudara kita di Aceh, Sumatera Utara, dan Sumatera Barat kalian tidak sendiri.""",1,netral,2,positif,2,positif,2,positif
"Polri Kerahkan 3 Pesawat, 5 Helikopter, dan 9 Kapal untuk Penanganan Bencana di Aceh, Sumut, dan Sumbar Polda Kaltara fypシ゚viral 1 31",2,positif,2,positif,2,positif,2,positif
"dan JNE sementara menutup bantuan pakaian nder. Udah overload. Di Sumbar jg ada laporan bantuan baju malah sia2 krn byk baju rusak yg dikirim, mrk jg ga bisa pakai dan malah jadi sumber masalah baru. 1 5 998",0,negatif,0,negatif,0,negatif,0,negatif
dan Banjir susulan sumbar 1 14,0,negatif,1,netral,1,netral,0,negatif
"Terima kasih koreksinya. Benar, PT Agincourt Resources beroperasi di Tapanuli Selatan, Sumatera Utara, bukan Aceh. Untuk Aceh, laporan terkini sebut perusahaan seperti PT Kinston Mineral Abadi dan PT United Tractors (Astra Group) diselidiki atas operasi selama banjir. Pemiliknya",0,negatif,1,netral,0,negatif,1,netral
"dan Bris ini fase downtren, apalagi diperparah aceh kena banjir. Tp asing sudah mulai masuk, mudah2an sinyal reversal. 56",0,negatif,1,netral,2,positif,0,negatif
"Ya ampun pak oresuden, ada lumbung pangan juga kalau lumbungnya diseret banjir ya percuma. Bukan itu solusinya . Solusinya, jangan sampai banjir bandang seperti ini terjadi lagi. Andaikan banjir bandang kemarin isinya hanya air, tanpa gelondongan kayu dan lumpur tanah dari bukit 1 3 152",0,negatif,0,negatif,0,negatif,0,negatif
"dan Corporate Secretary Indonesia Re Robbi Yanuar Walid kepada Ketua BAZNAS RI Prof. Dr. KH. Noor Achmad, MA. di kantor Indonesia Re. Bantuan ini sebagai bentuk solidaritas dan kepedulian kepada para korban bencana alam di Sumatera yaitu Aceh, Sumatera Utara dan Sumatera Barat. 1 20",0,negatif,2,positif,0,negatif,0,negatif
"polri sumbar terus ada di tengah masyarakat terdampak bencana. mulai dari bakti kesehatan sampai pendampingan warga, semua dilakukan sebagai bentuk Melakukan Upaya Perbaikan agar kondisi cepat membaik. bersama kita bangkitkan kembali sumatera. WujudkanSumateraPulih 7",2,positif,2,positif,2,positif,2,positif
"Akses jalan yang masih terputus membuat evakuasi korban longsor dan banjir bandang di sejumlah lokasi di Sumatera Utara belum bisa dilakukan. Hingga Senin (1/12/2025), sudah 240 korban tewas dan 182 korban hilang yang dilaporkan. Lingkungan AdadiKompas Korban Tewas di Sumut Capai 240 Orang, Evakuasi di Sejumlah Lokasi Terhambat 1 1 4 573",0,negatif,0,negatif,0,negatif,0,negatif
"Sebagai wujud nyata hadirnya Polri di tengah masyarakat, Polri melalui Polda Aceh sukses melampaui target dengan merampungkan 206 unit sumur bor di 18 wil yang terdampak banjir & longsor di seluruh Aceh Polri Terus Berkomitmen Konsisten Salurkan Bantuan BersamaPulihkanSumatera 61",2,positif,2,positif,2,positif,2,positif
"Akun komentar Tim Trauma Healing Polda Riau turun ke area bencana banjir bandang di kab. Agam provinsi sumatera barat, selain bantuan logistik korban bencana sangat butuh bantuan psikologis untuk menghilangkan trauma, terutama anak2 dan ibu2,,, 1 1 104",0,negatif,2,positif,0,negatif,0,negatif
Gak pernah terbayang banjir bandang dan longsor separah itu.. dulu ngiranya selama gak dekat pantai bakal aman aja terbebas dari tsunami ternyata sama aja parahnya bahkan gak ada peringatan.. kalau tsunami kan setidaknya gempa dulu bisa evakuasi.. 1 67,0,negatif,0,negatif,0,negatif,0,negatif
"Electrizen, pastikan rumah benar-benar aman sebelum menyalakan listrik kembali setelah rumah terendam banjir. Yuk simak tips dari PLN! PLNUntukSemua PLNUntukIndonesia PrayforAceh PrayforSumut PrayforSumbar PLNUIDSulselrabar 1 27",1,netral,1,netral,2,positif,2,positif
hasbunallaah wani’mal wakill… Yaa Rabb tolong saudara2 kami di sumatera PrayForSumatera 1 78,1,netral,2,positif,2,positif,0,negatif
apa hujaan di riau? 12,1,netral,1,netral,0,negatif,0,negatif
Tim Dokkes Polda Riau Berikan Layanan Pemeriksaan Kesehatan Pada Masyarakat Yang Terdampak Banjir di Sumatera Barat PrayForSumatera LekasPulihSumatera LekasPulihBumiku PrayForAcehSumutSumbar GreenPolicing KapoldaRiau RiauUntukBumi RiauLestari 1 1 50,2,positif,2,positif,2,positif,2,positif
"Wakil Panglima TNI Tinjau Wilayah Banjir Sumut dan Sumbar sinurberita. Wakil Panglima TNI Tinjau Wilayah Banjir Sumut dan Sumbar SUMUT, SINURBERITA. – Wakil Panglima TNI, Jenderal TNI Tandyo Budi R. melaksanakan peninjauan langsung ke […] 1 16",1,netral,1,netral,1,netral,1,netral
"Perbandingan sementara dampak Tsunami 2004 dan Banjir Sumatra 2025. Dalam hari2 mendatang mungkin akan bertambah. Sudah tampak jumlah pengungsi yang SANGAT banyak. Kemungkinan rumah hancur/rusak lebih banyak. Data BRR 2009, BNPB, dan Dompet Dhuafa. 3 71 104",0,negatif,1,netral,0,negatif,0,negatif
"10 Mayat Diduga Korban Banjir Sumut Ditemukan Nelayan di Perairan Riau riau24. 10 Mayat Diduga Korban Banjir Sumut Ditemukan Nelayan di Perairan Riau - Riau24 Sepuluh mayat yang diduga korban banjir di Sumatera Utara ditemukan nelayan di perairan Panipahan, Kecamatan Pasir Limau Kapas, Kabupaten Rokan Hilir, Riau, dalam sepekan terakhir. 69",0,negatif,0,negatif,0,negatif,0,negatif
Kapolda Riau Hadiri Karya Bhakti Dalam Rangka Hari Juang TNI AD T.A. 2025 PrayForSumatera LekasPulihSumatera LekasPulihBumiku PrayForAcehSumutSumbar SumateraJugaIndonesia GreenPolicing KapoldaRiau RiauUntukBumi RiauLestari MelindungiTuahMenjagaMarwah PolriUntukMas 4 61,2,positif,2,positif,2,positif,2,positif
Kekerasan tentara terhadap pengibar bendera GAM bisa membuka luka lama Aceh. Simbol kekecewaan terhadap penanganan bencana. Editorial TempoPlus Di Bawah Kibaran Bendera GAM 4 18 38,0,negatif,0,negatif,0,negatif,0,negatif
Ketulusan hadir lewat Projo Peduli Bencana bersama Budi Arie Setiadi yang selalu Setia Digaris Rakyat Bantuan nyata mengalir untuk Sumatera Projo Ajak Publik Bersatu Hadapi Banjir Besar di Sumatera 15,2,positif,2,positif,2,positif,2,positif
"Hadirnya pemerintah bersama TNI Polri dan BNPB di Sumatera bukti kepedulian nyata Prabowo respon cepat tangani evakuasi hingga pemulihan infrastruktur kini listrik kembali menyala dan warga beraktivitas normal ​ Kondisi Terkini Pasokan BBM, LPG, Listrik ke Daerah Terdampak Banjir Sumbar 18",2,positif,2,positif,2,positif,2,positif
"pasca tsunami aceh butuh beberapa tahun buat pulih, apalagi ini bencana alam tp karna ulah manusia. masih banjir pun tebang liar tetep jalan, gatau deh mau ngomong apa lagi 61",0,negatif,0,negatif,0,negatif,0,negatif
Akun parodi Semoga Sumatera segera pulih Alfatihah PrayForSumatera 1 11 15 199,2,positif,2,positif,2,positif,2,positif
Aceh Sumatra bangkit 1,2,positif,2,positif,2,positif,2,positif
"Pemerintah siapkan skema bantuan untuk korban bencana banjir Aceh Sumatra, bukti Pemerintah Sigap untuk Aceh Sumatra 40",2,positif,2,positif,0,negatif,0,negatif
"Setelah banjir parah, akses listrik jelas jadi tantangan. PLN turun langsung buat pulihin listrik di 34 fasilitas kesehatan di Aceh. Kerja nyata yang dampaknya langsung kerasa. 22",2,positif,2,positif,2,positif,2,positif
Anjay pertama kali rumah gua kebanjiran gini euy 11,0,negatif,0,negatif,0,negatif,0,negatif
"Di Jakarta dan bbrp Daerah lain tak ada hutan jika hujan lebat banjir di Pandeglang Banten Banyak SAWIT tak ada BANJIR, Antum perlu belajar lagi PENYEBAB Banjir yg Melanda Aceh dan Padang.",0,negatif,1,netral,0,negatif,0,negatif
"Dipo kemudian menyambangi Posko Penanganan Banjir Aceh Tamiang di Desa Paya Bedi untuk melihat lebih dekat bantuan disalurkan, layanan kesehatan diberikan, serta proses evakuasi yang masih terus berlangsung di tengah keterbatasan. Dipo juga bertemu dengan Wakil Bupati Aceh 1 953",2,positif,2,positif,2,positif,2,positif
"BKSDA Aceh mengerahkan empat gajah terlatih—Abu, Mido, Ajis, dan Noni—untuk membantu pembersihan material pascabencana di Pidie Jaya. Gajah Aceh BKSDA Banjir Longsor 26",2,positif,2,positif,2,positif,2,positif
Akun parodi Personel TNI Polri segera diterjunkan membantu evakuasi dan distribusi logistik ke seluruh titik banjir di tiga provinsi PrabowoPeduliSumatera pengerahan sumber daya penuh adalah bukti Respons Cepat Negara yang tidak tertunda 1 1,2,positif,2,positif,2,positif,2,positif
"Akun parodi Tadi sempat mati lampu bentar. Aku di derah agak kota, banjirnya masih semata kaki gak sampai masuk rumah, tapi untuk yg daerah rumahnya rendah air masuk rumah. Jalanan sepi, banyak motor mogok, angkot gak beroperasi, kampung lalang jd titik banjir terparah di medan. UMKM tutup. 2 2 392",0,negatif,0,negatif,0,negatif,0,negatif
dan Tatauu.. la. tapi dri segi banjir diorg hadapi 3x ganda teruk dri sni. Ribut depression yg landa dekat utara tu yg melemah dh jdi TD tpi masa dia dekaf indo dorng kena masih utuh TS. Kalau d sni rumah masuk air. Dsna ada yg hilang rumah tertimbus lumpur terus. 16,0,negatif,0,negatif,0,negatif,0,negatif
"Punya Negara tapi tak ada Peran Untuk Rakyat, lantas apa gunanya Penguasa ? PrayForSumatera 1 1 3 200",0,negatif,0,negatif,0,negatif,0,negatif
"Ga tega liat video gajah sama harimau padahal baru kemaren liat induk sapi yang keseret arus banjir belum lagi kucing yang kedinginan diatas pohon. Manusia itu kenapa serakah banget ya, ulah keserakahan segelintir orang tapi berimbas kesemua 1 29",0,negatif,0,negatif,0,negatif,0,negatif
"Warga lagi kebanjiran, 11 kecamatan masih lumpuh… tapi Bupati Aceh Selatan malah pilih umroh. Padahal dia sendiri yang bilang “nggak mampu tangani banjir” lewat surat resmi. Warga serius nih pak? beritaterkini banjirsumatera aceh wuzzsupdate fyp sedih",0,negatif,0,negatif,0,negatif,0,negatif
"Awalnya saya juga berpikir demikian, tapi bantuan swasta/mandiri juga relawan bisa mengusahakan buat sampai ke titik terparah banjir. Menurut saya, sulitnya akses seharusnya bukan jadi alasan mengingat juga bencana udh kurang lebih seminggu berlalu. Kalo menunggu untuk bisa-",0,negatif,2,positif,0,negatif,0,negatif
"Akun parodi Jembatan Bailey di Beutong Ateuh (Krueng Beutong), yang menghubungkan jalur lintas Nagan Raya–Aceh Tengah, sudah selesai dipasang dan kini dibuka/dapat dilintasi setelah putus diterjang banjir bandang akhir November 2025. 2 12 20",2,positif,1,netral,1,netral,1,netral
"Geger! Motor Mogok Usai Isi BBM di SPBU Jambi, Pengendara Temukan Bensin Tercampur Air jambi.tribunnews. Geger! Motor Mogok Usai Isi BBM di SPBU Jambi, Pengendara Temukan Bensin Tercampur Air - Tribunja... Seorang pengendara motor mengeluhkan BBM yang mereka isi diduga kuat telah tercampur dengan air, yang berujung pada kerusakan mesin kendaraan. 35",0,negatif,0,negatif,0,negatif,0,negatif
"Miniatur banjir bandang di Sumatera, semoga Allah mengganti setiap luka dan kehilangan menjadi kekuatan dan digantikan yang lebih baik Semoga lekas membaik prayforsumatera miniature diorama AI 1 4 586",2,positif,2,positif,0,negatif,0,negatif
"Deforestation untuk lahan kelapa sawit datangkan bencana banjir dahsyat, apalagi saat siklon tropis menerjang Footage di bawah jadi saksi… StopDeforestation PrayForSumatera 3 8 390",0,negatif,1,netral,0,negatif,0,negatif
Perjuangan Aparat dan Pemerintah dilokasi bencana membuktikan bahwa Pemerintah Sigap untuk Aceh Sumatra BersamaPulihkanSumutAceh 13,2,positif,2,positif,2,positif,2,positif
Kak Seto kuatkan psikologis anak-anak terdampak banjir Padang Kak Seto kuatkan psikologis anak-anak terdampak banjir Padang 309,2,positif,2,positif,2,positif,2,positif
"BNPB melaporkan banjir di Aceh dan sejumlah wilayah Sumatera mulai surut. Di Tapanuli Selatan, gelondongan kayu besar yang terbawa arus telah mulai dievakuasi. Banjir di Sumatera Berangsur Surut, Gelondongan Kayu Mulai Dievakuasi 2 2",2,positif,1,netral,1,netral,1,netral
"Presiden Prabowo juga akan memastikan bahwa langkah-langkah darurat telah dilaksanakan sesuai standar penanganan bencana yang cepat, tepat, dan terkoordinasi. mediaindonesia. Prabowo Tinjau Dampak Banjir Bandang di Sejumlah Provinsi di Sumatra Pemerintah juga tengah menyiapkan langkah pemulihan infrastruktur dasar termasuk akses jalan jembatan energi telekomunikasi serta layanan kesehatan 450",2,positif,2,positif,2,positif,2,positif
"Update BNPB Banjir dan Longsor Berdampak Ribuan Warga di Empat Provinsi, Akses Banyak Terputus Update BNPB Banjir dan Longsor Berdampak Ribuan Warga di Empat Provinsi, Akses Banyak Terputus -... 34",1,netral,1,netral,0,negatif,0,negatif
TNI menurunkan Yonzipur I/DD untuk memasang Jembatan Bailey yang menjadi akses vital penghubung Kabupaten Tapanuli Selatan dan Tapanuli Tengah setelah jembatan utama terputus akibat banjir bandang. SoliditasPemerintah Aceh AcehTamiang Sumut 1 35,1,netral,1,netral,2,positif,1,netral
"Tamiang pedalaman, aceh tengah tempat tanahnya belio, pidie jaya udah naik air ke jalan raya lagi itu yg wajib dikunjungi dan dikasi bantuan yg layak, sebenarnya ini akibat siapa sih 1 135",0,negatif,0,negatif,0,negatif,0,negatif
Personel Polri hadir di Sumatera Utara bantu korban banjir longsor jaga Keamanan Nasional PolriUntukMasyarakat 1 28,2,positif,2,positif,0,negatif,0,negatif
"dan Betul penyebab nya cuaca, tp pembalakan & pertambangan yg mengakibatkan banjir-longsor sedahsyat ini, kalau krn cuaca, sudah dari jutaan tahun yg lalu sumatra tenggelam 373",0,negatif,0,negatif,0,negatif,0,negatif
"Pemerintah akan membantu pengungsi yang huniannya rusak ataupun hancur karena bencana longsor dan banjir bandang di Aceh, Sumatera Utara (Sumut), dan Sumatera Barat (Sumbar). 1 35",0,negatif,2,positif,2,positif,0,negatif
"Papa dan mamaku mau kerja gabisa karena kehalang banjir, hp pada lowbat karena pln padam, mau menghubungi orang sinyal jelek, temen temenku pada ngungsi semua karena rumahnya kebanjiran, sepupu-sepupuku juga sampe nginap di kantor karena gabisa pulang kejebak banjir 73",0,negatif,0,negatif,0,negatif,0,negatif
Polri gelar bakti kesehatan di Sumbar tangani penyakit pasca bencana WujudkanSumateraPulih Melakukan Upaya Perbaikan 1 12,2,positif,2,positif,2,positif,2,positif
"Pemain Persiraja, M. Khadafi terkena dampak banjir dan tanah longsor di Aceh. Ia sudah 5 hari kesulitan menghubungi istri dan anak yang berada di Aceh Timur. ""Saya sudah lima hari tidak bisa komunikasi dengan anak, istri, dan keluarga di kampung. Seluruh Aceh Timur tidak ada 294",0,negatif,0,negatif,0,negatif,0,negatif
Baguslah pak Triliunan+ milyaran sudah sepantasnya Aceh mendapatkannya.... Sudah sepantasnya Aceh dapat bantuan...Triliunan+ milyaran semoga Aceh cepat pulih... Semoga SUMUT dan SUMBAR pun demikian Semoga SUMUT dan SUMBAR cepatvpilih... 1 9,2,positif,2,positif,2,positif,2,positif
Banjir yang cukup tinggi di kawasan Kedawung Kota Malang pada Kamis siang (4/12/25). Banjir yang cukup tinggi masuk ke lantai 1 rumah warga. . . kiriman warga 18 252 472,1,netral,1,netral,0,negatif,0,negatif
Akun parodi Presiden Prabowo Subianto saat meninjau warga terdampak banjir di sejumlah daerah di Provinsi Sumatera Utara. (Dok. Biro Pers Presiden) Prabowo Subianto dan 9 lainnya 1 4 7 748,1,netral,0,negatif,2,positif,2,positif
"Dukung Pemulihan Pascabencana di Sumbar Wakapolri Lepas 50 Ton Logistik dan Ratusan Personel ke Jalur Terisolir sakato. . Dukung Pemulihan Pascabencana di Sumbar Wakapolri Lepas 50 Ton Logistik dan Ratusan Personel ke... Sakato. . - Komitmen percepatan pemulihan pascabencana di Sumatera Barat memasuki babak baru. Pada Minggu (28/12/2025), Wakil Kepala Kepolisian Negara Republik Indonesia (Wakapolri), Komjen Pol.... 5",2,positif,2,positif,2,positif,2,positif
"Jalan utama menuju Kampung Batu Busuak, Kecamatan Pauh, Kota Padang, Sumatra Barat, terputus total akibat diterjang banjir bandang susulan pada Minggu (14/12) malam. Akibat putusnya akses ini, ratusan warga kini terisolasi dari bantuan dan posko utama. Tim SAR gabungan segera 1 5",0,negatif,1,netral,0,negatif,0,negatif
Gila ya orang-orang lagi susah kena bencana masih aja dipalakin perkara buat antar logistik sama tarik duit ATM. Kok bisa sih ngga keikut hanyut mati kena banjir bandang manusia kyk gini? 235,0,negatif,0,negatif,0,negatif,0,negatif
"Bupati Aceh Utara Ismail A. Jalil menyampaikan kekecewaannya karena Presiden Prabowo Subianto tidak mengunjungi daerahnya. Padahal, sebagian besar wilayah Aceh Utara, dari hulu ke hilir, terdampak banjir bandang, November 2025 lalu. Keluhan itu disampaikan Ismail A. Jalil dalam",0,negatif,1,netral,0,negatif,0,negatif
"Akun parodi Medan hujan deras lagi + petir. Ya Allah lindungi kami ya Allah, jauhkan dari marabahaya. Ya Allah, jangan banjir lagi ya Allah Stay safe semuanya 278",1,netral,2,positif,0,negatif,0,negatif
"Ah baru banjir biasa, Belum bandang ke Sumatra... 6",0,negatif,1,netral,0,negatif,0,negatif
"Presiden Prabowo Subianto meninjau progres pembangunan Jembatan Bailey Sungai Garoga, Tapanuli Selatan, Sumatra Utara, Rabu (31/12/2025). Jembatan tersebut dibangun sebagai akses darurat setelah infrastruktur utama terputus akibat banjir bandang. 1 34",1,netral,1,netral,2,positif,1,netral
Aksi nyata Projo Peduli Bencana di bawah arahan Budi Arie Setiadi terus mendorong solidaritas nasional bantu warga Sumatra melalui bantuan logistik dan dukungan infrastruktur Prabowo Setia Digaris Rakyat Projo Solidaritas Nasional Kunci Mengatasi Banjir Sumatera 23,2,positif,2,positif,2,positif,2,positif
Kerja Nyata Relawan SPPG MBG Tanah Jambo Aye Aceh bekerja keras mendistribusikan paket MBG utk anak-anak pengungsi banjir di beberapa wilayah Aceh. Bantuan MBG ini utk memenuhi kebutuhan gizi para pengungsi yg terdampak bencana alam. LanjutkanMBG Pecat Aceh Desember Sumatera 77,2,positif,2,positif,2,positif,2,positif
"Akun komentar Ya Allah Banjir lagi di Sumatra! Kejadian ini terjadi sekitar pukul 16.09 WIB hari ini di Desa Goti, Manegen, Kota Padangsidimpuan. 176",0,negatif,1,netral,0,negatif,0,negatif
"Kalau air udah mulai masuk rumah dan arusnya deras, gausa pikir lama2 lagi buat evakuasi. 1 16",1,netral,0,negatif,0,negatif,0,negatif
Semoga para korban banjir dan tanah longsor di Aceh dan provinsi lainnya di pulau Sumatera diberikan kesabaran dan solusi segera dari pemerintah. PrayForSumatera PrayForAceh 2 99,2,positif,2,positif,0,negatif,0,negatif
"Momen ketika Presiden Republik Indonesia Prabowo Subianto memberikan apresiasi kepada chef/koki dapur lapangan Brimob Polda Sumsel,saat melaksanakan kunjungan ke korban terdampak banjir di posko jembatan Aceh Tamiang,Jum'at (12/12/2025) Bila ada permasalahan dan butuh bantuan",0,negatif,2,positif,0,negatif,0,negatif
"Banjir melanda, pemerintah hadir. Berbagai upaya percepatan penanganan terus ditempuh di Sumatera demi memulihkan kondisi dan memberikan perlindungan bagi masyarakat terdampak 1 29",2,positif,2,positif,2,positif,2,positif
"dan • Prabowo TAHU PERSIS kondisi Aceh Sumut Sumbar yg dilanda bencana! • Dibuat skenario se-akan2 ada laporan anak buah yg 'mengaburkan'. Agar ada yg bisa di kambing-hitam kan. • Buktinya, dia Kunjungan ke LN skrg. • Sdh lebih dari 25 negara dikunjungi dlm 1 thn. HASILNYA? 3 6 39",0,negatif,0,negatif,0,negatif,0,negatif
"Polri mengerahkan belasan ribu personel gabungan untuk membantu penanganan dan pemulihan bencana di Aceh, Sumatera Utara, dan Sumatera Barat. Selain personel, ribuan ton bantuan kemanusiaan disalurkan sebagai wujud komitmen Polri hadir hingga tahap pemulihan masyarakat 303",2,positif,2,positif,2,positif,2,positif
Seskab Teddy menyampaikan bahwa Satgas PKH sedang menelusuri penyebab banjir dan longsor di Sumatera. Komitmen ini mencerminkan keseriusan pemerintah dalam penanganan bencana dan keberlanjutan lingkungan. 3 3 853,1,netral,1,netral,2,positif,1,netral
"Sumatra merdeka aja pls. Baru hari Minggu banjir bandang lagi di Padang, sekarang malah keluar narasi bodoh kek gini. Sakit hati banget sebagai orang Sumatra. Luka kami blm pulih, seribuan orang meninggal, jutaan mengungsi, masih aja sempet mikir profit ) Dari Jejak digital. 4 1 1 634",0,negatif,0,negatif,0,negatif,0,negatif
"Dan hari ini banjir semakin parah. Tidak hanya di Sibolga dan Tapanuli Utara/Selatan. Saudara/i di Aceh, Sumatera Barat (tidak hanya padang saja), Kota Medan, Pekanbaru dan mungkin saja kota lain bisa saja terdampak. Semoga bisa naik ke Nasional dan jadi Bencana Luar Biasa. 461",0,negatif,0,negatif,0,negatif,0,negatif
Rumah Rata di terpa banjir Kamu berteduh diatap atap Pemerintah ku cuma bisa nyengir liat banjir mengalir Kita hanya bisa tabah menatap 7,0,negatif,0,negatif,0,negatif,0,negatif
Aceh Tamiang menjadi daerah pertama yang siap memulai pembangunan setelah menyampaikan surat kesiapan kepada pemerintah pusat. Pembangunan Huntap Korban Banjir Aceh Tamiang Dimulai Februari 2026 - Serambinews. 64,1,netral,1,netral,0,negatif,0,negatif
"Gimana tuh kalo bener. Beneran bisa terungkap nama2 perusahaan dan para pemilik yang punya ijin pengelolaan hasil hutan di seluruh nusantara, khususnya musibah sekarang di Aceh, Sumut dan Sumbar. 2 110",1,netral,1,netral,0,negatif,0,negatif
"[PEMBERITAHUAN] Karena situasi bencana alam di Sumatera yang masih berlangsung, HT Party untuk ulang tahun Hyeongjun kami batalkan malam ini. Tetap kirim doa terbaik untuk saudara-saudara kita yang terdampak. Terima kasih, LUVITY PrayForSumatera HYEONGJUN CRAVITY 14 40 634",1,netral,2,positif,2,positif,2,positif
"Kunjungan Presiden Prabowo Subianto ke Kabupaten Bireuen, Provinsi Aceh, pada Minggu 7 Desember 2025 tak sekedar untuk mengecek pembangunan jembatan yang rusak akibat banjir bandang. Dia juga mengunjungi tenda pengungsian korban bencana serta dapur umumnya. Kedatangan Prabowo 2 17 38",0,negatif,1,netral,0,negatif,0,negatif
"Subussalam – 3 Desa Subulussalam Aceh dilanda banjir setelah hujan deras yang mengguyur wilayah tersebut sejak Sabtu (25/11/2025) malam. Akibatnya, ratusan rumah warga terendam air setinggi satu hingga dua meter, dan akses jalan menuju desa-desa tersebut terputus. 82",0,negatif,1,netral,0,negatif,0,negatif
"Demokrat Hadir untuk Rakyat Ketua Partai Demokrat Sumatera Barat sekaligus Anggota DPR RI Fraksi Partai Demokrat, Ir. H. Mulyadi, menyerahkan bantuan kepada warga terdampak bencana banjir dan longsor di Kabupaten Padang Pariaman. (24/12) 1 51",2,positif,2,positif,2,positif,2,positif
"Ketika Sungai Meluap, Nurani Kita Diuji Seruan Kemanusiaan dari Aceh, Sumut dan Sumbar indonesiainvestigasi. Ketika Sungai Meluap, Nurani Kita Diuji Seruan Kemanusiaan dari Aceh, Sumut dan Sumbar - Indonesia... Ketika Sungai Meluap, Nurani Kita DiujiSeruan Kemanusiaan dari Aceh, Sumut dan Sumbar 1 1 18",1,netral,2,positif,0,negatif,0,negatif
"Babinsa x BNPB Bukti nyata kehadiran negara hingga ke pelosok desa di Aceh saat masa sulit. youtube. BABINSA X BNPB COLLAB BANTU ACEH Enjoy the videos and music you love, upload original content, and share it all with friends, family, and the world on YouTube. 18",2,positif,2,positif,2,positif,2,positif
"Proses evakuasi oleh Tim SAR (Search and Rescue) di lokasi terdampak banjir dan tanah longsor Aceh, Sumatera Utara, dan Sumatera Barat. @/tama_fidi | @/egaprasutiaa | @/madiun.hitz | @/joshua_banjarnahor_ | @/merapi_uncover | @/duf_goetze | @/danilrobi | @/andhikapotu | 2 22 71",1,netral,1,netral,2,positif,0,negatif
"sempet muncul di tl, estimasi penanganan pasca bencana banjir tembus 50t lebih. semoga jujur dah ga dikorupsi. 63",1,netral,0,negatif,0,negatif,0,negatif
"Pemerintah bergerak cepat dan maksimal menangani musibah banjir di Aceh, Sumatera Barat, dan Sumatera Utara. Evakuasi warga, penyaluran bantuan, layanan kesehatan, hingga pemulihan infrastruktur terus dilakukan secara terpadu bersama TNI, Polri, dan relawan. Pemerintah Hadir 1 38",2,positif,2,positif,2,positif,2,positif
"Demokrat Agam Salurkan Bantuan di Palembayan Partai Demokrat Kabupaten Agam menyalurkan bantuan kemanusiaan bagi masyarakat terdampak bencana di Kecamatan Palembayan. Kegiatan ini dipimpin langsung oleh Ketua DPC Agam, Sumatera Barat, Aderia, sebagai wujud kepedulian dan 5 7 326",2,positif,2,positif,2,positif,2,positif
polri berupaya untuk WujudkanPemulihanSumatera dengan terus melakukan evakuasi dan perbaikan infrastruktur untuk Bangkit Bantu Saudara terdampak banjir 19,2,positif,2,positif,2,positif,2,positif
"Terakhir, kami juga ingin mengucapkan terima kasih kepada Sub Wilayah Aceh, Medan, dan Padang serta Wilayah Pondok Cabe, Kalideres, dan Kebon Jeruk selaku yang menaungi Sub Wilayah tersebut yang dengan tidak lelahnya membantu kelancaran penyaluran donasi kepada yang membutuhkan. 8 26 947",2,positif,2,positif,2,positif,2,positif
"Be honest, what do you see? This isn’t the result of a natural disaster. It’s a landscape teetering on the edge of an ecosystem collapse. We have to prevent this from happening again. Aceh, Sumatra One month after flash floods and landslides in November 2025. 40",0,negatif,1,netral,0,negatif,0,negatif
"Sebanyak 54 sekolah masih mengalami kerusakan berat di sejumlah wilayah Sumatra akibat banjir bandang dan tanah longsor. Hal itu disampaikan Menteri Pendidikan Dasar dan Menengah (Mendikdasmen) Abdul Mu'ti, Selasa (30/12). Hel video",0,negatif,1,netral,0,negatif,0,negatif
Pertamina Patra Niaga Pastikan Pasokan Energi Tetap Mengalir di Tengah Banjir dan Longsor Sumatra,1,netral,1,netral,2,positif,2,positif
"""Bencana"" & ""MBG"" jadi dua kutub percakapan utama. Publik membenturkan urgensi penanganan banjir Aceh-Sumut dengan anggaran Makan Bergizi Gratis (MBG). Desakan realokasi anggaran MBG untuk darurat bencana menggema keras. Tagar apa yang menyatukan gerakan netizen? 1 113",0,negatif,1,netral,0,negatif,0,negatif
"Negara hadir untuk Aceh. TNI, pemerintah, BUMN, dan relawan bersatu membuka kembali jalan, membangun jembatan, serta menyalurkan bantuan bagi masyarakat terdampak bencana. PrayForSumatra BencanaAlam Banjir DaruratBencana BNPB 57",2,positif,2,positif,2,positif,2,positif
"Sebentar lagi medsos akan sunyi dari perbincangan banjir Sumatra. Pemerintah pusat tepuk dada berhadil menanggulangi. Sekolah yg rysak tetap rusak, jembatan putus tetap putus, jalan yang amblas tetap amblas, rumah yang amblas tercerai berai di dasar sungai. 16",0,negatif,0,negatif,0,negatif,0,negatif
"PMI hadir dengan layanan call center siap siaga untuk membantu tanggap darurat bencana di Aceh, Sumut, dan Sumbar. pmiselalubantu 28",2,positif,2,positif,2,positif,2,positif
"Banjir Menggila di Wanasalam, 17 Rumah Terendam Air Setinggi 1 Meter, Polisi Siagakan Perahu Evakuasi",0,negatif,1,netral,0,negatif,0,negatif
"Foto Antrean kendaraan mengular di jalur Lembah Anai, Sumatera Barat, Minggu (11/1), akibat sistem buka-tutup jalan pascabencana banjir bandang. Akses jalan hanya dibuka pukul 17.00 hingga 08.00 WIB guna mendukung percepatan perbaikan infrastruktur dan menjamin keselamatan",1,netral,1,netral,1,netral,1,netral
"KRI dr. Soeharso milik TNI telah tiba di Lhokseumawe untuk membantu korban banjir–longsor terparah dalam sejarah Aceh dan Sumatera akibat Cyclone Senyar. Semua layanan medis di kapal diberikan gratis. Kapal ini memiliki fasilitas lengkap—UGD, ICU, ruang operasi, poliklinik, dan 1 41 76",0,negatif,2,positif,0,negatif,0,negatif
Sebanyak 100 keluarga korban banjir bandang di Gampong Geunteng diusulkan masuk huntara Pidie Jaya karena rumah rusak berat dan tertimbun lumpur. gta777aceh portalberitaacehterkini 100 Keluarga Korban Banjir Masuk Huntara Pidie Jaya 33,1,netral,0,negatif,0,negatif,0,negatif
"Data Korban Bencana di Aceh, Sumbar, Sumut hingga Senin, 1 Desember 2025 Total Korban - 604 orang meninggal dunia - 464 orang hilang - 2.600 korban luka-luka - 1.5 juta warga terdampak - 570 ribu pengungsi Detail korban per wilayah sebagai berikut Aceh - 156 orang 21",0,negatif,0,negatif,0,negatif,0,negatif
"Sebenarnya sdh ditetapkan status bencana nasional tp bukan utk musibah banjir di Aceh , Sumut & Sumbar tapi untuk pemerintahan negeri ini adalah sebuah bencana nasional bagi rakyat. 1 2 50",0,negatif,0,negatif,0,negatif,0,negatif
"BANGKALAN, 10 Januari 2026-Satuan Samapta Polres Bangkalan menunjukkan komitmen kuat dalam penanganan bencana. Banjir Merendam Beberapa Desa Di Kec. Blega Kab. Bangkalan serta Mengakibatkan Jalur Utama Penghubung Antar Kabupaten Lumpuh Untuk Sementara 2 5 129",0,negatif,2,positif,2,positif,2,positif
Polda Sumatra Utara mengevakuasi warga terdampak banjir bandang dengan menyeberangi sungai menggunakan perahu karet darurat. Arus sungai yang deras memaksa personel kepolisian menarik perahu dengan tali agar warga dapat mencapai daratan dengan selamat. Evakuasi jalur sungai 1 11 16,2,positif,2,positif,2,positif,0,negatif
"Janji politik tak akan pernah bisa mengganti daya serap 1000 akar pohon. Dalam buku-buku mitigasi bencana, dikatakan data R/B Ratio (rasio air lari per air meresap) naik saat hutan terkikis. Ini menunjukkan kalau banjir adalah bencana ekologis, bukan masalah takdir semata. 1 144",0,negatif,1,netral,0,negatif,0,negatif
"Akun parodi Krisis belum selesai, banyak desa di Aceh Tengah & Bener Meriah masih menghadapi dampak banjir & longsor, meski perhatian publik mulai mereda. . . . . Persebaya Malmingan Mens Rea Ini DM Ciplukan Maling Aurelie Error Baskara TewoTsunaginagaraJKT48 1 15 15 518",0,negatif,0,negatif,0,negatif,0,negatif
Mereka ini gak pernah malu yg lain para relawan para prajurit bahu membahu membantu rakyat Aceh Sumut dan Sumbar eeeh elo orang malah main bendera benderaan pake demo bantuin tuh relawan bukan demo aja,0,negatif,0,negatif,2,positif,0,negatif
"Padang Diterjang Banjir Lagi, BPBD Minta Warga Sekitar DAS Mengungsi hingga Sebut Rencana Modifikasi Cuaca ronajateng. Padang Diterjang Banjir Lagi, BPBD Minta Warga Sekitar DAS Mengungsi hingga Sebut Rencana Modifik... Banjir Bandang Kembali Terjang Batu Busuk Padang, Debit Air Tinggi dan Arus Deras Jebol Tanggul Sungai Batang Kuranji 1 30",0,negatif,1,netral,0,negatif,0,negatif
"Polri Peduli untuk Masyarakat, Polsek Tabang Salurkan Paket Sembako bagi Masyarakat Terdampak Banjir polri divhumas poldakaltim polriuntukmasyarakat 2 2 69",2,positif,2,positif,2,positif,2,positif
"Personel Polisi bersama instansi terkait menyalurkan bantuan perlengkapan sekolah kepada siswa di sekolah darurat Kecamatan Tukka, Kabupaten Tapanuli Tengah, Sumatera Utara. Tas, buku,alat tulis,hingga perlengkapan kebersihan menjadi bekal sederhana untuk menjaga semangat belajar 1 27",2,positif,2,positif,2,positif,2,positif
"Akun parodi Walaupun keluargaku alhamdulillah aman, tapi tetep sumatra kampung halamanku, semoga sedikit bantuan ini bisa meringankan beban perempuan2 disana yg sedang haid dalam keadaan tertimpa musibah ini PrayForSumatera 35",2,positif,2,positif,2,positif,0,negatif
"I just saw video on Megi's Instagram. Aku nangis banget, ya Allah. Wallahi you will die in suffer and no one can help you including God's help wahai Prabowo and the entire Indonesian government. Kalian berpesta saat rakyat di Aceh hidup terendam banjir dan tanpa listrik 138",0,negatif,0,negatif,0,negatif,0,negatif
"Akademi Kepolisian (Akpol) mengirimkan bantuan kepada masyarakat terdampak bencana banjir dan longsor di Provinsi Aceh, Sumatera Utara (Sumut) dan Sumatera Barat (Sumbar), Senin (8/12/2025). Akpol Kirim Bantuan untuk Warga Terdampak Banjir Longsor Aceh, Sumut dan Sumbar | ERAKINI. 70",2,positif,2,positif,2,positif,2,positif
"Banjir kembali terjadi di Kota Semarang, Jateng. Kali ini karena jebolnya tanggul Sungai Plumbon. Ribuan orang terdampak. Lingkungan AdadiKompas Tanggul Sungai Plumbon di Semarang Jebol, Ribuan Orang Terdampak 65",0,negatif,1,netral,0,negatif,0,negatif
"Evakuasi dramatis berlangsung di tengah banjir bandang yang melanda kawasan Batu Busuak, Padang. Tim SAR bekerja tanpa henti untuk menyelamatkan 8 warga yang terjebak arus deras Follow Akun TikTok Ke-2 Kami banjirpadang viraltwitter RacuninSkincare 1 1 204",0,negatif,2,positif,2,positif,0,negatif
"Akun komentar Banjir kembali terjadi - Pidie Jaya 24 November 2025 Bukan semata karena hujan, tapi karena gunung dan hutan tak lagi jadi pelindung air. Hutan ditebang, resapan hilang. Hujan sedikit saja, masyarakat yang menanggung dampaknya. tiktok\nersprener 1 486",0,negatif,0,negatif,0,negatif,0,negatif
"dan TAK BISA DIBANTAH! SECARA KEILMUAN MUSIBAH BENCANA BANJIR BANDANG ACEH, SUMUT DAN SUMBAR ADLH NYATA PERBUATAN TANGAN' JAHAT MANUSIA. IRONISNYA, PELAKUNYA PEJABAT' PEMERINTAHAN BERKOALISI DGN OLIGARKI' BUSUK. TAK ADA HARAPAN KECUALI SDH KETETAPAN TUHAN BERUPA AZAB' PEDIH. 1 2 127",0,negatif,0,negatif,0,negatif,0,negatif
"Baru saja kabar dari keponakan di Langsa. Alhamdulillah selamat. Banjir besar bikin listrik, wifi, & akses ke Medan/Banda Aceh putus total sejak Rabu. Kami terisolasi, ATM mati, BBM langka & harga barang naik. Untungnya gak ngungsi, bertahan di rumah pakai air sumur tetangga. 2 5 3",0,negatif,1,netral,0,negatif,0,negatif
Toba Pulp Lestari (INRU) Bantah Dituduh Jadi Penyebab Banjir Sumatra Toba Pulp Lestari (INRU) Bantah Dituduh Jadi Penyebab Banjir Sumatra 1 65,1,netral,1,netral,0,negatif,0,negatif
"dan Orang baik dipertemukan org baik. Semoga Allah angkat kesulitan warga Aceh, Sumbar dan sumut. 1 45",2,positif,2,positif,2,positif,2,positif
"Kementerian PU bergerak cepat pascabencana banjir di Aceh Tamiang dengan menormalkan SPAM Rantau demi kembalinya akses air bersih untuk masyarakat. Setahun Bekerja, Bergerak, Berdampak. SigapMembangunNegeriUntukRakyat MengelolaAirUntukNegeri setahunberdampak pu608 46",2,positif,2,positif,2,positif,2,positif
Akun parodi Stay safe buat mutual saya disini yg tinggal nya di Sumatra ujung. PrayForSumatera PrayForTapanuli PrayForAceh PrayForSibolga PrayForIndonesia 49,2,positif,2,positif,2,positif,2,positif
"Relawan Rumah Zakat berhasil melakukan evakuasi korban banjir di Kebun Sawit Salereh Aia Barat, Kecamatan. Palembayan, Kabupaten Agam, Sumatera Barat.Selasa, 09 Desember 2025, pukul 10.15 WIB Lumpur sedalam 1 meter, jadi salah satu kendala ketika proses evakuasi dilakukan. 2 4 270",1,netral,2,positif,0,negatif,0,negatif
"Tapi, klo dilihat dr efek kerusakannya, masuk akal jg klo kita mempertanyakan kondisi lingkungan dan sistem mitigasinya. Terlebih adanya tumpukan kayu pada arus banjir dan byknya rumah roboh dan hanyut. Semua masuk akal, jawaban masih misteri. 82",0,negatif,0,negatif,0,negatif,0,negatif
"Menurut update BNPB pada 6 Desember 2025, korban tewas banjir dan longsor di Sumatera capai 914 jiwa (Aceh 359, Sumut 329, Sumbar 226), hilang 389 orang.",1,netral,0,negatif,0,negatif,0,negatif
"Satu tim, satu tujuan! Kerja sama semua pihak membuat penanganan banjir Sumatera semakin terkoordinasi. Jalan-jalan yang tadinya terisolir kini perlahan terbuka lagi. BNPB Update terbaru fokus berikutnya evakuasi dan rehabilitasi warga terdampak. 47",2,positif,2,positif,2,positif,2,positif
"pohon kopi itu tingginya gak nyampe 3 meter, akarnya sedalam apa sih nyerap air. Lebih parah dr sawit malah, pohon kopi jg gak kuat terendam banjir bisa busuk, jadi otomatis kebunnya didesain aliran hujan dialirkan langsung ke bawah tanpa reservoir 48",1,netral,0,negatif,0,negatif,0,negatif
Seorang bapak menggendong anaknya untuk menyelamatkan dari banjir. Ditengah langkahnya. Air bah lebih besar datang dan.. sang anak terlepas. Hingga saat ini sang anak tak ketemu. Bayangkan derita yang dia tanggung saat ini. Doaku untuknya dan korban lainnya. 11 19,0,negatif,0,negatif,0,negatif,0,negatif
"Baru pertama kali seumur hidup ngerasain banjir udah gitu ga ada siapa siapa di perantauan, bener bener ketakutan PrayForAceh PrayForSumatera 32",2,positif,0,negatif,0,negatif,0,negatif
Quick Response Brimob Aceh Personel Batalyon A Pelopor Bersihkan SD Negeri 2 Adan Pasca Banjir di Pidie instagram. Batalyonapeloporaceh () • Instagram photo 18,2,positif,1,netral,2,positif,2,positif
"Bencana banjir di Sumatra menimbulkan dampak besar bagi masyarakat, dengan kebutuhan mendesak berupa pangan, obat-obatan, logistik, dan air minum. Menanggapi situasi darurat ini, sebagai bagian dari brand asli Indonesia Le Minerale bergerak cepat menyalurkan bantuan kemanusiaan. 8 38",2,positif,2,positif,2,positif,2,positif
"Buat kamu yg sdg kuliah di Bandar Lampung, yg hari ini kampungmu msh belum kondusif, jgn ragu datang aja ke RM Alas Cobek, mudah2an bisa bikin kamu sedikit happy. aceh sumut sumbar 1 78",1,netral,2,positif,2,positif,0,negatif
"Kan listrik masi blom stabil, kebanyakan masyarakat masi ngungsi & renovasi rumah. Lebih efisien mereka jaga barang sendiri dan ga nambahin ""beban"" macem barang curian. Kek bayangin ada berita korban banjir bandang ngegondol kulkas & TV? Ngangkatnya aja dah beban cok 28",0,negatif,0,negatif,0,negatif,0,negatif
"Ratusan rumah warga terendam banjir diAtlas, Ulak Karang Utara, Padang, Sumatra Barat (Sumbar) pada Jumat (28/11) sekitar pukul 01.00 WIB. PrayForSumatera Puluhan warga terpaksa harus mengungsi dari tempat tinggal masing-masing, meskipun sebagian warga memilih bertahan di 205",1,netral,1,netral,0,negatif,0,negatif
"Ada yang dibawain durian, kelapa muda, pisang dan lain lainnya. Sebegitu terimakasihnya warga korban banjir bandang di Sumatera. PrayForSumatera wargabantuwarga 1 2 200",0,negatif,2,positif,0,negatif,0,negatif
"Ferry Irwandi berhasil menggalang Rp10,3 miliar untuk korban banjir di Sumatera. Ia menggunakan strategi unik untuk menyalurkan bantuan tanpa biaya operasional. Dany Hermawan Sebut Ferry Irwandi 'Nge-Cheat' Dalam Salurkan Bantuan 186",0,negatif,2,positif,0,negatif,0,negatif
"Kena hujan dikit kami kena banjir lagi, masuk rumah pula. Kalo dirasa teriak minta tolong udah gak di dengar, rakyat harus gimana lagi 5 334 680",0,negatif,0,negatif,0,negatif,0,negatif
"Setuju, normalisasi Sungai Garoga di Sibolga menunjukkan komitmen KemenPU yang cepat dan efektif. Harapan saya proyek serupa terus diperluas untuk cegah banjir, tingkatkan kesejahteraan masyarakat, dan dukung lingkungan berkelanjutan. Bagaimana denganmu?",2,positif,2,positif,2,positif,2,positif
"Kasihan, ngemis ngemis perhatian kinerja. Yaaahhh itu bukan ajang lu ngejelekin suatu pihak yang secara sadar tergerak hati untuk membantu. Tapi lu sadar bahwa rakyat sudah hilang kepercayaan sama pemerintah, wong blundir semua, minimal meminta maaf sama korban bencana dululah. 3",0,negatif,0,negatif,0,negatif,0,negatif
"Longsor di kawasan PLTA Pakkat, Dusun Nanggumba, Desa Purba Bersatu, Humbang Hasundutan, Sumatera Utara terjadi pd Kamis 4/12/2025. Warga di Kecamatan Andam Dewi & Barus diminta mengungsi ke lokasi aman, jauh dari aliran sungai, karena dikhawatirkan terjadi banjir bandang.",0,negatif,1,netral,1,netral,1,netral
"Polri mengerahkan personel untuk pemulihan pascabencana banjir bandang dan longsor di Aceh, Sumatera Utara dan Sumatera Barat. Salah satunya dengan layanan psikososial. Selain bagi korban, layanan psikososial juga diberikan bagi petugas dan relawan di lokasi bencana.",0,negatif,2,positif,0,negatif,0,negatif
"dan Masyaalloh benar2 manusia hebat kamu anak muda, kepahlawananmu dalam membantu saudara di aceh dan sumatra ta perlu penghargaan, karena iklasmu membantu sesama adalah bukti kepedulianmu. Salut untukmu kawan.. 91",2,positif,2,positif,2,positif,2,positif
"Pekerjaan Umum (PU) menyiapkan anggaran sebesar Rp13,52 triliun untuk penanganan bencana serta rehabilitasi dan rekonstruksi (rehab-rekon) di Provinsi Sumatra Barat (Sumbar) pascagalodo beberapa waktu lalu. 1 1 45",1,netral,1,netral,2,positif,1,netral
Terungkap! PT THL yang Dituding Pemicu Banjir Aceh Berelasi dengan Bank BSI - Terungkap! PT THL yang Dituding Pemicu Banjir Aceh Berelasi dengan Bank BSI 46,1,netral,1,netral,0,negatif,0,negatif
dan aku juga keseret banjir untung ditolong tetangga tapi skrg ngungsi di Pandan tempat sodara. 24,0,negatif,0,negatif,0,negatif,0,negatif
Upaya pemerintah percepat pemulihan Aceh Tamiang PemerintahHadir Aceh Sumatra AcehSumatraBangkit PemerintahBarengWarga AcehSumatraPulih 4 16,2,positif,2,positif,2,positif,2,positif
"Kalo sipil turun lapangan itu namanya membantu, kalo pemerintah turun lapangan, itu kan uda kewajiban mereka. Duit yang dipake pemerintah juga bukan dr duit pribadi mereka, tapi dr duit rakyat. Ga abis abis ni orang kuliat liat 108",0,negatif,0,negatif,0,negatif,0,negatif
"Pemikiran Cerdas Seorang Warga Saat Diwawancarai Mengenai Banjir dan Longsor “Banjir Bandang Bolehlah Datangnya Dari Hujan, Tapi Gelondongan Kayu Ini Tidak Mungkin Datang Dari Awan. Kalau Bukan Dari Gergaji² Yg Disebabkan Oleh Tangan² Jahil Manusia”",0,negatif,1,netral,0,negatif,0,negatif
Kebenaran tentang banjir Sumatra Siklon Tropis pada Tahun 2025 Sumber Death toll after tropical cyclones hit Indonesia's Sumatra rises to 442 - Nikkei Asia 45,1,netral,1,netral,1,netral,0,negatif
"NU CARE - LAZISNU salurkan bantuan pada masyarakat terdampak bencana banjir dan tanah longsor di Sumbar, Sumut dan Aceh BCA 068 333 1926 an. Yay Lembaga Amil Zakat Infaq & Shadaqah NU BSI 777 9876 777 an. PP LAZIS NU Non Zakat NUPeduliBencanaSumatera 1 30 41",2,positif,2,positif,2,positif,2,positif
"dan 4 lainnya Sorry to say, banyak dari mereka ngungsi butuh makanan gak dateng². Bantuan beras dari pemerintah aja disuruh beli loh? kalo gak percaya cari aja beritanya. Banyak juga yang meninggal karna ngungsi kelaperan grgr bantuan telat dateng, minum pake air banjir keruh. 91",0,negatif,0,negatif,0,negatif,0,negatif
"JANGAN SEBAR HOAX!!! Kenapa kalian masih tega gk punya empati di tengah bencana dan kesusahan warga sebar kabar BOHONG??? Ini video di Lubuak Minturun, Padang Sumbar, kan?! 3",0,negatif,0,negatif,0,negatif,0,negatif
"dan 3 lainnya ""Kalau berlebih bagi keperluan keluarganya"" - Jadi 460 T itu belum berlebih bagi umatnya ? - muslim aceh, sumut, sumbar bukan umatnya? Wahai kont*l jaran... 1 12",0,negatif,0,negatif,0,negatif,0,negatif
Bukanya partai mikir utk bantuan banjir Aceh..Sumut ???,0,negatif,0,negatif,0,negatif,0,negatif
"Presiden Prabowo Subianto menjelaskan alasan pemerintah tidak menetapkan banjir dan longsor di Aceh, Sumatera Utara, dan Sumatera Barat sebagai bencana nasional. Menurut Prabowo, dampak bencana yang terjadi di tiga provinsi tersebut masih dapat ditangani oleh negara tanpa harus 1 236",1,netral,1,netral,1,netral,1,netral
"Yang penting Hutan jangan di rusak, mau ada dirjen longsor ataupun dirjen banjir percuma, kecuali memperbanyak ladang korupsi lagi. Tata tuh Hutan, jangan terus di gunduli GUNDUL! 250",0,negatif,0,negatif,0,negatif,0,negatif
"Ceban nuat beli apesi, ngasih tuh yang ngotak dikit anj. Jaman sekarang serba mahal,.apalagi ini buat korban banjir. Silit"" utek e kok yo nda di nggo 14",0,negatif,0,negatif,0,negatif,0,negatif
"Woi Otak kau pakai! Sudah lah lamban kau koordinasi Mitigasi Bencana, jangan kau korbankan Tentara Republik ini dengan abai dukungan logistik dan kesejahteraan nya. Banyak yang sudah kelelahan siang malam gak berhenti kerja cuma dikasih anggaran makan!",0,negatif,0,negatif,0,negatif,0,negatif
"BENCANA banjir dan longsor yang terjadi di Sumatera tak hanya menelan ratusan korban jiwa, namun juga merusak habitat dari satwa dan menewaskannya Gajah jadi Korban Banjir di Aceh, Guru Besar UGM Sebut Habitat Satwa Liar Tergusur oleh Alih Fungsi... 1 250",0,negatif,0,negatif,0,negatif,0,negatif
Akun parodi Keluarga Nenek di kreung geukuh sana baru tau bakal ada badai abis aku kasih tau kak. Nenek usia 83 tahun terpaksa ngungsi karena banjir udah se lutut sampe tergenang rumah. 1 26,0,negatif,0,negatif,0,negatif,0,negatif
"Pratikno tenggelamkan aj ke sisa lumpur bekas banjir bandang aceh, dasar anjing Jokowi kurap 23",0,negatif,0,negatif,0,negatif,0,negatif
dan Gue di ujung sumatera monyet. Bacot lu kedaluarsa baru lu hadir. StarLink ada juga di Tamiang -Bireuen Aceh beli Pribadi. Bnpb ada gak? 1 minggu pasca banjir? Blm lg Takengon Aceh Tengah. Paling parah. Sampai² Presiden 3x ke Aceh. Pnpb kocar kacir. Dasar ANJINK menggongong. 1 60,0,negatif,0,negatif,0,negatif,0,negatif
Ribuan warga Aceh menderita akibat banjir bandang. Sekarang kita tahu ada 12 perusahaan yang diduga berkontribusi di balik duka itu. Sedih dan geram. 42,0,negatif,0,negatif,0,negatif,0,negatif
"dan Banjir ,tanah longsor di Sumatera ini perperjelas kualitas pemerintahan pusat, Negara ini mampu menggaji dan memfasilitasi jutaaan pejabatnya, tp MISKIN alat² evakuasi bencana entah tidak mampu beli atau ...pdhl semua kebijakan pejabatnya berpotensi menimbulkan bencana alam... 1 3 10 766",0,negatif,0,negatif,0,negatif,0,negatif
"Presiden RI Prabowo Subianto kini memfokuskan pemerintahannya untuk mengatasi dampak bencana banjir dan longsor yang terjadi di Sumatra Utara, Sumatra Barat, dan Aceh. presiden prabowosubianto bantuan bencanaalam aceh sumut sumbat radio idola smg indonesia 45",2,positif,2,positif,2,positif,2,positif
"Ga kuat liat semua ini depan mata, bau amis dari mayat sepanjang jalan dinetralkan jadi bau alkohol. Btw di foto ini tadinya jalan raya besar penyambung BatangToru dan Sibolga, dan ada rumah-rumah juga padat. Kayak yang dilihat, terbelah jadi 2, air banjir sampai naik ke atas. 1 3",0,negatif,0,negatif,0,negatif,0,negatif
"Cepat pulih Sumut ,Sumbar dan Aceh 196",2,positif,2,positif,2,positif,2,positif
"Ini asli. Video ini menunjukkan gajah-gajah terseret banjir di Sumatra, sesuai laporan berita terkini tentang banjir di Indonesia November 2025. Korban jiwa sudah lebih dari 300 orang.",0,negatif,0,negatif,0,negatif,0,negatif
Apa bakal kejadian lagi tahun baru banjir?,0,negatif,1,netral,0,negatif,0,negatif
"Koordinasi di lapangan antara Babinsa dan tim reaksi cepat BNPB patut diacungi jempol. Responsif terhadap situasi di Aceh. youtube. BABINSA X BNPB COLLAB BANTU ACEH Enjoy the videos and music you love, upload original content, and share it all with friends, family, and the world on YouTube. 9",2,positif,2,positif,2,positif,2,positif
"senin yg chaoss, ujan gede dari semalem smpe pagi + laut pasang banjir 468",0,negatif,1,netral,0,negatif,0,negatif
"can't hype the gmmtv2026, air masuk rumah lagi 3 1 326",0,negatif,0,negatif,0,negatif,0,negatif
"Bergerak Bersama, Pulihkan Aceh dan Sumatra Kita semua berharap, kehadiran para dapat meringankan beban masyarakat di lokasi terdampak bencana dan mempercepat pemulihan. 2026KKPGrowStronger kkpterus5F9UQ 1 9",2,positif,2,positif,2,positif,2,positif
"Senyar pada 26Nov2025 menjadi bencana terparah dalam sejarah Aceh & Sumatera Gubernur Aceh menyebutnya sebagai “Tsunami Kedua” Sebanyak 22 gampong hilang disapu banjir bandang,sekitar 50% wilayah Aceh terdampak, ratusan ribu rumah hancur,dan ratusan ribu warga menjadi pengungsi",0,negatif,0,negatif,0,negatif,0,negatif
POLDA SUMSEL LEPAS BANTUAN KEMANUSIAAN UNTUK KORBAN BENCANA DI PROVINSI SUMATERA UTARA Polda Sumatera Selatan menggelar kegiatan pelepasan bantuan kemanusiaan untuk korban bencana alam di Provinsi Sumatera Utara pada Rabu (3/12/2025). 39,0,negatif,0,negatif,0,negatif,0,negatif
"Jujur, respect sama postingan Terakhir Ferry Irwandi Di saat banyak yang sibuk pamer atau larut dalam drama yang nggak ada habisnya Bang Ferry justru turun langsung ke Aceh, Sumut, dan Sumbar selama lebih dari 20 hari. Bukan hadir sebentar lalu pergi, tapi benar-benar 1 222",2,positif,0,negatif,0,negatif,0,negatif
"Banjir besar melanda Domasan, Desa Prawoto, Sukolilo, Pati, Jateng malam ini Warga diminta tetap waspada.Banjir Pati JawaTengah Sukolilo PresidentZelenskyy InformationYoloBet66 OfficialChannel registerlink HOSEOK APANStarAwards2025 72",1,netral,1,netral,1,netral,1,netral
Netizen Geram Usai Tahu Empat Gajah Dikerahkan Untuk Bantu Bersihkan Tumpukan Kayu Pasca Banjir di Aceh Netizen Geram Usai Tahu Empat Gajah Dikerahkan Untuk Bantu Bersihkan Tumpukan Kayu Pasca Banjir di... 1 1,0,negatif,0,negatif,0,negatif,0,negatif
"*Pemerintah Hadir*, *Aceh Sumatra Bangkit*, *Pemerintah Bareng Warga*, *Aceh Sumatra Pulih*, *Pemerintah Sigap untuk Aceh Sumatra* 1 11",2,positif,2,positif,2,positif,2,positif
"dan 2 lainnya tadi konteksnya kan bandingin dgn sumut dan sumbar, ya jelas penanganannya harus beda lah, krn dampaknya beda, daya rusaknya beda, dan medannya jga beda. apa salahnya mereka ""berisik"", kan negara berkata mampu sendiri tanpa bantuan asing, jadi harus maksimal dong penanganannya 10",0,negatif,0,negatif,0,negatif,0,negatif
"Kunjungan ini diterima langsung oleh Asisten Pemerintahan, Kepala Dinas Pekerjaan Umum, dan Kepala Biro Pemerintahan Provinsi Sumatera Utara. Bantuan ini merupakan Donasi Pasca Bencana Banjir di Sumatera Utara. Diketahui sebelumnya mengunjungi Sumatera Utara. . dbmbksulsel 42",2,positif,2,positif,2,positif,2,positif
"Periksa 8 Korporasi Besar di Sumut, KLH Temukan Indikasi Kelalaian hingga Sebabkan Banjir Sumatera Periksa 8 Korporasi Besar di Sumut, KLH Temukan Indikasi Kelalaian hingga Sebabkan Banjir Sumatera... 298",1,netral,1,netral,0,negatif,0,negatif
"Bergerak Bersama, Pulihkan Aceh dan Sumatra Penugasan dilaksanakan dalam dua tahap, 595 Taruna pada Tahap I dan 547 Taruna pada Tahap II, selama 45 hari untuk setiap tahap. TarunaKKP 2026KKPGrowStronger SaktiWahyuTrenggono KKPGOID kkpterus5F4W2 1",2,positif,2,positif,2,positif,2,positif
"Turut berduka cita atas musibah yang menimpa saudara-saudara kita di Sumatera. Semoga mereka yang terdampak diberikan kekuatan, ketabahan, dan perlindungan. Mari kita bersama mendoakan yang terbaik untuk Sumatera. prayforsumatera KanwilDitjenimMaluku 18",0,negatif,2,positif,0,negatif,0,negatif
"PT PLN (Persero) terus mengupayakan pemulihan jaringan distribusi listrik di wilayah Aceh Tengah, khususnya Kota Takengon, pascabencana banjir bandang dan tanah longsor yang mengakibatkan kerusakan infrastruktur ketenagalistrikan. Akses Jalan ke Aceh Tengah Masih Terkendala, PLN Tetap Upayakan Pemulihan Jaringan Demi Pulihkan... 1 80",0,negatif,2,positif,2,positif,2,positif
Akun parodi kaga banjir lagi deh ya 23,1,netral,1,netral,0,negatif,0,negatif
Cape bgt nangisin yg di brandan Nangisin makam papa Nangisin mama yg lost kontek gatau dia kek mana disana Nangisin kakek yg udh gbs jalan udh pake kateter tp ngungsi di lt 2 puskesmas Nangisin brandan yg ancur separah itu banjir 1 174,0,negatif,0,negatif,0,negatif,0,negatif
"Update kondisi terkini Pemukiman warga masih tergenang banjir serta akses jalan masih terputus. Mohon doanya Desa Blangcut, Pidie Jaya, Aceh doa ❗️📌",1,netral,1,netral,0,negatif,0,negatif
"Keadaan terkini banjir di Sumatera (sekitar jam petang) Banyak wilayah di Sumatera — terutama Aceh, Sumatera Utara dan Sumatera Barat — masih dilanda banjir bandang dan tanah longsor. # PrayForSumatera cnnindonesia. Kondisi Terkini Daerah Terdampak Bencana Sumatra Ribuan orang terdampak bencana banjir bandang dan tanah longsor melanda tiga provinsi di Pulau Sumatra. Berikut update terbaru kondisi bencana tersebut. 77",1,netral,1,netral,0,negatif,0,negatif
"Iklim itu memang fakta ada. Kita tidak bisa memungkiri. Kayu gelondongan juga , kita tidak bisa cegah. Antara iklim yg menyebabkan banjir bandang dan kayu gelondongan itu yg bisa menghancurkan rumah dan membunuh manusia. Beda banjir bandang di jawa dan sumatra itu pada gelondong",1,netral,0,negatif,0,negatif,0,negatif
Akun parodi dan Masyaa Allah Tabarakallah.. ormas yg paling radikal masih ajah ngambil pahala keberkahan dr bencana yg ada..pasti bahagia sekali dulu bubarin ormas yg paling ringan tangan tsb PrayForSumatera 9 58,0,negatif,2,positif,0,negatif,0,negatif
"Kemenhut izinkan pemanfaatan terbatas kayu yang terbawa banjir di Aceh, Sumut & Sumbar oleh masyarakat terdampak untuk rehabilitasi & rekonstruksi pascabencana. banjirsumatra BencanaSumatera aceh 1 19",1,netral,1,netral,2,positif,2,positif
"Warga Desa Pante Lhong, Aceh, menyampaikan apresiasi kepada Perdana Menteri (PM) Malaysia Anwar Ibrahim dan masyarakat Negeri Jiran atas kepedulian serta bantuan kemanusiaan yang diberikan pascabencana banjir besar yang melanda wilayah tersebut. Baca di sini 50 720",2,positif,2,positif,2,positif,2,positif
"BANJIR susulan masih menjadi kekhawatiran masyarakat di sejumlah wilayah terdampak bencana di Sumatra. Bahkan di penghujung 2025, Selasa (30/12), hujan deras kembali mengguyur Kabupaten Bener Meriah, Aceh. ugm ews meriahbener aceh pkm",1,netral,1,netral,1,netral,1,netral
"Perusak lingkungan hidup dan pejabat pemerintah/daerah yg memberi ijin utk merusak lingkungan hidup betul2 bajingan tanpa kapok WALHI WALHI Jawa Barat WALHI Riau WALHI Sumsel DPR RI DPRD CNN Indonesia Tribunjabar Kang Dedi Mulyadi Peringatan Keras Walhi Perusakan Kebun Teh Pangalengan Kejahatan Serius, Bisa Picu Banjir Bandang... 103",0,negatif,0,negatif,0,negatif,0,negatif
"Siapa bilang tidak? Desember 2025 ini, sejumlah daerah di Riau berada dlm status siaga bencana banjir. Lahan sawit di Siak & Bengkalis dilaporkan masih tergenang air. Media nasional aja yg gak expose, atau beritanya tenggelam oleh bencana Aceh, Sumbar, Sumut yg lebih besar. 1 73",1,netral,1,netral,0,negatif,0,negatif
"Kemenhut Hentikan Sementara Pemanfaatan Kayu Bulat di Aceh, Sumut dan Sumbar suarasurabaya. Kemenhut Hentikan Sementara Pemanfaatan Kayu Bulat di Aceh, Sumut dan Sumbar Kementerian Kehutanan (Kemenhut) menghentikan sementara seluruh kegiatan pemanfaatan dan pengangkutan kayu bulat di tiga provinsi terdampak banjir dan longsor di Aceh, Sumatra Utara, dan Sumatra...",1,netral,1,netral,1,netral,1,netral
"Amarah Farah, seorang perempuan Aceh yang sejak gadisnya sdh mewakafkan hidup untuk tanah kelahirannya. Dulu ia pernah menghadapi peluru tanpa pernah menangis. Kini ia tak kuasa menahan sedihnya setelah sebulan berkubang lumpur membantu dan melihat korban banjir di sana. 4 108 228",0,negatif,0,negatif,0,negatif,0,negatif
"Melihat video Najwa dan Mualem, sesak dan sedihnya berasa sekali Ya Allah, kuatkanlah aceh dan seluruh warga indonesia yg terdampak dr banjir atau bencana lainya 85",2,positif,0,negatif,0,negatif,0,negatif
"Update Aceh Sumatra, semoga lekas pulih 6",2,positif,2,positif,2,positif,2,positif
tanem terus woo. babat terus tu hutan.‍ kena banjir lagi juga gak papa. ya kan? 477,0,negatif,0,negatif,0,negatif,0,negatif
akses informasi terpercaya seputar bencana hidrometeorologi di indonesia melalui BNPB Live Update Bencana di youtube youtube. BNPB Indonesia The Indonesia National Disaster Management Authority 17,1,netral,1,netral,1,netral,1,netral
"Banjir dan Longsor Kembali Terjang Padang Pariaman Sumbar news.okezone. Banjir dan Longsor Kembali Terjang Padang Pariaman Sumbar Okezone News Banjir dan tanah longsor kembali terjadi di daerah Pasie Laweh dan Lubuk Alung, Kabupaten Padang Pariaman, Sumatera Barat, pada Kamis 25 12 2025 . 288",1,netral,1,netral,1,netral,1,netral
"Kami membawa serta doa yang tak pernah putus Semoga Aceh, Sumatera Utara, dan Sumatera Barat segera pulih, kembali kuat, dan berdiri lebih teguh dari sebelumnya. Karena ketika satu hati terluka, kita semua merasakannya. PMTPeduli PelindoGroup SPTPGroup 23",2,positif,2,positif,2,positif,2,positif
"Respons TNI emang cepet dan efektif, kayak kirim KRI Banda Aceh buat bantu material rekonstruksi pasca banjir di Sumatera. Instalasi jembatan Bailey di Tapanuli Selatan bikin akses transportasi pulih, kurangi dampak ekonomi warga. Impact positifnya nyata dari sumber berita",2,positif,2,positif,2,positif,2,positif
"Bergerak Bersama, Pulihkan Aceh dan Sumatra Kita semua berharap, kehadiran para dapat meringankan beban masyarakat di lokasi terdampak bencana dan mempercepat pemulihan. TarunaKKP 2026KKPGrowStronger SaktiWahyuTrenggono KKPGOID kkpterus5F5BA 2 6 9 131",2,positif,2,positif,2,positif,2,positif
Bantuan BRI juga masuk ke area Pariaman yang banyak rumah rusak berat akibat banjir bandang CSRBRI BRIPeduli qrisbri,1,netral,2,positif,2,positif,0,negatif
"Siklus 10th Bencana Besar di Indonesia 1. 2004-2005 Tsunami Aceh-Nias 2. 2015 Kebakaran Hutan dan Lahan dahsyat (Sumatera-Kalimantan) 3. 2025 Bencana Banjir dan Longsor Sumatera, Semoga Kita belajar dari siklus ini, dan Bangsa Indonesia semakin tangguh. prayforsumatera 90",2,positif,1,netral,2,positif,1,netral
"Kemenkop mengatakan siap terlibat dalam upaya pemulihan dan pemberdayaan masyarakat khususnya anggota koperasi di Aceh, Sumatera Barat dan Sumatera Utara setelah masa tanggap darurat bencana dinyatakan berakhir. Kemenkop siap dampingi pemulihan koperasi di Sumatera pascabencana 190",2,positif,2,positif,2,positif,2,positif
"Usai Bantu Sumut, Pemko Pekanbaru Kirim Bantuan Rp1,5 Miliar ke Aceh Terdampak Banjir dan Longsor suaraaktual. Usai Bantu Sumut, Pemko Pekanbaru Kirim Bantuan Rp1,5 Miliar ke Aceh SUARAAKTUAL. - Sumber informasi berita teraktual. 54",2,positif,2,positif,2,positif,2,positif
"Status bencana nasional Status peduli nasional • Terimkasih bang ferry Irwandi, & turun langsung kirim bantuan sampai ke tangan warga. Lokasi Pegunungan kampung gayo Aceh sekitarnya. Sc Ig Irwandiferry PrayForSumatera 6 78 120",2,positif,2,positif,2,positif,2,positif
"Aku di Tapanuli. Sejak banjir ga bisa lagi pake spx. Pake JNE kayaknya masih bisa tp ya gitu harus ambil sendiri, ga dianterin ke rumah 1 43",0,negatif,0,negatif,0,negatif,0,negatif
Banjir Bandang dan Longsor Terjang 6 Daerah di Sumatera Utara Banjir bandang dan tanah longsor melanda enam wilayah di Sumatera Utara yaitu Tapanuli Utara Tapanuli Tengah Tapanuli Selatan Sibolga Mandailing Natal dan Nias Laporan sementara menyebutkan adanya warga terdampak 1 1 458,1,netral,1,netral,0,negatif,1,netral
"Mungkin karena fokus media lebih pada dampak banjir seperti korban jiwa (164 tewas di Sumatra) dan evakuasi ribuan orang, daripada penyebab seperti deforestasi. Video gergaji hanyut itu tampaknya belum viral luas di X atau berita. Di Sumatra Utara, banjir bawa batang pohon besar,",0,negatif,0,negatif,0,negatif,0,negatif
"Mentan Amran meninjau langsung lokasi banjir di Sumatra Utara untuk memastikan pemulihan berjalan cepat, mulai dari penyediaan cadangan beras tiga kali lipat dari kebutuhan masyarakat di Aceh, Sumatera Utara, dan Sumatera Barat. 1 1 4 95",2,positif,2,positif,2,positif,2,positif
Penyaluran Donasi Bantuan Banjir Bandang & Longsor di Aceh dan Sumatera dari Teman Teman Minokey Terima kasih untuk semua telah berpartisipasi. Semoga bantuan ini sedikit meringankan beban dan menjadi sumber kekuatan. 3 349,2,positif,2,positif,2,positif,2,positif
"Banjir gede gini kalau siklonnya (amit amit) lewat rumah gw yang di sana, udah pasti banjir sampe atep gak keliatan. Ya kan pung Lampung? Sekarang dikit² banjir, kayak mnyed.",0,negatif,0,negatif,0,negatif,0,negatif
"Guys jangan lupa saat ini Sumatera sedang Berduka mungkin bisa up beritanya atau punya materi lebih bisa bantu donasi, coba jangan fokus ke berita ga penting kaya tumblr atau selengki ga jelas. PrayForSumatera 4 706",0,negatif,0,negatif,0,negatif,0,negatif
"Total fasilitas kesehatan yang terdampak di Sumatera Utara, Sumatera Barat, dan Aceh sebanyak 31 rumah sakit dan 156 puskesmas. Kesehatan AdadiKompas Pemulihan Faskes Rusak Dikebut, Masih Ada Rumah Sakit yang Terendam Banjir 45",0,negatif,0,negatif,0,negatif,0,negatif
Kapolres Aceh Tenggara Salurkan Bantuan Kemanusiaan Alumni Akpol 2006 Untuk Korban Banjir di Kabupaten Aceh Tenggara. poldaacehsiagabencana bangkitbersamapoldaaceh 1 27,0,negatif,2,positif,0,negatif,0,negatif
"dan Kayaknya kemarin itu diskon gede2an karena mau rebranding, jadi mungkin diskon gitu lagi ga dalam waktu dekat deh ya Soalnya stoknya bisa jadi udah dikasih semua ke korban banjir kemarin krn timingnya pas bener kemarin itu menurut saya 38",0,negatif,0,negatif,0,negatif,0,negatif
"Menkomdigi Meutya Hafid mengatakan 90 persen jaringan telekomunikasi di Sumatera Utara, khususnya di Tapanuli Tengah, Tapanuli Selatan, dan Sibolga, sudah beroperasi pasca-banjir yang melanda daerah itu. Menkomdigi 90 persen telekomunikasi wilayah bencana Sumut telah pulih 272",2,positif,1,netral,2,positif,1,netral
dan Eh btw ada teman Sumatra nggak... Padang jambi palembang bengkulu.. Banjir nggak ya . Kayaknya ada deh orang jambi lupa 1 86,1,netral,1,netral,0,negatif,0,negatif
"BNPB melaporkan bahwa hingga Selasa (2/12/2025), jumlah korban meninggal akibat banjir dan tanah longsor di tiga provinsi—Aceh, Sumatera Utara, dan Sumatera Barat—mencapai 708 jiwa, dengan ratusan lainnya masih dinyatakan hilang. Rincian korban • Sumatera Utara 294 meninggal, 3 9 19",0,negatif,0,negatif,0,negatif,0,negatif
"Ketua DPR RI Puan Maharani resmi menutup Masa Persidangan II Tahun Sidang 2025-2026 DPR RI. Dalam pidatonya, Puan kembali menyampaikan duka cita bagi korban banjir dan longsor di Aceh dan Sumatra. 231",0,negatif,0,negatif,0,negatif,0,negatif
"kok ga meminta maaf pada maasyarakat Aceh ya...wah ga bener ni orang, tanggungjawabmu pada masyarakat setelah itu lapor pada presiden, dasar beleng beleng 10",0,negatif,0,negatif,0,negatif,0,negatif
"Status Darurat Siaga Bencana Hidrometeorologi di Riau berlaku 1 Des 2025 – 31 Jan 2026. Waspada banjir & longsor di wilayah rawan Kab. Kampar. Utamakan keselamatan, pantau kondisi sekitar. pabangkinang WaspadaBencana Hidrometeorologi RiauSiaga InfoBencana 1 1 309",1,netral,1,netral,1,netral,1,netral
"*Banjir Rob Rendam Empat Desa di Sukadana, Polres Kayong Utara–Basarnas Turun Tangan Evakuasi Warga* KayongUtaraBERKAH SalamPRESISI Kalbar 1 53",2,positif,1,netral,2,positif,0,negatif
"Bantu korban banjir di Sumatera Utara yuk! Video logistik dan layanan terus mengalir, kita bisa bareng-bareng BersamaLawanBanjir! Ayo semangat! 15",2,positif,2,positif,0,negatif,0,negatif
Respons cepat pemerintah dengan mendistribusikan 1.780 ton bantuan logistik untuk korban banjir dan longsor di Aceh. 19,2,positif,2,positif,0,negatif,0,negatif
"Kronologi bagaimana Reno, anjing pelacak K9 gugur saat bertugas mencari korban bencana banjir dan longsor di Sumatera Barat (Sumbar) Anjing milik kepolisian daerah Riau itu mati di Kabupaten Agam, Sumatera Barat pada Minggu (30/11). Hal tersebut dibenarkan oleh Kepala Bidang sedih",0,negatif,0,negatif,0,negatif,0,negatif
SEGERA TETAPKAN JADI BENCANA NASIONAL AllEyesOnSumatera PrayForSumatera PrayForTapanuli PrayForSibolga PrayForAceh PrayForPadang 1,2,positif,1,netral,2,positif,2,positif
dek rumah mmh kebanjiran dek Dari ໊ 7,0,negatif,0,negatif,0,negatif,0,negatif
"Saat banjir sudah terjadi, publik menduga penyebabnya adalah kerusakan hutan, pembalakan liar, dan alih fungsi lahan. Tapi pemerintah daerah hingga pemerintah pusat “kompak” membantah. Gubernur Sumatra Utara, Bobby Nasution bilang penyebab utamanya adalah cuaca ekstrem yang 1 1 2 390",0,negatif,0,negatif,0,negatif,0,negatif
"Cepat lah pak, kami di sumatra utara sudah keburu tenggelam nih dalam banjir. Tak banyak yang bisa menolong karena tak tersedia perahu atau rakit sekalipun untuk evakuasi atau sekedar mengantar bekal makanan atau obat2an bagi yg terjebak di rumah2 mereka.",0,negatif,0,negatif,0,negatif,0,negatif
"Kemkomdigi melaporkan terjadinya gangguan layanan telekomunikasi di Kabupaten Tapanuli Tengah, Kabupaten Tapanuli Selatan dan Kota Sibolga, Provinsi Sumatera Utara imbas bencana banjir dan longsor yang melanda wilayah tersebut pada Rabu (26/11). ""Berdasarkan data sebaran 4 3 698",0,negatif,1,netral,1,netral,1,netral
KIP Aceh Salurkan Bantuan Hidrometeorologi untuk KIP Kabupaten Aceh Singkil Pascabanjir ​SINGKIL – Komisi Independen Pemilihan (KIP) Aceh menyalurkan bantuan kemanusiaan bagi jajaran KIP Kabupaten Aceh Singkil yang terdampak bencana alam banjir. 1 1 52,2,positif,2,positif,2,positif,2,positif
"Intensitas hujan yang tinggi kembali mengguyur di wilayah Sumatera Utara. Hanya hujan lebat selama satu jam, ratusan rumah warga di Kabupaten Tapanuli Selatan kembali dikepung banjir akibat luapan Sungai Batang Toru dan Sungai Siopat Opat. Berdasarkan video amatir warga, 2 2 810",1,netral,1,netral,0,negatif,0,negatif
"Banjir besar di Kabupaten Pidie Jaya, Aceh juga merusak kawasan budidaya udang dan bandeng milik masyarakat di Desa Buangan, Kecamatan Meurah Dua. 1 1 4 116",0,negatif,1,netral,0,negatif,0,negatif
"Visualisasi malam di Aceh tampak keliatan dari satelit VIIRS-nya NASA. Banyak wilayah gelap gulita akibat listrik mati. Tapi presidennya masih aja sempat percaya, banjir di Sumatera gak separah seperti aslinya. 7 341 567",0,negatif,1,netral,0,negatif,0,negatif
"seneng liat temen2 w yg pengusaha pada speak up tiap hari soal sumatera, aceh dan kebobrokan meanwhile temen w yang kerja ""di dalem"" diem2 baeee kayak ga terjadi apa2 8",0,negatif,0,negatif,0,negatif,0,negatif
"dan Bukan memakai anggaran bencana, MBG justru datang lebih dulu membantu korban banjir di Aceh dengan menghantar makanan bergizi sebagai kerja nyata yang bisa dibuktikan LanjukanMBG 1 47",0,negatif,2,positif,0,negatif,0,negatif
"dan Presiden terlalu angkuh dengan mengatakan kita mampu mengatasi bencana, padahal pelosok2 daerah bencana masih banyak yg belum tertangani. Saya tau krn saya tinggal dekat dngan Aceh Tamiang, salah 1 daerah yg juga parah, rumah saya di Brandan terendam diatas 1.8 Meter air banjir. 22",0,negatif,0,negatif,0,negatif,0,negatif
"Anakku yg TK td pagi cerita, bu guru kemarin katanya mau kirim barang untuk yg lagi kena banjir. Trs kubilang ""ini kemarin ada uang kamu yg menang lomba, mau ndak buat donasi untuk bantu teman2 yg kena banjir?"" 'iya bu aku mau, ini buat donasi ya' Hatiku hangat 1 36",2,positif,2,positif,2,positif,0,negatif
"iyaa ini udh ngungsi "" Jarang smpe banjir bgt, ini memang curah hujan lagi tinggi bgt sekitaran Sumatera 1 27",1,netral,1,netral,0,negatif,0,negatif
"Badan Nasional Penanggulangan Bencana (BNPB) memperbarui data pada Sabtu (13/12/2025) pagi, terkait bencana banjir dan longsor yang melanda sejumlah wilayah di Sumatra. BNPB menegaskan, data ini masih bersifat dinamis dan akan terus diperbarui. Petugas lapangan masih melakukan 1 415",1,netral,1,netral,1,netral,1,netral
"Presiden Prabowo Berikan 20 M & Gratiskan Pembuatan Surat-Surat Berharga Lainnya yang Hanyut Tersapu Banjir Bagi Warga Terdampak. Pemerintah Bareng Warga, Aceh Sumatra Bangkit. . . SalingBantuSesama AcehSumateraBangkit PeduliAcehSumatera",2,positif,2,positif,2,positif,2,positif
"Healthies, tidal semua korban banjir bisa dievakuasi melalui jalur darat. Untuk itu, pasien dari Bener Meriah & Lhokseumawe dibawa menggunakan pesawat medis ke Bandara Sultan Iskandar Muda, Aceh, sebelum dirujuk ke rumah sakit. Evakuasi udara ini memastikan penanganan 3 2 5",0,negatif,1,netral,0,negatif,0,negatif
"Laporan follower dari Aceh Min, Aceh sudah mulai naik lagi air daerah Pidie Jaya Meureudu (salah satu tempat putus jembatan nasional) menurut berita sudah 1 meter air nya. 3 33 67",1,netral,1,netral,1,netral,1,netral
"Dan gua korban Banjir di salah satu kabupaten di Aceh, ngerasain bgt gda bantuan pemerintah kampret yg dtang, malah kita bantu sesama. Korbanbantukorban. Bahkan sampe skrg Masi ada warga yg ngungsi di tenda terpal biru Krena rumahnya udh hilang """,0,negatif,0,negatif,0,negatif,0,negatif
"200 HELIKOPTER BUAT APA DUT??? suka banget buang anggaran buat hal ga guna… mending lu jangan nanem sawit mulu, dananya dipake buat reboisasi dan anggaran bencana nasional AllEyesOnSumatera PrayForSumatera 1 1 1 247",0,negatif,0,negatif,0,negatif,0,negatif
"BMKG Imbau Waspada Banjir Pesisir 5–10 Desember, Ini 7 Wilayah Aceh Berpotensi Terdampak BMKG WaspadaBanjirPesisir BanjirROB WilayahAcehBerpotensiTerdampak aceh.tribunnews. BMKG Imbau Waspada Banjir Pesisir 5–10 Desember, Ini 7 Wilayah Aceh Berpotensi Terdampak - Seramb... BMKG menekankan bahwa informasi ini disampaikan untuk meningkatkan kesiapsiagaan, bukan menimbulkan kekhawatiran berlebihan. 105",1,netral,1,netral,1,netral,1,netral
Ngga ngerti lagi dgn manusia2 serakah model begini.. bisa2nya mengambil kesempatan untuk kepentingan pribadi padahal msh banyak korban yg terdampak parah akibat bencana banjir Sumatera.. benar2 sdm rendah 5 584,0,negatif,0,negatif,0,negatif,0,negatif
"Penanganan masalah di negara ini semua serba wis kebacut!! *Setelah Viral, baru ditangkap *Setelah meninggal, baru dipercaya laporannya *Setelah banjir bandang menelan hampir 1000 orang dan kerugian materiil tak terbayangkan, baru niat menanam kembali! Menunggu pohon 31 69 169",0,negatif,0,negatif,0,negatif,0,negatif
"Presiden Prabowo Subianto sudah tahu penyebab bencana banjir dan longsor di Pulau Sumatra! Hal ini diungkapkan oleh Ketua MPR Ahmad Muzani. Sementara itu, Gubernur Sumut Bobby Nasution bersiap meneken rekomendasi penutupan PT Toba Pulp Lestari (INRU) - salah satu perusahaan 233",1,netral,1,netral,1,netral,0,negatif
"Aceh kembali dilanda Banjir Besar - 8 Januari 2026. Belum Sempat Pulih, Sejumlah Desa di Aceh Timur Kembali Diterjang Banjir Susulan, lokasi Indra Makmur Aceh Timur. Melaksanakan rehabilitasi dan rekonstruksi rumah di lokasi yang banjirnya terus berulang, sama saja seperti 1 2 6 166",0,negatif,1,netral,0,negatif,0,negatif
"DPC PDI Perjuangan Tanah Datar bergotong royong menyalurkan bantuan dari DPP PDI Perjuangan untuk korban banjir yang mengungsi di Posko Utama Nagari Sumpur, Batipuh Selatan, Tanah Datar, Sumatera Barat, Minggu (15/12/2025). Kami berharap bantuan yang diberikan bisa sedikit",2,positif,2,positif,0,negatif,0,negatif
"Membangun harapan baru di lokasi bencana adalah inti Pesan Natal Prabowo agar kita bergerak bersama atasi dampak banjir Sumatera upaya Presiden Perkuat Solidaritas bangsa yang majemuk Pesan Natal 2025, Presiden Prabowo Ajak Gotong Royong untuk Sumatra 9",2,positif,2,positif,2,positif,2,positif
"Sebulan Pasca Banjir, Bupati Aceh Utara Pusat Tutup Mata Sebulan Pasca Banjir, Bupati Aceh Utara Pusat Tutup Mata 29",0,negatif,1,netral,0,negatif,1,netral
"Semoga setelah banjir dan tanah longsor di Sumatera ini, kebijakan IPKH dan Amdal bisa diperbaiki dan lebih selektif ya pak PrayForSumatera kemenenteriankehutanan rajajuliantoni banjirsumatera tambangilegal 179",2,positif,1,netral,1,netral,1,netral
"Dibutuhkan berapa puluh tahun ya untuk mengembalikan hutan Sumatera, Aceh dan sekitarnya akibat kerusakan banjir kali ini... 80",0,negatif,0,negatif,0,negatif,0,negatif
"Prabowo Tinjau Lokasi Bencana Berulang Kali, Pemulihan Dikebut Sejak Minggu Pertama Jakarta – Pemerintah terus mempertegas kehadirannya dalam penanganan bencana banjir bandang di Sumatra beberapa pekan lalu. Hal ini dibuktikan dengan peninjauan berulang Presiden RI Prabowo",1,netral,2,positif,2,positif,2,positif
"Bukan janji, tapi aksi. Pemerintah Hadir sejak awal. Pemerintah Bareng Warga mempercepat pemulihan. Aceh Sumatra Pulih, karena Pemerintah Sigap untuk Aceh Sumatra, menuju Aceh Sumatra Bangkit. 10",2,positif,2,positif,2,positif,2,positif
"Tim SAR gabungan yang terdiri Polisi, TNI, dan masyarakat membangun 15 hunian sementara (huntara) bagi korban banjir dan longsor di Desa Tolang Julu, Kecamatan Sayur Matinggi, Kabupaten Tapanuli Selatan (Tapsel), Sumatera Utara, Minggu (28/12/2025). Material bangunan dibeli dari",0,negatif,2,positif,0,negatif,0,negatif
"Brimob Hadirkan Sanitasi Layak bagi Korban Banjir di Desa Tolang Julu Tapanuli Selatan — Personel Brimob Batalyon C Polda Sumatera Utara bersama masyarakat setempat melaksanakan pembangunan fasilitas mandi, cuci, kakus (MCK) bagi warga terdampak banjir di Desa Tolang Julu 44",2,positif,2,positif,0,negatif,0,negatif
"Banjir Sumatra, Danantara Akan Bangun 15 Ribu Huntara di 3 Provinsi Banjir Sumatra, Danantara Akan Bangun 15 Ribu Huntara di 3 Provinsi 24",1,netral,1,netral,1,netral,1,netral
"Di tengah situasi pasca bencana, negara hadir melalui respons terpadu—pemulihan berkelanjutan, pemenuhan kebutuhan dasar, dan perlindungan bagi warga terdampak. BencanaAlam BNPB Banjir PrayForSumatera PeduliSesama 4 5",2,positif,2,positif,2,positif,2,positif
"Aamiin, setuju banget Nggak apa-apa pelan, yang penting konsisten dan bener-bener kerasa di masyarakat. Sedikit demi sedikit tapi nyata dampaknya, itu jauh lebih berarti. Semoga pemulihan di Aceh dan Sumbar terus jalan sampai warga benar2 pulih dukungan doa semangat",2,positif,2,positif,2,positif,2,positif
"Cuaca ekstrem yang melanda berbagai wilayah di Sumatera Utara dalam beberapa hari terakhir, dan memicu banjir serta longsor, dipastikan merupakan dampak dari Siklon Tropis Senyar. Banjir dan Longsor Sumatra, Ternyata Ini Penyebabnya 1",1,netral,1,netral,1,netral,1,netral
"BNPB dan pemerintah bangun shelter cepat, Aceh kuat bangkit bareng. Trending yuk! ShelterAceh BencanaDitangani IndonesiaSolid",2,positif,2,positif,2,positif,2,positif
BP Taskin memperlihatkan negara bekerja serius pasca bencana Di Aceh Budiman Sudjatmiko memimpin peninjauan langsung demi mencegah kemiskinan struktural dan memastikan koordinasi berjalan efektif BPTaskinFokusPascaBencana Ancaman Lonjakan Kemiskinan Sumbar Pasca Bencana Jadi Perhatian Khusus BP Taskin - Harian Haluan 19,0,negatif,2,positif,2,positif,2,positif
"Satgas Yonzipur I/Bukit Barisan membangun jembatan Aramco guna memulihkan akses warga pascabanjir di Kecamatan Padangsidimpuan Hutaimbaru, Kota Padangsidimpuan, Sumatera Utara. TNI bangun jembatan Aramco pulihkan akses warga di Padangsidimpuan 156",2,positif,2,positif,2,positif,2,positif
"BKSDA Aceh menurunkan empat gajah terlatih dari PLG Saree untuk membantu pembersihan pascabencana banjir bandang di Pidie Jaya. Gajah bernama Abu, Mido, Ajis dan Noni ini dikerahkan untuk memindahkan kayu dan material berat di titik yang tidak bisa dijangkau alat berat, sekaligus 2 3 819",2,positif,1,netral,2,positif,1,netral
"1. Banjir Bandang dan Longsor di Sumatera Bencana terbesar dan paling tragis sepanjang 2025 adalah banjir bandang serta tanah longsor yang melanda tiga provinsi di Pulau Sumatra Aceh, Sumatra Utara, dan Sumatra Barat. Dipicu oleh Siklon Tropis Senyar, sebuah fenomena langka di 1 102",0,negatif,1,netral,0,negatif,0,negatif
"Di tengah banjir dan longsor,kepedulian tidak ikut tenggelam. Kerja Nyata BGN memastikan MBG tetap tersalurkan bagi yang membutuhkan. Hingga hari ini lebih dari 2,2 juta porsi bantuan telah disalurkan di Aceh LanjutkanMBG Selasa Slank Air 86% ZhangLinghe OurFortunateShuaDay 3 262",2,positif,2,positif,2,positif,2,positif
"PT Pelni Cabang Tanjungpinang, Provinsi Kepulauan Riau (Kepri), menyediakan layanan angkutan gratis untuk pengiriman bantuan bencana banjir dan longsor ke wilayah Sumatera Utara (Sumut). Pengiriman bantuan dilakukan menggunakan KM Kelud yang melayani rute ke Pelabuhan Belawan. 1 45",2,positif,2,positif,2,positif,2,positif
"Ayo kita dukung gerakan masyarakat untuk mendesak penetapan status bencana di Aceh, Sumatera Utara dan Sumatera Barat sebagai *Bencana Nasional.* Bencana ini bukan sekadar insiden alam biasa; ini adalah bencana ekologis berskala luas yang diakibatkan oleh eksploitasi lingkungan Petisi Kepada Presiden, Segera Tetapkan Status Bencana Nasional Atas Bencana Ekologis di Sumatera Dari act.350.org 5 262 390",1,netral,1,netral,1,netral,0,negatif
"Akun parodi Ditanah yg retak oleh longsor & jln yg ditelan banjir, langkah kecil itu tak pernah mundur. . . . . BPJS Nahan Gede Prabodoh padang panjang Invite Now Mubazir Konsolidasi TPP Libur Depe. 1 21 57",0,negatif,0,negatif,0,negatif,0,negatif
Tim Trauma Healing Polda Riau bergerak cepat membantu pemulihan psikologis warga terdampak banjir bandang di Kabupaten Agam. polri PolriPeduli PeduliBencana PrayForSumatera 27,2,positif,2,positif,2,positif,2,positif
"Nggak nunggu lama, Pemerintah Hadir responsif dengan alat berat memulihkan jalan yang sempat lumpuh akibat banjir. Aceh Sumatera Update 35",2,positif,2,positif,2,positif,2,positif
"Pemerintah bergerak cepat pasca banjir di Aceh dan Sumatra, bantuan langsung dirasakan warga 203",2,positif,2,positif,2,positif,2,positif
"Ketua Umum PDI Perjuangan, Prof.Dr. Megawati Soekarnoputri, menunjukkan perhatian besar terhadap keberlanjutan pendidikan warga terdampak bencana banjir dan longsor di Aceh melalui dialog virtual via Zoom. Megawati Pantau Kondisi Pendidikan Anak Pascabencana di Aceh 30",2,positif,2,positif,2,positif,2,positif
"Gapernah se trauma ini kalo hujan deras, beneran aja daerah Medan sekitar udah banyak yg banjir lagi. Buat yg belum tidur dan punya keluarga atau teman di Medan, tolong kabarin untuk ngungsi ketempat yg lebih baik sesegera mungkin 2 1 143",0,negatif,0,negatif,0,negatif,0,negatif
"ya Allah, gua kena banjir sampe masuk rumah aja udah nangis ga karuan, gimana nasib mereka yang kena banjir berhari hari sampe mereka bilang kayak tsunami ( 29",0,negatif,0,negatif,0,negatif,0,negatif
"Gajah besar jatuh dari ketinggian lalu menimpa truk lalu jatuh ke jurang. Apa kata , , dan ? Mereka adalah nama2 yang bertanggung jawab atas banjir Sumatera menurut Greenpeace BersihkanKabinetPrabowo BersihkanKabinetPrabowo 67",0,negatif,0,negatif,0,negatif,0,negatif
"salut banget sama TPL, gercep banget buat turun lapangan ikut salurkan bantuan untuk saudara"" kita yang terkena bencana banjir di Tapanuli Selatan, Sumatera Utara, wajib banget dicontoh 39",2,positif,2,positif,2,positif,2,positif
Jalanan rusak langsung dapet solusi dari BNPB. 270 jembatan darurat lagi dibangun biar akses dari desa ke kota lancar jaya lagi guys. BNPB SolusiKeren AksesLancar UpdateSumatera 13,0,negatif,2,positif,2,positif,2,positif
"Pemulihan banjir tsunami Aceh 2005 dibutuhkan waktu 5 tahun, itupun belum pulih perekonomian.. Apalagi bencana alam banjir di Sumatera, sumut, Padang, Aceh skala lokasinya lebih luas.. Satset seminggu ya jelas tidak mungkin, lumpur setinggi 1 meter, jalan rusak dsb 1 63",0,negatif,0,negatif,0,negatif,0,negatif
Walikota Cilegon Robinsar Tetapkan Status Siaga Banjir Usai Peringatan BMKG bahlillahadalia kuningkeren golkarindonesia partaigolkar golkarpedia Berita Golkar - Walikota Cilegon Robinsar Tetapkan Status Siaga Banjir Usai Peringatan BMKG -... 49,1,netral,1,netral,1,netral,1,netral
Aceh Perpanjang Status Tanggap Darurat Bencana Kali Ketiga Aceh Perpanjang Status Tanggap Darurat Bencana Kali Ketiga 22,1,netral,1,netral,1,netral,1,netral
"Dalam Rangka menghormati & turut berduka atas bencana yg menimpa saudara kita di Aceh, Sumbar & Sumut. Sesuai Perintah Presiden melalui Kapolri yang tercantum dalam STR/XII/YANG.2.7/2025 Tgl 24/12/2025. Penyalaan Kembang Api Perayaan Natal 2025 & Tahun Baru 2026 TIDAK DIIZINKAN 48",0,negatif,0,negatif,0,negatif,0,negatif
"Dalam rangka pemulihan perekenomian masyarakat di wilayah yang terdampak bencana alam yaitu Aceh, Sumut dan Sumbar Presiden Prabowo mengeluarkan kebijakan untuk merelaksasi atau penghapusan hutang KUR PresidenPrabowo PemerintahPeduli 23",1,netral,2,positif,2,positif,2,positif
"Halo SobATRBPN Kantor Wilayah BPN Provinsi Bengkulu mendistribusikan bantuan untuk saudara-saudara kita yang terdampak bencana di Aceh, Sumatera Barat, dan Sumatera Utara. Bantuan tersebut tersebut terdiri pakaian layak pakai, peralatan kebersihan dan makanan kemasan. 1 40",2,positif,2,positif,2,positif,2,positif
"Pasca banjir yang melanda Aceh Tamiang, relawan menemukan batang kayu berukuran sangat besar yang terdampar di lokasi terdampak. Temuan ini mengejutkan warga setempat karena belum pernah terjadi sebelumnya. Menurut para relawan, ukuran kayu tersebut sangat panjang dan kokoh, 14 25",2,positif,1,netral,0,negatif,0,negatif
loh apa salahnya kejar ambisi yg salah itu yg korupsi yg bikin rakyat sengsara spt di aceh .. hutan digunduli akhirnya longsor banjir bandang .. anies berambisi untuk mengakhiri kesengsaraan dgn cara merebut kekuasaan yg disyahkan oleh undang undang yaitu lewat partai politik,0,negatif,0,negatif,0,negatif,0,negatif
"Pascabencana Sumatera, Polri Sediakan Bantuan Air bersih di Aceh, Sumut, dan Sumbar | KOMPAS UPDATE Pascabencana Sumatera, Polri Sediakan Bantuan Air bersih di Aceh, Sumut, dan Sumbar | KOMPAS UPDATE Dari kompas.tv",2,positif,2,positif,2,positif,2,positif
"Detik-detik banjir bandang yang membawa ribuan batang kayu gelondongan berbagai ukuran, terbawa arus yang keras dan menghantam apapun setiap yang dilewatinya. Infonya di Bener Meriah, Aceh PrayForAceh 67",0,negatif,1,netral,0,negatif,0,negatif
"Sempena hari Jumaat yang mulia ni, mohon doakan saudara kita yang dilanda musibah banjir dahsyat di Medan dan Acheh. Hujan yg lebat lebih dr kebiasaan sehingga bumbung2 rumah tenggelam, tanah runtuh, laluan & bekalan elektrik terputus, keadaan sangat menekan di pusat evakuasi. 1 1 608",0,negatif,0,negatif,0,negatif,0,negatif
"Banjir bandang yang melanda Aceh Tamiang tidak hanya merusak permukiman warga, namun juga memutus akses vital antarwilayah. Salah satunya jembatan gantung di Desa Batu. Putusnya jembatan gantung tersebut memperparah kondisi ratusan warga yang selama ini bergantung pada aktivitas 4",0,negatif,0,negatif,0,negatif,0,negatif
Pulau Sumatra sedang tidak baik-baik saja. Banjir bandang dan longsor sejak akhir November 2025 sudah merenggut lebih dari 176 nyawa dan memaksa puluhan ribu warga mengungsi.,0,negatif,0,negatif,0,negatif,0,negatif
"Pemerintah tetap tak mau menerima bantuan dari dunia internasional dalam penanganan banjir dan longsor di Sumatera. Menteri Koordinator Bidang Pemberdayaan Masyarakat (Menko PM) Muhaimin Iskandar mengatakan, pemerintah masih mampu menangani bencana ini sendiri. 102",2,positif,2,positif,2,positif,2,positif
Karena retreat di Magelang gagal total hal ini bisa dilihat dari respon masyarakat atas penanganan korban banjir bandang Sumatra Keberhasilan retreat Magelang hanya menciptakan manusia yg patuh thd pencitraan dgn sikap penjilatnya Retreat di Hambalang hanya OMON OMON 18,0,negatif,0,negatif,0,negatif,0,negatif
"Banjir tadi siang, skrg udh masuk ke rumah air nya 1 16",0,negatif,0,negatif,0,negatif,0,negatif
"Buka Twitter isinya bikin nangis Korban gak cuma rakyat tapi hewan-hewan yang cuma pengen hidup tenang, yg rumahnya diembat sama manusia rakus. PrayForSumatera PrayForTapanuli 34",0,negatif,0,negatif,0,negatif,0,negatif
"Relawan Aceh sampai di Gampong Simpur, Aceh Tenggara. Total Lost. Areal bencana nya sangat besar. Bayangkan di Map Sumatera Aceh Tamiang di Selat Malacca, sedangkan posisi Aceh Tenggara di Lautan Hindia. Banjir Aceh 2025 cyclone senyar adalah bencana banjir longsor terparah 6 160 231",0,negatif,1,netral,0,negatif,0,negatif
Koordinasi cepat tanggap darurat PrayForSumatera 1 1 44,2,positif,1,netral,2,positif,2,positif
4. Evakuasi korban banjir di Sumut berjalan cepat dan tertib berkat koordinasi tim tanggap darurat. PrabowoPeduliSumatera Respons Cepat Negara 1 6,0,negatif,2,positif,0,negatif,0,negatif
Kerusakan yang terjadi di wilayah terdampak sangat masif. Pemerintah memperkirakan kebutuhan pemulihan mencapai puluhan triliun rupiah. 1 33,0,negatif,1,netral,0,negatif,0,negatif
"Tadi temen cerita mamanya yg tinggal di Aceh kena banjir, lalu karna rumahnya tingkat 3 banyak tetangga yg nitipin hewan peliharaan di sana sembari manusinya ngungsi ke tempat lain. Pas udah surut mereka bersihin rumah sendiri ga dibantu penerintah.",0,negatif,0,negatif,0,negatif,0,negatif
Otomatis oleh izin lur ada yang pernah mikir ga sih? “mendingan jogja bikin negara sendiri aja ” ngelus dodo banget liat kabar kabar bencana sodara kita di aceh sumbar sumut yang bantu maksimal malah dari donasi sosial serta inisiatif warga negaranya 3,0,negatif,2,positif,0,negatif,0,negatif
"Satuan Tugas Prajurit Batalyon Zeni Tempur 10/JP/2 Kostrad, melanjutkan pembersihan fasilitas pondok pesantren Darul Mukhlishin yang terdampak bencana banjir bandang yang menerjang Kabupaten Aceh Tamiang, Jum'at (26/12/2025). pendivif2kostrad pendivif1kostrad penkostrad 108",2,positif,1,netral,2,positif,2,positif
"Berdasarkan data terkini (Des 2025), bencana utama adalah banjir dan longsor di Sumatera (Aceh, Sumut, Sumbar) dengan korban >1000 jiwa. Belum ada laporan signifikan di Riau, Kalsel, atau Kalbar. Jakarta & Jabar sering banjir musiman, tapi tak ada eskalasi baru. Sumber BNPB,",1,netral,1,netral,0,negatif,0,negatif
Air naik panik ikut naik yang datang nenangin Polisi Tanggap Bencana Terimakasih POLRI 1 2,2,positif,2,positif,2,positif,2,positif
"dan Hati-hati Aceh Tamiang, Langkat dan Padang kalau orang ini datang waktu banjir niscaya tanah ladang kalian mau dibikinnya SUMUR SERAPAN 1 38",0,negatif,0,negatif,0,negatif,0,negatif
"Kepala Kantor Basarnas Medan, Heri Marantika, menyampaikan bahwa hingga H+15 pagi ini Tim SAR Gabungan masih terus melakukan proses pencarian korban bencana longsor dan banjir bandang di Kabupaten Tapanuli Selatan, Sumatera Utara. Hingga kini tercatat masih ada 29 orang yang 1 3 4 652",0,negatif,0,negatif,0,negatif,0,negatif
"Fyi aku salah satu warga yg terdampak banjir di Sumatera, bayangin, lagi kena musibah begini bisa bisanya ada yg tega nipu ya Allah, ada aja cobaan tahun ini, semoga 2026 banyak kabar baiknya 1 1 202",0,negatif,0,negatif,0,negatif,0,negatif
Apa ini yg diinginkan anggota dpr? Tidak perlu ada rekawan yg menolong? Cukup pemerintah yg punya duit triliunan tapi tak kunjung datang? Listrik yg katanya 97% menyala ternyata juga bohong? Apa kakian ingin rakyat oerlahan kehilangan nyawa dan harapannya untuk hidup? Pernyataan 1 12,0,negatif,0,negatif,0,negatif,0,negatif
"Daftar 6 Janji Presiden Prabowo untuk Korban Bencana Banjir dan Longsor Sumatera Dokter Hingga Uang jambi.tribunnews. Daftar 6 Janji Presiden Prabowo untuk Korban Bencana Banjir dan Longsor Sumatera Dokter Hingga... Presiden RI, Prabowo Subianto memberikan janji kepada korban banjir dan longsor yang menerjang tiga provinsi di Pulau Sumatera. 37",0,negatif,0,negatif,0,negatif,0,negatif
"Wakapolri Komjen Pol. Prof. Dr. Dedi Prasetyo, S.H., M.Hum., M. Si., M.M., meninjau langsung penyaluran bantuan kemanusiaan Polri bagi warga terdampak bencana di Kabupaten Padang Pariaman, Sumatera Barat, Minggu (28/12/2025). Kunjungan tersebut menjadi bagian dari komitmen Polri 45 10 70",2,positif,2,positif,2,positif,2,positif
"Aceh Sumatra Pulih, bantuan terus berdatangan dari pemerintah dan seluruh masyarakat Indonesia 6",2,positif,2,positif,2,positif,2,positif
"Kemudian, kerusakan parah pada fasilitas kesehatan, seperti di Tamiang, Aceh, membuat persediaan obat juga terbatas. Lantas, apa saja yang dibutuhkan saudara-saudari kita di Aceh, Sumatera Utara, dan Sumatera Barat? 1 36",0,negatif,0,negatif,0,negatif,0,negatif
"Yg bergelar pendidikan yg panjang spesialis Kehutanan, Tambang, lingkungan , tolong cari penyebab ya bencana ini.Dari visualisasi video ini dg analisa yg sederhana bisa mengungkap penyebab bencana banjir bandang di Sumatra akibat pengrusakan Hutan utk Tambang 1 193",0,negatif,0,negatif,0,negatif,0,negatif
Yg PDIP sibuk bawa bantuan ke Aceh Sumut & Sumbar Partai lain malah sibuk mikirin pilkada 19 29 536,2,positif,0,negatif,2,positif,0,negatif
"Gunung Sitoli News — Alasan Bobby Nasution Kritikan muncul terhadap cara penyaluran bantuan oleh Gubernur Sumatera Utara (Sumut), Bobby Nasution, di wilayah terdampak banjir bandang dan longsor di Tapanuli Tengah (Tapteng). 33",0,negatif,2,positif,2,positif,0,negatif
"Sumatera Sedang Berduka Untuk saudara kita yang terdampak banjir dan tanah longsor. Kami masih buka donasi sampai tanggal 20 Desember, mari ulurkan tangan, sekecil apapun bantuanmu sangat berarti. PrayForSumatera 7 4 424",0,negatif,2,positif,0,negatif,0,negatif
jangan lupa Menteri Agamanya Jokowi Korupsi Dana Haji. Kalimantan Selatan banjir tahunan. Sumatera belum pulih dan butuh anggaran besar untuk pemulihan. Indikasi korupsi anggaran MBG di bulan puasa. 86,0,negatif,0,negatif,0,negatif,0,negatif
"Subussalam – Polisi Aceh Sedot untuk menanggulangi bencana banjir yang melanda wilayah tersebut. Salah satunya adalah tindakan yang dilakukan oleh tim polisi di daerah Aceh Tengah, yang dengan cepat dan penuh pengabdian melakukan evakuasi 16",2,positif,2,positif,2,positif,2,positif
"Si anjingnya wowo gini hari lu msh cengengesan bahas yg kena musibah. Gue punya teman di aceh baru tadi pagi dia kasih kabar, ada dipengungsian, blon ada bantuan sm sekali jing, rumah dia terendam lumpur semuanya jing. 4 86",0,negatif,0,negatif,0,negatif,0,negatif
Event bulanan kota gue kembali melanda kalo pagi aja airnya segini udah dipastikan rumah gue bakal terendam juga 2 1 366,0,negatif,1,netral,0,negatif,0,negatif
Tim satgana ⁦ ⁩ sedang mempersiapkan barang bantuan logistik yang akan dikirimkan dengan kapal kemanusiaan untuk Banjir Sumatera melalui terminal IKT Domestik Tanjung Priuk dengan KM Omar Rasyid pada 2 Januari 2026. ⁦ ⁩ 1 93,2,positif,2,positif,2,positif,2,positif
"Aku ingin menangis bersama Gubernur dan Rakyat Aceh, Sumut, dan Sumbar. Aku ingin seluruh rakyat Indonesia menangis bersama korban bencana Aceh, Sumut dan Sumbar. Mereka korban keserakahan oligarki BersihkanKabinetPrabowo BersihkanKabinetPrabowo 1 12 22 584",0,negatif,0,negatif,0,negatif,0,negatif
"YBM PLN UID S2JB Kirim Relawan dan Logistik ke Aceh, Sumut, dan Sumbar untuk Bantu Korban Banjir Di tengah luasnya dampak bencana banjir yang melanda Aceh, Sumatera Utara, dan Sumatera Barat, Yayasan Baitul Maal (YBM) PLN Unit Induk Distribusi Sumatera Selatan, Jambi, dan 61",0,negatif,2,positif,0,negatif,0,negatif
"Bencana di Sumatera belum sepenuhnya pulih. Tapi, ancamannya tak berhenti di situ, ekonomi ikut diuji. Aceh, Sumut, dan Sumbar masih berjuang di tengah ekonomi global yang penuh ketidakpastian. Lalu ke mana arah ekonomi Indonesia menuju 2026 di era Prabowo Subianto? Mari Elka 1 2",0,negatif,1,netral,0,negatif,0,negatif
"Tolong bangettt aku ada pakaian layak pakai semua, aku kumpulin sama saudara2 aku dapet 5 kresek besar tapi gatau mau donasi lewat siapa JNE disini udah ga terima pakaian dewasa katanya. Pos bukanya dikantor kota lain,dikotaku ga ada. Bingung PrayForSumatera PrayforAceh 1 119",1,netral,0,negatif,0,negatif,0,negatif
"Banjir bandang merendam sejumlah desa di Kabupaten Balangan, Kalimantan Selatan, Sabtu (27/12/2025). Air yang naik cepat hingga mencapai atap rumah membuat warga terjebak di dalam rumah dan menyelamatkan diri dengan naik ke atas lemari serta perabot lainnya viral fyp banjir 2 1 3 61",0,negatif,1,netral,0,negatif,0,negatif
"AHY sebut kebutuhan anggaran pemulihan bencana di Aceh, Sumut, dan Sumbar lebih dari Rp50 triliun bengkulu.antaranews. AHY sebut kebutuhan anggaran pemulihan bencana di Aceh, Sumut, dan Sumbar lebih dari Rp50 triliun -... Menteri Koordinator Bidang Infrastruktur dan Pembangunan Kewilayahan (IPK) Agus Harimurti Yudhoyono (AHY) mengatakan, kalkulasi awal kebutuhan anggaran untuk ... 20",1,netral,1,netral,1,netral,2,positif
liat pemberitaan para korban banjir di Sumatra - Aceh yang kelaparan bikin nngis. 19,0,negatif,0,negatif,0,negatif,0,negatif
"Pemerintah hadir secara nyata di tengah masyarakat Aceh dan Sumatra dengan langkah cepat dan terkoordinasi, bekerja bersama warga menangani dampak bencana serta memulihkan kehidupan sosial dan ekonomi. Sinergi ini menjadi fondasi kebangkitan daerah, memastikan proses pemulihan. 1 15",2,positif,2,positif,2,positif,2,positif
"dan Lu misal kalau disuruh atasan lu buat adu domba/aduk tai di Banjir Sumatera ini, tau lokasi-lokasi peristiwa dulu anjay. Terus bikin narasi yang bagusan dikit, lu malah nyambungin aksi orang menjarah yang beda tempat dari Banda Aceh cuma karena DPRK-nya mengkritik masalah listrik 1 149",0,negatif,0,negatif,0,negatif,0,negatif
"Aceh kembali dilanda Banjir Besar - 8 Januari 2026. ""Melakukan rehabilitasi dan rekonstruksi rumah di lokasi yang banjirnya terus berulang sama saja seperti menabur garam ke laut."" - Geuchiek Julok Belum Sempat Pulih, Sejumlah Desa di Aceh Timur Kembali Diterjang Banjir 31",0,negatif,1,netral,0,negatif,0,negatif
"Belum kering pak itu lumpur di rumah2 korban banjir di Sumatra Mayat2 belum ditemukan semua Yang susah payah nyari bantuan juga masih banyak Waduhhh Bapak malah jalan2 ke Pakistan pakai uang Negara Kemaren bapak baru ngomong Utk Bupati Aceh Selatan "" Dalam Militer itu Desersi..."" 46",0,negatif,0,negatif,0,negatif,0,negatif
"Menteri Dalam Negeri (Mendagri) Tito Karnavian mengungkapkan, Sumatera Utara (Sumut) menjadi wilayah yang cepat pulih pasca-bencana banjir bandang dan tanah longsor. Sementara wilayah yang paling berat adalah Aceh Tamiang, sebab di wilayah tersebut layanan pemerintahan belum 1 1",1,netral,1,netral,1,netral,1,netral
"Donatur banjir bandang SumBar disindir DPRRI ""seakan paling bekerja"". Betapa rusaknya pikiran oknum pejabat itu. 17",0,negatif,0,negatif,0,negatif,0,negatif
"Pray for Aceh & Sumatera Hati kami hancur melihat cobaan yang menimpa saudara-saudara kita di Aceh dan Sumatera. Duka mereka adalah duka kita bersama. Kami mengirimkan doa terbaik, harapan, dan kekuatan untuk semua yang terdampak. PrayForAceh PrayForSumatera goodybag 🎗️",2,positif,2,positif,0,negatif,0,negatif
"Akun parodi Pak Ganjar & Bu Risma berada di Dolok Sanggul, Sumatera Utara untuk mempersiapkan sembako yang akan diberikan kepada warga terdampak banjir Sumatera. Pak Ganjar & Bu Risma sehat2 ya anda berdua. Dan semoga bantuannya membawa keberkahan bagi korban bencana di Sumatera 3 126",0,negatif,2,positif,0,negatif,0,negatif
Terimakasih ya orang-orang baik sudah menyisihkan untuk warga terdampak banjir dan longsor di Tapanuli Tengah Semoga bisa sedikit meringankan kesedihan dari para ibu karna anak nya ikut merasakan trauma dari bencana alam doa haru,2,positif,2,positif,0,negatif,0,negatif
"[ ILKOM PEDULI | AKSI GALANG DANA KEMANUSIAAN UNTUK KORBAN BANJIR PULAU SUMATRA ] Assalamu'alaikum Warahmatullaahi Wabarakaatuh Hidup Mahasiswa! Hidup Rakyat Indonesia! Hidup Perempuan Indonesia! We Are One We Love IT! | Selasa, 09 Desember 2025 | Hello Ilkomers! 1 24",0,negatif,2,positif,0,negatif,0,negatif
"Ya Allah, ga berharap lagi, sedikitpun ga berharap sama pemerintah, yang mana pun, cuma berharap, semua teman teman, keluarga dan korban dari banjir ini, selalu dalam perlindungan Allah, dan semoga semuanya membaik ya Allah, setelah bencana, semua ga akan sama lgi ( 11",0,negatif,2,positif,0,negatif,0,negatif
"Temuan menunjukkan deforestasi di Aceh, Sumatra Utara, dan Sumatra Barat melonjak tiga kali lipat dalam sepuluh bulan terakhir. Peningkatan ini disinyalir menjadi salah satu penyebab bencana banjir besar yang merenggut ratusan korban jiwa di wilayah tersebut Laju hujan",0,negatif,1,netral,0,negatif,0,negatif
"gila ya. gajah itu hewan yg ramah, lucu, manis. di 2004 gajah digunakan untuk membantu evakuasi pasca tsunami aceh. dan sekarang mereka jg digunakan untuk membantu evakuasi banjir di pidie jaya. dan manusia masih nanggep gajah sbg hama dihabitat mereka sndiri 77",0,negatif,0,negatif,0,negatif,0,negatif
"Selamat Siang Bantuan datang untuk warga Sumut, next kita update Sumbar dan Aceh ya. Relawan Rumah Zakat menuju lokasi yang terkepung banjir di Sumatera Utara tepatnya di Kecamatan Batang Toru, Tapanuli Selatan. (Rabu, 3 Desember 2025) 2 2 5 434",2,positif,2,positif,2,positif,2,positif
"Diterjang banjir bandang, rumah rusak, hidup sempat porak-poranda. Tapi warga Tapanuli Selatan, Sumatera Utara, memilih nggak menyerah. Kayu gelondongan yang hanyut terbawa banjir justru dimanfaatkan untuk membangun rumah kembali. Bareng TNI dan Brimob, warga gotong royong 1 114",0,negatif,2,positif,2,positif,0,negatif
Bantuan Kemanusiaan Polda Sumsel dan Bhayangkari Daerah Sumsel Tiba di Polres Tapanuli Selatan Bantuan kemanusiaan dari Polda Sumatera Selatan bersama Bhayangkari Daerah Sumsel untuk korban bencana alam di wilayah Provinsi Sumatera Selatan akhirnya tiba di Polres Tapanuli 1 41,0,negatif,2,positif,0,negatif,0,negatif
Dukungan moral bagi pegawai Lapas yang terdampak banjir sangat penting untuk menjaga integritas pelayanan. Taruna Poltekpin hadir membantu membersihkan rumah dinas mereka sebagai bentuk solidaritas sesama keluarga besar Kementerian Hukum. Kemenkum Jabar - Asep Sutandar 1 1 33,2,positif,2,positif,2,positif,2,positif
Polda Sumatera Selatan menggelar kegiatan pelepasan bantuan kemanusiaan untuk korban bencana alam di Provinsi Sumatera Utara pada Rabu (3/12/2025) pukul 13.30 WIB di depan Gedung Presisi Mapolda Sumsel. Kegiatan ini dipimpin langsung Kapolda Sumsel Irjen Pol. Andi Rian R. Djajadi 43,0,negatif,2,positif,0,negatif,0,negatif
"Data BNPB mencatat 744 tewas dan 551 hilang akibat banjir bandang di Aceh, Sumatera Utara, dan Sumatera Barat. Akses yang terputus membuat evakuasi di banyak desa berjalan lambat. 1 157",0,negatif,0,negatif,0,negatif,0,negatif
"Saya tanya ""ngikutin gak soal penanganan banjir di aceh smubar sumut. ?"" Beliau2 menjawab tdk tahu Dan besoknya nimbrung cerita klo p prab sudah turun kelapangan gercep banget hadir bersama rakyat. Muncul di fyp tiktoknya. Mantab bukan? 1 18",2,positif,0,negatif,0,negatif,0,negatif
"POLDA SUMSEL LEPAS BANTUAN KEMANUSIAAN UNTUK KORBAN BENCANA DI PROVINSI SUMATERA UTARA Call Center 110 (Bebas Pulsa) ""KAMI SIAP MELAYANI 24 JAM"" musisatu kapoldasumsel humaspoldasumsel poldasumsel listyosigitprabowo kapolri polisiindonesia polripresisi 31",0,negatif,2,positif,0,negatif,0,negatif
Bener lampung banjir bandang ? 24,0,negatif,1,netral,0,negatif,0,negatif
"Akun parodi Kog kompak begini ya pernyataannya ? Ingat buat pejabat2 terkait, jmlh korban banjir di Sumatera bnyk bngt lho, belum lagi harta benda yg hilang terkubur atau hanyut terbawa air. Kalian gak takut murka Tuhan? Bgmna jk bencana ini menimpa kalian !? Apa msh bisa ngomong bgtu ? 1 4 94",0,negatif,0,negatif,0,negatif,0,negatif
"Bersama, kita wujudkan pelayanan publik yang lebih baik! imigrasisibolga kemenimipas kanwilditjenimsumut infoimipas 12",0,negatif,2,positif,2,positif,2,positif
"Ancaman Penyalahgunaan Bantuan, KPK Turun Mengawasi Pemulihan Aceh–Sumut–Sumbar goriau. Ancaman Penyalahgunaan Bantuan, KPK Turun Mengawasi Pemulihan Aceh–Sumut–Sumbar JAKARTA – Gelombang bantuan tengah mengalir ke Aceh, Sumatera Utara, dan Sumatera Barat setelah banjir dan longsor melanda tiga provinsi tersebut. Di t... 36",0,negatif,2,positif,2,positif,0,negatif
"Kalau bantuan pemerintah musti siapkan KK dan KTP secara sdh hanyut serta rumah segala isinya. Bantuan Artis/Influencer gak perlu pake begituan, soalnya perut gak ngerti dokumen Administrasi pemerintahan, taunya Lapar doank. Fcuk 1 189",0,negatif,0,negatif,0,negatif,0,negatif
"Sumpah ya, Sakit hati banget liat banjir di Sumatra. Mana pejabatnya nganggep ini sepele lagi. Ini banjir besar lho ya, karna kerakusan para pejabat yang ngerusak alam. ngga punya empatikah mereka? ga punya rasa malu kah? kalau pejabat kaya gini lepas aja jabatannya, ga guna. 35",0,negatif,0,negatif,0,negatif,0,negatif
• Gempa Yogya 2006 korban meninggal 6.000 jiwa BUKAN BENCANA NASIONAL • Gempa Palu 2018 korban meninggal 4.000 jiwa BUKAN BENCANA NASIONAL • Banjir Sumatra 2025 korban meninggal 1.000 jiwa BUKAN BENCANA NASIONAL - 2 Presiden sebelumnya kok ga dimaki krn ga BENCANA NASIONAL. 49,0,negatif,0,negatif,0,negatif,0,negatif
"Wakil Panglima TNI Jenderal TNI Tandyo Budi R. meninjau langsung lokasi banjir bandang dan tanah longsor di Desa Garoga dan Batuhulu, Tapanuli Selatan, Sumatera Utara, Sabtu (6/12/2025). Desa Garoga menjadi salah satu wilayah dengan kerusakan terparah, di mana akses jalan utama 1 8 20 873",0,negatif,1,netral,1,netral,0,negatif
Tetap terpantau wahai Babi Ini kondisi kejadian 6/1/26 di satu desa di Aceh Tengah. Wih nggile. Silakan respon Babi 4 11 47,1,netral,1,netral,0,negatif,0,negatif
Bupati Aceh Selatan Minta Maaf Usai Umrah Tanpa Izin Saat Bencana Banjir banjirbandang banjirsumatera bupatiaceh kapanlagi kapanlagihariini kapanlagiwhatshot klmmd 1 310,1,netral,1,netral,0,negatif,0,negatif
Kehadiran Tim Trauma Healing POLDA RIAU membantu pemulihan psikologi korban bencana longsor dan banjir bandang di Sumatera Barat. Bukti kesiapan Polri dalam menghadapi situasi darurat ! ----- Selasa Red Bull sumut sumbar Pecat Menhut Launch 1 4 419,0,negatif,2,positif,0,negatif,0,negatif
"Setelah Aceh, Sumut, Sumbar, kini Kalimantan, datang banjir bandang, Apa yang salah dengan negeriku ini Ya Allah?? 1 450",0,negatif,0,negatif,0,negatif,0,negatif
"Kembali, Masyarakat Sumsel Kirim Bantuan Kemanusiaan Bagi Para Korban Bencana Alam di Aceh Tamiang. GubernurSumsel WakilGubernurSumsel HermanDeru CikUjang DiskominfoSumsel PemprovSumsel 49",0,negatif,2,positif,0,negatif,0,negatif
"Setelah hampir satu pekan berada di Tapanuli Tengah dan Sibolga, Gubernur Sumatera Utara Bobby Nasution, menyampaikan kondisi terkini penanganan daerah terdampak bencana banjir dan longsor. SUMATRA",1,netral,1,netral,2,positif,2,positif
"Bencana banjir kembali melanda wilayah Sumatera Selatan, tepatnya di Kabupaten Muara Enim, pada Sabtu (13/12) pagi. banjir sumatra muaraenim merdeka. Banjir Muara Enim Rendam Tiga Desa, Puluhan Rumah Terdampak Akibat Luapan Sungai Kelekar Tiga desa di Kabupaten Muara Enim dilanda Banjir Muara Enim akibat luapan Sungai Kelekar, merendam puluhan rumah dan membuat ratusan warga terdampak. Bagaimana situasi terkini? 458",1,netral,1,netral,0,negatif,0,negatif
"Menhut Raja Juli PSI dungu! Ada bencana banjir bandang Sumut, Aceh, dan Sumbar yang mendewasakan 600 orang lebih malah dibilang momentum yang baik. Dia juga tidak merasa bersalah dengan perubahan logo Kemenhut dari kayu hutan dia ganti dengan sawit BersihkanKabinetPrabowo 1 40",0,negatif,0,negatif,0,negatif,0,negatif
"Awal 2024 BMKG mencatat curah hujan ekstrem di Sumatera Barat dan Aceh akibat pengaruh La Niña lemah, yang memicu banjir bandang di Agam dan Tanah Datar. 2018–2020 Sumatera Utara dan Riau beberapa kali dilanda hujan lebat berhari‑hari, terutama saat puncak musim hujan Desember 1 74",1,netral,1,netral,1,netral,1,netral
"PDI Perjuangan Hadir di Tengah Banjir, Buka Posko Kesehatan untuk Warga Aceh Utara PDI Perjuangan Hadir di Tengah Banjir, Buka Posko Kesehatan untuk Warga Aceh Utara 32",2,positif,2,positif,2,positif,2,positif
"Dia gak tahu kalau penyebab Banjir di Aceh separah itu dampak dari Konsesi perusahaan Sawitnya. Semoga video ini menjadi pembelajaran bagi mereka yang salah pilih, apalagi memilih si Anu karena Amplop, Indomie, dan Minyak Goreng Murahan. .",0,negatif,0,negatif,0,negatif,0,negatif
"gue nggak heran banyak orang nggak terima sama pernyataan kayak gitu. Soalnya kondisi di lapangan parah banget. Sumatra lumpuh karena banjir dan longsor, dan penyebab utamanya ya jelas hutan dirusak terus, lahan dibuka sembarangan- 1 711",0,negatif,0,negatif,0,negatif,0,negatif
Halo InsanDiktisaintek Kemdiktisaintek bersama perguruan tinggi di Indonesia terus mendorong aksi pemulihan banjir dan longsor di Sumatra. 4 300,2,positif,2,positif,2,positif,2,positif
Analis komunikasi politik Hendri Satrio menyoroti peningkatan komunikasi publik pemerintah terkait penanganan bencana di Sumatera. banjirsumatra banjir,1,netral,1,netral,1,netral,1,netral
Penanganan dampak bencana Aceh sumatera oleh pemerintah sangat baik. Good Job.. 6,2,positif,2,positif,2,positif,2,positif
"BADAN Penanggulangan Bencana Daerah (BPBD) Sumatra Utara bungkam ketika ditanya soal faktor lain, selain hujan ekstrem, yang memperparah banjir dan tanah longsor. BPBD Sumut Bungkam soal Dugaan Faktor Penyebab Banjir di Tapanuli Utara 303",0,negatif,1,netral,0,negatif,0,negatif
"Pemerintah bergerak cepat menangani banjir di Sumatra tanpa menunggu penetapan formal. Bantuan, evakuasi, dan koordinasi terus berjalan demi keselamatan warga. Pemerintah Hadir. 2 32",2,positif,2,positif,2,positif,2,positif
"Akun parodi Gue liat video BPBD yg lagi evakuasi korban kecapekan beneran pengen nangis.. pas masih KSR dan volunteer di wilayah terdampak banjir yg ga segede Sumatra aja udah se complicated dan semelelahkan itu. Padahal bantuan jg jor joran, ga kayak yg di Sumatra yg bahkan terisolasi 1 197",0,negatif,0,negatif,0,negatif,0,negatif
"Klarifikasi Santai Menko Zulhas Usai Dih*uj4t Panggul Beras saat Kunjungi Korban Banjir Sumatera. jambi.tribunnews. Klarifikasi Santai Menko Zulhas Usai Dihujat Panggul Beras saat Kunjungi Korban Banjir Sumatera -... Menko Bidang Pangan, Zulkifli Hasan (Zulhas), akhirnya buka suara menanggapi video viral yang menuai kritik tajam di media sosial. 1 1 532",0,negatif,0,negatif,0,negatif,0,negatif
"Akun komentar Sumatera kembali berduka. Banjir dan longsor yang melanda Aceh, Sumatera Barat, dan Sumatera Utara meninggalkan kehancuran besar rumah-rumah hanyut, fasilitas umum rusak, dan ribuan keluarga kehilangan tempat tinggal. Aceh • 119.988 jiwa terdampak • 35 meninggal, 25 2 301",0,negatif,0,negatif,0,negatif,0,negatif
"dan • RI-1 aja GAK PEDULI! Sedang berkunjung ke Pakistan entah urusan apa di tengah keprihatinan banjir/longsor di berbagai daerah di Indonesia, khususnya di Aceh Sumut Sumbar. • Semua Menteri2/Kepala2 Daerah Pejabat2 TAHU kalo RI-1 hanya mampir sekejap, stlh itu ngilang. 15",0,negatif,0,negatif,0,negatif,0,negatif
"Pengalaman bencana gempa Aceh (2004), Nias (2005) Padang (2009). Bencana longsor dan banjir jg bukan pertama kali. Daerah harusnya sdh siap dgn bencana besar. Pusat backup. Semuanya tidak harus dengan status bencana nasional. 1 76",1,netral,1,netral,1,netral,0,negatif
"NEKAT HENDAK MENCURI DI RUMAH WARGA TERDAMPAK BENCANA ACEH WASPADA..!! Modus baru, Ditengah musibah Banjir, Sengaja Diberitakan Air Laut Naik supaya Masyarakat panik lantas mereka akan melancarkan aksinya.!!! Alhamdulillah aksinya GAGAL TOTAL!!! Sc. Awan_Muis 11 72 180",0,negatif,0,negatif,0,negatif,0,negatif
"Akun parodi Kota nya seperti kota zombie mayat manusia dan hewan di jalan semua,akses disana tertutup harus jalan kakii ke kota nya dri seumadam soalnya Masi tergenang air. aceh Tamiang bnyk org yg gatau,dan ACEH TAMIANG LEBIH parah dri tsunami Aceh 2004kemarin terimakasih 304",0,negatif,0,negatif,0,negatif,0,negatif
"Pray aceh, sumut, dan sumbar 9",1,netral,1,netral,2,positif,1,netral
Kemenhub KN Antares salurkan bantuan dan evakuasi korban banjir Aceh Kemenhub KN Antares salurkan bantuan dan evakuasi korban banjir Aceh 416,0,negatif,2,positif,0,negatif,0,negatif
"PrayForSumatera AllEyesOnSumatera innalillahi wa inna ilaihi rojiun. stay safe, teman-teman di Sumatera. mari warga jaga warga. insyaAllah bantuan segera datang, baik dari sesama warga maupun Tuhan YME. semoga kita semua selalu dalam dekap lindungan Tuhan, aamiin. 57",2,positif,2,positif,2,positif,2,positif
"Kok berita bencana di sumatra ga heboh ya, sumbar rata banjir hujan longsor , temen2 ku org sana pada ngungsi di tempat yang sekira aman, jalan putus lampu mati sinyal susah. Hujan angin ga berhenti2, 1 184",0,negatif,0,negatif,0,negatif,0,negatif
"Doa tulus untuk saudara-saudara di Aceh, Sumbar, dan Sumut. Terima kasih kepada PLN yang memulihkan listrik siang-malam. Semoga kondisi segera pulih dan semua diberi kekuatan...aamin 19",2,positif,2,positif,2,positif,2,positif
"Di tengah situasi yang penuh tantangan, bantuan ini diharapkan dapat memperkuat harapan, menumbuhkan semangat, serta mendukung proses pemulihan masyarakat agar dapat bangkit secara bertahap. lpbinu nupeduli prayforsumatera prayforaceh",2,positif,2,positif,2,positif,2,positif
"Halo TemanPemilih, Sekretaris KPU Provinsi Sumatera Utara (KPU Sumut), Sapran Daulay, memberikan apresiasi kepada Aparatur Sipil Negara (ASN) KPU Sumut atas kedisiplinan mereka dalam mengikuti Apel Pagi yang digelar setiap minggunya. 2 122",2,positif,2,positif,2,positif,2,positif
"Cape ngurus motor ieu, meulina mah murah. Ririwitna moal aya ( Jaba jibrug jaba mogok anzeeeengglah 2 1 380",0,negatif,0,negatif,0,negatif,0,negatif
"Pemerintah Sigap untuk Aceh Sumatra. bersama kita bersatu pulihkan wilayah Aceh, Sumut dan Sumbar 33",2,positif,2,positif,2,positif,2,positif
"Ngeri! Tak Kuat Pegangan Tali, Momen Dramatis Penyelamatan Warga yang Terseret Arus Banjir di Batang Busuk Padang kabarfajar. Ngeri! Tak Kuat Pegangan Tali, Momen Dramatis Penyelamatan Warga yang Terseret Arus Banjir di... Batu Busuk, Padang, Sumatera Barat kembali diterjang banjir susulan usai hujan deras di hari Minggu. 14",0,negatif,0,negatif,0,negatif,0,negatif
"Polda DIY resmi memberangkatkan bantuan kemanusiaan untuk masyarakat terdampak bencana banjir dan longsor di sejumlah wilayah Provinsi Aceh, Sumatera Utara dan Sumatera Barat. Bid Humas Polda DIY () • Instagram photos and videos 1 62",2,positif,2,positif,2,positif,2,positif
"Sebanyak 12 perusahaan perusak lingkungan di Aceh diungkap, diduga berkontribusi terhadap banjir bandang yang merugikan masyarakat. 26",0,negatif,0,negatif,0,negatif,0,negatif
"Banjir besar yang melanda Kecamatan Batang Toru, Kabupaten Tapanuli Selatan, Sumatera Utara, pada akhir November lalu menyisakan kisah keberanian seorang polisi. Aipda Jhon Kennedy Habiahan, Bhabinkamtibmas Polsek Batang Toru, turun langsung membantu warga saat Sungai Batang",2,positif,2,positif,2,positif,0,negatif
"Kalau dulu banjir disebut bencana alam. Skrng gw sebut banjir itu bencana yang disebabkan sama manusia. Udh bukan bencana alam lagi. Gila aja babat terus hutan sama pohon. Banyak hewan yg kehilangan tempat tinggal, banjir pula. Orang kaya kalo kebanjiran tinggal ngungsi 3 51 487",0,negatif,0,negatif,0,negatif,0,negatif
Empat ekor gajah dikerahkan Balai Konservasi Sumber Daya Alam (BKSDA) Aceh untuk ikut membantu membersihkan puing-puing kayu hingga material berat yang terseret arus banjir bandang di Pidie Jaya. Tampak para gajah dengan perkasa memindahkan material kayu yang menumpuk di 134,2,positif,2,positif,2,positif,0,negatif
"Menindaklanjuti instruksi Presiden Prabowo Subianto, Muhammad Rahul mengirimkan 15.000 paket sembako untuk membantu warga yang terdampak bencana banjir bandang di wilayah Sumatera Barat.",2,positif,2,positif,2,positif,2,positif
Ya Allah temen yg tinggal di Aceh kena banjir sampai ngungsi ke kantor suaminya... Semoga banjirnya lekas surut 101,0,negatif,0,negatif,0,negatif,0,negatif
"Beneran deh, kerjasama pak polisi sama PLN bikin hidup di Sumbar normal balik 29",2,positif,2,positif,2,positif,2,positif
"Traumanya ada bgt… meski dirumahku baru kena dikit, tp kami semua panik karna terbayang rumah2 yg tenggelam jd memilih untuk ngungsi meskipun harus melewati arus air yg deras itu ditengah2 banjir itu di telp sm paman aku nanya keadaan akhirnya aku jawab sambil nangis2 sedih",0,negatif,0,negatif,0,negatif,0,negatif
Wujud nyata Projo Peduli Bencana arahan Budi Arie Setiadi pacu solidaritas nasional bagi Sumatra melalui bantuan logistik dan perbaikan infrastruktur Presiden Prabowo Projo tetap Setia Digaris Rakyat PROJO Serukan Persatuan Nasional untuk Ringankan Derita Korban Banjir Sumatera 11,0,negatif,2,positif,0,negatif,0,negatif
akuu ga bisa nonton dream malem ini tampil di SBS rumah kuu kebanjiran dalem bgt AAAAAAA 1 111,0,negatif,0,negatif,0,negatif,0,negatif
"Aksi Aipda Edwien Evakuasi Ibu Hamil di Tengah Banjir Balangan bacakabar. Aksi Aipda Edwien Evakuasi Ibu Hamil di Tengah Banjir Balangan BALANGAN — Telepon yang berdering pada Selasa dini hari, sekitar pukul 03.00 WITA, menjadi awal sebuah misi darurat bagi Aipda Edwien. Di ujung sambungan, tersampaikan kabar seorang ibu hamil di... 18",2,positif,2,positif,2,positif,0,negatif
Akun parodi Medan hujan lagi mana lumayan deres doain ya semoga ngga banjir lagi 153,1,netral,1,netral,0,negatif,0,negatif
Bonus Variasi Mari terus dukung kerja nyata para taruna. Setiap langkah kecil mereka di Aceh Tamiang hari ini adalah kontribusi besar bagi ketahanan nasional di daerah terdampak bencana banjir yang melanda. Kemenkum Jabar - Asep Sutandar,1,netral,2,positif,2,positif,2,positif
"Akun parodi dan Ternyata hakim² ini tdk tone deaf. Spt bgmn hakim Saldi Isra (asal Padang) menyebutkan komen pejabat ""banjir Sumatera hanya mencekam di medsos"". Saatnya pemohon mengambil hati para judicial hero. Tentu dg strategis, hrs bisa membuktikan legal standing dulu. 53",2,positif,0,negatif,0,negatif,0,negatif
"demo besar bln Agustus, penabrakan ojek ( Affan) penangkapan aktivis, Keracunan MBG, Polemik ijazah jokowi, bencana banjir & longsor di Sumatera, penemuan gelondongan kayu di balik becana Sumatra. tolong pak presiden 2026 harus ada perubahan. 61",0,negatif,0,negatif,0,negatif,0,negatif
"Intelektual Muda jangan lupa dengerin Info Aktual hari ini, Selasa, 9 Desember 2025, yang akan membahas mengenai Ferry Irwandi yang menghimpun 10M dalam waktu 24 jam untuk korban banjir di Sumatra, barengan sama aku Rista dan Exau InfoAktual 75",2,positif,0,negatif,0,negatif,0,negatif
Bgtulah...hanya celotehan aja. PrayForSumatera 1 19,0,negatif,0,negatif,0,negatif,0,negatif
"Pdahal yg rumahnya rumah akibat bencana di Semeru, Jateng , Guci dll banyak tapi mereka gak nuntut pemerintah pusat apapun Semua ditanggung masing2 korban namun tak ada satupun yg iri dg perhatian Presiden pd korban bencana Aceh Sumbar Sumut yg dapat perhatian full Presiden 1 56",0,negatif,0,negatif,0,negatif,0,negatif
Nunggu waktu saja Banjir PrayForSumatera BENCANANASIONAL BencanaSumatera fypviraltwitter viral Hutan BMKG longsor bencana 29,1,netral,1,netral,0,negatif,0,negatif
"Menteri Dalam Negeri (Mendagri) Tito Karnavian mengungkapkan, Sumatera Utara (Sumut) menjadi wilayah yang cepat pulih pasca-bencana banjir bandang dan tanah longsor. Sementara wilayah yang paling berat adalah Aceh Tamiang, sebab di wilayah tersebut layanan pemerintahan belum",1,netral,1,netral,1,netral,1,netral
Upaya rehabilitasi dan rekonstruksi yang berkelanjutan menunjukkan komitmen kuat agar Aceh Sumatra Pulih dan kembali produktif 9,2,positif,2,positif,2,positif,2,positif
"Budiman Sudjatmiko pastikan BP Taskin hadir langsung di Aceh, mapping kebutuhan warga untuk pemulihan dan mencegah kemiskinan baru pasca bencana BPTaskinFokusPascaBencana Ancaman Lonjakan Kemiskinan Sumbar Pasca Bencana Jadi Perhatian Khusus BP Taskin - harianhaluan. 12",0,negatif,2,positif,2,positif,2,positif
Pesan Natal Prabowo hadir sebagai pengingat bahwa Natal bukan hanya soal perayaan tapi juga kepedulian Presiden Perkuat Solidaritas dengan mengajak seluruh rakyat bergotong royong membantu korban banjir dan longsor di Sumatera,0,negatif,2,positif,0,negatif,0,negatif
"Hallo kaa. Bantuan memang sudah sampai ke beberapa 'wilayah yang viral'. Banyak kabupaten di Sumatra Utara yang sama sekali tidak di beritakan contohnya seperti kabupaten Langkat. Banjir sangat parah, terjebak berhati hati di atap rumah masing masing",0,negatif,2,positif,2,positif,0,negatif
"Dia termasuk beruntung karena air ga masuk ke kosannya, tapi ga dengan kosan lain. Dia ga bisa ngungsi ke atas karena banyak kayu dan tanah licin, terus rentan banget longsor. Di bawah keadaan tambah parah, banjir bandang masih terjadi sampai sekarang, belum berhenti sama sekali.",0,negatif,0,negatif,0,negatif,0,negatif
pergeseran isu dan momentumnya pas. disaat pemerintah dikritik habis-habisan terkait penanganan bencana aceh. Mens Rea Pandji rilis di netflix dan digoreng habis-habisan oleh buzzer. asoy mantap 1 869,0,negatif,0,negatif,0,negatif,0,negatif
"Akun komentar Aceh Tamiang kembali digulung banjir besar Jangan tertipu seolah bencana sudah selesai. Kenyataannya, air masih naik. Ancaman masih nyata. Hingga detik ini, Aceh Tamiang masih berjuang di tengah situasi yang mencekam rumah terendam, akses terputus, ribuan warga 5 5 255",0,negatif,0,negatif,0,negatif,0,negatif
"Dengan sinergi pusat dan daerah, harapan terus tumbuh. Aceh Sumatra Bangkit menjadi bukti bahwa kebersamaan mampu menguatkan di tengah bencana. 14",2,positif,2,positif,2,positif,2,positif
"masyaAllah kondisi saat ini di Aceh tamiang. ini akan panjang dalam proses pemulihan. mari temen2 semua, masih butuh ukuran tangan kita untuk saudara2 kita yang terdampak banjir dan longsor. mari berikan donasi terbaiknya. BSI 7188903497 A/n yatim Lovers 4 1 65",2,positif,2,positif,2,positif,2,positif
"Semoga ini hanya bentuk kegelisahan dan kemarahan sesaat saudara² saya di Aceh karena penanganan bencana yang dilakukan oleh pemerintah pusat. . Kita kuat karena bersatu, kita lemah karena terpecah belah. PrayForSumatera Dari Bayo Suti 1 1 143",1,netral,0,negatif,0,negatif,0,negatif
"Banjir Besar Landa Donggala, 20 Desa Terendam dan Infrastruktur Rusak Banjir Besar Landa Donggala, 20 Desa Terendam dan Infrastruktur Rusak 11",0,negatif,1,netral,0,negatif,0,negatif
"Badan Nasional Penanggulangan Bencana (BNPB) menyampaikan perkembangan terbaru jumlah korban bencana alam di Sumatra Utara (Sumut), Sumatra Barat (Sumbar), dan Aceh. Jumlah korban tewas dilaporkan bertambah satu orang, sehingga total mencapai 1.138 orang. ""Ada kenaikan jumlah 232",0,negatif,0,negatif,0,negatif,0,negatif
ya Rabb angkat semua penderitaan masyarakat yan terdampak PrayForSumatera PrayForSumatera 14,2,positif,2,positif,0,negatif,0,negatif
"Banjir Aceh Utara menyebabkan 1.219 rumah hilang, 16.793 rusak berat, dan 117.291 terendam. Sebanyak 71.637 jiwa mengungsi di 226 titik. Kelompok rentan termasuk 1.309 ibu hamil dan 8.626 balita. Bupati minta pemerintah bangun hunian sementara segera mengingat cuaca sering hujan. 5 11 42",0,negatif,0,negatif,0,negatif,0,negatif
Kisah mengharukan personel Brimob yang harus mengevakuasi jenazah ibunya saat menyisir tumpukan puing-puing banjir dan longsor. life.indozone. Kisah Mengharukan Brimob yang Evakuasi Sendiri Jenazah Ibunya Korban Banjir Sumatera Kisah mengharukan personel Brimob yang harus mengevakuasi jenazah ibunya saat menyisir tumpukan puing-puing banjir dan longsor. 254,0,negatif,0,negatif,0,negatif,0,negatif
"Data Korban Jiwa, Data Orang Hilang dan Data Orang Luka Per 28 November 2025 Pukul 19.00 WIB. SUMBER POS KOMANDO PENANGANAN DARURAT BENCANA TAPANULI UTARA Info dari amamh @ jtp.hutabarat prayforsumatra tapanuliutara batak batakcom prayfortapanuli 3 5 625",0,negatif,0,negatif,0,negatif,0,negatif
"Hujan deras di sejumlah daerah di Provinsi Aceh, Sumatera Utara, dan Sumatera Barat menyebabkan setidaknya 90 orang meninggal dunia dan puluhan lainnya dilaporkan masih hilang.",0,negatif,0,negatif,0,negatif,0,negatif
"Balai Konservasi Sumber Daya Alam (BKSDA) Aceh mengerahkan empat gajah jinak terlatih dari Pusat Latihan Gajah namanya Abu, Mido, Ajis, dan Noni buat bantu proses pembersihan pasca banjir di Pidie Jaya. Tugas mereka buka akses yang ketutup puing, evakuasi, sampai bantu 5 15",1,netral,2,positif,2,positif,2,positif
"Momen haru. seorang anak menggendong ibunya yang stroke untuk menyelamatkan diri dari banjir susulan di Kabupaten Agam, Sumatera Barat. Banjir susulan yang melanda Kabupaten Agam memaksa warga melakukan evakuasi cepat. Dalam keterbatasan dan situasi genting, keluarga 75",1,netral,0,negatif,0,negatif,0,negatif
"Kalau dilihat lagi dr google map. Posisi tanjung kaliang dan arah banjir jauh banget. Masak air bisa muter balik naik ke arah lokasi banjir. Sampaikan berita yg benar lah. Yg kaliang itu ada di kanan warna merah dekt air terjun guruh gemurai, titik banjir dr arah padang Panjang. 84",1,netral,1,netral,0,negatif,0,negatif
"Di saat bencana datang tanpa diduga, kepedulian kita bisa jadi harapan bagi mereka yang terdampak. Tukarkan mulai 500 Telkomsel Poin untuk berdonasi bagi korban banjir di Sumut, Aceh, dan Padang. Wujudkan bantuanmu lewat TukarPoinSekarang di MyTelkomsel. 2 3",0,negatif,2,positif,0,negatif,0,negatif
Akun komentar Infonya Jalan Aceh-Medan sudah dibuka. Tapi masih ada daerah yg terendam banjir dan juga pasca longsor tanah mengeras dan setinggi atap rumah PrayForSumatera PrayForAceh 5 3 165,1,netral,1,netral,1,netral,0,negatif
"“Hidup lebih baik dimulai dari keputusan hari ini. Untuk keluarga, untuk diri sendiri, untuk masa depan.” Pray For Sumatera (Aceh, Sumut & Sumbar). WarOnDrugsForHumanity prayforsumatera 2 118",2,positif,2,positif,2,positif,2,positif
"Menteri Dalam Negeri (Mendagri) meminta desa-desa di Aceh yang rusak pascabencana banjir bandang dan tanah longsor dibangun ulang memakai Anggaran Pendapatan dan Belanja Negara (APBN). ""Ini mungkin kami sarankan untuk desa ini kalau bisa dibangunkan dari APBN, dari pusat. Karena 3 4 9",0,negatif,1,netral,0,negatif,0,negatif
"Saat air naik, seringkali emosi juga ikut naik. Itu manusiawi. Tapi hari ini, mari kita ubah energi amarah menjadi energi untuk saling menguatkan PrayForSumatera SumateraKuat PelukJauhSumatera DukaSumateraDukaKita 2 3 25",0,negatif,2,positif,0,negatif,0,negatif
"Lanud SMH Kirim 14 Ton Bantuan ke Aceh, Sumut, dan Sumbar sinurberita. Lanud SMH Kirim 14 Ton Bantuan ke Aceh, Sumut, dan Sumbar PALEMBANG, SINURBERITA. – Lanud Sri Mulyono Herlambang (SMH) Palembang bersama Forkopimda Kota Palembang mengirimkan sebanyak […] 1 2",2,positif,2,positif,2,positif,2,positif
"Ali Muda, S.H., Anggota , turun langsung meninjau lokasi bencana sekaligus memastikan bantuan dapat segera diterima oleh warga terdampak. Kunjungan ini dilakukan sebagai bentuk kepedulian dan respon cepat terhadap situasi darurat yang terjadi di Kab. Pasaman Barat. 1 12",2,positif,2,positif,2,positif,2,positif
Empat Gajah Sumatra Jadi Andalan Bersihkan Ratusan Kayu Pascabencana di Lokasi Banjir Bandang Aceh Empat Gajah Sumatra Jadi Andalan Bersihkan Ratusan Kayu Pascabencana di Lokasi Banjir Bandang Aceh 50,2,positif,1,netral,2,positif,1,netral
"Kalian punya mata punya telinga kenapa ga dipake sih? Rakyat kalian itu lg menderita hehh tp bisa""nya kalian msh yapping soal pencapaian negara yg se bullshit itu kenyataannya AllEyesOnSumatera PrayForSumatera PrayForTapanuli PrayForSibolga PrayForAceh 65",0,negatif,0,negatif,0,negatif,0,negatif
Personel Dit Samapta Polda Riau Melakukan Bantuan Pembuatan Jembatan Darurat Di Prov Sumbar Kapoldariaubantusumbar Kapoldariiaubantuaceh Kapoldariaubantumedan Poldariaubantubencana Herimenbantuaceh Herimenbantusumbar Herimenbantumedan PrayForSumatera LekasPulihSumatera 1 2 55,2,positif,2,positif,2,positif,2,positif
"capeeeeee bggtttttt... balik kerja naik grebbb abangnya lama bgttt di jalan, nunggu biskita juga lamaaa bgt, busway nya juga lama bgttt ngetemnya abis ituuuu dijemput nya juga lama... pas smpe rumah, air di rumah mati sanyo nya 1 19",0,negatif,0,negatif,0,negatif,0,negatif
dan Tp di aceh sendiri lebih sering sosialisasi gempa dan tsunami drpd bencana longsor dan banjir bandang. Mgkn kajian soal ini bakal lebih banyak dikembangin kedepannya 1 2 128,1,netral,1,netral,1,netral,1,netral
"Kami percaya, kita dapat melalui semua cobaan ini dengan kuat. PrayForSumatera 44",2,positif,2,positif,2,positif,2,positif
"Ketua Komisi IV DPRD Sumbar, Doni Harsiva Yandra, S.IP., M.E., Mengajak Seluruh Pihak Untuk Bahu-Membahu Membantu Penanganan Bencana di Sumatera Barat 1 13",2,positif,2,positif,2,positif,2,positif
GA SEMUA YANG TERKENA BENCANA ADALAH ORANG BAIKK!! SISI GELAP BECANA SUMATRA PrayForSumatera Mohan motor gubernur Aceh Minggu mamah nikah Amanda Zahra 07 Des Iko Uwais donasi Tatangdr 1 1 505,1,netral,2,positif,0,negatif,0,negatif
"Cuaca Ekstrem Hantam Empat Kabupaten di Sumut, BNPB Delapan Warga Meninggal, Ribuan Rumah Terendam sangkala. Cuaca Ekstrem Hantam Empat Kabupaten di Sumut, BNPB Delapan Warga Meninggal, Ribuan Rumah Terendam Sumut (Sangkala. )-Badan Nasional Penanggulangan Bencana (BNPB) melaporkan empat kabupaten/kota di Sumatera Utara—Sibolga, Tap 21",0,negatif,0,negatif,0,negatif,0,negatif
"Aceh Sumatera Update pemerintah akan memberikan hubuan layak untukk korban banjir. Sudah selayaknya rakyat akan dapet hunian baru, semoga ini cepat di bangun 28",2,positif,2,positif,0,negatif,0,negatif
Banjir bandang yang menggerus setengah Sumatra dan menewaskan ribuan orang ini.. Mestinya membuat semua sadar dan melakukan mitigasi dan audit segala perijinan yang mengundang resiko banjir bandang. Pembangunan perumahan di area lembah di bawah setu Bojongsari ini contohnya. 1 967,1,netral,0,negatif,0,negatif,0,negatif
"Ya, aksi perbaikan kursi sekolah pasca-banjir di Aceh Tamiang ini memang langkah konkret. Dinas Pendidikan Aceh udah rehab sekitar 1.000 unit meja dan kursi yang rusak, biar belajar siswa aman dan nyaman lagi. Hemat biaya dan ramah lingkungan juga. Semoga pemulihan pendidikan di",0,negatif,2,positif,2,positif,0,negatif
"lebih itu, di Sumbar aja skrg evakuasi udh dihentikan dan msh banyak korban yg blm ketemu. literally mereka yg di jembatan kembar itu pdhal cm di rumah doang & gak ketemu smpe skrg, akhirnya warlok cm bs nabur bunga krn 2 desa abis. gmn di sibolga sm aceh yg lebih parah lg 2 11 100",0,negatif,0,negatif,0,negatif,0,negatif
"Dari total itu, sebanyak 4.876 kk atau 18.158 jiwa memilih tidak mengungsi, sementara 14 KK atau 53 jiwa lainnya terpaksa harus mengungsi ketempat saudaranya, karena rumah mereka terendam banjir dan tidak bisa ditempati. Banjir WargaMengungsi Banjir Kepung 13 Kecamatan di Aceh Timur, 53 Jiwa Terpaksa Mengungsi - Serambinews. 1 1 157",0,negatif,0,negatif,0,negatif,0,negatif
Banjir Sumatra sebagai Dampak Nyata Deforestasi,0,negatif,1,netral,0,negatif,0,negatif
"Update Terbaru Bencana Banjir dan Tanah Longsor di Sumatera BNPB menyampaikan korban meninggal akibat bencana banjir dan tanah longsor di Aceh, Sumatera Utara, dan Sumatera Barat hingga Selasa, mencapai 708 jiwa. Foto hanya pemanis 6 2 22",0,negatif,0,negatif,0,negatif,0,negatif
"Kemensos alokasikan Rp19,09 miliar untuk dapur umum, 28 titik di Aceh, Sumut, Sumbar. PercepatanPemulihan Kunjungan Kedua Prabowo 19",1,netral,2,positif,2,positif,2,positif
"Dari Aceh hingga Sumatera Barat, Polri menjaga Keamanan Nasional dengan kerja nyata di lapangan—menolong korban, memulihkan wilayah, dan menguatkan ketahanan sosial pascabencana. PolriUntukMasyarakat 10",0,negatif,2,positif,0,negatif,0,negatif
"Anggota Komisi IX DPR RI, Ade Rezki Pratama, melakukan respons cepat membantu masyarakat yang terdampak bencana di Sumatera Barat. Ade Rezki turun langsung ke sejumlah lokasi banjir bandang di Kota Padang serta beberapa titik di Kabupaten Padang Pariaman. 1 1 58",2,positif,2,positif,2,positif,2,positif
"Kalau rumah rakyat yg sdh hilang diterjang banjir kapan dibangun pak , mereka semua tdk ada tempat berlindung , masakan dipengungsian selamanya. 45",0,negatif,0,negatif,0,negatif,0,negatif
"""Kemensos berdagang timpanan filantropi salurkan aid logistik korban bangkai dan landslip Kemensos Gandeng Filantropi Salurkan Bantuan Logistik Korban Banjir Sumatra 33",2,positif,2,positif,0,negatif,0,negatif
"Itu yang punya rumah lagi berduka, wajar aja ditinggalin. Lagian ga ada yang tahu banjir kapan datang. Itu anjingnya udah di evakuasi",0,negatif,0,negatif,0,negatif,0,negatif
"Kepala Satuan Koordinasi Wilayah (Kasatkorwil) Banser Riau, Agus Rianto memimpin 20 Banser Tanggal Bencana BAGANA ke Provinsi Aceh untuk membantu proses evakuasi dan penanggulangan dampak bencana banjir yang melanda sejumlah daerah Khidmahtanpabatas nu.or. Banser Riau Dikerahkan Bantu Penanganan Dampak Banjir dan Tanah Longsor Aceh Banser Riau bakal membantu penanganan dampak banjir Aceh. Mereka dibekali kompetensi khusus termasuk operasi pencarian, evakuasi, pertolongan pertama. 2 1 96",2,positif,2,positif,2,positif,2,positif
"Jumlah korban Bencana Hidrometeorolog Sudah Mencapai Ratusan Orang Jakarta, 28 November 2025. Jumlah korban Bencana Hidrometeorologi di Sumatera Utara, Sumatera Barat dan Aceh, Update sampai dengan hari ini Jum'at 28 November 2025, jam wib. Berdasarkan Data Informasi 78",0,negatif,1,netral,0,negatif,0,negatif
"salut lihat polda sumbar turun langsung bantu warga terdampak, bener-bener Melakukan Upaya Perbaikan buat mereka yang butuh WujudkanSumateraPulih 35",2,positif,2,positif,2,positif,2,positif
"Solidaritas TNI, Polri, pemerintah, relawan, dan warga jadi bukti kalau kita kuat karena bersama. Bangkit lebih kuat, Aceh 1 1 31",2,positif,2,positif,2,positif,2,positif
"Banjir Lahar Lewotobi Terjang Desa Nurabelen NTT, Empat Rumah Terendam radarbangsa. Banjir Lahar Lewotobi Terjang Desa Nurabelen NTT, Empat Rumah Terendam 38",0,negatif,1,netral,0,negatif,0,negatif
"Badan Pusat Statistik (BPS) melibatkan ratusan mahasiswa Politeknik Statistika STIS dalam pendataan pascabencana Sumatra di sejumlah wilayah terdampak, guna mendukung kebijakan rehabilitasi dan rekonstruksi berbasis data, hal ini disampaikan Kepala BPS, Amalia Adininggar 480",1,netral,1,netral,2,positif,2,positif
Tahun ini memanglah berat apalagi buat rakyat Aceh Sumut Sumbar yang kena musibah 53,0,negatif,0,negatif,0,negatif,0,negatif
"Setelah banjir surut, masalah baru muncul. Motor tak bisa dipakai, aktivitas terhambat. Relawan PKS hadir membuka servis gratis sepeda motor di Posko PKS DPD PKS Kab. Tamiang, Aceh 1 15 42",2,positif,2,positif,0,negatif,0,negatif
"Arus Deras saat Banjir Masuk ke Pemukiman, Kepanikan Warga Kuranji Kota Padang Histeris Minta Bantuan karena Takut Rumah Ambruk Arus Deras saat Banjir Masuk ke Pemukiman, Kepanikan Warga Kuranji Kota Padang Histeris Minta... 1 45",0,negatif,0,negatif,0,negatif,0,negatif
VIDEO Ratusan Rumah di Kota Padang Terendam Banjir cnnindonesia. VIDEO Ratusan Rumah di Kota Padang Terendam Banjir Ratusan Rumah di Kota Padang Terendam Banjir 1 1 3,0,negatif,1,netral,0,negatif,0,negatif
Gila cok sumatera udah sebegitunya tapi gaada lewat aksi nyata pemerintah pusat malah nyuruh guru nambah kurikulum jaga hutan di sekolah udah mah gaji kecil banget kudu make mikroskop tapi semua beban di pundakin ke mereka 😂,0,negatif,0,negatif,0,negatif,0,negatif
"Delapan Daerah di Riau Tetapkan Status Siaga Banjir dan Longsor INFO RIAU – Memasuki puncak musim hujan, delapan daerah di Provinsi Riau resmi menetapkan Status Siaga Darurat Bencana Hidrometeorologi. Penetapan ini dilakukan sebagai langkah antisipasi apelpagi trending 1 24",0,negatif,1,netral,1,netral,1,netral
"kenapa sih pada berbondong-bondong pencitraan jd pahlawan di banjir sumatera? ya kalo emang mau bantu, yaudaa cepetan bantu! gausah pake babibu omon2 + kebanyakan ngevlog warga tuh banyak lagi krisis! krisis makanan, tempat tinggal, bensin, air bersih, dll. pls lah 123",0,negatif,0,negatif,0,negatif,0,negatif
"Kalimantan Selatan Diterjang Banjir Bandang seperti Bencana Ekologis di Sumatera, Derasnya Arus Air Rendam Hampir Setinggi Rumah",1,netral,1,netral,1,netral,0,negatif
BANJIR MASUK RUMAH KOCAKKK mau izin setengah hari semoga bisa gayssss 302,1,netral,1,netral,0,negatif,0,negatif
"Electrimate, ditengah upaya percepatan pemulihan kelistrikan pasca bencana banjir bandang yang melanda Aceh, Sumatera Utara, dan Sumatera Barat, PLN Electricity Services (ES) menyalurkan donasi dari pegawai untuk para personel yang terdampak bencana di Sumatera Utara. 1 47",2,positif,2,positif,2,positif,2,positif
"sakit bgt, gaza di bom lagi, aceh kedatangan banjir lagi, banyak org kelaparan. ya Allah, wafatkanlah kami kalau itu lebih baik, hidupkanlah kami kalau itu lebih baik. sungguh Engkau tau segala sesuatu yg terbaik 1 26",0,negatif,0,negatif,0,negatif,0,negatif
"Dari evakuasi hingga bantuan logistik, langkah cepat pemerintah dalam penanganan banjir Aceh menunjukkan komitmen kuat melindungi masyarakat. Negara benar-benar hadir. PemerintahHadir AcehBangkit PeduliBanjir 1 48",2,positif,2,positif,2,positif,2,positif
Menhan Sjafrie mengatakan Indonesia bisa menangani bencana banjir dan longsor di Sumatera tanpa bantuan pihak asing. Penanganan bencana saat ini disebut berbeda dengan tsunami Aceh pada 2004. Menhan Sebut RI Bisa Atasi Bencana Sumatera Sendiri Beda Saat Hadapi Tsunami Dulu 2 1 3,2,positif,1,netral,1,netral,0,negatif
yes... nyata sekali salah satunya karyanya adalah rumah saya terendam pak terimakasih pak,0,negatif,2,positif,0,negatif,0,negatif
"Warga Apresiasi Upaya Pemerintah Normalisasi Sungai Batang Kuranji di Sumbar Bisa Nikmati Jalan Seperti Semula Jakarta - Sungai Batang Kuranji di Padang, Sumatra Barat, meluap hingga menyebabkan banjir bandang pada November 2025 lalu. Warga setempat bernama Asriluju bercerita, 1 493",2,positif,1,netral,2,positif,1,netral
"di x sbnernya juga ada begitu, cuma ya karna bbrapa hari kmren itu aku scroll tiktok jd yg keliatan yg di tiktok, di x malah isi tl ku fanwar kpop banyakan atau fish it, jd ketutup kadang tiap lewat fyp di tiktok vid banjir disini, yg parah gitu aku jd ragu mau buka komennya",0,negatif,0,negatif,0,negatif,0,negatif
Bukan daerahnya ini aja yang kena bencana banjir seluruh Sumatera cuma memang agak lain kota ini kayu dan lumpur tak ada bukti kota darurat kelaparan.? tolong di kawal CCTV MASJID AGUNG SIBOLGA Y JANGAN HILANG KENA JARAH KAREAN BUKTI KUAT HUKUM NEGARA,0,negatif,0,negatif,0,negatif,0,negatif
"Penutup akhir tahun 2025 di Indonesia banyak bgt kejadian, contohnya.. Banjir Sumatra Kebakaran gedung Sekarang, mobil mb*g nabrak SD beserta siswanya 1 1 63",0,negatif,0,negatif,0,negatif,0,negatif
"Sebanyak 40 jenazah korban bencana banjir dan longsor di Aceh, Sumatera Utara, dan Sumatera Barat ditemukan pada Senin (8/12/2025). Jumlah korban pun terus bertambah. Hingga Selasa (9/12) pukul 8.30 WIB, berdasarkan data terbaru yang dirilis Badan Nasional Penanggulangan Bencana 14 617 955",0,negatif,0,negatif,0,negatif,0,negatif
rumah rusak akibat banjir jadi prioritas utama untuk segera dibangun kembali Aceh Sumatera Update 9,0,negatif,2,positif,0,negatif,0,negatif
"Bencana banjir badang & longsor akibat badai Siklon Tropis Senyar di Aceh, Sumatera Utara, dan Sumatera Barat adalah fakta alam, bukan bahan false flag politik; saat sebagian sibuk berisik di timeline menuduh negara absen, di lapangan evakuasi berjalan, akses dibuka, jembatan badai",1,netral,0,negatif,0,negatif,0,negatif
Lapas Perempuan Kelas IIB Padang bagikan Bantuan Donasi dari Imipas Peduli Kepada WBP LPP Padang yang Terdampak Banjir Bandang di Sumatera Barat. 47,2,positif,2,positif,2,positif,2,positif
sumut sumbar aceh ngalamin masa berat tapi Polisi Tanggap Bencana hadir jadi harapan pertama buat warga yang gak tau harus kemana saat air makin naik Terimakasih POLRI 1 5,2,positif,2,positif,2,positif,0,negatif
"kok gw curiga yah mens rea ini cuma bahan pengalihan issue doang agar bencana banjir di sumatra dan aceh ga dibahas lagi, perusuaan gede yang kesorot msalahnya. 1 176",0,negatif,0,negatif,0,negatif,0,negatif
"Aceh Sumatera Update. Pemerintah berkomitmen mengganti semua rumah warga yang terseret banjir, termasuk memperbaiki rumah yang rusak 8",0,negatif,2,positif,0,negatif,0,negatif
"Mari panjatkan doa untuk saudara kita yang berada di Sumatera, semoga selalu diberikan perlindungan dan keselamatan.. lekas membaik PrayForSumatera 9 38",2,positif,2,positif,2,positif,2,positif
"Untuk Transparansi Bantuan Ke Masyarakat, Bupati Aceh Utara Ayahwa Penyaluran Harus Disertai Video AcehUtara PenyaluranBantuan banjir",1,netral,2,positif,2,positif,2,positif
"Kemensos Bantu Perkuat Layanan Penanganan Bencana Aceh, Sumut dan Sumbar Jakarta — Kementerian Sosial RI memperkuat penanganan bencana banjir di Provinsi Aceh, Sumatera Utara, dan Sumatera Barat dengan terus mensuport dan bekerjasama dengan BNPB, TNI, Polri, BPBD, Pemda dan tim",2,positif,2,positif,2,positif,2,positif
"Update kemarin, valid masih ada desa yg terisolasi listrik masih mati aceh Tengah dan bener meriah, btw aku org bener meriah sendiri, tp berita2 udh ga ramee 1 1 26",0,negatif,1,netral,0,negatif,0,negatif
ganti kepala BNPB ...sangat slow respon untuk bencana sekelas sumatra yg sekarang terjadi ..ga guna pangkat letjen tapi koordinasi ngga karuan. 1 859,0,negatif,0,negatif,0,negatif,0,negatif
"Bkn hny di darat, pemerintah juga kerja di udara. Cuaca ekstrem masih terjadi di beberapa wilayah Sumatera, tak terkecuali di daerah terdampak bencana. Walaupun sdh dilakukan modifikasi cuaca, tetap waspada. Waspada Bencana Susulan, BNPB Imbau Warga Perhatikan Hujan Intensitas 7 24 31",1,netral,1,netral,1,netral,1,netral
Pemprov Sumbar perpanjang status tanggap darurat bencana PemprovSumbar GubernurSumateraBarat masatanggapdarurat diperpanjang Pemprov Sumbar perpanjang status tanggap darurat bencana 9,1,netral,1,netral,1,netral,1,netral
"dan Banjir di jabar setelah KDM sdh berada di sumbar, bukan meninggalkan warga jabar saat banjir datang, baca berita, kami warga jabar ga merasa ditinggalkan KDM, masa ada masalah apa apa harus KDM, jabar kan punya walkot bupati, harus kerja atuh mereka juga 2 78",0,negatif,0,negatif,0,negatif,0,negatif
"Akun komentar Rakyat setiap hari berjuang menyambung hidup, sementara harapan terasa makin jauh. Yang dibutuhkan bukan sekadar laporan tapi empati, tindakan, dan keberpihakan nyata PrayForSumatera Aceh Sumut Sumbar DaruratKemanusiaan Dari Zulfikar Akbar 1 3 5 140",0,negatif,2,positif,2,positif,2,positif
Seskab Teddy kembali mendampingi Presiden dalam kunjungan ke daerah terdampak bencana di Aceh. Kehadiran ini menegaskan komitmen pemerintah dalam penanganan bencana dan pemulihan sosial-ekonomi masyarakat. 4 4 453,1,netral,2,positif,2,positif,2,positif
"Ngapain pakai persiapan segala, Aceh-Sumbar-Sumut sudah teruji. Sebulan lebih mrk survive ditengah² Banjir Lumpur dan tumpukan kayu gelondongan. Secara akal pasti kita juga mampu. Gak perlu siap², Yg penting kita selalu ingat Alloh minta perlindungan padaNya.",0,negatif,2,positif,2,positif,0,negatif
Telkom Indonesia berkomitmen untuk mengembalikan layanan dan konektivitas secara optimal untuk mendukung kebutuhan digital masyarakat. IndibizSumatera BanjirSumatera PrayForSumatera 1 114,1,netral,2,positif,2,positif,2,positif
Apa gue bilang. 2 hari setelah ketahuan penyebab banjir di Sumatra adalah perusahan mili . langsung jadikan itu kartu As untuk lawan tim Reformasi polri. dan hanya bayang-bayang,0,negatif,0,negatif,0,negatif,0,negatif
"dulu pas di rumah lama kebanjiran nya sering bgt kebanjiran padahal ujannya ga lama tapi klo deres pasti banjir, dikit2 banjir puncaknya pas 2020/2021 januari tuh sampe se-dada orang dewasa ampe ga bisa ngungsi di lantai 2 soalnya bakal susah keluar buat cari makan 1 54",0,negatif,0,negatif,0,negatif,0,negatif
Warga sudah mulai menempati rumah sementara Aceh Sumatra Bangkit 5,2,positif,2,positif,2,positif,2,positif
"KODAERAL I, PRAJURIT LANAL LHOKSEUMAWE SALURKAN BANTUAN LOGISTIK KE WILAYAH TERISOLASI ACEH UTARA ACEH UTARA – Prajurit Satgas Gulbencal Kodaeral I bersama Prajurit Lanal Lhokseumawe melaksanakan pendistribusian bantuan logistik kepada masyarakat terdampak banjir. 1 127",0,negatif,2,positif,2,positif,2,positif
"Empat kabupaten di Sumatera Utara—Sibolga, Tapanuli Utara, Tapanuli Tengah, dan Tapanuli Selatan—mengalami banjir, banjir bandang, dan longsor akibat cuaca ekstrem pada Senin (24/11) dan Selasa (25/11). BNPB pun mengambil langkah penanganan darurat. Kepala BNPB, Letjen TNI 1 3 605",1,netral,1,netral,1,netral,1,netral
"Akun parodi Aksi cepat tanggap di tengah banjir Meurah Mulia, Aceh Utara! Tim BGN (Badan Gizi Nasional) dan SPPG menyalurkan Makanan Bergizi (MBG) langsung ke warga terdampak, khususnya anak-anak. Gotong royong ini meringankan beban mereka yang kehilangan akses makanan. 105",0,negatif,2,positif,2,positif,2,positif
Akun komentar Banjir itu akan terus berlngsung selama penebangan terus terjadi di hulu 1 3 31,1,netral,1,netral,0,negatif,0,negatif
Akun parodi Projo Peduli Bencana Setia Digaris Rakyat Budi Arie Setiadi mengajak bangsa bangkit bersama pasca bencana Projo Ajak Publik Bersatu Hadapi Banjir Besar di Sumatera 5,2,positif,2,positif,2,positif,2,positif
"oalahh selalu jaga kesehatan ya by, cuaca di sana lagi ekstrem juga ga? iyah, aku di sumatra kebagian hujan deras tapi ga sampai berhari-hari seperti di beberapa daerah yg banjir parah itu... ulah pemerintah eek gini deh alam jadi ngamuk nak join lah aku ke cn by 1 33",0,negatif,0,negatif,0,negatif,0,negatif
Upaya masyarakat membangun hunian sementara menjadi bagian dari ketahanan bersama. Aceh Sumatra Pulih melalui kerja gotong royong dan dukungan negara. 10,2,positif,2,positif,2,positif,2,positif
"SUMUTberduka Provinsi SUMATERA UTARA khusus wilayah Tapanuli Selatan, Tapanuli Tengah SIBOLGA sedang dilanda bencara alam banjir dan longsor akibat curah hujan tinggi. Semoga keluarga kita disana semoga aman dan baik' saja selalu dalam lindungan aminn. Sibolga Tapsel 1 74 86",0,negatif,2,positif,2,positif,2,positif
"Tidak tepat menyalahkan Pemerintahan Presiden Prabowo. WWF Indonesia menilai musibah banjir bandang dan tanah longsor yg melanda Aceh, Sumatra Utara & Sumatra Barat adalah akumulasi dari tata kelola lingkungan yg bermasalah selama bertahun-tahun lampau. WWF Indonesia Sebut Banjir Sumatra Bukan Kesalahan Menhut Sekarang, Ini Alasannya 2 10 16 805",1,netral,1,netral,0,negatif,0,negatif
"Mungkin suatu saat akan sama kayak yg baru baru ini di sumsel, ulah serakahnya manusia 404",0,negatif,0,negatif,0,negatif,0,negatif
"dan 5 lainnya Utuk tujuan penambah semangat ummat dan korban bencana Aceh, Sumut dan Sumbar. Bahwa mereka tidak sendirian, banyak saudara-saudara mereka yang perduli. Jangan terfokus dengan kisruh saja. Mugo2 jenengan paham yo... Ojo nesu meneh... 1 26",0,negatif,0,negatif,0,negatif,0,negatif
"Banjir bandang dan longsor menerjang di empat kabupaten di Sumatera Utara, yang meliputi Sibolga, Tapanuli Utara, Tapanuli Tengah dan Tapanuli Selatan. Apakabar pak gubernur Bobby Nasution ?! 1 2 261",1,netral,1,netral,1,netral,1,netral
"dan Brisik aja ,rumah mama aku aja kena di kota ,walau lumpur sebetis capek bersihkannya karna lumpur mengeras bukan air banjir,hancur rumah rusak semua prabot ,mama kak Pocut sekarang tdr di rumah abang dia ngak masuk air,waktu pertama kejadian kak pocut fikir hanya banjir biasa 1 4 25 779",0,negatif,0,negatif,0,negatif,0,negatif
"Hampir 40 ribu anggota bapak yg dikirim ke Aceh, Sumut & sumbar apa ga ada yg ditugasin u jga jemputan bailey pak. Ko ada yg buka baut jembatan sampe ga ketahuan ? 1 85",0,negatif,0,negatif,0,negatif,0,negatif
Antusias warga sambut kehadiran Wakil Presiden Gibran Rakabuming Raka saat Wapres Tinjau BanjirKalsel di Sungai Tabuk turun langsung memastikan kondisi warga dan penanganan berjalan cepat bukti negara hadir di saat rakyat butuh GibranPeduliRakyat Wapres Gibran tinjau banjir di Sungai Tabuk disambut antusias warga - ANTARA News Kalimantan Selatan 20,2,positif,2,positif,2,positif,2,positif
"Persoalan daerah bekas bencana banjir sumatra kembali banjir lagi selepas hujan tuh solusinya evakuasi. Artinya gaboleh ada yang menetap permanen di sana sampai rehabilitasinya selesai. Soalnya mah, habis bencana besar ya lingkungannya ga cocok untuk tempat tinggal. 92",0,negatif,0,negatif,0,negatif,0,negatif
"Udah dua hari ngungsi, rumah ku tenggelem pls, ini bantuan dikit pun ga ada. Makan cari sendiri ngelewatin banjir banjir tinggi. Air mati, listrik mati. STRESSSSSSS 18",0,negatif,0,negatif,0,negatif,0,negatif
"Banjir besar yang melanda Aceh kembali tunjukkan dampak yang kian meluas. Di Desa Kuala Cangkoy, ribuan warga yang mengungsi terlihat mengantre panjang untuk dapat makanan. Foto detikFoto FotoNews Banjir Aceh Makin Parah, Ribuan Pengungsi Antre Makanan di Kuala Cangkoy 1 2 5",0,negatif,0,negatif,0,negatif,0,negatif
Tangis dan Harapan Aceh Tamiang Wakapolri Tinjau Lokasi Bencana Banjir Aceh Tamiang. acehtamiang aceh banjir banjirbandang wakapolri,1,netral,1,netral,2,positif,2,positif
Komitmen Presiden jelas Prabowo Pulihkan PascaBencana lewat percepatan Pembangunan Rumah Korban Bencana di wilayah terdampak banjir Prabowo terima laporan Rosan soal hunian untuk pengungsi di Sumatera - ANTARA News Jambi 19,0,negatif,2,positif,0,negatif,0,negatif
Progres pemulihan pasca bencana aceh sumut & sumbar sumaterabangkit bersatuindonesiaku fypシ゚viral fyp indonesiamaju 18,2,positif,2,positif,2,positif,2,positif
"Kolaborasi lintas sektor seperti ini patut diapresiasi. Sinergi pemerintah, TNI/Polri, dan masyarakat menjadi kunci percepatan pemulihan pascabencana. Semoga upaya yang dilakukan terus konsisten dan memberikan dampak nyata bagi kebangkitan Aceh dan Sumatera Utara, aamiin 12",2,positif,2,positif,2,positif,2,positif
"Babinsa Desa Karang Jadi Koramil 403-04/Belitang, Serda Iwan, bersama Bhabinkamtibmas setempat bergerak cepat evakuasi warga yang terseret arus banjir, Kamis (8/1/2026). 1 3 5 757",0,negatif,2,positif,2,positif,2,positif
"Begini cara pemerintah percepat hunian bagi warga terdampak banjir longsor di Aceh, Sumatera Utara, Sumatera Barat. prabowosubianto pemerintah dekade08 48",1,netral,2,positif,2,positif,2,positif
"Akses jalan terputus, listrik mati total, sinyal hilang, rumah sakit terendam, di 3 provinsi, dan pemerintah pusat belum menetapkan sebagai bencana nasional??? 5 615",0,negatif,0,negatif,0,negatif,0,negatif
"Banjir dan longsor yang terjadi di wilayah Sibolga, Tapanuli Selatan, Tapanuli Tengah dan Tapanuli Utara memutus akses jalan dalam proses pemulihan listrik. Semua bekerjasama demi menyalakan kembali harapan masyarakat Sumatera Utara PLNUntukSemua PLNUntukIndonesia PrayforSumut 29",2,positif,2,positif,2,positif,2,positif
Banjir Rusak 41 Puskesmas dan Polindes di Aceh Timur Banjir Rusak 41 Puskesmas Polindes Aceh Timur Berita Info matamaluku. Banjir Rusak 41 Puskesmas dan Polindes di Aceh Timur Banda Aceh — Dinas Kesehatan Kabupaten Aceh Timur mencatat sebanyak 41 bangunan puskesmas dan pondok bersalin desa (polindes) di sejumlah kecamatan mengalami kerusakan akibat banjir yang melanda... 1 1 49,0,negatif,0,negatif,0,negatif,0,negatif
"Donasi Peduli Bencana Sumatera di Solsel Tembus Rp 1 Miliar, Bakal Segera Diserahkan Penggalangan dana untuk korban bencana hidrometeorologi yang dilakanakan selama rangkaian acara peringatan Hari Jadi Kabupaten Solok Selatan ke-22 menembus angka... kupasonline. Donasi Peduli Bencana Sumatera di Solsel Tembus Rp 1 Miliar, Bakal Segera Diserahkan - Kupasonlin... KUPASONLINE. ---Penggalangan dana untuk korban bencana hidrometeorologi yang dilakanakan selama rangkaian acara peringatan Hari Jadi Kabupaten Solok Selatan... 22",0,negatif,0,negatif,0,negatif,0,negatif
Akun parodi Saat jalan terputus dan rumah terendam Prabowo datang menyapa warga satu per satu. Ada ketegasan tapi juga empati. Semua bergerak cepat karena PrabowoPeduliSumatera Respons Cepat Negara bukan hanya slogan tapi aksi nyata. 1 9,2,positif,2,positif,2,positif,2,positif
"Kompleks Perumahan Pandan Asri di Kabupaten Tapanuli Tengah, Sumatera Utara, menjadi salah satu wilayah yang terdampak bencana banjir dan longsor yang menerjang Aceh, Sumatera Utara, dan Sumatera Barat. Satu bulan pascabencana, akses jalan masih dipenuhi lumpur tebal yang 2 1 478",0,negatif,1,netral,0,negatif,0,negatif
"Akun parodi “Kami sudah jelaskan tujuan ke Aceh & membawa bantuan. Dokumen kendaraan ada, tapi tetap dipersulit,” ujarnya. Situasi semakin menekan ketika muncul ucapan petugas yang dinilai bernada ancaman. “Dia bilang, ‘perjalanan masih jauh, mau aman nggak?’,” ungkap Rizki. 1 1 13",0,negatif,0,negatif,0,negatif,0,negatif
"Bencana banjir dan longsor di utara Sumatera menyebabkan banyak rumah warga rusak hingga hanyut. Pemerintah menyiapkan hunian tetap (huntap) gratis bagi korban yang kehilangan tempat tinggal. Dirjen Kawasan Permukiman Kementerian Perumahan dan Kawasan Permukiman (PKP), 2 1 263",0,negatif,0,negatif,0,negatif,0,negatif
BNPB Pasang Jembatan Bailey untuk Pulihkan Akses Terputus di Sumbar BNPB Pasang Jembatan Bailey Pulihkan Akses Terputus Sumbar Berita Info matamaluku. BNPB Pasang Jembatan Bailey untuk Pulihkan Akses Terputus di Sumbar Jakarta (MataMaluku) – Badan Nasional Penanggulangan Bencana (BNPB) mulai memasang sejumlah jembatan darurat atau bailey di beberapa titik di Sumatra Barat guna memulihkan akses yang terputus akibat... 1 1 67,2,positif,2,positif,2,positif,0,negatif
BNPB Sebut Drainase di Sejumlah Titik di Aceh Tamiang Masih Tersumbat Lumpur BNPB Sebut Drainase di Sejumlah Titik di Aceh Tamiang Masih Tersumbat Lumpur Dari kompas.tv 1 811,1,netral,1,netral,1,netral,1,netral
"Tujuh minggu pascabanjir melanda Aceh-Sumatra, kondisi warga masih belum sepenuhnya pulih. Di sejumlah desa, kebutuhan pokok, seperti air dan listrik masih sulit diakses. Beberapa warga pun kehilangan mata pencaharian karena perkebunan mereka rusak dilanda banjir. Di Bener 1 3 7 556",0,negatif,0,negatif,0,negatif,0,negatif
"Akun parodi Maaf ya ges kalo aku lagi gak hype bts dulu apalagi dengan keadaan indonesia yg kena banyak bencana alam. Sedih ngeliat berita tentang banjir di sumatra blm lagi liat satwa2 disana yg kehilangan rumahnya,hancur hati ini ngeliat itu smua. Gimana caranya nolong satwa disana 45",0,negatif,0,negatif,0,negatif,0,negatif
"kondisi banjir depan kos aku tadi pagi dan siang ini udah mulai surut sementara harus ngungsi karena masih siaga takut debit air naik lagi stay safe buat semua Jl. Irigasi, Pasar Baru arah Kampus Universitas Andalas PrayForSumatera prayforsumbar 320",1,netral,1,netral,1,netral,1,netral
"Repost - kementerian.atrbpn by Halo SobATRBPN, saat ini saudara kita di Provinsi Aceh, Sumatra Utara, dan Sumatra Barat sedang mengalami musibah banjir serta longsor. Untuk itu, Kementerian ATR/BPN membuka donasi bagi masyarakat yang terdampak. Mari bersama 1 42",1,netral,2,positif,2,positif,2,positif
"Solidaritas tak mengenal jarak. Gubernur Banten Andra Soni menyalurkan bantuan kemanusiaan sebesar Rp1 miliar dari PGRI Provinsi Banten untuk korban bencana alam di Sumatera Utara, Sumatera Barat, dan Aceh. Bantuan ini merupakan bagian dari total donasi Rp1,3 miliar yang 2 55",0,negatif,2,positif,0,negatif,0,negatif
"Dan paling biadabnya rejim ini, tak satupun instansi pemerintah atau swasta yg diseret ke pengadilan atas deforestasi penyebab banjir dan tanah longsor yg menelan ribuan nyawa di Sumatra. Dan termul serta penjilat samsul msh ngomngin pilpres, dasar bedebah !!!",0,negatif,0,negatif,0,negatif,0,negatif
"Banjir bawa gelondong, Kemenhut bawa solusi cepet. Negara tangguh! KemenhutGerakCepat BersihPascaBencana GreenIndonesia 13",2,positif,2,positif,2,positif,2,positif
"dan • Apakah TEMPO pny data brp % Hutan Primer yg msh tersisa di Aceh Sumut Sumbar? • Brp % DAS2 di 3 Prov. tsb yg masih eksis & terjaga? Mayoritas DAS hny pny kapasitas (tersisa) 25%. • Dgn KERUSAKAN lingkungan/hutan yg BEGITU PARAH, brp optimal Mitigasi Bencana bisa dilakukan? 2 213",0,negatif,1,netral,0,negatif,0,negatif
"Pemulihan Pasca Banjir Sumatera 72 Jalan Tersambung-1.100 Hunian Dibangun .cdn.ampproject.org Pemulihan Pasca Banjir Sumatera 72 Jalan Tersambung-1.100 Hunian Dibangun Pemerintah terus melakukan pemulihan pascabencana di Sumatera. 72 ruas jalan dan 1.100 hunian telah siap, layanan kesehatan dan ekonomi mulai pulih. 13",2,positif,2,positif,2,positif,2,positif
"Akun parodi mikirin bgt urusan negara lain, aceh masih blm pulih noh 15",0,negatif,0,negatif,0,negatif,0,negatif
Menunggu sampai jatuh korban berapa lagi sampai bencana ini di tetapkan sebagai bencana nasional wo ???? PrayForSumatera BencanaNasional??? 2 2 4 307,0,negatif,0,negatif,0,negatif,0,negatif
"Banjir Tapanuli 1915-1917 Lebih Parah dari yang Dibayangkan – Pembalakan Liar Biang Kerok! Sebelum 1953, Tapanuli sudah sering banjir gara-gara pembalakan liar di hutan Sumut. • Akhir 1915 Banjir Tanah Batu → 65 mengungsi, rumah rusak. Sarekat Islam galang dana di Medan (100 1 52",0,negatif,0,negatif,0,negatif,0,negatif
"Cerita Warga Aceh Tamiang saat Banjir Datang, Bertahan di Atap dengan Kondisi Gelap Gulita Cuma Bisa Teriak Minta Tolong jurnalnews. Cerita Warga Aceh Tamiang saat Banjir Datang, Bertahan di Atap dengan Kondisi Gelap Gulita Cuma... Usai banjir datang, listrik terputus dan membuat malam gelap gulita saat para warga berteriak minta tolong kepada tim penyelamat. Sampai m 23",0,negatif,0,negatif,0,negatif,0,negatif
Melihat Aceh Tamiang dari Udara seperti Tsunami Jilid 2 Semoga Allah Ta’ala segera memulihkannya. prayforsumatera prayforaceh bencanaalam 1 15 28,0,negatif,2,positif,2,positif,2,positif
"Bencana datang tanpa izin, namun negara hadir tanpa menunggu demi keselamatan masyarakat di Aceh. Pemerintah Sigap untuk Aceh Sumatra terus bergerak bersama TNI dan warga menghadapi kondisi darurat fyp fypシ viral beritatiktok aceh sumatra tni bencanadatang 45",2,positif,2,positif,2,positif,2,positif
"Lokasi banjir Aceh terjadi di propinsi Aceh, kenapa melakukan pertemuan di provinsi Sumut ?? Aneh...... 211",0,negatif,0,negatif,0,negatif,0,negatif
"Kerja Nyata itu ya turun langsung pas rakyat lagi butuh, bukan cuma komentar dari jauh. Dapur MBG gas terus bantu korban banjir. LanjutkanMBG MGI CHONBURI 2026 X TFO Launch Raja Juli james jihoon Dancing Queen Juun Day Aceh BNPB Desember Trade $DIGI CEREMONY TPDA WITH EST 134",0,negatif,2,positif,0,negatif,0,negatif
"Bukan hanya menyapu lumpurmereka seakan sedang membasuh duka yang menempel di sudut-sudut ruangan. Melihat bapak-bapak TNI dan tim relawan bergandengan tenaga membersihkan sisa banjir di RSUD Aceh Tamiang, hati ini seperti diremas pelanperih, tapi hangat. 2 8 46",0,negatif,0,negatif,0,negatif,0,negatif
"Bantuan Kemanusiaan Dari Bangka Barat Dikirim ke Aceh, Sumut, dan Sumbar kabarbangka. Bantuan Kemanusiaan Dari Bangka Barat Dikirim ke Aceh, Sumut, dan Sumbar BANGKA BARAT - Deru mesin mobil patroli dan truk Dalmas Satuan Samapta terdengar bersahut-sahutan, mengantar keberangkatan Donasi Peduli Polres Babar... 19",2,positif,2,positif,2,positif,2,positif
"Pengalihan isu saja ini, agar masyarakat terbelah dan tidak fokus pada barang bukti yang ditemukan di TKP. Mahkamah International wajib mengaudit penyebab terjadinya Banjir Bandang dan Longsor di Aceh, Sumut, & Sumbar. BENCANANASIONAL NATIONALDISASTER PrayForSumatera 52",0,negatif,1,netral,0,negatif,0,negatif
"Catatan singkat seorang relawan di banjir Sumatra. Tayangan banjir di medsos ternyata memang hanya mencekam. Sebab ketika terjun ke lapangan, kondisinya jauh lebih parah. Istilah 'mencekam' terlalu ringan. Sudah tidak bisa lagi berkata-kata. 34",0,negatif,0,negatif,0,negatif,0,negatif
Semoga Personil Polda Riau yang sedang melaksanakan tugas kemanusiaan didaerah bencana banjir Sumatera selalu diberikan kesehatan dan keselamatan. Bravo Polda Riau 6,2,positif,2,positif,2,positif,2,positif
"Warga terdampak banjir diminta bersabar, bantuan dan pemulihan terus diupayakan. Aceh Sumatera Update 14",2,positif,2,positif,2,positif,2,positif
"Dari pada uang Milyaran Rp unt beli Kembang Api yo mending uangnya disumbangkan unt Korban Banjir Aceh,Sumut,Sumbar malah berkah 2 218",0,negatif,0,negatif,0,negatif,0,negatif
sebuah pemandangan yg berbeda kl naik pesawat dr riau-jawa. di sumatera full sawit air laut full coklat krna mmg daerah industrial. nyampe jawa hijau.. air laut biru 51,1,netral,1,netral,0,negatif,1,netral
"dan Ada, cek aja postingan ig nya tanggal 5 des 2025. Terus di IDN times dia bahas tentang banjir ini dan ilegal logging, dia juga bilang ga begitu responsif di sosmed tapi bukan berarti ga peduli. Dia dari dulu peduli alam tapi ga pernah dikit"" Share di sosmed. 7 220",0,negatif,0,negatif,0,negatif,0,negatif
"Electrizen Banjir dan longsor yang terjadi di wilayah Sibolga, Tapanuli Selatan, Tapanuli Tengah dan Tapanuli Utara memutus akses jalan sehingga menjadi tantangan dalam proses pemulihan listrik. Namun, hal tersebut tidak mematahkan semangat personel PLN 37",1,netral,1,netral,2,positif,1,netral
"Ya Allah, memang ada yang bersalah karena telah menggunduli hutan di wilayah ini dann saat hujan deras, banjir pun terjadi Mohon jangan ditimpakan musibah lagi pada kami yang tidak melakukan. Timpakan pada mereka yang memutuskan dan mereka yang mendanai penggundulan. Aamiin. 1 5 739",0,negatif,0,negatif,0,negatif,0,negatif
"Perum LKBN ANTARA menyalurkan bantuan untuk warga terdampak banjir bandang atau galodo di Simpang Pasia kawasan Gunung Nago Kepalo Koto Kecamatan Pauh Kota Padang, Sumatera Barat, Jumat (26/12/2025). ANTARA serahkan bantuan untuk korban banjir bandang di Padang 412",0,negatif,2,positif,0,negatif,0,negatif
"35 ribu rumah yang mana, Pak? Yg tergerus banjir bandang, Yg terendam lumpur, Yg tertimpa sampah kayu, atau Yg masih tergenang air? Yakin hanya segitu? Saya bertanya, Pak.",0,negatif,0,negatif,0,negatif,0,negatif
bukti nyata Pemerintah Sigap untuk Aceh Sumatra dengan langkah tegas 3,2,positif,2,positif,2,positif,2,positif
"banjir besar malam ini adalah Domasan, Desa Prawoto, Kecamatan Sukolilo, Pati, Jawa Tengah, Indonesia. HappyELshadDAY DPRD Hanni wapresgibrankawalnataru praboworealisasikampunghaji 1 242",1,netral,1,netral,0,negatif,1,netral
Kami MATI Kelaparan PrayforSUMATERA Kami MATI Kelaparan PrayforSUMATERA 1 392,0,negatif,0,negatif,0,negatif,0,negatif
Pemerintah menyiapkan dua skema hunian sementara (huntara) guna memastikan kebutuhan dasar warga terdampak banjir dan longsor di Aceh Tamiang tetap terpenuhi. Dua skema tersebut meliputi huntara terpusat dan huntara in-situ yg dibangun di lokasi rumah warga yg terdampak. 12 22 25,2,positif,1,netral,2,positif,2,positif
"Akun parodi Usai melakukan kunjungan ke Tapanuli Tengah, Sumatra Utara dalam rangka meninjau dampak bencana banjir, Presiden Prabowo Subianto melanjutkan kunjungan ke Propinsi Nanggroe Aceh Darussalam untuk menyambangi warga yang terdampak bencana di Aceh Tenggara. news.detik. Usai dari Tapteng, Prabowo Lanjut ke Aceh untuk Tinjau Warga Korban Bencana Presiden Prabowo Subianto telah meninjau lokasi bencana banjir bandang di Tapanuli Tengah, Sumatera Utara (Sumut). 73",0,negatif,2,positif,0,negatif,0,negatif
"Aparat menindas rakyat, rakyat bela rakyat. Sherly Anavita mendapat teror karena dia terus mengangkat isu di lapangan pasca banjir bandang dan tanah longsor di Aceh. Suarakan pembelaanmu untuk Sherly, Teman2 PresidenOmon2Turunlah PresidenOmon2Turunlah",0,negatif,0,negatif,0,negatif,0,negatif
Tapi memang musibahnya datang Kamis sore. Sedangkan di hari tersebut KDM sudah bertolak ke Sumatera. Semoga aja segera pulang dan segera mengatasi masalah banjir selatan. Soalnya walikota sama bupati Bandung udah ngibarkan bendera putih.,0,negatif,0,negatif,0,negatif,0,negatif
bantuan ke sibolga sesedikit itukah??? atau masih blm ada??? di sibolga udh terjadi penjarahan dimana² PrayForSibolga PrayForSumatera 1 2 101,0,negatif,0,negatif,0,negatif,0,negatif
Pemulihan banjir Aceh di-support penuh sama kolaborasi pemerintah dan TNI lewat bantuan nyata GerakCepat 18,2,positif,2,positif,2,positif,2,positif
Wahana Lingkungan Hidup Jambi desak pemerintah mencabut izin perusahaan yang terbukti menjadi penyebab bencana banjir dan tanah longsor pada tiga provinsi di Pulau Sumatera. Walhi Jambi desak pencabutan izin perusahaan penyebab bencana Sumatera 224,0,negatif,1,netral,0,negatif,0,negatif
"Aceh, Riau, Sumut, Sumsel, Jambi itu isinya daging semua, bisalah menghidupi jumlah penduduk yang hanya 50jutaan di Sumatera.. 1 200",1,netral,0,negatif,0,negatif,0,negatif
"Ya, klaim itu benar. Tim Cook mengumumkan di X pada 2 Des 2025 bahwa Apple akan donasi untuk bantuan banjir di Indonesia (termasuk Sumatera) dan negara Asia lain. Sumber AppleInsider, 9to5Mac, dan postingan Cook sendiri. Bencana ini memang mendapat perhatian internasional.",2,positif,0,negatif,0,negatif,0,negatif
"Pemerintah Hadir membantu memulihkan kondisi terdampak bencana alam di Sumatera dan Aceh, Terimakasih Pak Prabowo dan pemerintah yang turun kelapangan 1 34",2,positif,2,positif,2,positif,2,positif
"PT Bank Rakyat Indonesia (Persero) Tbk menggelar program Trauma Healing bagi anak-anak terdampak bencana banjir bandang di Aceh, Sumatera Utara, dan Sumatera Barat. Program ini menjadi bagian dari aksi kemanusiaan BRI Group melalui BRI Peduli Sumatra yang berfokus pada pemulihan 2 1 906",2,positif,2,positif,2,positif,2,positif
"demn, ternyata ibu laundry biasa aku satu tapanuli 6",1,netral,1,netral,0,negatif,0,negatif
"Banjir dan longsor di Pulau Sumatra, Indonesia, menewaskan sedikitnya 174 orang, menurut Reuters. Ribuan rumah hancur atau terendam, infrastruktur rusak parah, dan banyak daerah terisolasi. Operasi penyelamatan terhambat hujan deras dan jalan yang rusak, puluhan orang 1 2 170",0,negatif,0,negatif,0,negatif,0,negatif
"Pilu! Anak Hanyut di Depan Mata di Banjir Bandang Aceh Utara, Ibu Curhat ke Najwa Shihab Umi Tolong 117",0,negatif,0,negatif,0,negatif,0,negatif
"Pemerintah pusat takut terbongkar penyebab banjir sumatra ke international..,kalo rakyat mudah dikibulin. Org asing tidak bisa. 39",0,negatif,0,negatif,0,negatif,0,negatif
Dukung langkah sigap Pemerintah pulihkan kondisi di Aceh dan Sumatra. Pemerintah Hadir BersamaPulihkanSumutAceh 6,2,positif,2,positif,2,positif,2,positif
"Lebih dari satu bulan pascabencana banjir melanda sejumlah wilayah di Aceh, duka dan kelelahan masih dirasakan para korban. Banyak keluarga kini harus memulai hidup dari nol setelah rumah, harta benda, dan sumber penghidupan mereka rusak atau hilang. Di tengah keterbatasan dan 1 210",0,negatif,0,negatif,0,negatif,0,negatif
"gw ga bisa bayangin sih jadi korban2 yg ngungsi banjir sumatera gmna, kehilangan rumah, keluarga, akses jg putus, bantuan lama gw yg pernah kebanjiran semata kaki naik dikit aja udh ngeluh bersihinnya minta ampun capeknya.. 28",0,negatif,0,negatif,0,negatif,0,negatif
"Aceh Sumatra Bangkit, Kunjungi Sumbar Presiden Pastikan pemulihan berjalan Cepat 1 22",2,positif,2,positif,2,positif,2,positif
"Banjir besar tak hanya menyisakan lumpur dan rumah rusak, tapi juga menghancurkan arsip gerakan catatan kasus, modul, dan bukti yang dulu menahan janji negara agar tetap bisa ditagih. Saat Banjir Tenggelamkan Rak Arsip Gerakan yang Ikut Hilang 2 372",0,negatif,0,negatif,0,negatif,0,negatif
"Gara-gara Sampah, Sekolah di Bandar Lampung Terendam Banjir Setinggi 1 Meter Gara-gara Sampah, Sekolah di Bandar Lampung Terendam Banjir Setinggi 1 Meter 1 2 920",0,negatif,0,negatif,0,negatif,0,negatif
"“Di Desa Garoga, sebuah jembatan Bailey menjulur melintasi aliran dan lembah, menghubungkan Batang Toru dengan harapan warga Tapanuli Selatan. Bukan sekadar rangka besi, melainkan jalan baru yang menyatukan langkah, doa, dan kehidupan.” JembatanBailey Garoga BatangToru 121 53 370",0,negatif,2,positif,2,positif,2,positif
"Pemerintah prioritaskan kesehatan warga pasca-banjir, layanan kesehatan gratis tersedia. Aceh Sumatera Update 15",2,positif,2,positif,2,positif,2,positif
Pemerintah Hadir Percepat Pemulihan Aceh - Sumatra 6,2,positif,2,positif,2,positif,2,positif
Sudah sepi pemberitaan tentang banjir bandang dan tanah longsor di Aceh Sumatera. Ada apakah ? 39,1,netral,1,netral,0,negatif,0,negatif
Bibit Siklon Tropis 91S bergerak menuju Sumatera. Meski berpeluang Rendah untuk menjadi siklon dalam 1-2 hari ke depan namun tetap akan membawa dampak tidak langsung hingga 11 Desember 2025 berupa hujan sedang - lebat di ; • Sumatera Barat • Bengkulu • Lampung 21 317 755,1,netral,1,netral,1,netral,1,netral
"Akun penggemar maaf banget ya moots kalo twt aku berisik soal bencana alam di Sumatera, beneran gak tega hati karena ada beberapa mutualku yg terdampak rumahnya banjir sampe sepinggang (alhamdulillah udah ngungsi). plis tetep berisik soal bencana alam ini drpd tumblr anitaasu itu pliss 36",0,negatif,0,negatif,0,negatif,0,negatif
"Penyidik Bareskrim Telusuri Jejak Kayu Garoga Pasca Banjir Sumut 27 Sampel Diambil, Dua Jembatan Diperiksa metrosulteng. Penyidik Bareskrim Telusuri Jejak Kayu Garoga Pasca Banjir Sumut 27 Sampel Diambil, Dua Jembatan... Tim penyelidikan Sumatra Barat akan melakukan inventarisasi kayu yang berada di pesisir laut apakah akibat bencana atau ada campur tangan 23",1,netral,1,netral,0,negatif,0,negatif
"bgt! beneran mayat tuh banyak yg belum dievakuasi, air minum jg mereka minum air banjir sedih bgtt sumpah nangis terus kalo liat berita 1 54",0,negatif,0,negatif,0,negatif,0,negatif
"Woii dengerin nih! Tanggapi usulan koalisi permanen, Ketua DPR RI Puan Maharani mengatakan pemilu tahun 2029 masih terlalu jauh untuk dibicarakan. Saat ini kita masih berduka karena musibah yang melanda saudara-saudara kita di Aceh, di Sumut dan Sumbar. Jadi Anak ogi dan 9 lainnya 5 31 42 962",0,negatif,0,negatif,0,negatif,0,negatif
Kerja nyata dan sat set. Presiden Prabowo Gerak Cepat Sejak Pekan Pertama Bencana kirim armada buat bantu warga terdampak banjir di Aceh. Keren parah. SatSet AcehHariIni PrabowoSubianto RelawanIndonesia,0,negatif,2,positif,2,positif,2,positif
"gw abis liat tiktok, scroll, menemukan konten yg bahas banjir di aceh n sumatra. n yap, buzzer + warga"" tolol itu masih aja ngebelain pemerintah. like? anjayyy, gobloknya uda sampe ke nadi"" anjir 34",0,negatif,0,negatif,0,negatif,0,negatif
"Yaa Allah… Sebuah video yang beredar menunjukkan seorang ibu mengantar anaknya sambil memanjat tebing, karena jalur utama masih terputus pascabencana. Aceh dilanda bencana besar pada 26 November 2025. Banjir bandang dan longsor menyebabkan sekitar 50 persen wilayah 9 40 51",0,negatif,0,negatif,0,negatif,0,negatif
"Keluarga Besar AMPHURI diwakili AMPHURI Sumut kembali menyalurkan bantuan kepada masyarakat yang terdampak bencana banjir dan longsor yang melanda sejumlah wilayah di Sumatera Utara. Bantuan kali ini menyasar ke lokasi Desa Hapesong, Batang Toru, Kabupaten Tapanuli Selatan. 1 62",2,positif,2,positif,2,positif,2,positif
"WASPADA CUACA EKSTRIM DI WILAYAH SUMUT BMKG mengimbau masyarakat untuk tetap waspada terhadap potensi peningkatan intensitas hujan pada 08–15 Desember 2025 di beberapa wilayah Sumatera Utara, termasuk Kota Pematangsiantar. 1 42",1,netral,1,netral,1,netral,1,netral
Guys aceh juga lagi banjir ya? Dapet kabar dari temen roblok ku kalau di aceh lagi banjir kasihan belum ada bantuan 105,0,negatif,0,negatif,0,negatif,0,negatif
"Bisa loh buat reach out akun2 besar, seperti medantalk atau taukotembung dll. Untuk kasih edukasi ke warga persiapan menghadapi banjir Atau bikin posko tanggap darurat banjir di tanggal 25. Jadi pas tgl 26 debit air tinggi, bisa pengkondisian warga buat ngungsi ke posko tsb 1 38",0,negatif,2,positif,2,positif,2,positif
"Gw Heran aja.. Lokasi Bencana di Aceh, SuMut, n SumBar.. Bisa DITEMBUS ama para Relawan dari NGO n para Influencer ampe ke Titik Lokasi yg katanya TerpenciL.. Lalu Kenapa PEMERINTAH dgn segala sumber daya nya bilang KESULITAN BUKA AKSES kesana Anjink beranak Babi, 25 121 286",0,negatif,0,negatif,0,negatif,0,negatif
"Ya Allah, kok begini parah pemimpin Negeri ini. Mrk sama sekali tdk memhami apa yg dibutuhkan rakyat yg kena musibah, tdk memahami hati yg luluh-lantak diterjang banjir, tdk memahami orangtua yg kehilangan semuanya. Cabutlah jabtan Mrk ya Allah, gantilah dg pemimpin yg baik. 16",0,negatif,0,negatif,0,negatif,0,negatif
"Warga Aceh Tamiang kini sudah menempati hunian baru! Pemerintah hadir memberikan solusi nyata melalui fasilitas lengkap, mulai dari klinik hingga area bermain. Langkah nyata ini memastikan pemerintah sigap untuk Aceh Sumatra. 15",2,positif,2,positif,2,positif,2,positif
"Kota Sibolga, dan Langkat. Sementara itu, sebanyak 97.384 warga Aceh terdampak banjir yang melanda wilayah itu sejak sepekan terakhir dan 13.174 di antaranya mengungsi karena rumah mereka terendam air. 1 113",0,negatif,1,netral,0,negatif,0,negatif
Mengukir harapan di Palupuh. Aksi kemanusiaan multidisiplin tim TDB UM dalam pemulihan pascabencana. jatim1news UM Malang Jatim nasional Agam banjir Sumatra JATIM SATU NEWS Mengukir Harapan di Palupuh Aksi Kemanusiaan Multidisiplin Tim TDB UM dalam... 29,2,positif,2,positif,2,positif,2,positif
"Asbun aja, itu kewajiban negara , ferry membantu nengurangi beban Pemerintah 2 8",0,negatif,2,positif,2,positif,2,positif
"Tenda-tenda pengungsi yang terendam banjir, adalah satu dari banyaknya realita musim dingin di g4-za di tengah anc4man p3nj4jah yang masih berlanjut. Mereka membutuhkan dukungan sumber daya yang memadai untuk terus bertahan. winter hujan Indonesia EmergencyAid trending 38",0,negatif,0,negatif,0,negatif,0,negatif
Menteri ESDM Bahlil Sampaikan Permohonan Maaf Pemulihan Listrik Aceh Tidak 93% Dirut PT PLN (Persero) Darmawan Prasodjo mengakui informasi mengenai pemulihan sistem kelistrikan Aceh sebesar 93% pascabencana banjir bandang tidak akurat. Ia menyatakan kondisi kerusakan 1 1,0,negatif,1,netral,0,negatif,0,negatif
TNI membantu warga memindahkan barang penting dari rumah terendam suatu aksi nyata Respons Cepat Negara PrabowoPeduliSumatera 1 1,2,positif,2,positif,2,positif,2,positif
"Bencana Dijadikan Panggung Realitas Semu BENCANA banjir bandang yang melanda wilayah Aceh, Sumatra Utara, dan Sumatra Barat meninggalkan duka yang sungguh tak terperikan. Lebih dari 920 orang kehilangan nyawa dan ratusan lainnya hilang. Soal kerusakan material tak kalah 1 2 488",0,negatif,0,negatif,0,negatif,0,negatif
"Akun parodi Dua kali ngerasain bencana, pertama gempa besar padang 30 september 2009 dan kali ini banjir bandang di sumbar. Sangat beda penanganannya dulu waktu gempa padang bantuan dimana mana, air bersih tiap hari pasti ada, pemulihan juga cepat. Tapi banjir kali ini miris 1 167",0,negatif,0,negatif,0,negatif,0,negatif
Pemerintah siapkan skema bantuan untuk korban banjir di Aceh 13,2,positif,2,positif,0,negatif,0,negatif
"Banjir menimbulkan dampak kerusakan, namun banjir tak menghancurkan semangat persaudaraan. Sehari setelah diguyur hujan lebat pada 7 Januari 2026, beberapa wilayah di Kabupaten OKU Timur, Sumatera Selatan terdampak banjir; rusaknya fasilitas umum dan rumah warga maupun tempat 11 4 10 982",0,negatif,0,negatif,0,negatif,0,negatif
SEDIH BGT PrayForSumatera AllEyesOnSumatera BENCANANASIONAL NATIONALDISASTER 97,0,negatif,0,negatif,0,negatif,0,negatif
Banjir besar. Beri Bantuan apa yg mampu kepada melayu Sumatera dan Aceh 3,2,positif,2,positif,2,positif,2,positif
Pemerintah langsung bergerak cepat dalam mengatasi bencana banjir di Sumatera. Mari kita dukung agar proses pemulihan lebih cepat lagi. Pemerintah Sigap untuk Aceh Sumatra 1 16,2,positif,2,positif,2,positif,2,positif
"Hujan deras membuat Sungai Batang Kuranji meluap, memicu banjir bandang susulan di Batu Busuk, Padang. Tim SAR dan warga bahu-membahu mengevakuasi penduduk yang terjebak arus deras. fyp fypage foryoupage ViralHariIni beritaviral BeritaHariIni banjirpadang timsar padang 33",0,negatif,1,netral,0,negatif,0,negatif
"Beberapa perusahaan kayu besar di Sumatra termasuk Toba Pulp Lestari, yang beroperasi di Sumut. Baru-baru ini, pemerintah selidiki 12 perusahaan diduga terkait pelanggaran lingkungan penyebab banjir November 2025, seperti kayu gelondongan yang memperparah bencana. Toba Pulp",0,negatif,1,netral,0,negatif,0,negatif
"*Di Tengah Lumpur dan Harapan, Polri Bersama Warga Buka Akses Jalan Kampung Setie Pascabencana* Bener Meriah — Kepolisian Resor Bener Meriah bersama personel Satuan Brimob Polda Aceh turun langsung membantu masyarakat membersihkan akses jalan yang tertutup material banjir 1 33",2,positif,2,positif,2,positif,2,positif
"Perubahan guna tanah ganggu ekosistem sungai Bina benteng atau gali terusan, tidak banyak bezanya - Pakar SinarHarian banjir SungaiKelantan sinarharian. .my Perubahan guna tanah ganggu ekosistem sungai SHAH ALAM - Kaedah menggali terusan atau membina benteng di Sungai Kelantan bukanlah penyelesaian sepenuhnya terhadap masalah banjir di negeri itu... 503",1,netral,1,netral,0,negatif,0,negatif
"ribuan jiwa terdampak banjir bandang di sumut. kerja tulus dan aksi kemanusiaan dari brimob dilapangan hadir untuk membantu evakuasi, sebagai upaya Pemulihan Awal Kebangkitan. KerjasamaUntukSumatera 14",2,positif,2,positif,2,positif,2,positif
"Pemerintah Sigap untuk Aceh Sumatra, bencana di Sumatra ditangani maksimal semua stakeholder pemerintah ikut terlibat 11",2,positif,2,positif,2,positif,2,positif
Detik-Detik Menegangkan! 8 Warga Terjebak Banjir di Batu Busuak Padang Berhasil Diselamatkan. Jule Senin Minggu LUM18ORNE LightsOnKaela gopayblueflag OurTAEYONGisBack galaxycan 196,0,negatif,1,netral,0,negatif,0,negatif
"Surabaya, 07/12/25. PrayForSumatera AllEyesOnSumatera arekgerak LMI Moedaberkelana kawanhealing 1 21 56",2,positif,2,positif,2,positif,2,positif
"Pray for Sumatera Untuk Sibolga, Tapanuli, Padang, Aceh, dan Nias—semoga semua diberi kekuatan, perlindungan, dan ketabahan. PrayForSumatera PrayForSibolga PrayForTapanuli PrayForPadang 116",1,netral,2,positif,2,positif,2,positif
"14. Mendagri menyebut sebanyak 25 desa di Aceh dan Sumut hilang pasca diterjang banjir dan tanah longsor. Adapun, delapan desa hilang di Sumut sisanya berada di Aceh. satgasAceh satgaspemulihanbencana 1 1 2 89",0,negatif,1,netral,0,negatif,0,negatif
Kekayaan alam Sumatra = kekayaan nasional Bencana alam Sumatra = Bukan bencana nasional PrayForSumatera Sumatra 32,0,negatif,1,netral,2,positif,0,negatif
"Dilmil II-10 Semarang turut berduka atas musibah banjir dan longsor di Aceh, Sumatera Utara, dan Sumbar. Doa terbaik kami untuk seluruh masyarakat dan warga peradilan yang terdampak. Smoga diberi kekuatan dan pemulihan yang cepat. PrayForSumatera DoaUntukAceh DilmilSemarang doa",0,negatif,2,positif,0,negatif,0,negatif
"Pemerintah Hadir! Bantu warga terdampak banjir, pulihkan Aceh Sumatra. BersamaPulihkanSumutAceh 1 24",2,positif,2,positif,2,positif,2,positif
"Jumlah korban meninggal dalam peristiwa banjir Sumatera Kembali bertambah per Senin, 29 Desember 2025. Kini, korban meninggal akibat bencana di Sumatera tercatat 1.140 atau bertambah 1 jiwa dari kemarin. Berdasarkan data yang dirilis BNPB pukul 06.30 WIB, 163 orang dilaporkan 5 431 525",0,negatif,0,negatif,0,negatif,0,negatif
dan 3 lainnya Perintah siapa kok bisa ditahan di gudang seperti ini? 1 451,0,negatif,0,negatif,0,negatif,0,negatif
"Inget banget waktu Banjir Besar di wilayah Sumatera Selatan jg sekabupaten kenak banjir aliran sungai Musi, tp gk ada tanggap dr pusat, aku kecarian emak bapak krn seminggu gk bs dihubungi, dan alhamdulillah mereka masih bs hidup dgn stok makanan seadanya 1 58",1,netral,0,negatif,0,negatif,0,negatif
"Wamenag Romo Syafi'i serahkan bantuan Rp2 Miliar untuk Gereja Katolik terdampak banjir di Sumut, Senin (29/12). Bantuan disalurkan ke Keuskupan Agung Sibolga (Rp1,7 M), Medan (Rp200 Jt), & Aceh (Rp100 Jt) untuk rehabilitasi rumah ibadah & pemulihan psikis umat. KemenagRI",2,positif,2,positif,2,positif,2,positif
"PPTIM menegaskan tiga poin utama penetapan status darurat bencana nasional, pembukaan akses bantuan internasional, serta pembentukan Badan Pemulihan dan Pembangunan (BPP) yang terintegrasi untuk Aceh, Sumut, dan Sumbar. Aceh Dari Luka ke Harapan Aceh Butuh Rehabilitasi yang Nyata dan Berkeadilan - Serambinews. 55",2,positif,2,positif,2,positif,2,positif
PRAY FOR SUMATRA ​Keluarga besar SMPN 6 Madiun turut merasakan duka mendalam atas musibah banjir bandang yang kini melanda beberapa wilayah di Sumatra. ​Mari kita kirimkan doa terbaik ​PrayForSumatra BanjirBandangSumatra Solidaritas SMPN6Madiun doa,0,negatif,0,negatif,0,negatif,0,negatif
"Ribuan rumah terendam banjir. Ratusan titik longsor. Jutaan orang terdampak akibat bencana ini. tp pemerintah seakan tutup mata, memang bang*at sih.. 1 26",0,negatif,0,negatif,0,negatif,0,negatif
"dan Bahkan disembunyikan ditempat yg Aman, berhubung hutan itu Sdh gundul & hujan terus-menerus terjadilah banjir bandang, sehingga kayu hasil bajingan tersebut terbawa arus air berserakan dimana-mana, begitu Lho? 1 125",0,negatif,0,negatif,0,negatif,0,negatif
"Lagi hujan deras kayak gini aku kepikiran sama saudara setanah air yang ada di provinsi Aceh, Sumut, dan Sumbar. Apa disana lagi hujan deras juga gak yaa, apa mereka aman, apa mereka khawatir sama hujan turun??? 1 20",0,negatif,0,negatif,0,negatif,0,negatif
Akun parodi katanya penanganan pasca banjir bandang dan tanah longsor di Sumatera udah berjalan dengan baik kok kita masih liat pemandangan seperti itu 88,0,negatif,1,netral,2,positif,0,negatif
"Lima hari setelah dilanda bencana yang dipicu siklon tropis Senyar dan Koto, akses jalan Banda Aceh-Medan masih lumpuh. Sejumlah ruas jalan tidak bisa dilalui karena tergenang banjir dan tertutup material ataupun longsor. Lingkungan AdadiKompas kompas. Akses Lintas Timur Banda Aceh-Medan Masih Lumpuh Lima hari pascabencana, akses jalan Banda Aceh-Medan masih lumpuh. Situasi itu membuat sejumlah lokasi terdampak masih terisolasi, termasuk di pesisir timur Aceh. 1 1 628",0,negatif,1,netral,1,netral,0,negatif
"dan Dan kalau kamu pakai contoh Riau, tolong pakai yg benar, kampar, siak, pelalawan, ohul juga banjir rutin loh tiap tahun. Syukurnya ga separah yg lagi terjadi di aceh sumut sumbar skrg. Fakta ga hilang hanya karena kamu ga mengalaminya sendiri Mute 2 95",0,negatif,1,netral,0,negatif,0,negatif
"Anggota Komisi III DPR RI Abdullah meminta Polri untuk segera membuat posko perlindungan perempuan dan anak di lokasi terdampak bencana banjir dan tanah longsor di Sumatera Utara, Aceh dan Sumatera Barat. Anggota DPR minta Polri buat posko perempuan-anak di lokasi bencana 1 1 341",1,netral,2,positif,2,positif,0,negatif
Kita Apresiasi Langkah TNI krn tlh mengerahkan Lbh Personel utk Rekonstruksi & Rehabilitasi Pascabencana Sumatra Tp Ingat Prmasalahan yg ad di Sumatra adlh Soal PEMBALAKAN LIAR. Banjir &Longsor parah gk menutup kemungkinan bs trjdi lg. Maka SELESAIkan dlu MASALAH utamanya peringatan,0,negatif,0,negatif,0,negatif,0,negatif
"Ketika banjir melanda Aceh, bukan hanya rumah yang terendam, tetapi juga harapan para pelaku usaha. ManajemenBisnis UMKMAceh BanjirAceh KetahananBisnis 1 56",0,negatif,2,positif,2,positif,0,negatif
"Fenomena baru,banyak banget nyamuk,pagi siang malem. Apa ini efek dari banjir bandang pulau Sumatra ya,jadi pada ngungsi ke pulau Jawa . Pasang status d sw Bogor yg ga pernah ada nyamuk pun terasa nyamuknya.... banyaknaymukdirumahku efekhutangundul nyamukngungsi 76",0,negatif,0,negatif,0,negatif,0,negatif
"Gubernur Jawa Barat Dedi Mulyadi memastikan akan bertolak langsung ke Aceh, Sumatera Barat, dan Sumatera Utara untuk menyalurkan bantuan bagi korban terdampak banjir dan longsor. Bantuan yang berhasil dihimpun Pemerintah Provinsi Jawa Barat bersama berbagai pihak mencapai Rp7 132 294 306",0,negatif,2,positif,0,negatif,0,negatif
"Akun parodi Pagi² kerjaan nya ngasih kabar dan nyari kabar yg lain. Kilas balik banjir bandang di pesisir selatan tahun kemaren, kami yg terdampak yah cuma punya kami dan keluarga, mana peduli pemerintah. Tau ga thun kemaren pessel rata? Enggak kan wkwwk. Skrng udh SUMATERA YG KENA- 3 143",0,negatif,0,negatif,0,negatif,0,negatif
"Di saat banjir dan longsor meluas, publik berharap pemimpinnya hadir. Pernyataan Presiden mempertegas ekspektasi itu hadir, sigap, dan bertanggung jawab. kompas. Prabowo Sentil Keras Bupati Aceh Selatan, Minta Mendagri Ambil Tindakan Tegas Prabowo soroti Bupati Aceh Selatan yang umrah tanpa izin saat banjir melanda wilayahnya dan meminta Mendagri segera ambil tindakan tegas. 25",2,positif,1,netral,0,negatif,0,negatif
Pembersihan terus dilakukan oleh Pemerintah di Aceh Tamiang. Pemerintah hadir untuk terus memulihkan lokasi bencana di Sumatera. Aceh Sumut Sumbar Sumatera 9,2,positif,2,positif,2,positif,2,positif
"Bencana banjir bandang dan tanah longsor Sumatra Utara, Barat, dan Aceh menarik perhatian luas media asing, seperti Associated Press, New York Times, Reuters, hingga ABC . Kantor-kantor berita global soroti parahnya dampak bencana, terutama terkait dugaan kuat adanya peran",1,netral,1,netral,0,negatif,0,negatif
"dan kalian ga sadar, kah? kita lagi disetir abis-abisan, issue banjir, sawit, dll langsung ditutupin pake berita sampah inara fugly, aura kashit, defuqna karamoy. buzzer di semua platform udah melimpah ruah, salam orba! 5 563",0,negatif,0,negatif,0,negatif,0,negatif
setiap liat berita tentang sumatra bawaannya pengen nangis PrayForSumatera 65,0,negatif,0,negatif,0,negatif,0,negatif
"Bantuan untuk saudara-saudara kita di Aceh, Sumut, dan Sumbar masih sangat dibutuhkan. Melalui aplikasi MASA donasi lebih mudah disalurkan kapan saja dan di mana saja. Yuk, cek cek MASA di ponselmu untuk melanjutkan langkah yang lebih baik! DonasiSumatra PrayForSumatra 4 23 64",2,positif,2,positif,2,positif,2,positif
"BNPB bersama TNI–Polri, BASARNAS, dan pemerintah daerah telah mengerahkan tim gabungan untuk evakuasi, pencarian korban, serta penyaluran logistik melalui jalur darat maupun udara. BNPB kerahkan alutsista guna percepat evakuasi korban banjir Sumatera 1 1 153",0,negatif,2,positif,0,negatif,0,negatif
"untuk daerah meulaboh saya kurang tau kak, tapi daerah banda aceh aman ya, cuma banjir luapan air hujan tgl 27 dan surut tgl 28. memang skrg mati lampu lagi, kebetulan saya jg di kuta alam 1 1 369",1,netral,1,netral,1,netral,1,netral
"Saya rakyat kecil mau usul, skrg kembalikan kpd yg minta ktp para pejabat,, nisalkan nih rumahnya kesapu banjir sampe rumah rata dengan tanah, dana data hilangn semua,, terus ktp nya kalo buat lg apa bisa langsung jadi, terus rt rw nya ikut di mana,, ini saya org awam 13",0,negatif,0,negatif,0,negatif,0,negatif
"Banjir Rob di Jakut, Motor Mogok Usai Nekat Terobos Genangan 20.detik. Video Banjir Rob di Jakut, Motor Mogok Usai Nekat Terobos Genangan Banjir rob merendam kawasan Jalan RE Martadinata, Jakarta Utara, tepatnya di depan Jakarta International Stadium (JIS), pada Kamis pagi (4/12) sekitar pukul 09.30 WIB. Air pasang laut yang meluap ke... 105",0,negatif,1,netral,0,negatif,0,negatif
"SHGlobal Prabowo sokong jual lumpur banjir di wilayah Aceh, Sumatera Barat dan Sumatera Utara, dapat pulihkan segera sungai selepas bencana Banjir Sumatera Prabowo Bencana Jual lumpur banjir Sumatera .my 360",2,positif,2,positif,2,positif,2,positif
"Banjir udah masuk rumah. Kamarku, kamar almarhum bapak, kamar mandi, gudang, teras udah kebanjiran. Hujan masih belum ada tanda-tanda akan berhenti. Padahal prediksi BMKG mestinya jam 20.00 sudah nggak hujan di desaku. Gusti Allah, kulo pasrah. 1 122",2,positif,0,negatif,0,negatif,0,negatif
"PT Pertamina Patra Niaga Regional Sumatera Bagian Utara (Sumbagut) bersama Pemerintah Kota Banda Aceh menginisiasi operasi pasar gas elpiji bersubsidi dan non-subsidi di empat lokasi strategis untuk memenuhi kebutuhan masyarakat pasca-bencana, sekaligus memastikan ketersediaan",1,netral,2,positif,2,positif,2,positif
"Perjuangan tanpa henti untuk mengembalikan terang dan harapan masyarakat Aceh. Sudah sebulan lebih pascabencana banjir yang melanda wilayah Aceh, salah satu yang paling parah terdampak adalah Kecamatan Takengon, Kabupaten Aceh Tengah. Petugas PLN selalu bersiaga, medan sulit 44",0,negatif,2,positif,2,positif,0,negatif
"Ini baru Gubernur yang hebat, berani dan punya nurani. Siapa pelaku yang menyebabkan banjir bandang dan longsor di Aceh, Sumut dan Sumbar harus di adili, jika tidak bisa di adili Indonesia, Gubernur Muzakir Manaf sebut di pengadilan internasional. Ronggo Sadewo (.sadewo) • Instagram reel 1 47",0,negatif,0,negatif,0,negatif,0,negatif
Lagi prihatin liat korban banjir Sumatera. Males ngurusin ijazah,0,negatif,0,negatif,0,negatif,0,negatif
"""Pusat kayaknya tutup mata,"" kata Ismail A Jalil, Bupati Aceh Utara. Dia menyatakan bencana banjir di Aceh 'lebih parah dari tsunami 2004. Dia menjelaskan, desa-desa berubah menjadi muara, dan rumah-rumah hanyut. 17 434 716",0,negatif,1,netral,0,negatif,0,negatif
Update. Pengerukan sedimen sungai akibat banjir. Alat berat telah diturunkan oleh pejabat yang berwenang. Jalur Sungai sekitar kota Padang. 17/12/2025 1 11 23 880,1,netral,1,netral,1,netral,1,netral
"Presiden Prabowo Cek Jembatan Mantuang, Padang Pariaman Pasca Banjir Presiden Republik Indonesia Prabowo Subianto meninjau langsung sejumlah lokasi terdampak banjir di Sumatra Barat, Kamis 18 Desember 2025, termasuk pembangunan Jembatan Padang Mantuang di Kabupaten Padang 1 1 248",1,netral,1,netral,2,positif,1,netral
"Berdasarkan laporan terbaru dari BNPB (via SCMP, 6 Des 2025), jumlah korban meninggal akibat banjir di Sumatra adalah 883 orang, dengan 520 hilang. Angka di posting asli (893) mendekati, tapi resmi 883. Bisa berubah seiring update.",0,negatif,0,negatif,0,negatif,0,negatif
"Gubernur Aceh Muzakir Manaf memperpanjang status darurat bencana selama dua pekan. Keputusan ini diambil karena banjir dan kerusakan fasilitas masih meluas, sementara ratusan ribu warga belum kembali ke rumah. Pemerintah daerah menambah tenaga evakuasi dan mempercepat pemulihan 38",0,negatif,1,netral,0,negatif,0,negatif
Sebuah video viral nampak sekelompok orang berseragam mirip loreng menghentikan kapal pengangkut bantuan untuk korban banjir di Aceh. Diketahui kelompok tersebut merupakan dua orang anggota KPA (Komite Peralihan Aceh) Meja Ijo Idi Cut di Aceh Timur. tni aceh aktualcom 145,0,negatif,0,negatif,0,negatif,0,negatif
"Penderitaan warga Desa Sibara-bara, Kecamatan Angkola Sangkunur, Kabupaten Tapanuli Selatan (Tapsel), Sumatera Utara, kini berada di titik nadir. banjir sumatra Potret Memilukan Wilayah Terdampak Banjir di Tapsel Sekolah Masih Tertimbun Lumpur, Jalan Rusak... 3 1 867",0,negatif,0,negatif,0,negatif,0,negatif
"Dalam RDP dengan Kementerian Kehutanan, Anggota Komisi IV DPR RI Rahmat Saleh mengkritik keras pemaparan Kementerian yang dinilainya mengabaikan peran deforestasi sebagai penyebab utama banjir dan longsor di Sumatra. Ia juga menyoroti meningkatnya produksi industri kehutanan di 8 63 172",0,negatif,1,netral,0,negatif,0,negatif
Bupati Al-Farlaky Tidak henti henti nya terus Mengantarkan Bantuan ke berbagai Pelosok Aceh Timur yang terdampak Banjir 23,2,positif,2,positif,2,positif,2,positif
"Baling ""Syukur, akhirnya kami dapat masuk ke rumah baharu dan dapat sambut Ramadan dengan selesa tahun ini (2026),"" kata Che Nai Isa, 62, seorang daripada 17 mangsa banjir puing Kampung Iboi. hmetro. .my 'Syukur, dapatlah sambut Ramadan dengan selesa' - mangsa banjir puing | Harian Metro Baling “Syukur, akhirnya kami dapat masuk ke rumah baharu dan dapat sambut Ramadan dengan selesa tahun ini (2026),” kata Che Nai Isa, 62, seorang daripada 17 mangsa banjir puing Kampung Iboi pada 4... 488",2,positif,2,positif,2,positif,0,negatif
"Puan Minta Mitigasi Diperkuat Bencana Tak Bisa Dihindari, Tapi Dampaknya Bisa Diminimalisir Ketua DPR RI, Puan Maharani, menegaskan perlunya penanganan cepat dan terukur terhadap bencana yang melanda Aceh, Sumatera Utara, Sumatera Barat, dan sejumlah wilayah lain di Indonesia. 84",1,netral,1,netral,1,netral,2,positif
"Setelah Sumatera, banjir juga melanda Kalimantan Selatan (Kalsel). Di provinsi ini, kejadian bencana ini berulang tiap tahun.",1,netral,1,netral,0,negatif,0,negatif
"Negara, kamu dimana? Pemerintah, kamu dimana? Apakah raungan pilu dari Sumatera ini tidak terdengar sampai kesana? Apakah raungannya, tangisannya, jeritannya kurang keras? Sampai kamu seolah menganggapnya sepele? Savesumatera longsor banjir",0,negatif,0,negatif,0,negatif,0,negatif
"Menteri Sosial (Mensos) Saifullah Yusuf menegaskan pemerintah melalui Badan Nasional Penanggulangan Bencana (BNPB) tengah menyiapkan hunian sementara untuk korban bencana banjir dan tanah longsor di Aceh, Sumatera Utara, hingga Sumatera Barat. Selengkapnya 1 3 4",0,negatif,2,positif,0,negatif,0,negatif
Selain ada alice in chains yang menyuarakan bentuk empatinya Ada juga Morfem band lokal yang mengadakan konser untuk menyumbangkan ke korban-korban banjir di sumatera lohhh PenasaranStay tuned terus di AlternativePrime 38,0,negatif,2,positif,0,negatif,0,negatif
"Dr awal mmg pemdanya yg gk becus, data awal gk pernah update, gk sigap, gk pnh pny plan mitigasi bencana Malah koar2 pempus yg gk bisa kerja tertawa",0,negatif,0,negatif,0,negatif,0,negatif
"Banjir bandang yang melanda Aceh bukan sekadar bencana biasa. Gubernur Aceh Muzakir Manaf alias Mualem mengungkap sederet kejanggalan yang membuatnya membandingkan musibah ini dengan tsunami 2004. Mualem Bongkar Keanehan Banjir Bandang Aceh Air Hitam, Tak Kunjung Surut, Seperti Tsunami Kedua -... 96",0,negatif,1,netral,0,negatif,0,negatif
"Data jumlah korban jiwa dan hilang bencana Sumatra Aceh 218 korban jiwa, 227 orang hilang Sumatera Utara 301 korban jiwa, 163 orang hilang Sumatera Barat 225 korban jiwa, 161 orang hilang Korban jiwa terbanyak di Agam (136) Korban hilang terbanyak di Aceh Utara (118) 1 91",0,negatif,0,negatif,0,negatif,0,negatif
"Pembangunan Fasilitas yg Rusak sudah mulai dbangun di Aceh. Sudah sebulan lebih Masyarakat Aceh, Sumut & Sumbar yg menjadi Korban Banjir & Longsor hidup terisolir Kini Tugas adlh memastikan Msyrakat bisa kembali hidup normal stlh Badai ini berlalu 1 6 8 450",0,negatif,0,negatif,0,negatif,0,negatif
"Warga terdampak banjir dapatkan bantuan logistik dan kebutuhan pokok, distribusi berlangsung lancar. Aceh Sumatera Update 14",2,positif,2,positif,2,positif,2,positif
"Ada yang menyiapkan tataan menyambut tahun 2026, namun sebagian saudara kita menata kehidupan mereka dimulai dari Nol. sumatra banjir PrayForSumatera 1 39",0,negatif,2,positif,2,positif,0,negatif
"Akun parodi Ya Tuhan, di antara gelombang duka dan tanah yang terguncang, kuatkanlah saudara-saudara kami di Aceh, Sumatera Barat, dan Sumatera Utara. Jadikan air mata mereka menjadi kekuatan, dan langkah mereka menjadi harapan. Bentangkanlah perlindungan-Mu seluas langit, dan turunkan 2 3 11 401",0,negatif,2,positif,2,positif,0,negatif
terima kasih polri telah banyak membantu masyarakat korban banjir hingga dirikan tiang listrik dan bangun jembatan agar penyaluran bantuan dan evakuasi bisa lebih maksimal untuk Bangkit Bantu Saudara WujudkanPemulihanSumatera 24,0,negatif,2,positif,0,negatif,0,negatif
"Kecamatan Sunggal, Kabupaten Deli Serdang, menjadi salah satu dari banyak wilayah di Sumatra yang merasakan dampak banjir terparah. Aktivitas warga terganggu, rumah terendam, dan kebutuhan sehari-hari menjadi hal yang paling mendesak. 1 89",0,negatif,1,netral,0,negatif,0,negatif
"sedih banget ya allah, liat vt isinya denger teriakan minta tolong aja mana gelap lagi, saut2an minta tolong. ya allah lindungi semua yang terkena dampak banjir dari tadi nangisin ini ajaa 1 17",0,negatif,0,negatif,0,negatif,0,negatif
"Pemerintah Hadir mengorkestrasi seluruh kekuatan bangsa agar penanganan berjalan masif dan terpadu. Sinergi Pemerintah Bareng Warga di lapangan menjadi energi utama percepatan ini. Karena Pemerintah Sigap untuk Aceh Sumatra, kita yakin badai segera berlalu Aceh Sumatra Bangkit. 13",2,positif,2,positif,2,positif,2,positif
teman² aku minta doanya buat teman aku yang lagi sakit di rumah sakit. sakitnya lumayan parah. kami belum bisa menghubungi keluarga nya karena terdampak banjir sumatra juga. terimakasih dukungan,2,positif,0,negatif,0,negatif,0,negatif
Wa'alaikumussalam warohmatullah wabarokatuh PrayForSumatera 44,1,netral,2,positif,2,positif,2,positif
"Bencana memang datang tanpa peringatan, tapi kepedulian tidak boleh menunda. Dari evakuasi hingga pemulihan, semua elemen bersatu bahu-membahu di lapangan. Pemerintah Sigap untuk Aceh Sumatra, memastikan bantuan terus mengalir sampai semua kembali normal.",2,positif,2,positif,2,positif,2,positif
"Pada penghujung tahun 2025, Indonesia dilanda banjir bandang dan bencana longsor yang terjadi di Sumatra Utara, Sumatra Barat dan Aceh. Lebih dari 1.000 orang menjadi korban akibat bencana tersebut Saksikan program spesial ""Catatan Akhir Tahun"" bersama Budiyanto, Pemimpin 739",0,negatif,0,negatif,0,negatif,0,negatif
"Legal aja bisa menyebabkan banjir parah, gimana illegalnya? Termul emang parah gobloknya 1 77",0,negatif,0,negatif,0,negatif,0,negatif
"Prabowo bilang, pemerintah siap terima bantuan untuk korban banjir di Sumatera. Langkah positif buat bantu masyarakat yang lagi kesusahan. Kita semua bareng-bareng, ya! 7",0,negatif,2,positif,0,negatif,0,negatif
"Malaysia sumbang 1 M dipuja-puja,orang jawa dan daerah lain yang nyumbang untuk banjir aceh kemarin lebih besar malah masih dihina dihina nitizen sana? 29",0,negatif,0,negatif,0,negatif,0,negatif
"Agak kesentil waktu panglima provinsi Anjing bilang warga provinsi Kelinci bisa ngungsi kalau ada dokumen registrasi. Sama aja kayak pejabat sini waktu banjir kemaren, harus bawa KTP dan KK buat nerima bantuan, seolah warga bakal inget buat selamatin dokumen-dokumen itu 1 27",0,negatif,0,negatif,0,negatif,0,negatif
Relawan paruh baya yang setiap hari mengantarkan air bersih dari posko kami di Nagan Raya masih sempat membantu menarik mobil mogok di jalan. Pak Adri ini saat tsunami dulu wara-wiri dgn mayat korban di Aceh Barat dan Nagan Raya. Hari ini pun tak mau tinggal diam. 11 37,2,positif,0,negatif,0,negatif,0,negatif
Seharusnya menyita semua kayu kayu gelondongan yg menjadi penyebab banjir bandang di Sumatra Berkekuatan hukum tetap Untuk penyelidikan siapa pemilik pemilik kayu gelondongan tersebut sebagai pelaku kejahatan Perusakan alam Jangan berharap dgn POLRI DN TNI,0,negatif,0,negatif,0,negatif,0,negatif
"Akun parodi 24 des di Aceh Karena Ulah Klean ,rakyat hidup ketakutan Cuaca dan Hutan yang gundul membuat warga Aceh Sumut dan Sumbar selalu dihantui ketakutan akan datangnya bencana Longsor & Banjir Bandang yang datangnya tiba tiba Mau sampai kapan Klean biarkan Rakyat hidup begini? 3 126 159",0,negatif,0,negatif,0,negatif,0,negatif
Warga yang kena banjir itu gimana ya mereka memulai hidupnya lagi setelah semua yang mereka punya hilang dalam sekejap 82,0,negatif,0,negatif,0,negatif,0,negatif
"Gus Bicara Peluang Status Bencana Nasional Ditetapkan di Aceh-Sumut “Yang menentukan nanti adalah BNPB dan kementerian-kementerian di bawah koordinasi pembangunan manusia dan kebudayaan,” BencanaNasional PrayForSumatera news.detik. Cak Imin Bicara Peluang Status Bencana Nasional Ditetapkan di Aceh-Sumut Menko Cak Imin pastikan penanganan bencana di Aceh dan Sumatera Utara. Selain itu, Cak Imin bicara peluang status bencana nasional mungkin ditetapkan. 23 22 37 936",2,positif,1,netral,1,netral,1,netral
Pemerintah menyalurkan bantuan finansial langsung kepada keluarga terdampak banjir demi pemulihan ekonomi daerah. Aceh Sumatera Update 14,2,positif,2,positif,2,positif,2,positif
"Akun komentar Banjir bandang terjang Sumut, Sumbar, Aceh. Polri langsung turun tangan! Evakuasi, bantuan medis, logistik... semua gercep! Salut! Polisi Tanggap Bencana Terimakasih POLRI _ 1 1 34",2,positif,2,positif,2,positif,2,positif
"BNPB Update Bencana kembali menginformasikan perkembangan terkini prioritas utama tetap pada evakuasi, penanganan darurat, dan kebutuhan mendesak warga. Ikuti perkembangan BNPB Update Bencana banjir longsor 3 Provinsi ( Aceh, Sumutdan Sumbar) di youtube youtube. BNPB Indonesia The Indonesia National Disaster Management Authority 38",1,netral,1,netral,2,positif,2,positif
Bantuan Kemanusiaan Polda Sumsel dan Bhayangkari Daerah Sumsel Tiba di Polres Tapanuli Selatan Bantuan kemanusiaan dari Polda Sumatera Selatan bersama Bhayangkari Daerah Sumsel untuk korban bencana alam Polsek Ilir Timur I Palembang () • Instagram photo 1 32,0,negatif,2,positif,0,negatif,0,negatif
"Perayaan Natal tahun ini tidak seperti tahun sebelumnya. Saudara-saudara kita umat Kristiani yang terdampak bencana beberapa waktu lalu, merayakan Natal dengan rasa duka. Rasa duka karena rumah terendam bahkan ada juga yang keluarganya hilang terbawa arus banjir dan tanah",0,negatif,0,negatif,0,negatif,0,negatif
"Menteri Sosial (Mensos) Saifullah Yusuf atau Gus Ipul mengusulkan pemberian bantuan sosial berupa jaminan hidup bagi korban bencana banjir bandang dan tanah longsor di sejumlah wilayah Sumatra. Gus Ipul menyebutkan, jumlah jaminan hidup (jadup) yang akan diberikan sebesar Rp10",0,negatif,2,positif,0,negatif,0,negatif
"BNPB mencatat 40 korban meninggal yang ditemukan tim SAR, sehingga total korban jiwa bencana Sumatra kini mencapai 961 orang. Simak pembahasan selengkapnya di video berikut ini! FaktaOne CariBeritaditvOne BLD05 BNPD BanjirSumatra BanjirAceh KorbanBanjir PakarUGM 2 2",0,negatif,0,negatif,0,negatif,0,negatif
POLDA SUMSEL LEPAS BANTUAN KEMANUSIAAN UNTUK KORBAN BENCANA DI PROVINSI SUMATERA UTARA Polda Sumatera Selatan menggelar kegiatan pelepasan bantuan kemanusiaan untuk korban bencana alam di Provinsi Sumatera Utara pada Rabu (3/12/2025) pukul 13.30 WIB di depan Gedung Presisi 1 1 58,0,negatif,0,negatif,0,negatif,0,negatif
Keren banget! Semoga semakin banyak pihak yang tergerak untuk membantu. Mari kita doakan yang terbaik untuk Sumatera. PrayForSumatera IndonesiaBangkit 22,2,positif,2,positif,2,positif,2,positif
"tapi kemaren hujannya beneran segede ituu ampe jalanan banjir snshshshsh agak serem sekarang kalo pergi-pergi yaa keknya aku tahun baruan mau di rumah aja dahhh, takut kebanjiran gabisa balik 1 75",0,negatif,0,negatif,0,negatif,0,negatif
"Siklon Senyar Penyebab Banjir Sumatra Senyar Melemah, Tapi Tetap Waspada Siklon Senyar Penyebab Banjir Sumatra Melemah, Tapi Tetap Waspada 365",1,netral,1,netral,1,netral,1,netral
Personel Polda Riau Tanggap Dalam Evakuasi Korban Terdampak Banjir di Sumatera Barat PrayForSumatera LekasPulihSumatera LekasPulihBumiku PrayForAcehSumutSumbar GreenPolicing KapoldaRiau RiauUntukBumi RiauLestari MelindungiTuahMenjagaMarwah PolriUntukMasyarakat 1 131,0,negatif,2,positif,0,negatif,0,negatif
"Aceh Sumatra Bangkit, Negara dating tanpa menunggu Pemerintah Bareng Warga Pemerintah Sigap untuk Aceh Sumatra 1 4",2,positif,2,positif,2,positif,2,positif
"Presiden Prabowo mengatakan jika dirinya diberikan daftar perusahaan yang izin nya akan dicabut, namun ia menolak untuk melihat data tersebut karena takut akan teman atau anggota dari partai nya masuk kedalam daftar tersebut. indonesia sawit berita aceh sumut 1 33",1,netral,1,netral,0,negatif,0,negatif
"Kok banjir di Sumatra diam aja min, parah luh bab* 1 1 114",0,negatif,0,negatif,0,negatif,0,negatif
"TPL bersama industri sawit dan tambang gencar lakukan land clearing. Akibatnya, hulu DAS rusak parah—ini akar penyebab tragedi banjir bandang dan longsor mematikan di Sumatera Utara tahun 2025. Buletin Medan () • Instagram reel 31",0,negatif,0,negatif,0,negatif,0,negatif
"Akun komentar Pemkab Bandung menetapkan status tanggap darurat bencana banjir dan longsor. Saat ini terdapat 14 kecamatan terdampak, ribuan rumah terendam. 1 1 1 79",0,negatif,1,netral,0,negatif,0,negatif
"Aneh ya,baut jembatan yang dilepas langsung disebut biadab,tapi hutan yang jelas ditebang sampai banjir merenggut ribuan nyawa cukup disebut musibah.Mungkin karena baut bisa ditunjuk pelakunya,sementara yang satu lagi terlalu besar untuk disebut namanya.",0,negatif,0,negatif,0,negatif,0,negatif
"Najis banget liat story temen yang upload tenda kemensos di area terdampak banjir Sumatra tapi gak jelas pula lokasinya di mana. Terus songongnya lagi pake caption, ""gak perlu diviralkan cukup diam-diam aja."" Yeee kampang, ya itu kan emang harusnya kerjaan kementrian lu!! GIF 1 79",0,negatif,0,negatif,0,negatif,0,negatif
"Pertama kalinya dalam hidup ngungsi karna banjir. Panik waktu packing tas siaga bencana, cabut2in semua colokan listrik, naikin barang ke meja/atas lemari... 1 56",0,negatif,0,negatif,0,negatif,0,negatif
"Mimpi apa semalam? Ngasih ide kok ya nanggung, yg lebih hancur gtu boleh.. Buat hutan ya bakal jadi hutan bakau kan pas itu sering banjir..jadi tempat pariwisata baru. Ide nya yg lebih hancur gtu, solusi banjir ya, buat kota di atas air..gk ada banjir lg, di jamin 100%. 954",0,negatif,0,negatif,0,negatif,0,negatif
"PrayForSumatera utk semuanya yg terkena dampak banjir dan tanah longsor, stay safe ya semoga ujannya cepet reda, banjir surut dan selanjutnya gaada lagi bencana2 kayak gini ya allah 2 141",1,netral,2,positif,2,positif,0,negatif
Kan.. kan... Kena Roasting GenZ deh jadinya kasus Starlink nya... AllEyesOnSumatra PrayForSumatera Rauf Afoche Maulana Hutagaol () • Instagram reel 20,1,netral,0,negatif,0,negatif,0,negatif
"CHRISTMAS CHARITY CERIATHON 2025 JakaCeria VtuberID Vtuber Charity Ceriathon CERIATHON 2025 KEMBALI LAGI!!! Untuk tahun ini kita akan menyalurkan bantuan ke saudara-saudara kita yang terkena dampak bencana banjir di sumatra, info lebih lanjut di reply~ 1 5 11",2,positif,2,positif,2,positif,2,positif
"Akun komentar NarasiNewsRoom | Narasi Daily Hingga Senin (1/12) malam, BNPB melaporkan lonjakan jumlah korban dalam bencana banjir di Sumatera Utara, Aceh dan Sumatera Barat. Data terbaru, 604 orang dilaporkan meninggal dunia, sementara 464 orang masih hilang. Selain itu, 101",0,negatif,0,negatif,0,negatif,0,negatif
"Di tengah kondisi itu, Pemerintah Jepang melalui Perdana Menteri Sanae Takaichi menegaskan solidaritasnya kepada Indonesia dan memastikan kesiapan memberikan bantuan untuk penanganan pascabencana. Delapan Warga Jepang Terjebak Banjir di Aceh, Tokyo Siap Berikan Bantuan Pascabencana - Serambine... 1 124",2,positif,2,positif,2,positif,2,positif
"Pemerintah Sigap untuk Aceh Sumatra, dari pusat sampai daerah bergerak cepat. 1 4",2,positif,2,positif,2,positif,2,positif
"Ya Allah PrayForSumatera Ditengah cerita pilu bencana banjir di Aceh, Medan, Sibolga dan daerah lainnya, ada Kerja Nyata perjuangan luar biasa relawan SPPG agar MBG bisa tetap sampai dg tetap aman & higienis kepada penerima manfaat. LanjutkanMBG ROTY Tumbler Hutan Agak Laen 1 528",2,positif,2,positif,2,positif,2,positif
Anggota Polsek Sugio Polres Lamongan Cepat Tanggap melaksanakan penanganan Banjir yang terjadi di dusun Jati desa Sidorejo Kecamatan Sugio Jum'at Sore tadi. Petugas bersama warga melaksanakan pengaturan arus lalu lintas dan membantu pengendara melewati wilayah yang terendam 1 43,2,positif,2,positif,2,positif,2,positif
"sedih banget, semoga semua masyarakat sumatera diberi ketabahan PrayForSumatera",1,netral,2,positif,2,positif,0,negatif
Akun parodi Penanganan banjir Sumatera butuh gotong royong Projo Peduli Bencana bersama Budi Arie Setiadi mendorong solidaritas sosial nasional Setia Digaris Rakyat hadir bantu pangan sandang air bersih serta dukung Presiden Prabowo bangun kembali infrastruktur Projo Ajak Publik Bersatu Hadapi Banjir Besar di Sumatera 2 56,2,positif,2,positif,2,positif,2,positif
"Pantesan Anggaran Bencana Sumut Dipangkas 88% di Era Bobby Nasution, Respons Banjir Dinilai Lambat! Pemerintah Provinsi Sumatera Utara (Sumut) di bawah kepemimpinan Gubernur Bobby Nasution menuai kritik tajam setelah memangkas drastis anggaran Belanja Tidak Terduga (BTT)—pos Anak ogi dan 9 lainnya 9 41 63",0,negatif,1,netral,0,negatif,0,negatif
Dunia kegelisahan Kelihatannya banjir susulan bisa jadi lebih parah dikemudian hari jika tidak segera diatasi hulunya,0,negatif,1,netral,0,negatif,0,negatif
"Daftar 10 banjir besar di Indonesia Bencana banjir Sumatera Utara, Aceh, dan Sumatera Barat saat ini bukan yang pertama terjadi di Indonesia. Semestinya pemerintah bisa belajar dari bencana sebelumnya. PrayForSumatera PrayForAceh Berikut banjir dengan jumlah korban 125",0,negatif,1,netral,0,negatif,0,negatif
"dan 3 lainnya mana bantuan alat berat dari pemerintah pusat pak? Mohon gunakan Pajak itu pakai beli alat berat, masa jaman gini hewan digunakan bersih2 sisa banjir, malu pak sama negara tetangga ini udah masuk berita dunia loh pak... Miris liatnya pak 1 129",0,negatif,0,negatif,0,negatif,0,negatif
"Menteri ESDM Bahlil Lahadalia mengklaim bahwa tambang bukanlah penyebab bencana banjir dan longsor di Sumatra Barat (Sumbar). Sedangkan di Aceh dan Sumatra utara, ia mengaku masih melakukan pengecekan. Tapi, Wahana Lingkungan Hidup Indonesia (Walhi) Sumatra Barat mengungkap 2 188",1,netral,1,netral,1,netral,0,negatif
"Rinciannya, sebesar Rp 25,41 triliun untuk Aceh, Rp 12,88 triliun untuk Sumatera Utara (Sumut), dan Rp 13,52 triliun untuk Sumatera Barat (Sumbar). 1 8",1,netral,1,netral,2,positif,2,positif
"sampe hr ini, ga ada transparansi soal peta sebaran izin, lokasi temuan kayu, sebaran dampak banjir. masyarakat cuma dikasih istilah teknis kyk ""phat di apl"" & ga nyebut satu nama pun. di balik itu semua, 659 jiwa udh wafat & lebih dr sejuta orang ngungsi. 69",0,negatif,0,negatif,0,negatif,0,negatif
Banjir lagi banjir lagi ya Allah. 83,0,negatif,0,negatif,0,negatif,0,negatif
Bencana di Sumatera itu efek patung Mulyono didirikan di Sumatera Utara. Bumi Indonesia tidak merestui patung Mulyono didirikan karena dia merusak negara ini 1 73,0,negatif,0,negatif,0,negatif,0,negatif
"Akun parodi Banjir bandang di Sumatera udah bikin banyak korban dan ratusan ribu orang harus ngungsi. Di tengah situasi sedih ini, masih ada aksi nyata yang jalan tanpa banyak drama. Semoga ini menjadi Pemulihan Awal Kebangkitan. KerjasamaUntukSumatera 22",0,negatif,0,negatif,0,negatif,0,negatif
"Wajar kok mereka berisik, Rumah aja hilang, prayforaceh PrayForSumatera Bencana ini blm tuntas ya gaess..",0,negatif,0,negatif,0,negatif,0,negatif
"Ya Allah Sumatera banjir yaaa Sumatera barat, utara, selatan 1 3",0,negatif,1,netral,0,negatif,0,negatif
Tuhan pulihkan untuk Sumatera PrayForSumatera 1 226,2,positif,2,positif,2,positif,2,positif
"Itu di Sumatra bukti kalau lu gunduli hutan, salah satu bencananya adalah banjir bandang. Masih mau gundunli hutan juga?",0,negatif,0,negatif,0,negatif,0,negatif
Hebat emaknya siapa ini ? PrayForSumatera MAMAH NIKAH Bencana Lingkungan Hidup Jahatnya Siti Nurbaya 11 12 57,1,netral,0,negatif,0,negatif,0,negatif
"Usul ke pak Purbaya MBG di Aceh, Sumbar, dan Sumut dialihkan ke Dapur Umum Korban banjir sampai lokasi pemukiman warga selesai diatur ulang back to normal. 1 37",0,negatif,2,positif,0,negatif,0,negatif
"Di kemarin, Bene Dion, Boris Bokir, Indra Jegel, Oki Rengga, Muhadkly Acho, Ernest Prakasa, & Dipa Andika bikin event lelang poster film AGAK LAEN MENYALA PANTIKU yg bertanda tangan. Hasilnya? 22 juta terkumpul untuk didonasikan ke korban banjir Sumatera & Aceh 1 1",0,negatif,2,positif,2,positif,2,positif
"Wallahu alam, kayaknya ga ada sabotase, dari awal emang semua lambat. Lihat aja pernyataan ka BNPB. Hari keberapa pasca bencana baru semua tergagap. Emang lambat aja sih. Cerita dari awal dah kirim bantuan, ga ada itu, daerah udah gelagapan ga karuan baru jakarta turun. 1 94",0,negatif,0,negatif,0,negatif,0,negatif
"Polri melalui jajaran Polda Sumatera Barat (Sumbar) memberikan dukungan penuh penanganan bencana alam yang terjadi di wilayah Sumatera, termasuk pengerahan personel untuk pemulihan listrik. Berkat sinergi antara Polri dan PLN, 17",2,positif,2,positif,2,positif,2,positif
"kalau udah begini tuh sedih bgt rasanya, beneran rakyat bantu rakyat, pemerintah kalau bantu juga malah pencitraan, ngonten angkat beras, pura-pura beres-beres lah, pasang muka segede gaban di sembako yang memang SEHARUSNYA LU KASIH DARI LAMA, pake nolak bantuan asing lagi, hadeh 53",0,negatif,0,negatif,0,negatif,0,negatif
Akun parodi Terimakasih buat atas pengiriman bantuan kepada para korban Bencana Semoga bantuan yang di kirim selamat sampai tujuan. PrayForSumatera 3 12 29 443,0,negatif,2,positif,0,negatif,0,negatif
"Pemerintah Hadir secara nyata dalam penanganan banjir di Sumatra dan Aceh. Sejak hari pertama, sumber daya dikerahkan untuk evakuasi dan logistik. Sinergi Pemerintah Bareng Warga terus berjalan di lapangan guna memulihkan layanan dasar dan akses jalan. 12",2,positif,2,positif,2,positif,2,positif
"Agam Kembali Menyala, Sistem Kelistrikan Sumbar Pulih 100% Pascabencana! 2",2,positif,2,positif,2,positif,2,positif
Apa ada mafia manfaatin situasi bencana ? Kenapa BBM langka nya menyeluruh di Taput padahal akses jalan tidak menyeluruh tertutup. Usut pertamina bumn sumut tapanuli BencanaAlam belawan 1 25,0,negatif,0,negatif,0,negatif,0,negatif
Total 3 Prajurit TNI Gugur Saat Evakuasi Korban Banjir dan Tanah Longsor di Sumbar sumatera24jam. Sumatera24Jam Total 3 Prajurit TNI Gugur Saat Evakuasi Korban Banjir dan Tanah Longsor di Sumbar 6,0,negatif,0,negatif,0,negatif,0,negatif
Pemerintah Hadir memberikan bantuan terbaik kepada Warga Aceh Sumatra yang terdampak bencana banjir 181,2,positif,2,positif,2,positif,2,positif
"Krisis Mushaf Quran Masih Dihadapi oleh Saudara Muslim Korban Bencana Banjir Bandang Aceh-Sumatera! Mari menjadi bagian dari hadirnya ""Mushaf Quran"" baru untuk mereka melalui, Bank Mandiri # 132.00.1565.333.1 A.n. Al Hilal Rancapanggu fyi alhilal sumatera 🏧",0,negatif,2,positif,0,negatif,0,negatif
PLN Kerahkan Pembangkit 30 MW yang Tiba di Banda Aceh untuk Perkuat Pasokan Listrik Pasca Banjir NAD dengan Tambahan 20 MW Menyusul Total Capai 50 MW dalam Sistem Kelistrikan 1 177,2,positif,2,positif,2,positif,2,positif
"Video ini dari aksi penjarahan di Alfamart di Sibolga dan Tapanuli Tengah, Sumatera Utara, pada 29 November 2025, akibat kepanikan pasca banjir dan longsor yang menyebabkan kekurangan sembako.",0,negatif,0,negatif,0,negatif,0,negatif
"5.951 Huntap Dibangun di Sumatera Utara, Sebagian Dikebut Rampung Bulan Depan 5.951 Huntap Dibangun di Sumatera Utara, Sebagian Dikebut Rampung Bulan Depan 14",2,positif,1,netral,2,positif,2,positif
"Dnf itu do not finish, dan faktornya banyak ga melulu tabrakan. Mobil lu tiba2 mogok itu juga bisa DNF",0,negatif,1,netral,0,negatif,0,negatif
"Kami di Medan, hari pertama banjir bahkan rumah kami sudah terendam air sampai atap. Satu malam kami terjebak tidak ada satu pun tim penyelamat menjemput kami. Hingga pada pukul 7 malam hari, air mulai surut kami melakukan evakuasi mandiri. Banyak berita yang masih digadangkan. 1 1 240",0,negatif,0,negatif,0,negatif,0,negatif
Aku setuju Hukum Alam itu Mutlak! Peringatan keras dari KDM. logikafilsuf banjir banjirsumatera 2 4 162,1,netral,1,netral,0,negatif,0,negatif
"Banjir dan Longsor Meluas di Sumatra Utara, BMKG Cuaca Ekstrem Dampak Siklon Tropis Senyar kompas.tv Banjir dan Longsor Meluas di Sumatra Utara, BMKG Cuaca Ekstrem Dampak Siklon Tropis Senyar Kepala BBMKG Wilayah I Hendro Nugroho menyebut Senyar adalah bibit siklon tropis 95B yang berkembang sejak 21 November 2025 di Selat Malaka. 1 3",1,netral,1,netral,1,netral,1,netral
Komunitas yang menamakan diri Relawan Donasi Peduli Gayo memikul 12 ton beras untuk didistribusikan kepada masyarakat di dataran tinggi Aceh yang terisolasi pasca-banjir bandang dan tanah longsor. antaranews. Relawan peduli Gayo pikul 12 ton beras ke daerah terisolir Aceh Komunitas yang menamakan diri Relawan Donasi Peduli Gayo memikul 12 ton beras untuk didistribusikan kepada masyarakat di dataran tinggi Aceh yang terisolasi ... 357,0,negatif,2,positif,2,positif,2,positif
"Buat anggota DPR yang nyinggung itu saya kasih saran, gimana kalo tunjang bapak di DPR di kasih buat masyarakat yang kena banjir, itu salah satu cara cari muka didepan rakyat loh pak, biar keliatan baik juga kan, toh kalian hobynya gitu kan PrayForSumatera 26",0,negatif,0,negatif,0,negatif,0,negatif
"Viral Posko Bantuan Banjir di Aceh Tamiang Diserbu Emak-emak, Ungkap Ada Dugaan Penyelewengan (09/01/26) 4 4 5 726",0,negatif,0,negatif,0,negatif,0,negatif
"Presiden Prabowo Subianto meminta Menteri Kesehatan, Budi Gunadi Sadikin, untuk mengerahkan dokter internship (magang) serta dokter koas ke lokasi-lokasi bencana di Aceh, Sumatera Barat (Sumbar), dan Sumatera Utara (Sumut). Permintaan itu disampaikan dalam rapat terbatas 1 336",1,netral,1,netral,2,positif,2,positif
Bisalah panggil kim do ki buat nyelesein orang2 bandel yg punya andil besar bikin sumatera dan aceh banjir 35,0,negatif,0,negatif,0,negatif,0,negatif
"Gegara endapan tanah liat pasca banjir bang, mungkin jalur air baru juga gak ada 58",0,negatif,1,netral,0,negatif,0,negatif
"Kerja cepat dan kolaboratif terlihat di Sumatera Prabowo Respon Cepat menggerakkan TNI Polri BNPB dari evakuasi hingga pemulihan saat Listrik Kembali Menyala kehidupan kembali berdenyut Kondisi Terkini Pasokan BBM, LPG, Listrik ke Daerah Terdampak Banjir Sumbar 6",2,positif,2,positif,2,positif,2,positif
"berkat POLRI yang selalu siaga, evakuasi korban banjir di Sumatera berjalan lancar. Salut banget! Semoga selalu amanah dalam mengemban tugas. Teruslah jadi inspirasi buat kita semua 22",0,negatif,2,positif,0,negatif,0,negatif
sebanyak 222 warga yang terdampak bencana mendapatkan layanan kesehatan dari polda sumbar Melakukan Upaya Perbaikan WujudkanSumateraPulih 19,2,positif,2,positif,2,positif,2,positif
Masih edisi bersih2 sisa galodo. PrayForSumatera PKSPelayanUmat 110,1,netral,2,positif,2,positif,2,positif
dan 2 lainnya Sampai dua hari lalu MASIH ADA 100 desa TERISOLIR tidak mendapatkan bantuan setelah 10 hari pasca bencana Jadi babi di atas maunya gimana Sumatera bagian Utara yg luluh lantak ini? 1 34,2,positif,0,negatif,0,negatif,0,negatif
"Badan Penanggulangan Bencana Daerah (BPBD) DKI Jakarta melaporkan sebanyak 23 RT dan dua ruas jalan tergenang di Kota Jakarta Utara dan Kabupaten Kepulauan Seribu terdampak banjir rob pada Sabtu (6/12) siang. ""Ada 23 RT dan dua ruas jalan yang tergenang banjir rob di Jakarta",1,netral,1,netral,1,netral,0,negatif
"Rumah dan lingkungan rumah gw pdhl gak terdampak, tp malam ini hujan gede lagi, udah parno duluan takut aja kenapa-kenapa Medan malam ini hujan petir lagi. Minta doanya semoga gak ada banjir susulan ya 111",0,negatif,0,negatif,0,negatif,0,negatif
"Pasca Banjir Besar, Mendikdasmen Abdul Mu’ti Tinjau dan Pimpin Upacara Hari Pertama Sekolah di Aceh Tamiang acehprov.go. Pasca Banjir Besar, Mendikdasmen Abdul Mu’ti Tinjau dan Pimpin Upacara Hari Pertama Sekolah di Aceh... Pasca Banjir Besar, Mendikdasmen Abdul Mu’ti Tinjau dan Pimpin Upacara Hari Pertama Sekolah di Aceh Tamiang 38",2,positif,1,netral,2,positif,1,netral
"kenapa lu harus fokus sama hal yang gak penting sama sekali? sedangkan dampak dari banjir sumatra belum selesai, papua udah mulai digunduli lagi buat jadi kebun sawit. 2 229",0,negatif,0,negatif,0,negatif,0,negatif
"ANTARA - Banjir di Jakarta mulai surut, sisa 28 RT dan 6 ruas jalan tergenang Banjir di Jakarta mulai surut, sisa 28 RT dan 6 ruas jalan tergenang 1 353",1,netral,1,netral,1,netral,1,netral
Bekerja tulus demi rakyat Aceh 1 5 398,2,positif,2,positif,2,positif,2,positif
"Padahal di skolah uda diajarin, buang sampah sembarang, menebang pohon bisa bikin banjir + bikin polusi jadi naik, karena pasokan oksigen jadi tipis, blm lagi cadangan air dan resapan tanah jadi tipis 1 734",0,negatif,0,negatif,0,negatif,0,negatif
"45 hari pasca bencana, Desa Sahraja, Aceh Timur masih belum mendapatkan arus listrik. Di tengah proses pendistribusian bantuan, hati kami terenyuh mendengar cerita dari seorang anak yang rumahnya tersapu habis oleh banjir. Cerita ini mengingatkan bahwa kehilangan masih terus 8",0,negatif,0,negatif,0,negatif,0,negatif
"Ibu aprida, rumahnya hancur hanyut terhantam banjir dan gelondongan kayu, sisa tembok kamar mandi. Desa Tanah Terban, Kecamatan Karang Baru, Aceh Tamiang 1 455",1,netral,0,negatif,0,negatif,0,negatif
"Menteri Keuangan (Menkeu) Purbaya Yudhi Sadewa siap menggelontorkan dana darurat guna membantu penanganan bencana banjir dan tanah longsor di Pulau Sumatera. ""Kalau saya disuruh bayar, saya bayar, gitu saja,"" kata Purbaya di kawasan Jakarta Selatan, Sabtu (29/11/2025). Kendati 6 922",2,positif,2,positif,2,positif,2,positif
"Kantor Imigrasi Kelas II TPI Langsa menjadi salah satu UPT Kementerian Imigrasi dan Pemasyarakatan yang terdampak dari banjir yang melanda Aceh, Sumatera Utara dan Sumatera Barat pada akhir November 2025 lalu. 1 46",1,netral,1,netral,0,negatif,0,negatif
ironi banget setiap liat medsos isinya bencana PrayForSumatera 32,0,negatif,0,negatif,0,negatif,0,negatif
dan Amit amit jangan sampai daerah Sumsel jadi cak ini jg. Apalagi yg pengger sungai Musi skrg jg banyak lahan di jadiin ladang sawit 4 191,0,negatif,0,negatif,0,negatif,0,negatif
"Pak Prabowo Respon Cepat nya luar biasa. Sejak bencana melanda Sumatera, pemerintah, TNI, Polri, BNPB all-out bantu warga. Kabar baik Listrik Kembali Menyala di banyak titik, terhubung sistem besar. Pemulihan listrik stabil. Kondisi Terkini Pasokan BBM, LPG, Listrik ke Daerah Terdampak Banjir Sumbar 17",2,positif,2,positif,2,positif,2,positif
Gerak Cepat Bupati Mukhlis Tangani Musibah Banjir Cuaca ekstrem dan curah hujan yang tinggi telah menyebabkan banjir dan tanah longsor datang tiba-tiba serta melumpuhkan berbagai aktivitas warga. aceh.tribunnews. Gerak Cepat Bupati Mukhlis Tangani Musibah Banjir - Serambinews. Cuaca ekstrem dan curah hujan yang tinggi telah menyebabkan banjir dan tanah longsor datang tiba-tiba serta melumpuhkan berbagai aktivitas warga. 57,2,positif,1,netral,0,negatif,0,negatif
aduhh rumah yg gk pernah banjir itu skrg kekmana ya banjir gak ya mama papa adekku skrg lagi tidur atau ngapain ini aduh banyak pulak kucingku di rumah 55,1,netral,0,negatif,0,negatif,0,negatif
Petenis Justin Barki Sumbangkan Bonus buat Korban Banjir Sumatera Petenis Justin Barki Sumbangkan Bonus buat Korban Banjir Sumatera 23,0,negatif,2,positif,0,negatif,0,negatif
Sangat disayangkan oleh kelakuan kelompok yang ingin menghambat bantuan masuk ke wilayah korban bencana banjir di aceh 1 21,0,negatif,0,negatif,0,negatif,0,negatif
"Evakuasi Dramatis TNI AL di Tapteng Lansia Dituntun, Balita Berhasil Diselamatkan jurnalpatrolinews. . Evakuasi Dramatis TNI AL di Tapteng Lansia Dituntun, Balita Berhasil Diselamatkan - Jurnal Patroli... Prajurit TNI AL dari Lanal Sibolga melakukan evakuasi dramatis di Tapanuli Tengah, menyelamatkan lansia dan balita yang terjebak banjir 21",0,negatif,2,positif,0,negatif,0,negatif
"Kehadiran pemerintah di tengah bencana banjir Aceh bukan sekadar janji. Bantuan nyata, respons cepat, dan kepedulian langsung menjadi bukti negara hadir bersama rakyatnya. PemerintahHadir AcehBangkit PeduliBanjir 1 62",2,positif,2,positif,2,positif,2,positif
"Di saat air naik dan harapan turun, TNI datang membawa keberanian. Mereka tak kenal lelah mengevakuasi warga, menjaga setiap nyawa tanpa pamrih. TNIUntukRakyat TNIBersamaRakyat TNIKebanggaanRakyatIndonesia BanjirAceh SiagaBencana 7",2,positif,2,positif,2,positif,2,positif
"Polri melalui jajaran Polda Sumatera Barat memberikan dukungan penuh penanganan bencana alam yg terjadi di wilayah Sumatera, termasuk pengerahan personel utk pemulihan listrik. Berkat sinergi antara Polri dan PLN, pemulihan listrik kini telah mencapai 100% wilayah Sumbar. 28",2,positif,2,positif,2,positif,2,positif
"Tim SAR gabungan pagi ini masih membersihkan lumpur di SMA Negeri 12 Padang pasca banjir yang melanda Sumatera Barat. Sementara siswa tetap belajar dengan sistem daring, Rabu (03/12) pagi. Mth SAR Bencana Pasca Banjir Sumatera Padang 593",1,netral,1,netral,2,positif,2,positif
Banjir susulan kembali melanda Kota Padang Sumatera Barat pada Minggu sore 14 Desember 2025. Puluhan warga terpaksa dievakuasi sementara dua orang dilaporkan sempat terseret arus sebelum berhasil diselamatkan petugas BanjirPadang BPBDPadang CuacaEkstrem 1 162,1,netral,0,negatif,0,negatif,0,negatif
Okay takut banget ini ujannya kaya banjir waktu itu.... 96,0,negatif,0,negatif,0,negatif,0,negatif
"Kementerian ESDM dan PLN menyalurkan 1.000 genset untuk wilayah Aceh yang masih terisolasi akibat banjir, membantu warga tetap mendapatkan penerangan sementara. Genset untuk Aceh Terang Sementara yang Menjaga Harapan Warga 25",2,positif,2,positif,2,positif,2,positif
"Walaupun Banda Aceh sudah terkendali persoalan banjir, tapi tetap ada masalah, karena kita semua tergantung kepada Medan untuk pasokan pangan dan lainnya PrayForSumatera banjirsumatera aceh.antaranews. Illiza batalkan lawatan ke Turki karena Aceh masih tanggap darurat bencana - ANTARA News Aceh Wali Kota Banda Aceh Illiza Sa'aduddin Djamal batalkan lawatannya ke Istanbul,Turki karena Aceh masih dalam masa tanggap darurat bencana hidrometeorologi ... 83",0,negatif,1,netral,1,netral,1,netral
"palembayan, kab. agam Sumatra barat kembali berduka, galodo(banjir bandang) susulan ke 2 datang lagi, and sudah memakan korban jiwa kembali prayforsumatera banjir innalillahi sedih",0,negatif,0,negatif,0,negatif,0,negatif
"BERSAMA NAJWA SHIHAB TERKAIT BENCANA BANJIR & LONGSOR DI ACEH SahabatCaroeng, Dalam suasana duka akibat banjir dan longsor yang melanda Aceh, hadir dukungan dari berbagai pihak. Kali ini, kita bersama Najwa Shihab, sosok publik yang selalu peduli pada isu kemanusiaan. 64",0,negatif,2,positif,0,negatif,0,negatif
Akun parodi Pemulihan pascabencana di Sumatera Utara terus bergerak maju secara bertahap dan berkelanjutan. Pemerintah Provinsi Sumatera Utara di bawah kepemimpinan Gubernur Bobby Nasution memastikan perbaikan infrastruktur serta normalisasi sungai di wilayah Tapanuli berjalan sesuai 1 13 147,2,positif,2,positif,2,positif,2,positif
"Lebih dari seribu jiwa meninggal dunia dan tidak kurang dari 200 jiwa belum ditemukan sejak banjir bandang Sumatra, selasa 25 November 2025. Tidak hanya kehilangan sandang & pangan, sebagian penyintas juga kehilangan sumber penghidupan. Mereka kesulitan kembali pulang. Saksikan 2 693",0,negatif,0,negatif,0,negatif,0,negatif
"Tolong tutup dan tidak juga perusahaan di Jambi, Riau ,yg menebang hutan .. kerna daerah itu juga kerusakan Hutan nya parah dan sudah berubah jadi lahan sawit.... Banjir pun terus datang tiap tahun 619",0,negatif,0,negatif,0,negatif,0,negatif
"Air naik, tapi respons tetap ngebut. Pemerintah Hadir dari awal, turun langsung bantu evakuasi dan kirim bantuan buat warga terdampak banjir di Sumatra. 17",2,positif,2,positif,2,positif,2,positif
"Kementerian Pekerjaan Umum melalui Direktorat Jenderal Bina Marga memastikan Jembatan Kembar Margayasa di Tanah Datar, Sumatera Barat, dalam kondisi aman pascabencana banjir bandang dan longsor.",2,positif,1,netral,2,positif,2,positif
"INFO HARI INI Monggo yang daerah Tangerang dan sekitarnya merapat,Istighosah dan doa bersama bersama Ustadz Hadi Hidayat,pukul 11.00 WIB Semuga doa² untuk saudara² kita di Aceh,Sumut dan Sumbar di ijabah Allah Ta'alaa,Aamiin 2 7 21 542",2,positif,2,positif,2,positif,2,positif
Polri dan Kejagung Bidik Korporasi Besar Penyebab Banjir Sumatera BanjirSumatera Polri Kejagung Polri dan Kejagung Bidik Korporasi Besar Penyebab Banjir Sumatera - 24,1,netral,1,netral,0,negatif,0,negatif
"REPOST .atrbpn Halo SobATRBPN, saat ini saudara kita di Provinsi Aceh, Sumatra Utara, dan Sumatra Barat sedang mengalami musibah banjir serta longsor. Untuk itu, Kementerian ATR/BPN membuka donasi bagi masyarakat yang terdampak. Mari bersama ulurkan tangan, 70",2,positif,2,positif,2,positif,2,positif
"Bencana longsor dan banjir bandang yang melanda Kabupaten Aceh Tengah menyebabkan 80 desa di 14 kecamatan terisolasi. Hingga Kamis (18/12/2025), akses darat menuju wilayah tersebut masih lumpuh total akibat kerusakan parah pada ruas jalan dan jembatan. Bupati Aceh Tengah Haili 1 1 416",0,negatif,1,netral,0,negatif,0,negatif
"Satgas PKH akhirnya mengungkap 12 perusahaan yang jadi penyebab banjir dan longsor di Aceh, Sumbar, dan Sumut karena alih fungsi hutan. Sekarang perusahaan-perusahaan ini sedang diperiksa di Kejaksaan Tinggi dan terancam sanksi berat, mulai dari cabut izin sampai pidana. 33",0,negatif,0,negatif,0,negatif,0,negatif
"Ini dana Aceh, Sumut dan Sumbar yg dipotong pemerintah ketika ada bencana",0,negatif,1,netral,0,negatif,0,negatif
"Tim Relawan LAZISKU Distribusikan Bantuan Menyusuri Sungai Wampu Menuju Desa Tapak Kuda yang Terisolir - Ini Kebumen lazisku sungaiwampu PrayForSumatera desatapakkuda inikebumen. Tim Relawan LAZISKU Distribusikan Bantuan Menyusuri Sungai Wampu Menuju Desa Tapak Kuda yang... Tim Relawan LAZISKU mendistribusikan bantuan dengan menyusuri Sungai Wampu menuju Desa Tapak Kuda, Tanjung Pura, Langkat, yang Terisolir. 1 44",1,netral,2,positif,2,positif,2,positif
"Nanti setelah Media Asing memberitakan kondisi riil Dmpak Bencana Banjir Sumatera barulah Pemerintah kebakaran bulu idung. Selama ini diajak ke Lokasi yang tidak parah, jadi Status Bencana pun tidak Nasional. 1 29",0,negatif,0,negatif,0,negatif,0,negatif
"Kemenperin Salurkan Bantuan Untuk Korban Bencana Banjir di Aceh, Sumut, dan Sumbar Menteri Perindustrian, Agus Gumiwang golkarpedia partaigolkar bahlillahadalia dprri agusgumiwang 3 1 55",2,positif,2,positif,0,negatif,0,negatif
"Akun komentar Habis Gelap Terbitlah... Prabowo Pulang. ​Mereka pikir cahaya ilahi cukup buat nerangin rumah warga yg kebanjiran? ​Gelap mata, gelap hati. 2 71",0,negatif,0,negatif,0,negatif,0,negatif
"TNI terus hadir untuk Aceh. Pasca banjir Lhokseumawe, Denpal IM/1 memberikan layanan servis dan ganti oli gratis bagi warga sebagai bentuk dukungan nyata pemulihan mobilitas masyarakat. TNIUntukRakyat KodamIM DenpalIM LhokseumaweBangkit AcehPulih PeduliBencana TNIHadir 3 1 3 29",2,positif,2,positif,2,positif,2,positif
"Belasan tahun lalu, Suaka Margasatwa Karang Gading dan Langkat Timur Laut di Kabupaten Langkat, Sumatera Utara, rusak berat. Ribuan hektar hutan mangrove dibabat untuk membuat arang. Pemodal dari kota membangun pabrik arang hampir di semua sudut hutan. Mangrove yang sudah gundul 1 1 1 260",0,negatif,0,negatif,0,negatif,0,negatif
"Kalau semua rumah terendam jama teruotus lalu apa LG yg lebih mencekam , apakah termasuk nyawa mu Gilang baru d sebut mencekamkah 179",0,negatif,0,negatif,0,negatif,0,negatif
"GAJAH-GAJAH BANTU BERSIHKAN PUING KAYU PASCABANJIR ACEH Balai Konservasi Sumber Daya Alam (BKSDA) Aceh mengerahkan empat ekor gajah terlatih untuk membantu membersihkan puing kayu di pemukiman penduduk di Kabupaten Pidie Jaya, Aceh yang sebelumnya dibawa banjir bandang pada 1 6 12",2,positif,2,positif,2,positif,2,positif
"Contoh nyata penanganan cepat dampak badai Siklon Tropis Senyar di P. Sumatera yg menyebabkan banjir & longsor. Negara hadir, logistik jalan, evakuasi, infrastruktur darurat bergerak. Tapi keberhasilan itu justru ramai disebarkan oleh akun yg di waktu lain ikut mencaci & 5 6 11",2,positif,2,positif,2,positif,0,negatif
"Pemerintah hadir dan bergerak cepat bersama warga dalam penanganan bencana di Aceh dan Sumatra. Langkah sigap ini memastikan bantuan tepat sasaran, kebutuhan dasar terpenuhi, dan proses pemulihan berjalan beriringan. 15",2,positif,2,positif,2,positif,2,positif
bangga bgt sm POLRI yg gercep bantu korban banjir di Sumatera. Mereka ga cuman hadir tp jg langsung sigap dgn bantuan nyata. Terus berkarya buat negeri 19,0,negatif,2,positif,0,negatif,0,negatif
"Update Banjir Aceh Hari Ini 2 Desember, Jumlah Korban, & Wilayah Update Banjir Aceh Hari Ini 2 Desember, Jumlah Korban, & Wilayah 1",0,negatif,1,netral,0,negatif,0,negatif
Duka saudara kita di Aceh Sumbar dan Sumut lbih penting dari pada nonton timnas 159,0,negatif,0,negatif,0,negatif,0,negatif
"Twitter, do your magic keluarga teman saya sampai hari ini belum ada kabar akibat banjir yang terjadi di sumatera, Aceh Tamiang. Terkait info keluarga tertera di foto 2 91 131",0,negatif,0,negatif,0,negatif,0,negatif
"Semoga saudara yang ada di sumbar,aceh,sumut di berikan ketabahan,dan lekas membaik Sumatraku,salut dengan polri yang senantiasa hadir di tengah masyarakat 66",2,positif,2,positif,2,positif,2,positif
"sesama warga aja bantu sampe sebegininya, ini otoritas tertinggi, bisa gerakin power gede (man,method,material,money) aduh lelet bgt ya Allah hari ke 12 ini lhooo datang, cakap-cakap, foto, pulang, dan ga berdampak signifikan NATIONALDISASTER PrayForSumatera 19",0,negatif,2,positif,2,positif,0,negatif
"KEJATI SUMBAR — Minggu, 7 Desember 2025, Posko Peduli Bencana Adhyaksa Kejaksaan Tinggi Sumatera Barat kembali melanjutkan pendistribusian bantuan kemanusiaan berupa sembako bagi masyarakat terdampak bencana alam di Kabupaten Pesisir Selatan. Kegiatan ini dipimpin oleh Kepala 1 34",2,positif,2,positif,2,positif,2,positif
"Done Reading Koloni oleh Ratih Kumala ""Aku ingin menjadi burung."" Membaca ini saat banjir Aceh Sumatra (Des 2025), rasanya sungguh dekat. Walopun bukan semut, melihat berita banjir itu aku merasa sekecil semut. Bedanya, Ratu Semut selalu melindungi koloninya. But, anyway.... 1 238",0,negatif,1,netral,0,negatif,0,negatif
paya pencarian korban jiwa yang masih tertimbun pasca-bencana banjir dan longsor di Aceh mendapat bantuan dari luar negeri. Lima orang relawan dari Tiongkok telah tiba di Aceh untuk membantu proses pencarian dan evakuasi. Para relawan membawa peralatan khusus yang dirancang 4 18 42,0,negatif,0,negatif,0,negatif,0,negatif
"Kementerian Kesehatan menambah dukungan layanan dan logistik kesehatan untuk wilayah terdampak bencana banjir dan longsor di Aceh, Sumatera Utara, dan Sumatera Barat. antaranews. Kemenkes tambah logistik kesehatan ke lokasi bencana di Sumatera Kementerian Kesehatan menambah dukungan layanan dan logistik kesehatan untuk wilayah terdampak bencana banjir dan longsor di Aceh, Sumatera Utara, dan ... 1 336",2,positif,1,netral,2,positif,2,positif
"dan 9 lainnya Kalo aceh utara emang dari dulu langganan banjir, kak. Tanahnya turun kayak jakarta. Gue nggak tau ada pengaruh rig lng pt arun jaman dulu atau nggak. Yg jelas sungainya gede² ngangkut air dari gunung ke laut. Kalo curah hujan lagi tinggi ya, siap² aja 376",0,negatif,1,netral,0,negatif,0,negatif
"PDIP kirim tim medis dan dokter diaspora ke Aceh, Sumut, dan Sumbar, Ribka Instruksi Bu Megawati PDIP kirim tim medis dan dokter diaspora ke Aceh, Sumut, dan Sumbar, Ribka Instruksi Bu Megawati 2 383",2,positif,2,positif,2,positif,2,positif
semoga aceh dan daerah sumut lainnya segera membaik PrayForSumatera 73,1,netral,2,positif,2,positif,2,positif
"Di jaman tehnologi informasi serba terbuka begini, masih saja ada menteri yg menutupi penyebab musibah banjir yg melanda Aceh, Sumut & Sumbar dg info menyesatkan. Woi... tidak semua rakyat Indonesia IQnya 78 semua. 25",0,negatif,0,negatif,0,negatif,0,negatif
insha'Alloh Makhluk ini salah satu penyebab Alloh SWT menurunkan bala di Sumatera Barat,0,negatif,1,netral,0,negatif,0,negatif
"Bencana banjir di Aceh dan Sumatra merusak ribuan rumah, dan meninggalkan dampak serius pada anak-anak yang kini hidup di pengungsian. Situasi darurat ini menuntut respons cepat dan terkoordinasi untuk memastikan keselamatan, kesehatan, serta pemulihan psikologis anak-anak 1 4 929",0,negatif,0,negatif,0,negatif,0,negatif
270 jembatan bailey? Berarti Ada 270 jembatan yang rusak Karena banjir bandang di Aceh. Sumut Dan Sumbar. Itu sedikit atau banyak ya? 1 191,1,netral,1,netral,0,negatif,0,negatif
"Untuk meringankan korban bencana, di hadapan presiden Mendagri Tito Karnavian minta kementerian dan lembaga terkait membebaskan biaya pembuatan surat-surat penting, seperti BPKB, akte tanah dll. PrayForSumatera yukgasss 12 31 102 486",0,negatif,2,positif,0,negatif,0,negatif
Berbagai langkah rehabilitasi terus didorong agar Aceh Sumatra Pulih dan aktivitas warga kembali normal 1 16,2,positif,2,positif,2,positif,2,positif
"Akses jembatan di Desa Garoga, Tapanuli Selatan, Sumatera Utara terputus akibat terjangan banjir bandang. Dibantu BPBD, warga terpaksa dievakuasi dengan lintas tali di tengah derasnya arus banjir pada Kamis (27/11/2025). Update berita selengkapnya di BeritaSatu TV,",1,netral,1,netral,0,negatif,0,negatif
"Akun komentar Langkah cepat, lintas negeri. Demi menemukan yang hilang dan memulihkan yang tersisa. PrayForSumatera PrayForAceh 17",0,negatif,2,positif,2,positif,0,negatif
"Akun penggemar ya Allah ya Allah, ak tdi malem nelpon nenek kakek ku di Sumbar sna, blio bilang klau dirumah blio matlam + banjir yg memang sampai masuk ke rumah blio. ak kasian sama blio soalnya kakek ku emg lgi sakit, kesehatan mereka berdua juga lgi g memadai stay safe guys 1 65",0,negatif,0,negatif,0,negatif,0,negatif
Bupati Baharuddin Hadiri Rakor Percepatan Rehabilitasi dan Rekonstruksi Pascabencana di Sumatera Utara Bupati Baharuddin Hadiri Rakor Percepatan Rehabilitasi dan Rekonstruksi Pascabencana di Sumatera... 4,2,positif,1,netral,1,netral,1,netral
"di samalanga, kab bireun Aceh juga begini. yang menyusuri orang tua di rumah-rumah juga masyarakat yang ada kapal pribadi. team sar nggak ada.",1,netral,0,negatif,0,negatif,0,negatif
"Hotel jadi salah satu tujuan warga Medan, Sumut, mengungsi imbas banjir. Sejumlah hotel kini mendadak kehabisan kamar gegara banyak warga yang mengungsi. Ramai-ramai Warga Ngungsi ke Hotel hingga Kantor Imbas Banjir Medan 2 1 1",0,negatif,1,netral,0,negatif,0,negatif
Selandia baru negara yg terkenal akan kehijauan alamnya. Kenapa mereka bisa lebih menjaga itu sampai skrg. Jika kita tanya chatGPT berikut jawabannya. Deforestasi PrayForSumatera PrayForSumatera banjirsumatra sawit 1 50,1,netral,1,netral,1,netral,1,netral
"Untuk tahun ini, Purbaya memastikan sebanyak Rp 268 miliar telah mengalir ke Aceh, Sumatera Utara dan Sumatera Barat hingga 52 Kabupaten/Kota yang terdampak bencana banjir dan longsor. 1 1 1 141",1,netral,1,netral,2,positif,2,positif
"""Update Banjir Sumatra 10 Desember 2025 967 Korban Jiwa, 157 Ribu Rumah dan 498 Jembatan Rusak"". Update Banjir Sumatra 10 Desember 2025 967 Korban Jiwa, 157 Ribu Rumah dan 498 Jembatan Rusak 1 2 208",0,negatif,0,negatif,0,negatif,0,negatif
Menteri Pekerjaan Umum (PU) Dody Hanggodo memastikan pembangunan 1.606 unit hunian sementara (huntara) di Provinsi Aceh dan Sumatera Utara (Sumut) akan selesai sebelum Ramadhan 2026. Menteri PU Janjikan 1.606 Huntara di Aceh dan Sumut Rampung Sebelum Ramadhan 2026 - Serambinews. 50,1,netral,1,netral,2,positif,2,positif
"Senjatanya bukan hanya angin. Suplai uap air yang besar dari laut hangat di Selat Malaka meningkatkan akumulasi awan konvektif sehingga hujan ekstrem mengguyur wilayah Aceh, Sumatera Utara, serta merambat ke Sumatera Barat, bahkan meluas ke Malaysia dan Thailand. yukgasss 61",1,netral,1,netral,1,netral,1,netral
"Day24 Banjir Sumatra | Update Sitrep Tim SIGAB NH 24 hari pascabanjir, saudara-saudara kita di Aceh & Sumatra masih berjuang untuk bangkit. Rumah rusak, aktivitas terhenti, dan kebutuhan dasar masih terus dibutuhkan.",0,negatif,2,positif,2,positif,0,negatif
"Dari kemarin seliweran video evakuasi bayi korban banjir, nangis ngga kuat liatnya Semoga selalu sehat di tangan pertolongan yang tepat 27",0,negatif,0,negatif,0,negatif,0,negatif
"Halo SobatATRBPN Bukittinggi Segenap Jajaran Kantor Pertanahan Kota Bukittinggi menyampaikan duka cita yang mendalam atas musibah banjir bandang, tanah longsor, dan jalan putus yang melanda wilayah Sumatera. AllEyesOnSumatera PrayForSumatera Medan PrayForTapanuli 1 2 111",0,negatif,0,negatif,0,negatif,0,negatif
"Kok gak ada lagi berita musibah Sumatera yaa... gmn nasibnya rumah2 yg terkubur lumpur,kayu2 yg kebawa banjir bandang sampe nutup sungai dll.. sempet liat di reel tadi kalo warga udah bikin kayu2 itu jadi papan utk rumah mereka.. mantaaap skaleeee setuju",2,positif,0,negatif,0,negatif,0,negatif
Keadaan terkini Kuala Simpang Aceh yang rosak akibat banjir yang berlaku baru-baru ini. Video arisazumi malaysiatribune videoreelsシ banjir 56,1,netral,1,netral,0,negatif,0,negatif
"Duka Banjir Bandang Sumbar, 28 Jenazah Masih Menunggu Identitas goriau. Duka Banjir Bandang Sumbar, 28 Jenazah Masih Menunggu Identitas PADANG – Proses penanganan pascabencana banjir bandang dan tanah longsor di Sumatera Barat masih menyisakan duka mendalam. Hingga kini, sebanyak 28 jen... 60",0,negatif,0,negatif,0,negatif,0,negatif
Pengiriman bantuan logistik untuk masyarakat yang terdampak bencana banjir dan longsor di Sumatra dilakukan secepat mungkin. Badan Nasional Penanggulangan Bencana 74,1,netral,2,positif,2,positif,2,positif
"Kementerian Kehutanan (Kemenhut) mengangkut ratusan gelondongan kayu dengan total volume 1.272 meter, dari lokasi terdampak banjir Sumatera. Kayu-kayu itu digunakan untuk membangun hunian sementara (huntara) bagi warga terdampak di Aceh dan Sumatera Utara. Baca selengkapnya 1 6",2,positif,1,netral,2,positif,2,positif
"Menteri Koordinator Bidang Pangan, Zulkifli Hasan (Zulhas) menegaskan komitmen pemerintah untuk memperkuat ketahanan pangan nasional, dengan fokus utama pada percepatan distribusi cadangan pangan ke wilayah terdampak bencana banjir dan longsor di Aceh, Sumatera Utara, dan 272",1,netral,1,netral,2,positif,2,positif
"Hari ini 4 gajah dari PLG Saree Aceh berangkat bantu evakuasi pasca banjir di Pidie Jaya Aceh. Midok, Abu, Nonik dan Aziz berangkat selamat pulang juga HARUS SELAMAT ya 1 1 128",1,netral,2,positif,2,positif,0,negatif
"dan Mestinya bisa klo begitu, dengan syarat itu kayu/Balok klo mo dimanfaatkan untuk bangun rumah, tp (khusus) untuk perumahan warga/penduduk yg berada di daerah tempat Balok2 tsb terdampar, drpd dibiarkan terlalu lama terendam lumpur, Bang. 1 10 664",0,negatif,1,netral,0,negatif,0,negatif
Kayu gelondongan misterius yang muncul saat banjir besar di Sumatera akhirnya mulai terungkap asal-usulnya. Polri bersama Kemenhut telah membentuk Satgas Gabungan untuk menelusuri sumbernya dari hulu hingga hilir sungai. Banjir Longsor Sumatra Aceh Sumbar Polri Menhut 174,1,netral,1,netral,0,negatif,0,negatif
"Pengamat Banjir Sumatra 2025 Bukan Sekadar Bencana Alam, Tapi Produk Pilihan Politik Pengamat Banjir Sumatra 2025 Bukan Sekadar Bencana Alam, Tapi Produk Pilihan Politik - Forum... 26",0,negatif,1,netral,0,negatif,0,negatif
"Lihat saja tuh hasil kerjanya. Sumatra porak poranda karena banjir. Habis ini nyusul Kalimantan, Sulawesi, Maluku dan Papua. DPRnya tetap joget-joget. 1 51",0,negatif,0,negatif,0,negatif,0,negatif
"Banjir bisa datang kapan saja, tetapi dampaknya dapat ditekan bila tata kelola dijalankan dengan jujur dan transparan. Saat air naik, integritas adalah benteng terbaik untuk melindungi masyarakat dan menjaga budidaya tetap bertahan. Mari bersama menjaga & memperkuat integritas. 1 2 70",1,netral,2,positif,2,positif,2,positif
"sehingga kualitas pelayanan kepada masyarakat tetap terjaga. Tidak lupa, beliau mengajak seluruh jajaran untuk menunjukkan kepedulian sosial dengan membantu rekan-rekan yang terdampak bencana alam di Aceh, Sumut, dan Sumbar melalui penggalangan dana. 1 29",2,positif,2,positif,2,positif,2,positif
Anehhh pemerintah tuh omongannya makin asbun aja kaya gak dipikir dulu gitu bahkan masalah donasi aja masih dikomenin bukannya bersyukur rakyatnya saling bantu. Heran banget 7,0,negatif,0,negatif,0,negatif,0,negatif
"BNPB Live Update setiap jam 17.00 terkait update bencana banjir di aceh sumut dan subar , pantengin terus pokoknya di sini youtube. BNPB Indonesia The Indonesia National Disaster Management Authority 11",1,netral,1,netral,1,netral,1,netral
"Tentara Nasional Indonesia telah berperan besar dalam membantu korban banjir di Sumatera. Mereka dengan sigap memberikan bantuan logistik, evakuasi korban, dan memastikan keselamatan warga. Keberanian dan dedikasi mereka sangat menginspirasi. 66",0,negatif,2,positif,0,negatif,0,negatif
Belum melakukan Pencitraan ke Lokasi Bencana seperti Pejabat yg lain. sarkas pencitraan PrayForSumatera PrayForSumatra PrayForIndonesia 79,0,negatif,2,positif,2,positif,2,positif
"Semoga banjir di Aceh, Sumatera Utara dan Sumatera Barat lekas surut, tidak terjadi longsor² lagi Aamiin Sedih Ya Allah liat video2 seliweran banyak jenazah terbenam di lumpur Semoga seluruh korban meninggal husnul khotimah, Aamiin 3 31 73",0,negatif,0,negatif,0,negatif,0,negatif
"Tamparan Amarah Nenek Tua untuk Pemerintah PrayForSumatera youtube. Tamparan Amarah Nenek Tua SALIH PODCAST SPIRITSUMBAR - Cinta, rasa syukur, dan kebaikan adalah kunci untuk menjalani hidup yang indah dan bermakna. Musik, Mix, Live, Roblox, Travel , ... 62",0,negatif,2,positif,2,positif,2,positif
"Beberapa menit yang lalu Banjir hebat di Koto Tuo, kawasan Jembatan Batu Busuk, Kecamatan Kapalo Koto, Kota Padang, Sumatera Barat, Indonesia. Dari Weather Monitor 1 151",1,netral,1,netral,1,netral,1,netral
"Satu Kompi Sat Brimob Polda Sumsel Terjebak Longsor di Aceh Utara, Tetap Siap Lanjutkan Misi Kemanusiaan Setelah menempuh perjalanan selama empat hari dari Palembang menuju Aceh, satu kompi Satuan Brimob Polda Sumatera Selatan yang akan melaksanakan misi bantuan kemanusiaan 43",2,positif,2,positif,2,positif,2,positif
"Yang begituan kamu pakek pres rilis,,lantas mertua kamu yang rakus menggunduli hutan hingga mengakibatkan bencana Sumatra itu kamu mingkem..",0,negatif,0,negatif,0,negatif,0,negatif
"Lebih dari 180 ribu rumah luluh lantak, akibat banjir sumatra. Namun banjir & longsor susulan masih mengintai. Lumpur & jutaan meter kubik kayu masih berserak. Para penyintas belum bisa kembali pulang. Saksikan RealitasMetroTV ""Tengoklah Rumah Kami"" Sabtu, 20 Desember 2025 1 3 8",0,negatif,0,negatif,0,negatif,0,negatif
"dan Iya aku sempat baca tweetnya yg pas ngungsi karena banjir, tapi yg abis gempa belum ada update kayanya internetnya mati juga 68",1,netral,0,negatif,0,negatif,0,negatif
"Banjir yang melanda sejumlah wilayah di Provinsi Riau dalam sepekan terakhir tidak hanya mengganggu aktivitas warga, tetapi juga meningkatkan risiko penyakit kulit, khususnya kutu air. Kondisi kaki yang terus terendam air kotor dan lembap menjadi pemicu. Banjir Meluas di Riau, Warga Diminta Waspada Penyakit Kutu Air akibat Kaki Lembap 35",0,negatif,1,netral,0,negatif,0,negatif
Aceh dan Sumatera makin maju dalam penanganan bencana! Kerja sama pemerintah dan masyarakat bikin langkah antisipasi semakin solid. Kita bangga lihat kemajuan ini! 7,1,netral,2,positif,2,positif,2,positif
"Duit mbg mending buat memulihkan aceh, sumbar, dan sumut 177",1,netral,2,positif,2,positif,2,positif
"Pray for Sumatera, semoga manusia dapat menjadikan ini sebagai pembelajaran agar kita bisa lebih berharmoni dengan alam PrayForSumatera PrayForTapanuli PrayForSibolga PrayForAceh PrayForIndonesia 1 70",2,positif,2,positif,2,positif,2,positif
"Pencitraan lg,apa gk ada cara lain.biaya kunjunganmu lebih besar drpd biaya bantuan untuk korban banjir 14",0,negatif,0,negatif,0,negatif,0,negatif
Penampakan mayat akibat banjir di Pasar Tamiang Aceh Minggu pagi-pagi Gubernur Aceh Humple Borpnah Malming Sumut PrayForSumatera acehtamiang 2 12,0,negatif,0,negatif,0,negatif,0,negatif
"Semoga pengiriman bantuan ini berjalan lancar sampai tujuan. Doa terbaik untuk saudara-saudara kita di Aceh, Sumut, dan Sumbar 7",2,positif,2,positif,2,positif,2,positif
"Wilayah Kabupaten Aceh Singkil dan sekitarnya dilanda banjir besar di 8 kecamatan dan 43 desa. Ketinggian air di beberapa titik mencapai lebih dari satu meter. Ribuan rumah terendam, aliran listrik padam, jaringan komunikasi mati, dan aktivitas warga pun terganggu lantaran jalan 2 186 321",0,negatif,1,netral,0,negatif,0,negatif
"Tetap waspada dalam menerima atau melihat video dikarenakan beberapa video suasana saat terjadi bencana alam, yang tersebar diproduksi oleh IA PrayForSumatera 33",1,netral,1,netral,1,netral,0,negatif
"TPPPeduliBencanaSumatera2025 Bencana alam melanda Provinsi Aceh, Sumbar dan Sumut, TPP bergerak KemendesPDTPeduliBencana DariTPPUntukSumatera TPPPeduliBencana DonasiPendampingDesa PendampingDesaPeduliIndonesia 19",2,positif,2,positif,2,positif,2,positif
"WARNING..... Wilayah yang berpotensi terjadi Banjir, update data peringatan pukul WIB 03/01/2026 8 139 409",1,netral,1,netral,1,netral,1,netral
bandung lagi pada banjir juga ya? 4 5,1,netral,1,netral,0,negatif,0,negatif
"Beredar isu air laut naik di kota, seorang warga meninggal dunia diduga karena serangan jantung. Sejumlah warga juga tampak panik dan menyelamatkan diri. Kemudian Satreskrim Polres Pidie Jaya Polda Aceh mengamankan lima terduga pelaku penyebar isu hox tersebut. berita viralシ 71",0,negatif,0,negatif,0,negatif,0,negatif
"Bandung tergenang, tapi yang diprioritaskan Sumatera. Kayak rumah sendiri kebanjiran tapi sibuk nolong tetangga biar keliatan baik 38",0,negatif,0,negatif,0,negatif,0,negatif
"Aduh serem banget airnya naik cepet banget, diluar rumah udah banjir dalem banget ini bentar lagi masuk rumah 18",0,negatif,0,negatif,0,negatif,0,negatif
"Harus Transparan, Titiek Soeharto Minta 12 Perusahaan Penyebab Banjir Sumatra Dibuka ke Publik 1 2 59",1,netral,1,netral,0,negatif,0,negatif
"Senyum Anak-Anak, Semangat Sumbar Bangkit! Pasca bencana di Kota Padang, keceriaan anak-anak harus tetap terjaga. Melalui dukungan psikososial di pos pengungsian, Pemerintah Hadir untuk memberikan trauma healing yang menyenangkan. 22",2,positif,2,positif,2,positif,2,positif
"BNI perluas penyaluran bantuan tanggap darurat untuk masyarakat yang terdampak banjir bandang serta longsor di berbagai wilayah Sumatera salah satunya di Anduring, Kecamatan 2 x 11 Kayu Tanam, Kabupaten Padang Pariaman, Sumatera Barat. Pemukiman, sawah, dan jembatan warga 2 2 1 385",2,positif,2,positif,2,positif,2,positif
"Pascabanjir bandang pekan lalu, ribuan warga kini berada di tempat pengungsian. Rumah terendam banjir dan lumpur bahkan ada yang hilang karena terbawa arus sungai. 1 106",0,negatif,1,netral,0,negatif,0,negatif
"apa masalahnya ya jika bencana aceh, sumut dan sumbar menjadi bencana nasional.... 9",0,negatif,1,netral,0,negatif,0,negatif
"Jalur Arun - Banda Aceh terganggu karena ada tower SUTET diterjang banjir, sdg dalam perbaikan. Masyarakat juga dapat memakluminya. Dengan penjelasan ini supply arus bukan lg dari Sigura-gura (Sumut) dan gangguan bukan dari pembangkit Arun dan Nagan Raya. 87",2,positif,1,netral,0,negatif,0,negatif
Banjir -> Sinyal Mati -> TP BUMI Turns out IHSG ancur parah Conclusion Tuhan Maha Baik Maksud palung mariana itu apa cik? 1 150,0,negatif,0,negatif,0,negatif,0,negatif
"Prabowo Fokus Pulihkan 3 Provinsi Terdampak Bencana, Kerahkan Seluruh Kekuatan Jakarta - Presiden RI Prabowo Subianto kini memfokuskan pemerintahannya untuk mengatasi dampak bencana banjir dan longsor yang terjadi di Sumatra Utara, Sumatra Barat, dan Aceh. Seluruh instrumen 1 546",2,positif,2,positif,2,positif,2,positif
Disegerakan Pak proses Evakuasi dan bantuannya... PrayForSumatera AllEyesOnSumatra 304,0,negatif,2,positif,2,positif,2,positif
Bapak Presiden Coppot aja Menteri Kehutanan karena membiarkan penebangan kayu liar yang menyebabkan banjir bandang di Sumatera Utara.,0,negatif,0,negatif,0,negatif,0,negatif
"Bakamla RI lewat unsur KN. Pulau Dana-323 yang membawa bantuan kemanusiaan Peduli Sumatra seberat 92,2 ton bagi masyarakat terdampak bencana banjir dan tanah longsor berhasil sandar di Pelabuhan Lhokseumawe, Aceh, Selasa (23/12/2025). 1 1 276",2,positif,2,positif,2,positif,2,positif
Terus Bantu Korban Banjir Relawan Nasional LPI HILMI FPI Berikan Pengobatan Gratis di Aceh Utara Hilmi Kemanusiaan BanjirBandang AcehTamiang BantuanAceh AcehUtara Relawan Nasional LPI HILMI FPI Berikan Pengobatan Gratis Dari hilmi.news 19,2,positif,2,positif,0,negatif,0,negatif
"Alex Indra Lukman menjelaskan, rapat pertanggungjawaban tersebut dijadwalkan berlangsung pada Kamis (4/12/2025) dan akan menyoroti banyaknya gelondongan kayu yang terbawa arus banjir di Aceh, Sumatera Utara, dan Sumatera Barat. 1 1 1 173",1,netral,1,netral,1,netral,1,netral
"Akun parodi Cuma bisa share link donasi Semoga warga korban bencana di Aceh, Sumbar, & Sumut segera terpenuhi kebutuhan nya. 1 1 46",0,negatif,2,positif,0,negatif,0,negatif
prabowo emang jago! Penanganan banjir Sumatera dengan sigap tunjukin kerja nyata pemimpin kita 10,2,positif,2,positif,2,positif,2,positif
Terus jangan pernah lelah buat pemulihan pascabencana banjir AcehSumatraBangkit AcehSumatraPulih 13,2,positif,2,positif,2,positif,2,positif
"Tim SAR Resimen II Pasukan Pelopor BKO Polda Sumatera Barat terus bergerak membantu masyarakat terdampak banjir di Kecamatan Palembayan, Kabupaten Agam. Pencarian korban, penyaluran bantuan logistik, 1 68",0,negatif,2,positif,0,negatif,0,negatif
"Apa Yang Membuat Pemerintah Pusat Belum Menetapkan Bencana Banjir Bandang Sumatera (Aceh, Sumut, Sumbar) Sebagai Bencana Nasional??? banjirbandang sumatera aceh info berita 39",0,negatif,1,netral,1,netral,0,negatif
"Bukti nyata yang terctt dalam sejarah adalah penderitaan tragis yang dirasakan warga Aceh-Sumut-Sumbar akibat lambannya penanganan bencana banjir dan longsor yang telah menelan korban, sbb 8 236",0,negatif,0,negatif,0,negatif,0,negatif
Pemulihan bencana banjir & longsor Aceh Sumut Sumbar dilakukan masif oleh Presiden Dana sudah disiapkan... Juga Membangun 300.000 jembatan agar rakyat tak lagi bertaruh nyawa dikeseharian Revitalisasi 60.000 sekolah Sebar 1 juta smart board di 2026 Duit dari mana? 2 9 13 717,0,negatif,2,positif,2,positif,2,positif
"Konsesi Raksasa Tambang–Sawit dan Rekam Jejak Zulkifli Hasan Perparah Banjir Tapanuli pribuminews. . Konsesi Raksasa Tambang–Sawit dan Rekam Jejak Zulkifli Hasan Perparah Banjir Tapanuli - PribumiNe... Konsesi Raksasa Tambang–Sawit dan Rekam Jejak Zulkifli Hasan Perparah Banjir Tapanuli JAKARTASATU. – Bencana banjir hebat yang melanda Tapanuli, Sumatera Utara, kembali membuka luka lama mengenai... 30",0,negatif,1,netral,0,negatif,0,negatif
"Tantangan infrastruktur yang terdampak bencana mempengaruhi kualitas layanan, namun progress perbaikan terus berjalan. IndibizSumatera BanjirSumatera PrayForSumatera 1 1 75",2,positif,2,positif,2,positif,2,positif
"Air di kawasan Batang Toru, Tapsel, Sumatera Utara tiba-tiba kembali naik tanpa tanda. Warga yang melihat lonjakan arus spontan panik dan bergegas menjauh dari bantaran sungai. 20",1,netral,1,netral,1,netral,1,netral
Wahai org org sumatra barat utara. Aceh.. Tuh kalo dri sudut pandang agama gurun katanya bencana2 d t4 klen di sebabkan maksiat... Ini kebangetan ngawur ajaran spt ini. Penyebab banjir jelas krn hutan d babat. Admin ga ada simpati... Pasti mabok agama arab nih org 1 1 172,0,negatif,0,negatif,0,negatif,0,negatif
Ketua Komisi V DPR Lasarus mengusulkan agar pemerintah mulai mencari sumber baru alokasi pendanaan untuk mengatasi dampak banjir dan longsor di Sumatra dan Aceh. MERONA4D 25,1,netral,1,netral,2,positif,2,positif
Aksi tulus itu menarik perhatian warganet dan dipuji sebagai sikap empati serta kebiasaan berbagi di tengah kondisi pascabencana. banjir BencanaSumatera 1 8,2,positif,2,positif,2,positif,2,positif
"Dampak dari banjir bandang yang melanda Aceh, Sumatra Utara, dan Sumatra Barat terasa parah di Desa Lubok Pusaka, Kecamatan Langkahan, Kabupaten Aceh Utara. Kondisi terkini di desa tersebut menunjukkan tingkat kerusakan yang signifikan. Banyak rumah di Desa Lubok Pusaka 335",0,negatif,1,netral,0,negatif,0,negatif
"BNPB percepat pembangunan huntara untuk korban banjir bandang & longsor di Sumatra Barat. Update terkini? Ikuti TikTok , IG , X . Jangan lupa subscribe channel Youtube kami!",0,negatif,0,negatif,0,negatif,0,negatif
"Klo boleh bantuan baju laki juga ya kawan2 semua, jgn baju perempuan semua. PrayForSumatera tamiang 1 95",2,positif,2,positif,2,positif,0,negatif
"PMI Kota Cilegon menyalurkan bantuan kemanusiaan berupa uang tunai sebesar Rp50 juta bagi masyarakat terdampak banjir dan tanah longsor di Sumatera Barat, Selasa (13/1/2026). PMIKotaCilegon PeduliSumatera PMISelaluBantu 2 72",2,positif,2,positif,2,positif,2,positif
"Bustami, di Pidie Jaya ngabarin kerabatnya (50 th) tadi sore meninggal dlm kondisi sakit dan lemah. Bkn terserat air atau longsor, tapi menahan lapar di rumahnya yg masih banjir 2 meter di Meureudu. Lebih 40 warga Pidie Jaya meninggal, sebagian krn kelaparan PrayForSumatera 222",0,negatif,0,negatif,0,negatif,0,negatif
"PT Kimia Farma Tbk bersama Kimia Farma Group mendukung percepatan pemulihan pascabencana banjir di Aceh, Sumatra Utara, dan Sumatra Barat melalui penyaluran bantuan kesehatan dan kebutuhan dasar. 1 2 132",2,positif,2,positif,2,positif,2,positif
"Viral Oknum Dishub Pungli Mobil Bantuan Korban Banjir Aceh, Relawan Dipalak Rp150 Ribu. Video oknum Dinas Perhubungan melakukan pungutan liar alias pungli ke mobil bantuan korban banjir Aceh, viral di medsos. Lokasi di depan Terminal Karya Jaya, Palembang, Rabu (7/1/2026). 196",0,negatif,0,negatif,0,negatif,0,negatif
"Viral Evakuasi Ibu Hamil di Padang Jelang Lahiran, Jalan Putus Akibat Banjir wolipop.detik. Viral Evakuasi Ibu Hamil di Padang Jelang Lahiran, Jalan Putus Akibat Banjir Viral, evakuasi dramatis ibu hamil di Aceh, karena jalan putus akibat banjir bandang. Ibu yang mendekati HPL ini dibantu melintasi lereng terjal oleh petugas. 122",0,negatif,0,negatif,0,negatif,0,negatif
"Kadinsos Samosir ditetapkan tersangka korupsi bantuan korban banjir, kerugian negara capai Rp 1,5 M Kadinsos Samosir Ditetapkan Tersangka Korupsi Bantuan Korban Banjir Kerugian Negara Capai Rp 1,5 M! astakom. Kadinsos Samosir Ditetapkan Tersangka Korupsi Bantuan Korban Banjir Kerugian Negara Capai Rp 1,5 M! astakom. , Jakarta — Kejaksaan Negeri (Kejari) Samosir telah menetapkan Kepala Dinas Sosial dan Pemerintahan Masyarakat Desa, Kabupaten Samosir, Sumatera 27",0,negatif,0,negatif,0,negatif,0,negatif
"Warga Bisa Pilih, Huntara Terpusat atau In-Situ di Aceh Tamiang Pemerintah menyiapkan dua skema hunian sementara (huntara) bagi warga terdampak banjir dan longsor di Kabupaten Aceh Tamiang, yaitu Huntara terpusat (dibangun di lokasi terpusat, seperti yang dilakukan oleh 7 6 25",2,positif,1,netral,2,positif,2,positif
"Banjir Terjang Subang, Ratusan Rumah Terendam Hingga Lebih dari Seribu KK Terdampak merdeka. Banjir Terjang Subang, Ratusan Rumah Terendam Hingga Lebih dari Seribu KK Terdampak Video kejadian ini tersebar di grup perpesanan warga. 242",0,negatif,0,negatif,0,negatif,0,negatif
"Pesan Natal Prabowo bukan hanya ucapan iman tetapi seruan kemanusiaan Presiden Perkuat Solidaritas dengan mengajak bangsa ini bergotong royong memberi harapan bagi korban banjir bandang dan longsor di Sumatera kabar24.bisnis. Pesan Natal 2025, Presiden Prabowo Ajak Gotong Royong untuk Sumatra Presiden Prabowo ajak gotong royong di Natal 2025 untuk bantu Sumatra hadapi bencana, perkuat solidaritas dan persatuan demi kedamaian dan kebersamaan. 40",0,negatif,2,positif,0,negatif,0,negatif
Gubernur Sumatera Barat dan Bupati Tapanuli Selatan menyuarakan kritik keras terhadap kebijakan perizinan hak atas tanah oleh Kementerian Kehutanan yang dinilai menjadi salah satu pemicu utama banjir dan longsor berulang di wilayah masing-masing. Mahyeldi Ansharullah menilai 2 169,0,negatif,1,netral,0,negatif,0,negatif
"Perjuangan tanpa henti untuk mengembalikan terang dan harapan masyarakat Aceh. Sudah sebulan lebih pascabencana banjir yang melanda wilayah Aceh, salah satu yang paling parah terdampak adalah Kecamatan Takengon, Kabupaten Aceh Tengah. PLNSiaga PLNUntukIndonesia 21",2,positif,2,positif,2,positif,2,positif
Aceh dan Sumatera makin maju dalam penanganan bencana! Kerja sama yang solid dan inovasi bikin dampaknya terasa banget. Ayo terus dukung upaya ini! 12,1,netral,2,positif,2,positif,2,positif
"Prabowo menyetujui bantuan Rp60 juta per unit untuk pembangunan hunian tetap bagi korban banjir di Aceh, Sumut, dan Sumbar. Bantuan diberikan dalam bentuk material bangunan, sementara pendataan kerusakan dan kepemilikan rumah masih diverifikasi BNPB dan pemerintah daerah. 32",0,negatif,2,positif,0,negatif,0,negatif
"BNPB Sebut Jembatan Bailey Dipasang untuk Pulihkan Akses di Sumatra Barat suarasurabaya. BNPB Sebut Jembatan Bailey Dipasang untuk Pulihkan Akses di Sumatra Barat BNPB mengatakan, sejumlah jembatan darurat atau bailey mulai dipasang pada beberapa titik di wilayah Sumatra Barat sebagai penghubung akses antar-wilayah. 4",1,netral,2,positif,2,positif,2,positif
Bagaimana progres penanganan bencana banjir sumatera? Tamiang kini parah 2 457,0,negatif,1,netral,1,netral,1,netral
Akun komentar 10.Saya pernah mengalami banjir besar sekitar tahun 2008 dengan ketinggian air setengah badan orang dewasa. Untuk pulih saja butuh hampir satu minggu. 1 30,1,netral,1,netral,0,negatif,0,negatif
"Sejumlah video viral di media sosial memperlihatkan kayu gelondongan ikut terseret arus deras saat banjir melanda wilayah Tapanuli Selatan-Tengah, Sumatera Utara, Rabu (26/11/2025). Kepala Dinas Lingkungan Hidup dan Kehutanan (DLHK) Sumatera Utara, Heri Wahyudi Marpaung 2 112",0,negatif,1,netral,0,negatif,0,negatif
"Pria ini Jalan Kaki Puluhan Kilometer, Cari Anak-Istri ke Lokasi Longsor Tukka Tapanuli Tengah riauonline riauonlinecoid Prayforsumatera tapanulitengah banjirditukka 42",0,negatif,1,netral,0,negatif,0,negatif
"“185 ribu paket MBG disalurkan untuk korban banjir Aceh. Di tengah akses yang terputus dan wilayah yang masih terisolasi, tim SPPG terus bergerak membawa harapan. Ketika sekolah ditutup dan rumah terendam, bantuan ini jadi napas sementara bagi banyak keluarga.” 48",0,negatif,2,positif,0,negatif,0,negatif
"Banjir dan longsor Sumut jadi pengingat pentingnya pengelolaan hutan yang berkelanjutan. Dalam konteks itu, TPL bisa jadi contoh praktik industri lestari yang perlu terus didukung dan diawasi secara adil. 24",2,positif,1,netral,2,positif,2,positif
"Beliau menegaskan Indonesia tidak lagi menghadapi sekadar perubahan iklim, tetapi telah memasuki krisis iklim. Banjir di Bali, Aceh, Sumbar, Sumatra, hingga banjir rob di Jawa menjadi bukti yang semakin nyata. “940 jiwa telah meninggal, kerugian mencapai Rp2,2 triliun,” ujarnya. 1 1 50",0,negatif,0,negatif,0,negatif,0,negatif
Banjir nich boleh ngungsi ke kos kamu gk sih 408,1,netral,1,netral,0,negatif,0,negatif
"Ayo geser ke tapanuli, orang2 jual eceran sampe 40",0,negatif,1,netral,0,negatif,0,negatif
"Alhamdulillah, pasukan KHOM MALAYSIA berjaya turun padang untuk Misi Bantuan Kecemasan Bencana Aceh pada 14–18 Disember 2025, memasuki minggu ketiga pasca banjir besar di Aceh, Sumatra. 1 80",2,positif,2,positif,2,positif,2,positif
"Berdasarkan data dari BNPB pada Jumat (5/12/2025) pukul 10.30 WIB, korban meninggal akibat banjir dan longsor di Sumatra bertambah menjadi 836 orang. Tim gabungan masih fokus pada upaya evakuasi, penyaluran bantuan, dan pembukaan akses menuju wilayah-wilayah yang sebelumnya 3 9",0,negatif,0,negatif,0,negatif,0,negatif
"Konteks di sini itu banjir bandang di aceh tengah dan bener meriah kemaren, bukan riau (-̩̩̩-̩̩̩-̩̩̩-̩̩̩-̩̩̩___-̩̩̩-̩̩̩-̩̩̩-̩̩̩-̩̩̩) Intinya ya emang sama2 pembalakan hutan sih",0,negatif,1,netral,0,negatif,0,negatif
"Akun penggemar REGILIOS X DOMPET DHUAFA - PRAY FOR SUMATERA Ribuan Warga Meninggal, Ratusan Ribu Warga Butuh Bantuanmu! Longsor dan banjir bandang menimpah sejumlah wilayah di wilayah pulau sumatera. Banjir di Sumatera Utara, Padang, serta Aceh mengakibatkan jaringan transportasi dan 2 74 208",0,negatif,0,negatif,0,negatif,0,negatif
"Kantor Wilayah Direktorat Jenderal Imigrasi Kepulauan Riau menyampaikan doa dan empati terdalam atas bencana banjir dan longsor di Aceh, Sumut, dan Sumbar. Semoga keadaan segera membaik dan masyarakat dapat kembali beraktivitas dengan aman.",2,positif,2,positif,2,positif,2,positif
"Banjir rob merendam Jalan R E Martadinata, di depan JIS di Kelurahan Papanggo, Kecamatan Tanjung Priok, Jakarta, Sabtu (6/12/2025). | JIS Banjir megapolitan.kompas. Banjir Rob Kepung JIS Pagi Ini, Status Pintu Air Pasar Ikan Naik ke Siaga 1 Bahaya Banjir rob kembali merendam kawasan sekitar JIS pagi ini, memicu status bahaya di pintu air dan membuat warga diminta lebih waspada. 5",1,netral,1,netral,1,netral,1,netral
"BNPB Umumkan Lonjakan Korban Banjir dan Longsor di Sumatera, Pencarian Masih Berlanjut bnpb longsor banjir aceh sumaterabarat sumaterabarat solusiindonesia. BNPB Umumkan Lonjakan Korban Banjir dan Longsor di Sumatera, Pencarian Masih Berlanjut - Solusi... Solusiindonesia. -- Badan Nasional Penanggulangan Bencana (BNPB) merilis laporan terbaru terkait meningkatnya jumlah korban akibat banjir bandang dan tanah 25",0,negatif,1,netral,0,negatif,0,negatif
"""Bencana ada di tiga provinsi, terdampak 52 kabupaten. 78 jalan nasional putus. Per satu bulan, dari 78 tinggal 6 yang masih proses penyambungan. Empat titik di Aceh, dan ada di Sumbar, dan di Sumut,"" tuturnya. 1 18",1,netral,1,netral,0,negatif,0,negatif
"Sinergi kebijakan terus dilakukan. BPH Migas memperpanjang relaksasi pembelian BBM, solar dan Pertalite, tanpa kode QR di Aceh, Sumatera Utara, dan Sumatera Barat. Kebijakan ini ditujukan untuk mempermudah akses BBM Banjir Bencana PrayForSumatra BNPB Update 12 3 4 84",2,positif,2,positif,2,positif,2,positif
"Kerusakan parah pada infrastruktur akibat banjir di Aceh, Sumatera Barat, dan Sumatera Utara menyulitkan penyaluran bantuan. Ratusan desa masih terisolasi, hingga Senin (8/12/2025). 1 2 75",0,negatif,0,negatif,0,negatif,0,negatif
"NU CARE - LAZISNU menyalurkan bantuan pada masyarakat terdampak bencana banjir dan tanah longsor di Sumbar, Sumut dan Aceh BCA 0683331926 an. Yay Lembaga Amil Zakat Infaq & Shadaqah NU BTW 4 dijit belakangnya Situbondo banget NUPeduliBencanaSumatera 1 1 207",2,positif,2,positif,2,positif,2,positif
"Update terkini dari BNPB terkait banjir dan longsor di Aceh, Sumatera Utara, dan Sumatera Barat terus dilakukan. Upaya penyelamatan, evakuasi, dan pemulihan di lapangan menjadi prioritas utama. BNPB Update Live setiap jam wib youtube. BNPB Indonesia The Indonesia National Disaster Management Authority 27",2,positif,2,positif,2,positif,2,positif
"Amen ya Anggi, soalnya ini banjir terbesar yang kembali lagi di Sibolga Tapteng 1 137",0,negatif,1,netral,0,negatif,0,negatif
polri bolehlah dibilang pahlawan! Aksi nyata bantuin korban banjir Aceh ni bikin hati adem. Terus gas poll buat bangsa 33,2,positif,2,positif,0,negatif,0,negatif
Aceh Masih Waspada Banjir dan Longsor Susulan Aceh Masih Waspada Banjir dan Longsor Susulan 51,1,netral,1,netral,1,netral,1,netral
Akun parodi banjir banget di sumut guys udah masuk rumah aku... stay safe ya... 11 544,0,negatif,0,negatif,0,negatif,0,negatif
"[291125] Pak Tom IG post update. “Teman2, Ibu-Bapak. Mari kita sumbang uang, waktu, tenaga, perhatian, dan doa sejauh yang kita sanggup, untuk korban bencana banjir bandang dan tanah longsor yang melanda Aceh, Sumatra Utara dan Sumatra Barat... Berikut beberapa opsi –c 💬📸",0,negatif,2,positif,0,negatif,0,negatif
"Baik, tapi hari ini kurang baik Soalnya tidak bisa tidur terlalu nyaman banget, takut tiba-tiba air masuk rumah and aku harus tetap waspada terus. 74",0,negatif,1,netral,0,negatif,0,negatif
"Bencana banjir dan longsor yang melanda sejumlah wilayah di Sumatera menyebabkan ratusan orang masih belum ditemukan. Anggota Komisi V DPR RI dari Fraksi PKB Irmawan, meminta Basarnas mengoptimalkan proses pencarian dan evakuasi korban di lokasi bencana. fraksipkb. Ratusan Korban Banjir Sumatera Hilang, DPR Minta Kerja Basarnas Dioptimalkan - FPKB DPR RI JAKARTA - Bencana banjir dan longsor yang melanda sejumlah wilayah di Sumatera menyebabkan ratusan orang masih belum ditemukan. Anggota Komisi V DPR RI dari Fraksi Partai Kebangkitan Bangsa (PKB),... 234",0,negatif,0,negatif,0,negatif,0,negatif
banjir ny jgn masuk rumah dong 20,0,negatif,0,negatif,0,negatif,0,negatif
"Personel Polisi bersama instansi terkait menyalurkan bantuan perlengkapan sekolah kepada siswa di sekolah darurat Kecamatan Tukka, Kabupaten Tapanuli Tengah, Sumatera Utara. Polri Terus Berkomitmen Konsisten Salurkan Bantuan BersamaPulihkanSumatera 1 14",2,positif,2,positif,2,positif,2,positif
"Akun parodi Dari IG info.minang Kawasan Batu Busuk di Kota Padang kembali dilanda banjir Selasa (30/12) sore... Begitu juga Nagari Saniang Baka di Kabupaten Solok banjir kembali terulang, Selasa (30/12)... 5 5 599",1,netral,1,netral,0,negatif,0,negatif
"Saya kira kepala BNPB saja yg mengira bencana banjir dahsyat hanya sekedar mainan medsos, ternyata sekelas KSAD juga memahami banjir hanya urusan pencitraan saja. Ribuan nyawa terkubur karena lamban penanganan, kelaparan, dan berbagai penyakit. Sudahilah kebodohan pak KSAD.",0,negatif,0,negatif,0,negatif,0,negatif
"Zulkifli Hasan pastikan pemulihan bukan hanya cepat tapi tepat Janji Rumah Zulhas jadi pedoman untuk bantu warga Kunjungi Padang, Zulhas Janji Pasokan Pangan 2 Kali Lipat untuk Korban Banjir 16",2,positif,2,positif,0,negatif,0,negatif
"Hujan deras mengguyur Bali dan PICU banjir besar Air naik dengan cepat, rumah dan lahan warga ikut terendam. Banyak yang sampai harus menyelamatkan hewan-hewannya ke tempat aman. Salah satu video yang viral menunjukkan sebuah mobil berjuang keras melawan arus banjir 1 3 9",0,negatif,0,negatif,0,negatif,0,negatif
"Tahunya ttg TNTN dari musibah banjir longsor di 3 provinsi, begitu besar dampak dari kerusakan lingkungan. Riau jgn menunggu ada bencana dl, baru sadar. 25",0,negatif,0,negatif,0,negatif,0,negatif
"Kembali Lakukan Pencarian Korban, Personel Gabungan Turun Langsung Evakuasi Korban Terdampak Banjir di Suantera Barat PrayForSumatera LekasPulihSumatera LekasPulihBumiku PrayForAcehSumutSumbar GreenPolicing KapoldaRiau RiauUntukBumi RiauLestari 1 48",0,negatif,0,negatif,0,negatif,0,negatif
Pak Prabowo menyebut akan mengalokasikan masing-masing Rp 4 Miliar untuk 52 Kabupaten kota terdampak banjir di Sumatera dan Aceh prayforindonesia PrayForSumatera prayforaceh viral indonesia BENCANANASIONAL Banjir 3 41,1,netral,2,positif,2,positif,2,positif
Kemarin pas banjir sempat masuk rumah.. 2 936,0,negatif,0,negatif,0,negatif,0,negatif
"Tim Trauma Healing Bagian Psikologi Biro SDM Polda Riau melaksanakan pendampingan bagi korban banjir bandang di Desa Salareh Aia, Kecamatan Palembayan, Kabupaten Agam, Sumatera Barat, Selasa (2/12/2025). Dalam kegiatan ini, tim memberikan trauma healing dan sarana kontak banjir. 1 73",0,negatif,2,positif,0,negatif,0,negatif
"bergerak di Humala Tambunan Hutanabolon , kecamatan tukka, Kabupaten Tapanuli Tengah Provinsi Sumatera Utara, yang memiliki sebanyak 2975 jiwa. Dari hasil assesment data di lapangan tim .27 sudah menyiapkan skenerio tentang bagaiamana perlatan dan kebutuhan pengungsi.",1,netral,1,netral,0,negatif,2,positif
"Apel Green Aceh menemukan gelondongan kayu sekitar 30 meter kubik bertumpuk di wilayah yang berbatasan dengan hutan lindung di Desa Babah Suak, penghubung antara hutan Kawasan Ekosistem Leuser dengan hutan Ulu Masen di Provinsi Aceh. Terungkap, Sehari Sebelum Banjir Menerjang, Terjadi Penebangan Hutan Masif di Beutong Ateuh -... 52",0,negatif,1,netral,1,netral,1,netral
"Akun parodi Mendagri mengungkapkan sebanyak 22 desa hilang tersapu banjir bandang & tanah longsor di Aceh, Sumut & Sumbar. . . . . Na Willa Sawah Pangan Rakyat Terjaga LHKPN Zulkifli Hasan Kawal StokPangan Gapapa Malam Neng. 1 8 11 863",0,negatif,1,netral,0,negatif,0,negatif
Pemerintah Susun Skema Kerja Satgas Pemulihan Bencana Sumatra Pemerintah Susun Skema Kerja Satgas Pemulihan Bencana Sumatra,2,positif,2,positif,2,positif,2,positif
Alam pasti murka kalo manusia nya serakah hati hati saja kaya di Sumatra barat banjir bandang melanda kalo masyarakat ngg siap dengan resiko hutan nya hilang atau alih fungsi sedih,0,negatif,0,negatif,0,negatif,0,negatif
"Bawaslu Kendal menyampaikan doa dan empati mendalam atas musibah yang menimpa saudara-saudara kita di Sumatera. Semoga seluruh warga diberikan kekuatan, keselamatan, dan pemulihan yang segera. Mari bersama mengirimkan doa terbaik. PrayForSumatera BawasluKendal DoaUntukSesama 43",2,positif,2,positif,2,positif,0,negatif
"Pemerintah segera tangani warga terdampak banjir, bantuan langsung disalurkan. Pemulihan infrastruktur dimulai. Aceh Sumatera Update 16",2,positif,2,positif,2,positif,2,positif
"Polri mengerahkan bbrp tim psikolog utk pemulihan trauma pasca bencana banjir bandang & longsor di Aceh, Sumatera Utara dan Sumatera Barat. Selain bagi korban, layanan psikososial juga diberikan bagi petugas dan relawan di lokasi bencana. ---- My 2026 Vidi Sepanjang 2025 1 92",2,positif,0,negatif,0,negatif,0,negatif
"Bnr-bnr hujan 5 hari nonstop, cuaca dingin, banjir dimana-mana, rata-rata org udh ngungsi, mati listrik, susah sinyal, bahkan gempa & ada korban jiwa. Semua ini akibat keserakahan manusia . Tbh, ini cuaca ter-ekstrem yg pernah ku alami. Stay safe everyone PrayForSumatera 1 224",0,negatif,0,negatif,0,negatif,0,negatif
"Tadi siang (2/12), saya meninjau langsung jalur nasional di kawasan Lembah Anai, Sumatera Barat, yang terdampak banjir besar dan longsor. Ruas ini merupakan urat nadi utama yang menghubungkan Sumatera Barat dengan Provinsi Riau, sehingga putusnya akses sangat berdampak pada 14 52 120",1,netral,1,netral,0,negatif,0,negatif
"Kepala BRMP Sumatera Utara, Dr. Siti Maryam Harahap, mengikuti langsung persiapan groundbreaking rehabilitasi lahan persawahan terdampak bencana di Kabupaten Tapanuli Tengah. BRMP Sumatera Utara () • Instagram photos and videos 21",1,netral,1,netral,1,netral,2,positif
"MBG harus di stop dulu. Lebih baik uang anggaran MBG dialihkan untuk saudara di Aceh, Sumatera Utara, dan Sumatera Barat terlebih dahulu. 24",1,netral,2,positif,2,positif,2,positif
Akun parodi Langkah cepat BP Taskin di Aceh menegaskan bahwa tanggap darurat harus dibarengi rencana pemulihan. Budiman Sudjatmiko memastikan pendekatan profesional berjalan seiring dengan misi BPTaskinFokusPascaBencana Ancaman Lonjakan Kemiskinan Sumbar Pasca Bencana Jadi Perhatian Khusus BP Taskin - Harian Haluan 12,2,positif,2,positif,2,positif,2,positif
"Satu kampung di Kecamatan Sawang, Aceh Utara, lenyap dihantam banjir bandang. Sedikitnya 50 rumah, satu masjid, dan berbagai fasilitas umum hilang tersapu arus. Wilayah permukiman kini berubah total menjadi alur sungai besar. Jejak kehidupan warga hilang dalam hitungan menit. 14 528 748",0,negatif,0,negatif,0,negatif,0,negatif
aksi nyata POLRI bawa bantuan ke daerah terisolir Aceh Tengah pasca banjir beneran bikin salut. Tetap solid dan semangat ya 44,2,positif,2,positif,2,positif,2,positif
"Toba Pulp Lestari (TPL) membantah tuduhan sebagai penyebab banjir dahsyat di Sumatra yang menewaskan 604 orang. Begini penjelasan manajemen radarlawu.jawapos. Kontroversi Memuncak TPL Hadapi Tuduhan Deforestasi dan Banjir Besar, Begini Jawabannya! - Radar... Toba Pulp Lestari (TPL) membantah tuduhan sebagai penyebab banjir dahsyat di Sumatra yang menewaskan 604 orang. Begini penjelasan manajemen 60",1,netral,1,netral,0,negatif,0,negatif
"Memulihkan trauma, menguatkan semangat. Tim Trauma Healing Polda Riau bersama HIPSI Riau dampingi siswa MIN 6 Agam bangkit pasca bencana melalui aktivitas positif dan penuh keceriaan. Kapoldariaubantusumbar Kapoldariiaubantuaceh Kapoldariaubantumedan Poldariaubantubencana 1 3 84",2,positif,2,positif,2,positif,2,positif
"PT PLN (Persero) memulihkan sekitar 93 persen pasokan listrik di empat wilayah terparah terdampak banjir di Aceh, yakni Kabupaten Bener Meriah, Aceh Tengah, Aceh Tamiang, dan Gayo Lues. Berkat upaya tersebut, lebih dari 1,7 juta warga kini dapat kembali menikmati aliran listrik. 72",0,negatif,2,positif,2,positif,2,positif
"Akun penggemar Cuaca buruk, bandara banjir, barang delay heheheheheehe 75",0,negatif,1,netral,0,negatif,0,negatif
Dan rumah tetangga pun kebanjiran karena got yg mampet Sudah lapor DPR tapi Akhir tahun tidak ada anggaran Jalan raya dilebarkan got dibiarkan Ya banjirlah Jang tanya yg lain Sudah dikasih laporan juga wkwkwkwk 2 3 103,0,negatif,0,negatif,0,negatif,0,negatif
"Bantuan pascabanjir disalurkan u warga terdampak di Kec Sawang, Aceh Utara, tepatnya di Ds Babah Krueng & Ds Blang Reuling. Bantuan kebutuhan pokok ini jd btk respons cepat di ms pemulihan setelah aktivitas warga sempat terganggu akibat banjir. SigapMembangunNegeriUntukRakyat 1 40",2,positif,2,positif,2,positif,2,positif
Belum tidur karena rumah kebanjiran 1 40,0,negatif,0,negatif,0,negatif,0,negatif
"Lebih dari 45 hari bencanaGampong Sikundo, Aceh Barat masih terisolasi karena jembatan terputus dan jalan amblas ke sungai. Ratusan rumah rusak atau hanyut di wilayah Aceh Barat akibat Bencana Nasional Banjir Aceh - Sumatera pada November 2025 Jan 9, 2026 lokasi waktu",0,negatif,0,negatif,0,negatif,0,negatif
"Kementerian Keuangan melalui Direktur Jenderal Strategi Ekonomi dan Fiskal, Febrio Kacaribu mengatakan, kewajiban perpajakan bagi para wajib pajak (WP) yang menjadi korban bencana banjir dan longsor di wilayah Aceh, Sumatera Utara, dan Sumatera Barat menjadi gugur. Dia 1 3 584",2,positif,1,netral,0,negatif,0,negatif
Bener2 patah hati bgt ini sama yg ngontrak rumah sebelumnya kok bisa sih jahat bgt ga care gt sm perabotan rumah bisabisanya rumah kaya bekas kebanjiran padahal rumah udh setinggi ini aneh bgt.. gaada track record komplek kebanjiran yak org tanahnya tinggi Jorok bgt yaAllah 30,0,negatif,0,negatif,0,negatif,0,negatif
7. Gerombolan Jokowi menjatuhkan nama Prabowo di tengah bencana banjir Sumatera. (27 kecamatan lumpuh di Aceh saja.) Hampir 1.000 korban meninggal. Ribuan rumah hanyut dalam rusak. Bisa2nya Jokower kepala BNPB bilang bencana hanya heboh di medsos BersihkanKabinetPrabowo 5 6 7 194,0,negatif,0,negatif,0,negatif,0,negatif
"Banjir dan longsor yang terjadi di wilayah Sibolga, Tapanuli Selatan, Tapanuli Tengah dan Tapanuli Utara memutus akses jalan sehingga menjadi tantangan dalam proses pemulihan listrik. Namun, hal tersebut tidak mematahkan semangat personel PLN untuk terus melakukan perbaikan.(1/2) 1 36",2,positif,2,positif,2,positif,2,positif
"Selama banjir aceh belum ada media atau masyarakat lokal yang memberitakan kerja atau bantuan polisi di aceh dan sumbar, sebenarya polisi itu bikin pencitraan lokasjnya dimana",0,negatif,0,negatif,0,negatif,0,negatif
"Teruntuk saudara-saudara kami di Aceh, Sumatera Utara, Sumatera Barat... baik korban yang meninggal dan sudah diketemukan maupun yang belum diketemukan... Doa terbaik untuk kalian... Semoga diampuni segala kesalahan kalian ketika masih hidup....dan diberikan tempat terbaik.... 28 885",0,negatif,0,negatif,0,negatif,0,negatif
"dan reply manusia yang gak punya empati! kau gatau disini separah apa, udah 2 hari kami ngungsi di masjid (debit banjir udah segenteng ruma), kami cuma bermodalkan berenang karna gada bantuan perahu karet, pun belom ada jg pemkot yg ngirim bantuan berupa makanan. jadi kau gosa soktau 1 2 515",0,negatif,0,negatif,0,negatif,0,negatif
"ada gila-gilanya ni ujan turun terus ga berenti-berenti selame 2,5 hari, untung aje kgk banjir ni yee 37",0,negatif,0,negatif,0,negatif,0,negatif
"Banjir susulan terjadi kembali di Kabupaten Aceh Timur, Kamis, 8 Januari 2026. PrayForSumatra PrayForSumatra 33",1,netral,1,netral,1,netral,1,netral
Orang Batak yg waras (terutama marga Panjaitan) tdk akan menuduh bahwa banjir dan longsor di Sumatera Utara adalah akibat menebang pohon di Monas 6 thn lalu.....,1,netral,0,negatif,0,negatif,0,negatif
Masyarakat Aceh terpaksa mengangkut barang dagangan dan kebutuhan lainnya melewati medan berbahaya akibat terputusnya akses jalan dan jembatan. Skala kehancuran infrastruktur di Aceh akibat Banjir Besar Aceh–Sumatra Nov 2025 melampaui bencana Tsunami 2004. Sebanyak 461 ruas 14 561 726,0,negatif,0,negatif,0,negatif,0,negatif
udah jam 17.00 nih waktunya ngikutin update bencana banjir Sumatera di BNPB Live Update Bencana youtube. BNPB Indonesia The Indonesia National Disaster Management Authority 106,1,netral,1,netral,1,netral,1,netral
"dan 2 lainnya .. banjir pertama, distribusi bantuan & akses ke daerah terisolasi. ° Ekspektasi warga besar (logistik, makanan, air bersih, evakuasi, dll) sedangkan kondisi lapangan sulit krn infrastruktur rusak, akses terputus smntr kebutuhan mendesak. Hal² sprt ini Kaum Keledung mana ngerti. 1",0,negatif,0,negatif,0,negatif,0,negatif
"Dalam semangat Natal Pesan Natal Prabowo Presiden Perkuat Solidaritas menggerakkan empati nasional gotong royong membantu korban banjir bandang longsor Sumatera demi persatuan menjaga harapan dan kasih sesama bangsa Indonesia kuat Pesan Natal 2025, Presiden Prabowo Ajak Gotong Royong untuk Sumatra 25",0,negatif,2,positif,0,negatif,0,negatif
"Presiden Prabowo kemarin tiba di lokasi banjir paling parah di Sumut, meninjau langsung rumah-rumah yang terendam hingga dada orang dewasa. PrabowoPeduliSumatera Respons Cepat Negara 1 3",0,negatif,2,positif,2,positif,0,negatif
"Akun komentar Di negara ini, bencana datang tiba-tiba. Bantuan pemerintah datang... pelan-pelan, sambil stretching dan menyiapkan pendengung dan seperangkat kamera. Bukan begitu kiranya Pak ? fakta PrayForSumatera 1 199",2,positif,0,negatif,0,negatif,0,negatif
"melihat dampak banjir yang meluas di sumatera, tim tanggap darurat langsung bergerak menyalurkan bantuan dan evakuasi, karena Pemerintah Hadir Tanpa Tunda untuk menjaga keselamatan warga SatuIndonesia 12",2,positif,2,positif,2,positif,2,positif
Satbrimob Polda Aceh Terima Bantuan Sosial dari Wirasatya Alumni Akpol 1996 untuk Masyarakat Terdampak Banjir instagram. Batalyonapeloporaceh () • Instagram photo 15,2,positif,2,positif,2,positif,2,positif
Aceh dan Sumatra tidak sendirian. seluruh negeri berdoa dan membnatu dalam bentuk apapun 3,2,positif,2,positif,2,positif,2,positif
Menteri Dalam Negeri Tito Karnavian resmi memimpin Satgas Percepatan Rehabilitasi dan Rekonstruksi Pascabencana Sumatera Satgas tersebut kini mengambil alih penanganan pemulihan banjir dan longsor di sejumlah wilayah Sumatera hingga seluruh proses selesai. Satgas Pimpinan Tito Karnavian Ambil Alih Pemulihan Pascabencana Sumatera - Serambinews. 1 77,2,positif,1,netral,2,positif,1,netral
"Pemerintah Provinsi Jawa Timur memberangkatkan bantuan logistik bagi korban banjir di Sumatra Barat, Sumatra Utara, dan Aceh dari Sidoarjo, Selasa (16/12/2025). 1 1 116",0,negatif,2,positif,0,negatif,0,negatif
"Indonesia lagi kenapa ya yaAllah musibahnya beneran bertubi. Aceh, sumut, bandung, subang, malang.. semuanyaa gini kena banjir yang nyeremin bgt. 1 191",0,negatif,0,negatif,0,negatif,0,negatif
"Semoga bantuan dan penanganan pascabencana di Aceh, Sumut, dan Sumbar berjalan lancar serta tepat sasaran demi pemulihan masyarakat dan Keamanan Nasional. PolriUntukMasyarakat",2,positif,2,positif,2,positif,2,positif
"Bunga Rafflesia mekar di 'tanah' yang berduka Momen penemuan bunga Rafflesia oleh Tim SAR gabungan evakuasi banjir bandang, hanya satu dari beberapa bunga yang ditemukan mekar di hutan Sumatra. Penemuan flora endemik yang dikenal sebagai bunga bangkai 2 173",0,negatif,1,netral,0,negatif,0,negatif
"Kronologi menghadapi banjir dengan penuh rasa kecewa karena keterlambatan dan ketidakpastian akan bantuan Dari tim evakuasi. Siang hari itu, seorang Ibu dan anaknya datang ke Biara untuk minta tolong mengevakuasi Suami dan kedua anaknya yang terjebak di rumah. karena arus air 3 7 16 634",0,negatif,0,negatif,0,negatif,0,negatif
"Terus gimana perputaran ekonomi nya mas kalo di hancurin , masih banyak cara ngatasin banjir cuma pemerintah nya aja yg nge korup anggaran 2 60",0,negatif,0,negatif,0,negatif,0,negatif
Horas Saudara - Kita Bangkit Bersama horassaudara PrayForSumatera HorasSaudara Charity HumanitarianAid Solidarity GiveBack DoGood Indonesia NewMusic WorldMusic NaturalDisasterRelief Help Hope NonProfit MakeADifference 2 32,2,positif,2,positif,2,positif,2,positif
"SatgasPemulihanBencana siapkan bantuan untuk warga terdampak banjir aceh sumatra. harapan mulai kembali tumbuh , yuk kita bantu Pemulihan Bencana Aceh Sumatera Dari dhanesa 1 39",2,positif,2,positif,2,positif,2,positif
Bupati Tapanuli Selatan Buka Suara soal Kayu Gelondongan di Bencana Banjir-Longsor Sumatera Bupati Tapanuli Selatan Buka Suara soal Kayu Gelondongan di Bencana Banjir-Longsor Sumatera Dari kompas.tv 1,1,netral,1,netral,1,netral,0,negatif
"Yaa Allah… Padang Kembali Siaga! Padang, Sumatera Barat – Banjir bandang dengan debit air yang sangat tinggi kembali melanda kawasan Koto Tuo, Pangka Jembatan Batu Busuk, Kelurahan Kapalo Koto pada Minggu, 14 Desember 2025. Berdasarkan laporan terkini, air sungai telah meluap 11 24 40",1,netral,1,netral,1,netral,1,netral
Dilan Janiyar Salurkan Bantuan Rp 100 Juta untuk Korban Banjir Aceh Dilan Janiyar Salurkan Bantuan Rp 100 Juta untuk Korban Banjir Aceh 1 1 790,0,negatif,2,positif,0,negatif,0,negatif
"PDIP berangkatkan 30 ambulans dan 90 tenaga medis ke Aceh-Sumatra, libatkan Dokter Diaspora. ThePhraseID PDIP PDIPerjuangan Bantuan Bencana BencanaAceh BencanaSumatra Banjir DokterDiaspora HastoKristiyanto thephrase. PDIP Berangkatkan 30 Ambulans dan 90 Tenaga Medis ke Aceh-Sumatra, Libatkan Dokter Diaspora PDIP berangkatkan 30 ambulans dan 90 tenaga medis ke Aceh-Sumatra, libatkan Dokter Diaspora. 37",2,positif,2,positif,2,positif,2,positif
"Matangkuli, Aceh Utara banjir un, ortu gbs dihubungi hampir 2x24 jam, terakhir ngabarin air masuk kedalam rumah sampe skrg gatau gimana kondisinya 1 5 88",0,negatif,0,negatif,0,negatif,0,negatif
"Akun parodi Hai... ini masih pagi, tapi aku dpt kabar kampung ku di sumbar udah ga berbentuk lagi. Keluarga di sana ngungsi ke tempat aman walau bisa di kata ga aman juga. Sementara rumah keluarga di daerah bagian lainnya udah ketutup banjir, tolong doakan org"" di sana ges.. 1 87",0,negatif,0,negatif,0,negatif,0,negatif
"Ribuan keluarga korban banjir dan longsor di Aceh, Sumatera Utara, dan Sumatera Barat memilih bertahan di luar hunian sementara dengan menerima Dana Tunggu Hunian (DTH) dari pemerintah. Badan Nasional Penanggulangan Bencana (BNPB) mencatat, hingga kini sebanyak 16.264 kepala",1,netral,0,negatif,0,negatif,0,negatif
"dan ya kobarkan dong bendera perangnya, tembaki itu tentara yg lagi evakuasi korban banjir, jgn koar2 di sosmed aja kek bocil. ngancem mulu, gak ada tindakan sama sekali 1 347",0,negatif,0,negatif,0,negatif,0,negatif
"Bergerak Bersama, Pulihkan Aceh dan Sumatra Kita semua berharap, kehadiran para dapat meringankan beban masyarakat di lokasi terdampak bencana. TarunaKKP 2026KKPGrowStronger SaktiWahyuTrenggono KKPGOID kkpterus5F662 12",2,positif,2,positif,2,positif,2,positif
Bupati Aceh Selatan akan dipecat karna pergi umroh saat rakyat daerahnya terkena banjir! Ane sih setuju bupatiacehselatan PrayForSumatera PrayForIndonesia BENCANANASIONAL banjir prayforaceh 3 49,2,positif,0,negatif,0,negatif,0,negatif
"Sebagai bentuk dukungan terhadap upaya penanganan pembersihan sisa banjir, PMI mengirimkan bantuan peralatan pembersihan dalam jumlah besar. aceh.tribunnews. PMI Fokus Bersihkan Banjir Sumatera–Aceh, Kirim Puluhan Ribu Cangkul, Sekop, dan Puluhan Excavator... PMI memfokuskan upaya pada pembersihan sisa lumpur, kayu, dan material banjir yang masih menutup permukiman warga serta fasilitas umum. 68",2,positif,2,positif,2,positif,2,positif
"belum kak, btw stay safe ya gue liat di berita pulau sumatra lagi kena banjir bandang 1 38",1,netral,1,netral,0,negatif,0,negatif
Ikuti terus yuk update info tentang banjir Sumatera di BNPB Live Update Bencana jam 17.00 youtube. BNPB Indonesia The Indonesia National Disaster Management Authority 15,1,netral,1,netral,1,netral,2,positif
"Jumlah korban meninggal akibat bencana banjir dan tanah longsor di Sumatera bertambah menjadi 604 orang, berdasarkan data di situs Pusat Data, Informasi, dan Komunikasi Bencana Senin (1/12/2025) pukul 17.00 WIB. Sumatera Utara 283 jiwa, Sumatera Barat 165 jiwa dan Aceh 156 jiwa. 91",0,negatif,0,negatif,0,negatif,0,negatif
Akun komentar C.U.M.A...... Bencana Sumatera 1 dari 38 provisi Banjir besar di Bali 1 dari 38 Provinsi Keracunan MBG 0.00017 dari penerima MBG TNI vs WNA China 1 dari 38 Provinsi 1 1 135,1,netral,0,negatif,0,negatif,0,negatif
"YANG SEDANG VIRAL AKIBAT BANJIR BANDANG DI SUMUT Ini bukan murni fenomena alam tapi kerusakan alam akibat ulah manusia Sebuah video memperlihatkan momen dimana sungai batang boru yang terletak di Tapanuli Selatan, Sumatera Utara mengalami banjir. Namun banyak warganet yang 7 72 112",0,negatif,1,netral,0,negatif,0,negatif
"Dalam rangka kepedulian terhadap terjadinya banjir dan longsor yang terjadi di beberapa daerah di Aceh, Sumatera Barat, Sumatera Utara KPU Riau memberikan bantuan kepada saudara-saudara yang terkena bencana, semoga bantuan itu dapat meringankan beban bagi sesama saudara 36",2,positif,2,positif,2,positif,2,positif
"Aksi sigap TNI saat terjadi banjir di Sumatera Selatan, Kabupaten Oku Timur. --- Mens rea sore pagiii nkri cowo korupsi",2,positif,2,positif,2,positif,2,positif
"Enam Korban Ditemukan Tewas, SAR Kebut Evakuasi di Tengah Putusnya Akses Banjir Aceh punca. SAR Kebut Evakuasi di Tengah Putusnya Akses Banjir Aceh Tim SAR gabungan menemukan enam korban meninggal dunia dalam operasi penyelamatan banjir di Aceh, Rabu (3/12/2025) kemarin, sementara satu lansia dievakuasi dalam kondisi sakit. 40",0,negatif,0,negatif,0,negatif,0,negatif
"Blak-blakan Guru Besar USK Aceh Kritik Penanganan Banjir, Soroti Bendera Putih sebagai Tanda Kelaparan BanjirAceh BenderaPutih BencanaAceh KritikAkademisi USKAceh PemulihanBencana BantuanKemanusiaan AcehDarurat 45",0,negatif,0,negatif,0,negatif,0,negatif
"Adek ini abis jatuh dari jembatan ambruk karna banjir dan longsor waktu lagi berangkat sekolah dianter ibunya, dia selamat tapi ibunya hanyut Pas dia bilang ""Tu gak bisa aku ketemu ibuku lagi pak?"" Ampun ya Allah ga kuat nahan nangis AllEyesOnSumatera 3 1 13",0,negatif,0,negatif,0,negatif,0,negatif
"Banjir bandang di Sumatera udah makan korban dan bikin ratusan ribu warga ngungsi. Sedih banget, tapi di balik semua itu masih ada kerja nyata yang jalan tanpa banyak sorotan. Semoga ini jadi Pemulihan Awal Kebangkitan buat Sumatera. KerjasamaUntukSumatera 1 1 14",0,negatif,0,negatif,0,negatif,0,negatif
dan Iya paling sumatera juga akan terpecah jadi beberapa negara mengikuti etnik dan sukunya..sekarang saja untuk menjadi pemimpin segala cara dilakukan dari setingkat RT sampai gubernur karena masing2 punya kepentingan..apa ya rela orang Lampung Sumsel dipimpin presiden dari Aceh?.. 2 2 74,0,negatif,0,negatif,0,negatif,0,negatif
"Anggota Komisi I DPR Endipat Wijaya meminta Kementerian Komunikasi dan Digital (Komdigi) aktif memberikan informasi ke masyarakat tentang bantuan yang telah diberikan pemerintah ke korban bencana di Aceh, Sumatera Barat (Sumbar) dan Sumatera Utara (Sumut). Endipat juga 3 6 12",0,negatif,2,positif,0,negatif,0,negatif
"Ini sepertinya di kawasan Silaiang, Padang Panjang, Sumatera Barat, Indonesia. Banjir bandang terjadi pada 27 November 2025, menyebabkan kerusakan parah pada mobil dan rumah. Sumber BNPB dan berita lokal.",0,negatif,1,netral,0,negatif,0,negatif
"Dana bantuan pemerintah utk Tsunami Aceh 2004 42.9T Banjir Aceh-Sumatra 2025 60T Bro merasa sudah hebat tp tdk menghitung nilai uang. Kalo benar itungan mas Mojito ini, 42.9T thn 2004 itu setara 803T di 2025. Membanggakan 60T hasil “efisiensi rapat2 tidak penting” katanya. 1 1 158",2,positif,0,negatif,0,negatif,0,negatif
"Gampong Drien Tujoh, Bandar Dua Ule Glee di Pidie Jaya, Aceh kena Musibah Banjir Gelombang ke II Rabu, 24 December 2025. Pidie Jaya adalah salah satu Daerah terparah terkena Banjir Aceh - Sumatera akibat Cyclone Senyar pada November 26, 2025 22 428 491",0,negatif,1,netral,0,negatif,0,negatif
"Alhamdulillah Terima kasih untuk TPL yang terus hadir di tengah bencana banjir Sumatera, bantu masyarakat bangkit lebih cepat. 26",2,positif,2,positif,2,positif,2,positif
Woy anjing kau lah penyebab kerusakan hutan di di Indonesia dan Banjir bandang di Sumatra 68,0,negatif,0,negatif,0,negatif,0,negatif
"Pemerintah Hadir, Telkomsel dan Kondisi perkuat bantuan kemanusiaan Pasca bencana di Aceh 24",2,positif,2,positif,2,positif,2,positif
"Menkomdigi Meutya Hafid Telekomunikasi Pasca Banjir Sumatra Mulai Pulih, Aceh Capai 73 Persen bahlillahadalia kuningkeren golkarindonesia partaigolkar golkarpedia",2,positif,2,positif,2,positif,2,positif
"Disenggol soal Istighosah, Gus Miftah Malah Gelar Doa untuk Negeri Sindiran Halus? gusmiftah DOA banjir Sumatera aceh Dicolek Soal Istighosah, Gus Miftah Gelar Doa untuk Negeri Dari one.news 39",1,netral,1,netral,0,negatif,0,negatif
"Komplek elit Givency One Medan ikut terdampak banjir. Air yang masuk ke dalam rumah membuat berbagai barang berharga milik penghuni rusak, mulai dari perabotan 2 1 170",0,negatif,0,negatif,0,negatif,0,negatif
"Tim SAR Resimen II Pasukan Pelopor Intensifkan Pencarian Korban Banjir di Agam, Gelar Evakuasi hingga Trauma Healing PrayForSumatra Polriuntukmasyarakat BrimobUntukNusadanBangsa Jiwaragakudemikemanusiaan humaskorbrimobpolri 1 1 37",0,negatif,2,positif,0,negatif,0,negatif
"Banjir parah melanda sejumlah wilayah Yunani akibat hujan lebat. Infrastruktur rusak,aktivitas warga terganggu. Otoritas setempat lakukan penanganan darurat.Yunani Banjir CuacaEkstrem narkobainternasional Jambu TYPE_非 PersibDay MalamMinggu wakapolri pupukturungabahnaik 36",1,netral,1,netral,0,negatif,0,negatif
"Ketua Lembaga Perlindungan Anak Indonesia (LPAI) Seto Mulyadi atau yang kerap disapa Kak Seto memberikan penguatan dan pendampingan psikologis bagi anak-anak penyintas banjir bandang dan tanah longsor di Kota Padang, Sumatera Barat. Kak Seto lakukan trauma healing bagi anak korban banjir dan longsor di Padang - ANTARA News Bengkulu 71",2,positif,2,positif,0,negatif,0,negatif
Akun parodi Jalan yang selalu saya lewati sumbar prayforsumbar PrayForSumatera 2 5 12 553,1,netral,1,netral,2,positif,1,netral
Akun komentar Sama2 kita dorong pengurus negara utk naikan status musibah ini sbg bencana nasional. PrayForSumatera 1 39,2,positif,2,positif,2,positif,2,positif
"Otomatis oleh Guys berhubung aceh banjir lagi, sharing dong tempat donasi untuk aceh! Kalo bisa yang kayak jnt gratis ongkir kirim donasi ke aceh, soalnya sender agak trust issue sama tempat donasi yang ngirim uang hehe 4 12",2,positif,2,positif,2,positif,0,negatif
ada yang tahu alamat posko aceh sumbar yang trusted buat kirim barang? 35,1,netral,1,netral,1,netral,1,netral
"Awal tinggal di Gresik rumah dinas, air hujan masuk rumah genang sebentar. W dah stress.. cem mana kl banjir dan hilang semua harta benda. Ya Allah kuatkan mereka, ganti dgn yg lebih baik 185",0,negatif,0,negatif,0,negatif,0,negatif
"Akun parodi mengenai bencana banjir bandang dan tanah longsor yang melanda provinsi Aceh, Sumatera Utara, & Sumatera Barat. Laporan ini menyoroti peran krusial Satgas Penertiban Kawasan Hutan (PKH) dalam mengungkap akar masalah di balik tragedi yang menewaskan lebih dari 1.000 jiwa tersebut 1 2 88",0,negatif,1,netral,0,negatif,0,negatif
"Aku jadi penasaran klo banjir bandang gini, setan2 jg ikutan ngungsi ga ya?",0,negatif,0,negatif,0,negatif,0,negatif
"Hari ini tgl. 17 Desember 2025... Sekian minggu setelah ""banjir besar dan longsor"" di SumBar, SuMut dan Aceh...... Desakan status BENCANA NASIONAL semacam tuit 21. Agsts 18 ini sampe kiamat pun nggak kan ada lagi.... 114",0,negatif,1,netral,0,negatif,0,negatif
"Lagipula yg perlu diangkat bukan hutan sebagai paru2 bumi. Bencana kemarin warga bukan sesak nafas karna kurang oksigen, tapi banjir bandang karna ga ada hutan yg nahan limpahan air hujan.",0,negatif,0,negatif,0,negatif,0,negatif
"Akun komentar Di Aceh, petugas mengevakuasi satu keluarga yang terjebak di atap rumah setelah air naik mendadak Polisi Tanggap Bencana Terimakasih POLRI 1 2",1,netral,0,negatif,0,negatif,0,negatif
"ya Allah, selamatkanlah saudara-saudari kami, ayah ibu kami, kakek nenek kami yang sedang berada dalam kesulitan dan kepayahan menghadapi bencana alam bertubi ini. berikanlah mereka senantiasa perlindungan-Mu, aamiin. PrayForSumatera PrayForAceh PrayForPadang 1 43",2,positif,2,positif,0,negatif,0,negatif
"Sampé 11 Januari 2026, bantuan pemerintah kanggo korban banjir Sumatera lagi ditambah. Kemensos janji Rp 5 yuta saben keluarga ing Sumut kanggo pemulihan ekonomi. BNPB salurke 500 paket sembako ing Sumsel (Ogan Komering Ulu Timur). Santunan kanggo 147 ahli waris korban meninggal,",0,negatif,2,positif,0,negatif,0,negatif
"Bantuan untuk korban bencana banjir di Aceh, Sumatera Utara dan Sumatera Barat dari PDI-P. Untuk semua relawan dan tim penyelamat semoga diberi kemudahan, kekuatan dan kesehatan dalam menjalankan tugas. 1 7 21 695",0,negatif,2,positif,0,negatif,0,negatif
"Banser Peduli Korban Bencana Distribusi Logistik dan Bantu Dapur Umum Ansor Banser Sumatera Barat berjibaku membantu korban bencana di Sumatera. Di Pasaman Barat, Banser berjibaku membatu drop sekaligus mendistribusikan logistik. Sementara bersama Baznas, Sahabat-sahabat 2 7 16 672",0,negatif,2,positif,0,negatif,0,negatif
"Aceh Tamiang, 44 hari pasca banjir IG/. 07 Januari 2026 || Episode 3 Jadekamin Sore Round 5 1 1 293",1,netral,1,netral,1,netral,1,netral
"Lewati Medan Sulit, Petugas PLN Pulihkan Kelistrikan Terdampak Banjir dan Longsor di Sumatera Utara Banjir dan longsor yang terjadi di wilayah Sibolga, Tapanuli Selatan, Tapanuli Tengah, dan Tapanuli Utara memutus akses jalan sehingga menjadi tantangan dalam proses pemulihan 47",2,positif,2,positif,2,positif,2,positif
"Tips Aman Menyalakan Listrik Setelah Banjir Electrizen, pastikan rumah benar-benar aman sebelum menyalakan listrik kembali setelah rumah terendam banjir. Yuk simak tips dari PLN! PLNUntukSemua PLNUntukIndonesia PrayforAceh PrayforSumut PrayforSumbar PLNUIDSulselrabar 1 16",1,netral,1,netral,2,positif,2,positif
Pemerintah Aceh melalui Dinas Sosial Aceh menyatakan terus mengintensifkan upaya pemulihan pascabencana bagi kelompok anak yang terdampak banjir Dinsos Aceh Intensifkan LDP anak terdampak banjir 1 280,1,netral,2,positif,2,positif,2,positif
"INI DIA SI BANDIT HUTAN, SUMBER BENCANA ALAM DI ACEH SUMUT SUMBAR 74",0,negatif,0,negatif,0,negatif,0,negatif
"Bisa gak sih program MBG di stop 1 bulan aja, dana nya dialihkan utk penanganan bencana banjir di aceh, sumut dan sumbar.",1,netral,1,netral,0,negatif,0,negatif
"Berdasarkan laporan resmi dari Kompas dan Seskab Teddy, Presiden Prabowo mengerahkan 50-53 helikopter untuk penanganan bencana banjir di Sumatera, termasuk Aceh, sejak awal Desember 2025. Ya, klaim 50 helikopter benar, meski sempat ada pertanyaan tentang keberadaannya di lapangan",1,netral,1,netral,1,netral,1,netral
"Aceh dan Sumatera udah nunjukin kemajuan luar biasa dalam penanganan bencana. Semangat terus, bareng pemerintah kita bangkitkan bersama! 14",2,positif,2,positif,2,positif,2,positif
"Tahap awal pembangunan huntara untuk korban terdampak banjir di Agam Sumatera Barat tengah berlangsung. Alhamdulillah, semoga tidak membutuhkan waktu lama bisa selesai, sehingga ada tempat berlindung dan beristirahat lebih layak. Good job TNI. Untuk diketahui, pembangunan 4 10 21 445",2,positif,2,positif,0,negatif,0,negatif
"Ketua DPP PDIP Bidang Kesehatan Ribka Tjiptaning melaporkan aksi kemanusiaan PDIP di tiga provinsi terdampak bencana, yakni Sumatra Barat, Sumatra Utara, dan Aceh PDIP Luncurkan Buku ‘Spirit Kemanusiaan’ 30",1,netral,2,positif,2,positif,2,positif
Anggota DPR TA Khalid mengkritik laporan Menteri ESDM Bahlil Lahadalia yang menyebut listrik di Aceh sudah menyala 97 persen. Ia menilai data itu tidak sesuai kondisi lapangan karena baru sekitar 60 persen wilayah terdampak banjir dan longsor yang kembali teraliri listrik. Khalid 70,0,negatif,1,netral,0,negatif,0,negatif
"Warga Aceh tidak sendirian. Ada Babinsa dan BNPB yang siap sedia membantu 24 jam. Lekas pulih saudaraku. youtube. BABINSA X BNPB COLLAB BANTU ACEH Enjoy the videos and music you love, upload original content, and share it all with friends, family, and the world on YouTube. 9",2,positif,2,positif,2,positif,2,positif
"Tahap 3 Penyaluran Bantuan Banjir Sumatera Sahabat Trilove, alhamdulillah hari ini tim kami telah turun langsung ke Lubuk Minturun, Kota Padang, Sumatera Barat untuk menyalurkan bantuan dari donasi kalian semua. Bantuan yang dibawa pada tahap ini meliputi Popok bayi dukungan 🍜🍼",2,positif,2,positif,2,positif,2,positif
"barangkali ada temen-temen yang mau donasi untuk evakuasi anabul liar yang terdampak banjir sumatra. selamat hari jumat. semoga semuanya bisa hidup berdampingan dengan layak dan bahagia. Kitabisa Donasi, Zakat, Wakaf Orang-orang baik, sekecil apaun bantuan akan menyelamatkan banyak jiwa berbulu ini, mari bersama berjuang bersama para relawan anabul ini. 4.63321/5 bintang – 4,234 peringkat 153",2,positif,2,positif,2,positif,2,positif
"PULIHKAN AKSES WARGA, BRIMOB ACEH BERSIHKAN BADAN JALAN PASCA BANJIR DI BENER MERIAH 36",2,positif,2,positif,2,positif,2,positif
"dan heran yah kenapa selalu bencana besar di aceh?? mulai dari sunami dan banjir besar.. artinya di pesisir, di daratan dan di daerah gunung semua nya kena bencana. semoga tdk terjadi lagi 1 4 178",0,negatif,0,negatif,0,negatif,0,negatif
"Setelah di geledah ,. Langsung Hadap Bapak, itu tanda bhwa tanpa Bpk Kalian jd Abu,. BangunKesadaran TolakOkupasiTanahRakyat PrayForSumatera PrayForIndonesia 9 1 107",0,negatif,0,negatif,0,negatif,0,negatif
"Banjir dan Longsor Melanda, Pemkot Padang Liburkan Siswa",1,netral,1,netral,0,negatif,0,negatif
"Gue ini ada kenalan yang jadi korban banjir longsor di Aceh Utara Dulu gue nginep di rumah keluarganya pas gue lagi turlap Rumahnya sekarang ilang ga bersisa Kata dia bantuan dari warga sekitar ada Lagi tanya bantuan dari pemerintah dah masuk apa blm, centang satu lagi (",0,negatif,0,negatif,0,negatif,0,negatif
"Akun parodi Gubernur Aceh, Muzakir Manaf (Mualem) meluapkan kekecewaan dan kemarahan terhadap kinerja Badan Nasional Penanggulangan Bencana (BNPB) terkait lambatnya penanganan bencana banjir dan longsor di Aceh Tamiang pada akhir 2025... Mualem menyoroti kegagalan penggunaan alat evakuasi 265",0,negatif,1,netral,0,negatif,0,negatif
"Akun parodi Astaghfirullah...! Anggota DPRK Bireuen melakukan inspeksi mendadak ke gudang BPBD dan Dinas Sosial pada Senin (12/1/2026) setelah menerima laporan warga mengenai adanya penimbunan logistik... Dalam sidak tersebut, ditemukan puluhan ton bantuan untuk korban banjir dan tanah 11 28 40 854",0,negatif,0,negatif,0,negatif,0,negatif
Saat rumah terendam harapan dijaga Projo Peduli Bencana bersama rakyat Sumatera Bersama Budi Arie Setiadi Projo Setia Digaris Rakyat mendukung pemulihan dan kerja keras pemerintah PROJO Solidaritas Nasional Kunci Mengatasi Banjir Sumatera 7,2,positif,2,positif,2,positif,2,positif
"Evakuasi Korban Longsor dan banjir di Sibolga, ternyata salah satu korban yg sudah di identifikasi adalah ibunda dari Aipda Simon Pakpahan anggota Brimob Yon C yg sedang di bertugas. 17 37",0,negatif,0,negatif,0,negatif,0,negatif
"Pemulihan listrik pasca banjir emang gak gampang, apalagi di area fasilitas kesehatan. Tapi PLN berhasil nyiapin langkah-langkah supaya 34 fasilitas kesehatan di Aceh bisa kembali beroperasi. Kerja keras yang patut dihargai 31",2,positif,2,positif,2,positif,2,positif
"Presiden Prabowo Subianto menyetujui Anggaran Transfer ke Daerah (TKD) untuk Provinsi Aceh 2026 tidak dipotong, dan memastikan dukungan penuh pemerintah pusat untuk percepatan pemulihan pascabencana di Provinsi Aceh. 1 70",2,positif,2,positif,2,positif,2,positif
"1 Minggu lebih full hujan tanpa henti. Baru kali ini setakut ini sama hujan. Baru kali ini banjir kiri kanan. Lampu mati hidup. Slalu lindungi kami dari marabahaya musibahmu ya Allah. Rumahku dekat pantai, bangun tidur orang"" pada siap"" ngungsi. PrayForSumatera prayforsumbar 1 5 145",0,negatif,0,negatif,0,negatif,0,negatif
"Pemerintah Hadir Tanpa Tunda. mulai dari evakuasi hingga distribusi logistik, pemerintah berupaya gerak cepat agar warga terdampak banjir di Sumatera bisa merasa lebih aman dan terbantu SatuIndonesia 18",2,positif,2,positif,2,positif,2,positif
Update 18 24 WIB 604 korban meninggal dan 464 masih hilang dampak banjir tanah longsor di Sumatra 17 35,0,negatif,0,negatif,0,negatif,0,negatif
"Kemenhut pastikan kayu di Lampung bukan hanyut akibat banjir Sumatera Kementerian Kehutanan (Kemenhut) memastikan kayu yang ditemukan di Lampung bukanlah kayu hanyut akibat banjir di Sumatera, setelah melakukan pemeriksaan di Pantai Pesisir Barat. Direktur Iuran dan 1 139",1,netral,1,netral,1,netral,0,negatif
Doain yah teman2 Alhamdulillah menstock dimedan untuk di bawa ke Tapanuli tengah dan di Aceh tamiang. Masih banyak banget kekurangannya Yuk mulai 10.000 Agar semua bisa ikutan doa,1,netral,2,positif,2,positif,0,negatif
"Menurut update terbaru BNPB per 6 Desember 2025 pukul WIB, korban meninggal akibat banjir dan longsor di Sumatra mencapai 914 jiwa (Aceh 359, Sumut 329, Sumbar 226). Korban hilang 389 orang. Data bisa berubah seiring evakuasi.",0,negatif,0,negatif,0,negatif,0,negatif
"Pada hari kedua ini, pemerintah terus mengerahkan helikopter ke berbagai titik untuk distribusi bantuan logistik dan evakuasi di wilayah terdampak bencana banjir di Aceh, Sumatera Barat, dan Sumatera Utara. BantuanBencanaAlam DistribusiBantuanLogistik WilayahTerdampakBencana 12 60 134",1,netral,2,positif,2,positif,2,positif
Tim Trauma Healing Polda Riau Bersama Himpunan Psikologi Indonesia Melaksanakan Kegiatan Trauma Healing Kepada Para Lansia Di Posko Bantuan Nagari Salareh Aia Timur Prov. Sumbar Kapoldariaubantusumbar Kapoldariiaubantuaceh Kapoldariaubantumedan Poldariaubantubencana 119 3 276 494,2,positif,2,positif,2,positif,2,positif
"Akun parodi Kita sambut optimisme baru di tengah duka Zulkifli Hasan membuka jalan dengan Janji Rumah Zulhas Kunjungi Padang, Zulhas Janji Pasokan Pangan 2 Kali Lipat untuk Korban Banjir 21",2,positif,2,positif,0,negatif,0,negatif
"Ditpolairud Polda Sumsel Gelar Salat Gaib, Istighosah, dan Doa Bersama untuk Korban Bencana Alam di Aceh, Sumut, dan Sumbar Sekaligus Peringati HUT ke-75 Polairud Ditpolairud Polda Sumsel menggelar rangkaian kegiatan religius berupa salat gaib, istighosah, dan doa bersama untuk 1 55",2,positif,0,negatif,0,negatif,0,negatif
PLN terus bergerak memastikan pemulihan listrik pascabencana banjir yang melanda sejumlah wilayah di Aceh. PLNUntukSemua PLNUntukIndonesia pInAceh PrayforAceh 1 24,2,positif,2,positif,2,positif,2,positif
AWAS AJA KALO TIKETING NYA KECEPETAN H-2 BULAN AJA INI WARGA INDO MASIH LAGI PADA PUYENG MIKIRIN DUIT GRGRG PEMERINTAH sedih,0,negatif,0,negatif,0,negatif,0,negatif
"Udh berganti rezim, tapi masalah di konoha masih tetap ga pernah beres. Banjir makin parah, korupsi makin ngeri, ekonomi makin sempit. Rakyat2 yg susah bukan karna malas, tapi korban dari sistem yg ga bener. Padahal negri konoha kaya raya SDA nya.",0,negatif,0,negatif,0,negatif,0,negatif
"Terancam kelaparan warga Aceh Tengah, Bener Meriah, dan Gayo Lues yang terisolasi 13 hari jalan kaki lewat gunung dan nyebrang sungai mencari beras dan obat obatan ke perbatasan Aceh Utara dan ke kota Lhokseumawe untuk keluarga mereka. Banjir Aceh cyclone senyar adalah 53",0,negatif,0,negatif,0,negatif,0,negatif
Pemerintah Sigap untuk bencana Aceh dan Sumatra. PemerintahHadir AcehSumatraBangkit PemerintahBarengWarga AcehSumatraPulih 1 1 28,2,positif,2,positif,2,positif,2,positif
"Polri kerahkan BELASAN RIBU personel untuk bantu pemulihan wilayah terdampak banjir dan longsor di Aceh, Sumatera Utara, dan Sumatera Barat. Bukan cuma tanggap darurat, tapi total dukung proses pemulihan hingga daerah bangkit lagi. Keamanan Nasional PolriUntukMasyarakat",2,positif,2,positif,2,positif,2,positif
Seorang EmakAceh tidak mau nunggu bantuan yang tak kunjung datang tanam padi di atas lumpur di bawa bencana banjir di halaman rumah. smart - positive thinking. Tinggal jaga dari tikus dan hama waktu panen tiba 6 97 291,1,netral,0,negatif,0,negatif,0,negatif
dan Perusahaan kayu milik prabowo salah satu penyebab bencana yang timbul di aceh atau Sumatera Utara. PT Tusam. 1 41,0,negatif,0,negatif,0,negatif,0,negatif
"Demokrat Peduli dan Berbagi Dipimpin Doni Harsiva Yandra, Demokrat Sumatera Barat menyalurkan bantuan kemanusiaan bagi masyarakat korban bencana. Bantuan ini merupakan bentuk kepedulian dari seluruh kader Partai Demokrat Sumatera Barat bersama DPC Partai Demokrat Kota Padang. 1 23",0,negatif,2,positif,0,negatif,0,negatif
"Zaskia Adya Mecca Pamit, Anak Korban Banjir Aceh Ke Sini Lagi, Kak Zaskia Adya Mecca Pamit, Anak Korban Banjir Aceh Ke Sini Lagi, Kak 457",0,negatif,0,negatif,0,negatif,0,negatif
"Sudah tiga pekan banjir Sumatra berlalu, para penyintas belum bisa kembali ke rumahnya. Lumpur menggunung di permukiman, sungai disesaki jutaan batang kayu. Ke mana warga pulang? Saksikan RealitasMetroTV ""Tengoklah Rumah Kami"" Sabtu, 20 Desember 2025 pukul 19.30 WIB di MetroTV 2 2 799",1,netral,0,negatif,0,negatif,0,negatif
"Tolong orang ini dikirim ke Aceh Tamiang atau Sumut atau Sumbar ke wilayah terisolir dan jangan dijemput sampe semua kayu, lumpur, jenazah beres -- abaikan kalo teriak tdk ada suplai logistik yg dibutuhkan, kita mau lihat apa komen dan action nya si pintar ini 55",0,negatif,0,negatif,0,negatif,0,negatif
"Musim hujan trus kemarin kena air banjir, minyak kayu putih sebotol habis dalam 3 hari buat oles ke kaki, tangan, punggung biar ga gatal + hangat terus 19",0,negatif,1,netral,0,negatif,0,negatif
"Para bedebah yg terlibat penebangan hutan besar besaran skrng lg pd sibuk main drama sedih sedihan, smpe ada yg mangku beras, ngepel lumpur dll, gue kubur jg lu di lumpur banjir 18",0,negatif,0,negatif,0,negatif,0,negatif
"Banjir yang melanda Aceh, Sumatera Utara, dan Sumatera Barat tidak hanya menimbulkan kerusakan fisik, tetapi juga menekan perekonomian nasional. KerugianBencana PrayForSumatera 38",0,negatif,0,negatif,0,negatif,0,negatif
"Karena Banjir di Sumatera, Kebun Sawit dikembalikan jadi Hutan! PrayForSumatera sawitbaik BencanaSumatera bencananasional 2 75",1,netral,0,negatif,0,negatif,0,negatif
"dan Banjir bandung tu banjir tahunan & terjadinya saat KDM sudah berangkat ke sumatra..skala bencananya jauh lebih kecil dari bencana disumatra, heran banget saat orang lagi bantu bencana besar yg lain malah nyinyirin terus, liat dong sisi kemanusiannya jangan kaitkan sama politik 74",1,netral,0,negatif,0,negatif,0,negatif
"ada POLRI, ada bantuan! Di Sumatera, mereka hadir saat banjir. Terima kasih sudah menjadi penyelamat. Jangan lelah berbuat baik 33",2,positif,2,positif,2,positif,2,positif
"Pemerintah mengambil langkah tegas terhadap aktivitas perkebunan dan pertambangan yang dinilai berkontribusi pada bencana banjir besar Sumatra. Pemerintah Hadir, Aceh Sumatra Bangkit, Pemerintah Bareng Warga, Aceh Sumatra Pulih, Pemerintah Sigap untuk Aceh Sumatra 32",2,positif,2,positif,2,positif,2,positif
"! - Momen evakuasi warga yang terjebak banjir di kawasan Batu Busuk, Kota Padang, berlangsung menegangkan pada Minggu sore 47",0,negatif,1,netral,1,netral,0,negatif
"Ada yg tau minta bantuan ke mana ya ini? Teman kami di Lhoksukhon Aceh hari ini baru bisa kasih kabar, katanya berhari-hari belum ada bantuan masuk dan mereka yg di pengungsian pada kelaparan mereka semua mengungsi di masjid karena rumah semuanya hancur terbawa banjir 106",0,negatif,0,negatif,0,negatif,0,negatif
"yaAllah ini beneran makin naik air nya, sekarang halaman rumah udah ke rendam dikit lagi airnya masuk ke dapur 38",0,negatif,1,netral,0,negatif,0,negatif
"halo, mohon dibantu perbaikan modem ibu saya di wilayah banjir aceh belum dilakukan hingga kini laporan sudah dri tgl 6 sdngkan ad yg baru lapor sudah datang teknisi, jaringan seluler belum ada saya kesulitan hubungi keluarga ibu saya no pengaduan1-OXRA6VJ 1 231",1,netral,0,negatif,0,negatif,0,negatif
"Setibanya di Aceh, Presiden Prabowo diagendakan meninjau titik yang mengalami kerusakan dan dampak signifikan akibat banjir, sekaligus menerima laporan terbaru dari pemerintah daerah dan instansi terkait. Kepala Negara juga akan memantau distribusi bantuan, 20",0,negatif,1,netral,2,positif,1,netral
"Banjir dan longsor yang melanda Aceh, Sumatera Utara, dan Sumatera Barat sejak akhir November 2025 tidak hanya memutus akses dan melumpuhkan logistik, tetapi juga mengancam layanan kesehatan bagi anak-anak—kelompok yang paling rentan di situasi darurat. Untuk memastikan pelayanan 1 609",0,negatif,1,netral,2,positif,0,negatif
"tiap hujan selalu was was takut banjir lagi, ya Allah semoga ga banjir lagi, masih banyak yang belum selesai bebersih nya ya Allah, masih banyak yang masih di posko dan belum dapat bantuan, mohon ya Allah semoga hujan kali ini tidak mempersulit keadaan mereka ( 32",0,negatif,0,negatif,0,negatif,0,negatif
"Zulkifli Hasan dengan Janji Rumah Zulhas datang ke tempat bencana Sumatera dengan pasokan bantuan yang 2 kali lipat banyaknya. Meringankan beban saudara kami di Sumatera detik. Kunjungi Padang, Zulhas Janji Pasokan Pangan 2 Kali Lipat untuk Korban Banjir Menkop Pangan Zulkifli Hasan kunjungi posko bencana banjir di Padang, janjikan pasokan pangan dua kali lipat untuk korban dan rencanakan pembangunan rumah. 1 24",2,positif,2,positif,0,negatif,0,negatif
Muhammadiyah Terima Amanah Salurkan Bantuan Kemanusiaan UEA bagi Korban Banjir Gubernur Sumatera Utara Bobby Nasution memastikan bantuan kemanusiaan berupa beras sebanyak 30 ton dari Uni Emirat Arab (UEA) tetap disalurkan kepada para korban banjir. Bantuan tersebut dipastikan,2,positif,2,positif,0,negatif,0,negatif
Elegi Kampung Banjir yang Hilang Disapu Banjir Elegi Kampung Banjir yang Hilang Disapu Banjir 23,0,negatif,1,netral,0,negatif,0,negatif
"Percuma sumbang Aceh,dan Sumbar, suara mereka untuk setiap pemilihan legislatif biasanya ditujukan kepada partai agama tertentu, seperti buang garam ke laut. Alias sia sia, walaupun partai ikhlas beri sumbangan dan perhatian kepada Kedua daerah musibah tsb tapi terasa pahit 35",0,negatif,0,negatif,0,negatif,0,negatif
"Dalam setiap tantangan, pemerintah hadir dan sigap mendampingi warga Aceh dan Sumatra. Bersama, kita pulihkan kondisi dan bangun kembali daerah yang tangguh dan berdaya saing. PemerintahHadir AcehSumatraBangkit AcehSumatraPulih PemerintahBarengWarga 17",2,positif,2,positif,2,positif,2,positif
"Forkopimda Batam bersama PLN Batam menyalurkan bantuan kemanusiaan bagi warga terdampak bencana di Sumatera Utara, Aceh, dan Sumatera Barat sebagai wujud solidaritas Batam untuk Sumatera. 1 50",2,positif,2,positif,2,positif,2,positif
"Maaf abang. Yg harusnya dikritisi bukan masalah kembang api, tapi Kemenpar negera abang kerja apa ngga? Sebelum terjadi bencana banjir dan longsor di aceh sumatera, wisatawan datanya sudah turun. Harusnya yg dikritisi Kemenpar kerja apa ngga, trus apa yg sdh dilakukan. 86",0,negatif,0,negatif,0,negatif,0,negatif
"Rumah Sakit Apung Laksamana Malahayati akhirnya bersandar di Aceh, membawa misi kemanusiaan untuk saudara² kita yang terdampak banjir bandang dan longsor. PrayForSumatera 6 36 71",2,positif,2,positif,2,positif,2,positif
"Pemerintah memproyeksikan kebutuhan pembangunan infrastruktur pascabencana banjir di sejumlah wilayah Sumatera mencapai Rp 51 triliun. finance.detik. Infrastruktur Aceh Rusak Paling Parah, Butuh Rp 26 T buat Perbaikan Pemerintah memproyeksikan kebutuhan pembangunan infrastruktur pascabencana banjir di sejumlah wilayah Sumatera mencapai Rp 51 triliun. 99",0,negatif,1,netral,0,negatif,0,negatif
Aksi heroik Personel Bhayangkara Polda Sumatra Barat sigap melaksanakan evakuasi bagi masyarakat yang terdampak bencana alam banjir di wilayah kabupaten Agam. Hal ini merupakan wujud kehadiran Polri dalam membantu sesama yang terdampak bencana 39,2,positif,2,positif,2,positif,2,positif
"Gimana ni Pemda Rakyatnya teriak2 minta merdeka karena anggap pemerintah pusat abai, tp faktanya yg berpikir logis malah pertanyakan dana pusat ke Aceh kemana larinya",0,negatif,0,negatif,0,negatif,0,negatif
"Prozis Ibnu Abbas memberangkatkan relawan, ambulans & logistik untuk saudara kita yang terdampak banjir di Sumatera. Semoga Allah jaga mereka. Donasi kebaikan Muamalat 5260014381 BSI 7006271612 Info 085601095333 PrayForSumatera AksiKemanusiaan ProzisIbnuAbbas Bencana Aceh",2,positif,2,positif,2,positif,2,positif
"Wamenag Romo Syafi'i serahkan bantuan Rp2 Miliar untuk Gereja Katolik terdampak banjir di Sumut, Senin (29/12). Bantuan disalurkan ke Keuskupan Agung Sibolga (Rp1,7 M), Medan (Rp200 Jt), & Aceh (Rp100 Jt) untuk rehabilitasi rumah ibadah & pemulihan psikis umat. KemenagRI 4 5",2,positif,2,positif,2,positif,2,positif
"Bukan cuma Gempa susulan tapi ada Banjir Bandang susulan juga Yauuuuu miris bgt, yg kmrn saja blm semua di evakuasi trs Dateng lagi Yang Sabar ya Rakyat Indonesia Pray for Sumatra 1 1 73",0,negatif,0,negatif,0,negatif,0,negatif
"Pascabanji Aceh–Sumatera, 310 warga Langkahan, Aceh Utara masih bertahan di Meunasah (Balai Desa), satu-satunya bangunan yang selamat di tengah hamparan kayu dan puing. Gampong Tanah Merah, Desa Leubok Pusaka menjadi salah satu titik terparah pada 26/11/2025. Ketinggian air ±5 2 194 234",0,negatif,1,netral,1,netral,0,negatif
"BREAKING NEWS Sore Tadi Di Sibolga Julu Tapteng,Air Meluap Kembali Ke Pemukiman Warga Insya Allah Tidak Ada Korban Jiwa PrayForSumatera 2 109",0,negatif,0,negatif,0,negatif,0,negatif
"Jaga Konektivitas, Telkomsel Terus Pulihkan Jaringan di Aceh Jaga Konektivitas, Telkomsel Terus Pulihkan Jaringan di Aceh 263",2,positif,2,positif,2,positif,2,positif
"Dah lah tiap tahun urus banjir, campur Acheh perlu urus post-bencana tsunami, banjir & gempa bumi pulak. Ni bukan kita dapat meringankan beban malah kehadirannya dlm negara menambahkan beban kewangan. Sebab tu paling2 pun boleh Malaysia buat adalah bagi bantuan. 1 128",0,negatif,0,negatif,0,negatif,0,negatif
Projo Peduli Bencana Setia Digaris Rakyat adalah wujud kehadiran nyata organisasi di tengah banjir Sumatera dengan dukungan penuh Budi Arie Setiadi bagi warga yang membutuhkan Projo Ajak Publik Bersatu Hadapi Banjir Besar di Sumatera 6,2,positif,2,positif,2,positif,2,positif
Si Dante pasti tidak tau bgmn kerusakan akibat banjir bandang . Banjir bandang di sumut hanya sekitaran Tapteng. Jangan di banding kan dgn kerusakan yg terjadi di Aceh . 1 75,0,negatif,0,negatif,0,negatif,0,negatif
Person of the year Sebulanan ini selalu nyimak any update ttg beliau esp terkait bencana banjir di Aceh dan Sumatera. He deserves more spotlight and highlight biar masyarakat makin teredukasi dan sadar bahwa pemerintah memang tdk menjadikan ini prioritas. 46,0,negatif,2,positif,2,positif,2,positif
Bantu korban banjir di Sumatera Utara! Video bantuan logistik dan layanan makin solid. Bersama kita bisa pulihkan daerah yang terdampak. Semangat terus! 15,2,positif,2,positif,0,negatif,0,negatif
Pak tambah lagi pasukan TNI dan Polri untuk mempercepat evakuasi dan menjangkau korban2 banjir di Sumatera bila perlu 100.000 anggota TNI bergerak menjangkau daerah2 yg terisolir Muhammad IQBAL () • Instagram reel 24,0,negatif,0,negatif,0,negatif,0,negatif
Akun parodi 27 Desember 2025 Belum usai Duka di Sumatera dan Jabar kini banjir bandang telah melanda saudara kita yang di Kalimantan Selatan 6 47 74,0,negatif,0,negatif,0,negatif,0,negatif
"Tapanuli Selatan - Di tengah duka dan luka akibat bencana alam banjir dan tanah longsor, harapan itu hadir melalui kebersamaan. Kapolda Sumatera Utara, Irjen Pol Whisnu Hermawan Februanto, bersama Ibu Ketua Bhayangkari Daerah Sumut, Ny. Mona Whisnu Hermawan. 52",0,negatif,2,positif,0,negatif,0,negatif
"bahas banjir yg di Sumatera Barat, Sumatera Utara dan Aceh aja admiin, aku wrga Padang, disini udah banjir , banyak rumah yg kena banjir, banyak yg ngungsi air bersih juga ga ada, up berita ini aja, udah 1 minggu hujan ga henti2, Astaghfirullah ya Allah 3 2",0,negatif,0,negatif,0,negatif,0,negatif
"Banjir Aceh direspons tuntas, bantuan dan hunian langsung sampai ke tangan warga yang membutuhkan GerakCepat 21",2,positif,2,positif,2,positif,2,positif
"Bantuan Kemensos Korban Banjir Sumatera, Uang Harian Ratusan Ribu hingga Perabot Rumah Gratis jurnallugas. Bantuan Kemensos Korban Banjir Sumatera, Uang Harian Ratusan Ribu hingga Perabot Rumah Gratis Kemensos menyalurkan bantuan jaminan hidup korban bencana Sumatera Rp450 ribu per hari selama 3 bulan plus dana isian rumah Rp3 juta. 16",0,negatif,2,positif,0,negatif,0,negatif
"Bencana banjir & tanah runtuh di Sumatera setakat 8.00 mlm 967 korban jiwa, >157 ribu rumah & ratusan jambatan rosak. Bantuan masih terjejas. BanjirSumatera PrayForSumatera Update Banjir Sumatra 10 Desember 2025 967 Korban Jiwa, 157 Ribu Rumah dan 498 Jembatan Rusak 58",0,negatif,0,negatif,0,negatif,0,negatif
"kemaren aku naik gocar serem banget lewat sini, air nya sampe masuk ke dalem mobil. untung aman yaAllah, cuman ada yg naik motor sampe keseret motornya juga ikut keseret. nangis bgt 147",0,negatif,0,negatif,0,negatif,0,negatif
Prajurit TNI AD berjalan kaki melewati 20 titik lokasi longsor demi mengantar logistik untuk korban bencana di wilayah Sumatera Utara antaranews. Prajurit TNI berjalan terobos 20 titik longsor antar logistik di Sumut Prajurit TNI AD berjalan kaki melewati 20 titik lokasi longsor demi mengantar logistik untuk korban bencana di wilayah Sumatera Utara (Sumut).Kepala Bidang ... 1 5 519,0,negatif,0,negatif,0,negatif,0,negatif
". kog narasinya kompak banget sih, bajer ya? . ada lagi bang 1. gerombolan banjir kayu gelondongan, dibilang gak ada hutan gundul 2. banjir sumatra hanya SEREM dimedsos 3. berapa juta rakyat yang hilang dan MD di kasus banjir kayu Gelondong. . kog pada DIAM. KOCAK LOE pade . 170",0,negatif,0,negatif,0,negatif,0,negatif
"Guna meringankan beban masyarakat dan memulihkan roda ekonomi, pemerintah memberikan bantuan uang tunai bagi keluarga korban banjir. Aceh Sumatera Update 25",2,positif,2,positif,0,negatif,0,negatif
"Lanud SMH Kirim 14 Ton Bantuan Kemanusiaan Korban Bencana di Aceh, Sumut, dan Sumbar jurnallugas. Lanud SMH Kirim 14 Ton Bantuan Kemanusiaan Korban Bencana di Aceh, Sumut, dan Sumbar ""Lanud SMH kirim 14 ton bantuan kemanusiaan ke Aceh, Sumut, dan Sumbar untuk dukung korban bencana melalui penerbangan Hercules TNI AU."" 9",0,negatif,2,positif,0,negatif,0,negatif
Akun parodi Medan kak air hujannya deras bgt skrng dan udh masuk rumah ku lagi skrng 1 97,0,negatif,0,negatif,0,negatif,0,negatif
"Pemerintah Hadir Tanpa Tunda. dari proses evakuasi hingga distribusi bantuan, pemerintah memastikan penanganan bencana banjir di Sumatera dilakukan secara cepat, dan tepat demi meringankan beban masyarakat terdampak SatuIndonesia 28",2,positif,2,positif,2,positif,2,positif
TPL turut bergerak cepat mendukung evakuasi pasca banjir dan longsor di Tapanuli. 21,2,positif,2,positif,2,positif,2,positif
"Aceh dan sekitarnya yg terdampak banjir tapi gak dapat apa2 dari pemerintah, bahkan dipukuli, bahkan cuma buat pencitraan, layak banget buat lepas dari Indonesia. Aseli, layak banget. Gausah kalian berharap sama negara gak jelas ini. Better bikin negara sendiri 1 14",0,negatif,0,negatif,0,negatif,0,negatif
"Dahlah Indonesia emang kocak, banjir banjir macet macet, dahlah dah brooo sabar aja, mending jalan kaki, jempor2 deh kaki, 6",0,negatif,0,negatif,0,negatif,0,negatif
"Menteri Koordinator Bidang Infrastruktur dan Pembangunan Kewilayahan Agus Harimurti Yudhoyono (AHY) mengatakan, kalkulasi awal kebutuhan anggaran untuk pemulihan bencana hidrometeorologi di Sumatera Utara (Sumut), Sumatera Barat (Sumbar), dan Aceh diperkirakan menembus angka di 1 1 244",1,netral,1,netral,1,netral,1,netral
Seluruh orderan yang masuk tanggal 11 Desember - 5 Januari 10 % nya akan didonasikan kepada Penanganan Banjir di Sumatra dan Aceh Kerjain Tugasmu Est 2020 501,2,positif,2,positif,2,positif,2,positif
"Bantu Korban Banjir dan Longsor, TIDAR Sumut dan Tapteng Turun Langsung ke Lokasi Bantu Korban Banjir dan Longsor, TIDAR Sumut dan Tapteng Turun Langsung ke Lokasi 11",2,positif,2,positif,0,negatif,0,negatif
"Perjalanan Hari Ke-3 armada bakti sosial Polda Sumsel menuju ""Sumatera Utara"" saat melintas kantor bupati labuhan batu jalan lintas Sumatra Bila ada permasalahan dan butuh bantuan Polisi silahkan hubungi Call Center 110 (Bebas Pulsa) ""KAMI SIAP MELAYANI 24 JAM"" musisatu 74",2,positif,2,positif,2,positif,2,positif
"Awas! Gelombang Tinggi Air Laut hingga 2,5 Meter di Perairan Lampung Awas! Gelombang Tinggi Air Laut hingga 2,5 Meter di Perairan Lampung 17",0,negatif,1,netral,1,netral,1,netral
Jaksa Agung melaporkan kepada Presiden Prabowo bahwa praktik alih fungsi lahan secara ilegal menjadi salah satu faktor utama penyebab banjir dan longsor di Sumatra. 57,1,netral,1,netral,0,negatif,0,negatif
"Sumbar Alami Bencana Banjir, Bawang Merah Jadi Langka di Sumsel sumsel.idntimes. Sumbar Alami Bencana Banjir, Bawang Merah Jadi Langka di Sumsel Bencana banjir di Sumatra Barat (Sumbar) akibat curah hujan yang tinggi berdampak terhadap ketersediaan komoditas bawang merah di Sumatra Selatan (Sumsel). 48",0,negatif,1,netral,1,netral,1,netral
SUMATERA BUTUH STATUS PrayForSumatera AllEyesOnSumatera BENCANANASIONAL NATIONALDISASTER 18,0,negatif,1,netral,0,negatif,0,negatif
"PT Pindad melalui departemen TJSL menyerahkan berbagai bantuan kemanusiaan berupa sembako, obat-obatan, makanan siap saji, logistik, perlengkapan kebersihan yang diperuntukkan bagi warga terdampak bencana banjir bandang dan tanah longsor di Aceh, Sumatera Utara dan 16 1 8 645",2,positif,2,positif,2,positif,2,positif
"Pemerintah terus mengerahkan berbagai sumber daya untuk memastikan masyarakat Aceh yang terdampak banjir mendapatkan bantuan cepat, terukur, dan tepat sasaran PemerintahBantuAceh 18",2,positif,2,positif,2,positif,2,positif
"Terjadi Lagi, Banjir Bandang Bawa Kayu Gelondongan Terjang Bener Meriah Aceh | BERUT Terjadi Lagi, Banjir Bandang Bawa Kayu Gelondongan Terjang Bener Meriah Aceh | BERUT Dari kompas.tv 1 1 648",1,netral,1,netral,0,negatif,0,negatif
"PRAY FOR SUMBAR Kondisi sungai Gunung Nago, Sumatera Barat, Hari Minggu (14/12/2025), sekitar pukul 16 00 beritasumbar 26 277 654",2,positif,1,netral,1,netral,1,netral
lapor pak roasting pemerintah laporpak prayforsumatera 1 4 133,0,negatif,1,netral,1,netral,1,netral
uang buat beli kembang apinya mending di donasikan buat korban banjir bandang Sumatra doa,2,positif,0,negatif,0,negatif,0,negatif
"ih ya Allah jangan ujan terus... kasian yg kerja, sekolah, yg berkegiatan pada kehambat karna banjir. udah dulu.. 218",0,negatif,0,negatif,0,negatif,0,negatif
"Pikap Pembawa Bantuan Logistik Terbalik di Aceh Timur, 2 Meninggal sumut.idntimes. Pikap Pembawa Bantuan Logistik Terbalik di Aceh Timur, 2 Meninggal Satu unit mobil pikap mengalami kecelakaan tunggal di Jalan Teupin Batee-Lhoknibong, Gampong Pante Labu, Kecamatan Pante Bidari, Kabupaten Aceh Timur, Aceh, pada Minggu (7/12/2025) 1 23",0,negatif,0,negatif,0,negatif,0,negatif
Akun parodi Lewat Pesan Natal Prabowo menyatakan Presiden Perkuat Solidaritas dengan menegaskan bahwa kasih harus diwujudkan dalam tindakan nyata untuk korban banjir dan longsor Prabowo Selamat Natal dan Tahun Baru 2026 - ANTARA News Jambi 16,1,netral,2,positif,0,negatif,0,negatif
"BNPB, TNI, Polri, dan BMKG solid di lapangan, upaya penanganan banjir Aceh makin cepat, penyaluran bantuan dan mitigasi jadi prioritas PercepatanPenanganan 45",2,positif,2,positif,2,positif,2,positif
"Kan listrik masi blom stabil, kebanyakan masyarakat masi ngungsi & renovasi rumah. Lebih efisien mereka jaga barang sendiri dan ga nambahin ""beban"" macem barang curian. Kek bayangin ada berita korban banjir bandang ngegondol kulkas & TV? Ngangkatnya aja dah beban cok",0,negatif,0,negatif,0,negatif,0,negatif
"Kepedulian Polres Tapanuli Tengah (Tapteng) terus hadir di tengah duka warga terdampak banjir dan longsor di Kecamatan Tukka, Kabupaten Tapteng, Sunatera Utara. WujudkanPemulihanSumatera Bangkit Bantu Saudara 1 68",0,negatif,2,positif,2,positif,0,negatif
"Otomatis oleh TOLONG UDAHAN BAHAS TUMBLER. ada yang lebih genting kasus bencana besar sekarang. ayo up terus berita banjir longsor Tapanuli, Sibolga, Aceh dan Padang. udah menelan puluhan korban jiwa, jalan akses putus, hujan belum reda, gak ada sinyal. 177",0,negatif,0,negatif,0,negatif,0,negatif
Bagi rejeki koh..buat sodara saya yg kena bnjir di sibolga 5,0,negatif,0,negatif,0,negatif,0,negatif
DI TEMUKAN BARCODE KAYU YANG HANYUT MILIK SIAPA?? PrayForSumatera Iko Uwais Amanda Zahra Jorji Senin Aktor Film Timur bnpb live update Jahatnya Siti Nurbaya bencana lingkungan hidup 2 1 2 242,1,netral,0,negatif,0,negatif,0,negatif
"dan Semoga harapan kita bersama, Aceh bangkit 3",2,positif,2,positif,2,positif,2,positif
luar biasa! POLRI selalu setia membantu korban banjir di Sumatera. Semoga bantuan ini meringankan beban mereka 25,0,negatif,2,positif,0,negatif,0,negatif
"SIARAN PERS AMIR NASIONAL SAMPAIKAN DUKA UNTUK SUMATERA, JALSAH SALANAH 2025 TUNJUKAN KEPEDULIAN DAN PERSATUAN UMAT PrayForSumatera 1 1 177",0,negatif,0,negatif,0,negatif,0,negatif
"Ah masa, prov gua di sumatra harga bahan pokok masih mahal, Jalan pada rusak padahal di kota apalagi jalan lintas nya, jalan tol yg dibangga bangga kan bakal memperbaiki ekonomi provinsi tertentu nyata nya tidak ada perubahan 1 21",0,negatif,0,negatif,0,negatif,0,negatif
dan Jancok OrdeOmonOmon PrayForSumatera 1 23,0,negatif,0,negatif,0,negatif,0,negatif
"Bupati Tapanuli Selatan Mengungkap Penyebab Banjir Bandang Di Sumatera? || (Selanjutnya klik foto untuk baca artikel/berita) cermindemokrasi. Bupati Tapanuli Selatan Mengungkap Penyebab Banjir Bandang Di Sumatera? Bupati Tapanuli Selatan, Gus Irawan Pasaribu akhirnya buka suara mengenai dugaan penyebab banjir bandang di wilayahnya. Ia menyesalkan Kementerian Kehutanan (Kemenhut) yang selama dua tahun terakhir... 1 35",1,netral,1,netral,0,negatif,0,negatif
"Banjir parah akibat hujan lebat di Dubai, UEA (19.12.2025) 2 2 112",0,negatif,1,netral,0,negatif,0,negatif
"Otomatis oleh turut berduka cita untuk 906 korban jiwa MD , dan ribuan korban banjir aceh sumut sumbar innalillahi wa Innalillahi rajiun atas musibah kebakaran di kemayoran 15 korban perempuan [ 1 sedang hamil] 7 korban laki-laki ( 22 orang meninggal dunia ] jogja 4 943",0,negatif,0,negatif,0,negatif,0,negatif
"Menkes Ngeluh Harga Tiket Pesawat ke Aceh Mahal, Relawan Harus Muter ke Malaysia Dulu 37 39 82",0,negatif,0,negatif,0,negatif,0,negatif
"Duta Besar Uni Eropa menyampaikan simpati dan solidaritas kepada Aceh dan wilayah Sumatra yang terdampak banjir dan longsor dalam pertemuan dengan Wali Nanggroe pada 18 Desember 2025. Pertemuan ini juga membahas penguatan kerja sama pendidikan, budaya, dan kemitraan kemanusiaan",1,netral,2,positif,2,positif,2,positif
"*Trauma Healing Polri, Dukungan Psikologis bagi Anak Korban Banjir Bandang di Padang Pariaman* Padang Pariaman — Sebagai bentuk kepedulian terhadap pemulihan psikologis korban bencana alam, anggota Bidang Psikologi SDM Polda Sumatera Barat melaksanakan kegiatan Polisi 43",0,negatif,2,positif,0,negatif,0,negatif
Info Peringatan Dini Hujan 13 - 15 Januari 2026 1 25,1,netral,1,netral,1,netral,1,netral
Projo Peduli Bencana terus bergerak untuk Sumatera Budi Arie Setiadi memimpin Setia Digaris Rakyat menyalurkan harapan bagi korban banjir Projo Ajak Publik Bersatu Hadapi Banjir Besar di Sumatera 8,0,negatif,2,positif,0,negatif,0,negatif
Pemerintah Siapkan Skema Bantuan Korban Banjir di Aceh 19,2,positif,2,positif,0,negatif,0,negatif
Personel Polda Sumsel Salurkan Bantuan Kepada Masyarakat Yang Terdampak Banjir Di Tapanuli Selatan Polda Sumatera Selatan bersama Bhayangkari Daerah Sumsel kembali menunjukkan kepeduliannya terhadap masyarakat terdampak bencana di Kabupaten Tapanuli Selatan. Pada Jumat 1 1 42,2,positif,2,positif,2,positif,2,positif
"Gerak Cepat Bank Aceh Pasca-Banjir Dirut Tinjau Langsung Pacu Normalisasi Layanan di Lhokseumawe dan Aceh Timur distori. Gerak Cepat Bank Aceh Pasca-Banjir Dirut Tinjau Langsung Pacu Normalisasi Layanan di Lhokseumawe... Komitmen Bank Aceh Syariah (BAS) untuk selalu hadir melayani masyarakat, terutama di masa sulit, kembali dibuktikan. 26",2,positif,2,positif,2,positif,2,positif
"Akun parodi dan Kak sabar ya, kami putus jaringan, lampu gaada, tp di bireuen kami bisa ke pln karna lampu mreka dah nyala (udh ha banjir + udh dibuka posko ngungsi) jd kami dkasi wifi bs akses 1 73",0,negatif,1,netral,0,negatif,0,negatif
Apa cuma segini harga sumatera di mata pak presiden PrayForSumatera 14 38 105,0,negatif,0,negatif,0,negatif,0,negatif
"Hallo SahabatTangguh! Pemerintah mengoptimalkan distribusi air bersih bagi masyarakat terdampak banjir dan longsor di Kabupaten Padang Pariaman, Provinsi Sumatera Barat. Upaya ini dilakukan bersama 36",2,positif,2,positif,2,positif,2,positif
"Akses vital di Desa Garoga, Batang Toru kabupaten Tapanuli Selatan (Sumatera Utara) sedang dipulihkan melalui pembangunan jembatan darurat Bailey.",1,netral,1,netral,2,positif,2,positif
"Mangapul Purba menjelaskan kondisi Desa Batu Nagodang Siatas, Kecamatan Onan Ganjang rumah warga rusak parah, jembatan putus dan hampir 500 hektar lahan persawahan hancur. PDI Perjuangan Sumatera Utara menegaskan komitmennya untuk terus bergerak hadir di tengah-tengah masyarakat 1 2 136",0,negatif,0,negatif,0,negatif,0,negatif
"CIYEEE BUZZER NYA ANIES, EH LUPA CIIR BUZZER SM PENGIKUT HRS IDIOT, BANJIR ACEH DI SAMAIN SM JAKARTA, JABAT 5 THN DI SAMAIN SM YG JABAT GA ADA 2THN 43",0,negatif,0,negatif,0,negatif,0,negatif
"Coba masu ke daerah langkat, disana belum ada sama sekali bantuan dari pemerintah setempat dan masih banyak rumah yang masih terendam banjir, serta warga kesulitan mengevakuasi diri krn tak tau mau mengungsi kemana 82",0,negatif,0,negatif,0,negatif,0,negatif
Pemerintah Hadir dan terus berkomitmen mendampingi Aceh dan Sumatra hingga benar-benar pulih dan bangkit kembali.,2,positif,2,positif,2,positif,2,positif
"Mulai lagi ngangkat isu HTI khilafah""an radikalisme buat ngalihin bencana Sumatera, udah basi gak mempan. Lebih radikal pemerintah di banding HTI gus, pemerintah bunuh ratusan orang, merusak lingkungan. 2 384",0,negatif,0,negatif,0,negatif,0,negatif
"Akun parodi Pemulihan pascabencana di Pulau Sumatra, khususnya Aceh Tamiang. Salah satunya membangun hunian sementara untuk masyarakat terdampak banjir yang terjadi pada akhir November 2025. Targetkan membangun 15 ribu hunian sementara. Pada akhir desember 2025, diharapkan sudah tersedia 8 59 93",2,positif,2,positif,2,positif,2,positif
POLDA SUMSEL LEPAS BANTUAN KEMANUSIAAN UNTUK KORBAN BENCANA DI PROVINSI SUMATERA UTARA musisatu kapoldasumsel humaspoldasumsel poldasumsel listyosigitprabowo kapolri polisiindonesia polripresisi divisihumaspolri 24,0,negatif,0,negatif,0,negatif,0,negatif
445 Hektare Kebun Kopi di Bener Meriah Rusak Parah Akibat Banjir Bandang Banjir Bandang Bener Meriah Hantam Sentra Kopi Gayo 24,0,negatif,1,netral,0,negatif,0,negatif
Dari Depok-Sleman siap meluncur ke Sumatera. pkspeduli pksdekat PrayForSumatera 1 1 38,2,positif,2,positif,2,positif,2,positif
"“Indikator-indikator di Sumatera Barat relatif kami kira cukup menggembirakan. Kenapa? Karena semua pemerintahannya dari 16 yang terdampak ini, kita lihat hampir semuanya hijau pemerintah kabupatennya,” jelasnya. SatgasPascaBencanaSumatera 178",1,netral,1,netral,2,positif,2,positif
"Tim gabungan masih terus melakukan pencarian korban banjir dan longsor yang melanda Aceh, Sumatra Utara (Sumut), dan Sumatra Barat (Sumbar). Hingga Kamis (1/1/2025), tiga jasad tambahan ditemukan di Aceh Utara. Kepala Pusat Data, Informasi dan Komunikasi Kebencanaan BNPB, Abdul 72",1,netral,0,negatif,0,negatif,0,negatif
"Saya teringat sekitar 20tahunan sampai 30 tahunan yg lalu, dari ujung lampung sampai sumatera utara banyak hutan yg ditebang lalu digantikan dengan tanaman SAWIT, TEBU, KARET dan PISANG Mungkin bencana saat ini adalah efek dari penggundulan HUTAN 20-30 tahun yg lalu 36",0,negatif,0,negatif,0,negatif,0,negatif
"Badan Nasional Penanggulangan Bencana (BNPB) terus memperbarui total korban banjir bandang dan tanah longsor di Aceh, Sumatera Utara, dan Sumatera Barat lewat Dashboard Penanganan Darurat Banjir dan Longsor Sumatera Tahun 2025. Hingga Sabtu (13/12/2025) pukul 9.30 WIB, tercatat 6 378 593",0,negatif,1,netral,0,negatif,0,negatif
"Duka dari Utara Sumatera Kunjungi Padang, pak Zulkifli Hasan Janji Rumah Zulhas dan pasokan Pangan 2 Kali Lipat untuk Korban Banjir. Makasih pak 20",0,negatif,0,negatif,0,negatif,0,negatif
"""Hujan deras mengakibatkan jebolnya irigasi Kali Cisereh dan tersumbatnya aliran drainase, sehingga air meluap ke pemukiman warga,"" ujar Ajat. Hujan deras, puluhan rumah-kantor desa di Baros Serang terendam banjir 1 259",0,negatif,1,netral,0,negatif,0,negatif
"Berdasarkan laporan, BPBD Bireuen bertanggung jawab atas gudang bantuan yang ditimbun. TNI dan Polri terlibat dalam penanganan bencana banjir/longesor di Aceh, termasuk distribusi bantuan dan keamanan. Dalam video, terlihat personel berseragam (mungkin polisi) di lokasi saat",2,positif,2,positif,2,positif,0,negatif
"Oknum ASN Puskesmas Cambai Prabumulih Sumsel Ngamuk TPP Telat Dibayar Hampir Tusuk Bendahara Suasana kerja di Puskesmas Cambai, Kota Prabumulih, Sumatera Selatan, mendadak berubah menjadi mencekam. Seorang bendahara puskesmas nyaris menjadi korban penusukan oleh rekan kerjanya 1 393",0,negatif,0,negatif,0,negatif,0,negatif
Justin Barki Sumbangkan Bonus Emas SEA Games untuk Korban Banjir Sumatra Atlet tenis Indonesia Justin Barki akan menyumbangkan seluruh bonus yang diterimanya usai meraih medali emas SEA Games 2025 untuk korban bencana banjir dan longsor di Sumatra. Bonus tersebut diperolehnya 1 147,0,negatif,2,positif,0,negatif,0,negatif
"Bantuan yang diberikan berupa paket sembako serta dukungan uang tunai untuk meringankan beban masyarakat. Bantuan disalurkan ke beberapa titik terdampak, yaitu Nagari Koto Sawah Kec. Lembah Melintang; Nagari Ranah Koto Tinggi Kec. Koto Balingka; serta Nagari Sinuruik Kec. Talamau 1 9",0,negatif,2,positif,2,positif,2,positif
"Korban bencana Sibolga jarah Bulog dan Minimarket, indikasi terjadi kelaparan dan bantuan pemerintah belum turun. Ironi nya bantuan beras ke Palestina 10 ribu ton sudah terkirim sedih",0,negatif,0,negatif,0,negatif,0,negatif
"Sudah tiga minggu ya? Pengungsi masih lebih dari setengah juta jiwa. Huntara mulai dibangun untuk 12 keluarga, selebihnya baru sekedar usulan. Mungkin karena bangsa ini terlalu besar, jadi agak lambat untuk bergerak. Hunian Sementara Korban Banjir-Longsor Aceh Mulai Dibangun, BNPB Carikan Lokasi Aman 4 5 441",0,negatif,0,negatif,0,negatif,0,negatif
Video Mensos soal Penanganan Korban Banjir Sumatera yang Kehilangan Rumah 20.detik. Video Mensos soal Penanganan Korban Banjir Sumatera yang Kehilangan Rumah Menteri Sosial Saifullah Yusuf mengungkap rencana pemerintah soal penanganan para korban banjir Sumatera yang kehilangan tempat tinggal. Mensos menjamin akan memberikan pelatihan hingga hunian.... 23,0,negatif,0,negatif,0,negatif,0,negatif
"Pemprov Sumut dan Kementan Percepat Identifikasi Lahan Pertanian Terdampak Banjir dan Longsor teritorial24. Pemprov Sumut dan Kementan Percepat Identifikasi Lahan Pertanian Terdampak Banjir dan Longsor -... TERITORIAL24. , DELISERDANG – Pemerintah Provinsi Sumatera Utara (Sumut)... 20",1,netral,1,netral,1,netral,1,netral
"Innalillahi, Longsor Bikin Pengendara Panik di Kelok 9 sumatera barat. Negara lain juga banjir parah akibat hujan lebat di Petrópolis, negara bagian Rio de Janeiro Brasil 5 30 53",0,negatif,1,netral,0,negatif,0,negatif
"Banjir Rob di Tarakan Mulai Masuk Rumah Warga detik. Banjir Rob di Tarakan Mulai Masuk Rumah Warga Kelurahan Selumit Pantai, Kecamatan Tarakan Barat, Kota Tarakan, Kalimantan Utara menjadi salah satu wilayah yang terdampak banjir rob cukup parah 77",2,positif,1,netral,0,negatif,0,negatif
"Beredar video pria berseragam mencegat kapal yang mengangkut bantuan untuk korban banjir di Aceh. Kepala Pusat Penerangan (Kapuspen) TNI, Mayjen TNI Freddy Ardianzah menegaskan bahwa pria tersebut bukan anggota GAM. Banjir Sumatera ormas GAM pantaupolitik norakplay 34",0,negatif,0,negatif,0,negatif,0,negatif
"OTW Aceh Tamiang, Sinyal HP dan lampu PLN di Kota Kuala Simpang mulai hidup . Lampu di Aceh mati sejak November 26, 2025. Wartawan2 asing termasuk mulai masuk Aceh lihat masif kehancuran dan penderitaan di Aceh Tamiang dan daerah lainnya di pedalaman 5 331 397",2,positif,0,negatif,0,negatif,0,negatif
"Maaf dengar pengalamanmu, kritik seperti itu memang bisa bikin sakit hati lama. Yang penting, anakmu dapat asupan bergizi meski buru-buru. Kalau butuh saran parenting atau info bencana Sumatera, bilang aja!",0,negatif,0,negatif,0,negatif,0,negatif
"Coba ngomong di depan warga yg rumah nya ancur kebanjiran sana bang,,,ga di timpukin tai juga sukur loe,,,enak aja ngomongin angka, rakyat mah susah gara2 kebijakan pejabat2 korup",0,negatif,0,negatif,0,negatif,0,negatif
"hujan sempat berhenti 5 hari, trus semalam hujan lagi.. gue bersyukur masih dikasih hujan tapi gue trauma..( lebih ke trust issue, takut hujan panjang kayak kemarin sampe bikin banjir..) PrayForSumatera Aceh 61",1,netral,0,negatif,0,negatif,0,negatif
"dan iya benar, tapi tau gak klo di daerah ini, saat padam listrik, sinyal Edge aja hilang saat air banjir mulai naik, sedangkan ada provider lain yg masi bisa nyala Internet nya, bisa tolong bantu jelaskan kenapa ada perbedaan seperti itu? 1 239",0,negatif,0,negatif,0,negatif,0,negatif
kemenhut bersihkan gelondongan kayu supaya Aceh Sumatra Bangkit dari bencna 9,2,positif,2,positif,2,positif,2,positif
Kami melelang Vinyl 12” Test Press Milledenials - It’s Terrifying and It’s a Shame. Hasil sepenuhnya akan kami donasikan untuk saudara-saudara kita di Aceh-Sumatera Utara-Sumatera Barat yang terdampak bencana. Detail selengkapnya di kolom reply. PrayForSumatera Bojakrama Press 1 10 21,2,positif,2,positif,2,positif,2,positif
"mantap Seskab! Cepat tanggap bgt pemerintah di Sumut, Sumbar, dan Aceh 20",2,positif,2,positif,2,positif,2,positif
Mau nangis liat hewan2 di sumatra yg kena dampak banjir 41,0,negatif,0,negatif,0,negatif,0,negatif
"Semalam mimpi berada diAceh, Kondisi nya sangat memprihatinkan... Kuatkan saudara2 kami di Aceh, sumbar, dan sumut ya Allah.. 79",1,netral,0,negatif,0,negatif,0,negatif
Badan Nasional dan Penanggulangan Bencana (BNPB) memperbarui jumlah korban akibat banjir Sumatra pada Kamis (25/12/2025). 2 5 119,0,negatif,0,negatif,0,negatif,0,negatif
"Akun penggemar ya Allah, lagi pada banjir ya? stay safe buat yg terdampak banjir dan semoga cepet surut 16",0,negatif,2,positif,0,negatif,0,negatif
Akun komentar Tim SAR hadapi medan berat di Sumatera. Kabasarnas menyebut anggota SAR sudah ekstra kelelahan pada hari ketiga evakuasi korban banjir bandang dan longsor PrayForSumatra 1 441,0,negatif,0,negatif,0,negatif,0,negatif
"Siapa yang Paling Bertanggung Jawab atas Tragedi Banjir Bandang? BENCANA banjir bandang yang melanda wilayah Aceh, Sumatra Utara, dan Sumatra Barat meninggalkan duka yang sungguh tak terperikan. Lebih dari 920 orang kehilangan nyawa dan ratusan lainnya hilang. Soal kerusakan 337",0,negatif,0,negatif,0,negatif,0,negatif
"Meureudu kembali banjir. Aceh, Sumatra, Indonesia Wilayah terdampak kembali terendam malam ini (6 Desember 2025). Hujan lebat yang turun tanpa henti membuat air naik dengan cepat, merendam jalan, rumah, dan fasilitas publik. prayforAceh 39",1,netral,1,netral,1,netral,0,negatif
"Perjalan hari ke-3 tim Polda Sumsel mengirimkan bantuan sosial ke Aceh dan Sumut Bila ada permasalahan dan butuh bantuan Polisi silahkan hubungi Call Center 110 (Bebas Pulsa) ""KAMI SIAP MELAYANI 24 JAM"" musisatu kapoldasumsel humaspoldasumsel poldasumsel 47",2,positif,2,positif,2,positif,2,positif
"Update cuaca untuk tiga hari ke depan, yuk cek ikhtisar dulu ya Sobat! Berdasarkan pantauan BMKG, pada 29-31 Desember 2025 beberapa wilayah akan diguyur hujan dengan kategori waspada hingga siaga. Dipenghujung tahun ini wilayah Banten, Lampung, Sumbar, Kepri, Bengkulu, dan 2 4 13",1,netral,1,netral,1,netral,1,netral
"Jangan Asal Tuduh! Ini Fakta di Balik Banjir Sumatra Seringkali kita mudah terpancing isu yang menyudutkan industri tertentu tanpa melihat data di lapangan. Video ini mengungkap fakta penting tentang penyebab banjir di Batang Toru, Tapanuli Selatan.",0,negatif,1,netral,0,negatif,0,negatif
"dan bg, waktu bencana ada dateng ke aceh ga? itu wilayah udah ky wilayah zombi, org kelaparan ga makan berhari"", rumah hancur, org mati dimana"", dan pemerintah sangat lambat sampe ada orang mati bkn karna banjir tpi kelaparan, kekecewaan itu wajar, dan hrusnya bs ditangani lbih baik 1 2 420",0,negatif,0,negatif,0,negatif,0,negatif
"Pemerhati Bencana Memberikan Dampak Besar bagi Kesehatan Anak, Butuh Penanganan Serius! | Flash News Pemerhati kebijakan kesehatan dr. Arum Harjanti menegaskan bahwa bencana banjir akan memberikan dampak besar terhadap anak-anak yang menjadi korban. [Kabar] Pemerhati Bencana Memberikan Dampak Besar bagi Kesehatan Anak, Butuh Penanganan Serius! 22",0,negatif,0,negatif,0,negatif,0,negatif
"Komisi IV DPR memanggil Menhut Raja Juli untuk mengurai penyebab banjir Sumatra. Ketua Komisi IV, Titiek Soeharto menyoroti truk-truk pengangkut kayu yang masih beroperasi dua hari setelah banjir. Menhut mengklaim telah mengantongi 12 nama perusahaan yang diduga melanggar. 3 6 9",1,netral,1,netral,0,negatif,0,negatif
Akun komentar Pengamanan area banjir juga dijalankan biar barang warga dan posko tetep aman sambil evakuasi tetap berjalan Polisi Tanggap Bencana Terimakasih POLRI 1 6,2,positif,2,positif,2,positif,2,positif
"Aek Godang, sungai yg lintas kota Sibolga sdh tertutup tanah banjir bandang, datar dg jalan yg tadinya 2-3 m. Setiap hujan kecil, pasti banjir. Perlu normalisasi 25",0,negatif,1,netral,0,negatif,0,negatif
Aksi kemanusiaan Projo Peduli Bencana yang dipimpin Budi Arie Setiadi terus memberikan bantuan sandang dan pangan secara masif kepada korban banjir Sumatra sebagai wujud nyata perjuangan Setia Digaris Rakyat Projo Solidaritas Nasional Kunci Mengatasi Banjir Sumatera 154,0,negatif,2,positif,0,negatif,0,negatif
"sedih bgt dengar semua kabar bencana di sumatra. lihat story teman yg kena dampak banjir pun ikut was was, semoga selalu dalam lindungan Tuhan 83",0,negatif,0,negatif,0,negatif,0,negatif
"Hamparan pantai di Desa Bawozaua, Nias Selatan, tertutup kayu gelondongan dan serpihan batang pohon yang terbawa arus banjir dan longsor dari Aceh, Sumatera Barat, dan Sumatera Utara. Kayu-kayu yang diduga hanyut dari Sibolga itu memenuhi permukaan air hingga pantai nyaris tak 29 494 692",1,netral,1,netral,1,netral,0,negatif
"Anggaran Bencana Sumut Dipangkas 88% di Era Bobby Nasution, Respons Banjir Dinilai Lambat! Pemerintah Provinsi Sumatera Utara (Sumut) di bawah kepemimpinan Gubernur Bobby Nasution menuai kritik tajam setelah memangkas drastis anggaran Belanja Tidak Terduga (BTT)—pos dana 8 67 74",0,negatif,1,netral,0,negatif,0,negatif
apa lagi ya omongan pejabat terkait banjir sumatera yg keliatan kesalahan berpikirnya hmzzz 34,0,negatif,0,negatif,0,negatif,0,negatif
"Masyaallah Tabarakallah, Terima Kasih untuk Bapak Kapolda Riau dan Personil, yang selalu gercep dan peduli kepada saudara - saudara kita yang LG di timpa musibah (Aceh, Sumut dan Sumbar), sehat selalu Jendral Amin 15",2,positif,2,positif,2,positif,2,positif
BRI respons banjir bandang Sumatra dengan langsung turun ke lapangan dan nyiapin bantuan darurat biar warga bisa tetap bertahan di kondisi yang masih serba terbatas. CSRBRI BRIPeduli qrisbri,2,positif,2,positif,2,positif,2,positif
"Kepala Pusat Data, Informasi, dan Komunikasi Kebencanaan BNPB, Abdul Muhari (Aam), mengimbau pemerintah daerah dan masyarakat waspada terhadap potensi bencana susulan, khususnya di Sumatra. BencanaAlam 30",1,netral,1,netral,1,netral,1,netral
"Akses Aceh Mulai Pulih, PU Intensif Pasang Jembatan Bailey Kementerian Pekerjaan Umum (PU) terus mempercepat penanganan darurat infrastruktur yang terdampak banjir dan longsor di Provinsi Aceh. Upaya difokuskan pada pemulihan konektivitas jalan dan jembatan nasional yang masih 1 2 285",2,positif,2,positif,2,positif,2,positif
"Kemenhut Bersihkan 1.272 Meter Gelondongan Kayu, Aceh Sumatra Pulih 1 9",2,positif,1,netral,2,positif,1,netral
"Sepekan setelah banjir bandang dan longsor yang melanda Aceh, Sumatera Utara, dan Sumatera Barat, jumlah korban hilang dan meninggal dunia masih terus bertambah. Per Selasa (2/12/2025) siang, Badan Nasional Penanggulangan Bencana (BNPB) melaporkan korban meninggal mencapai 659 32",0,negatif,0,negatif,0,negatif,0,negatif
"Meuolaboh – 153 Kelurahan Desa Kabupaten Banyuasin, yang terletak di Provinsi Sumatera Selatan, menghadapi potensi bencana banjir yang cukup besar jika intensitas hujan tinggi pada musim penghujan tahun ini. 23",1,netral,1,netral,1,netral,1,netral
"Perbaikan infrastruktur kelistrikan di daerah terdampak banjir bandang dan longsor di Aceh hadapi tantangan berat. Ekonomi AdadiKompas kompas. Masih Banyak Lokasi Terisolasi, Pemulihan Listrik di Aceh Lebih Lama Perbaikan infrastruktur kelistrikan di daerah terdampak banjir bandang dan longsor di Aceh hadapi tantangan berat. 35",1,netral,1,netral,1,netral,1,netral
"Aceh dan Sumatra bangkit bersama, menata kembali kehidupan dengan semangat gotong royong dan solidaritas nasional. AcehSumatraBangkit BangkitBersama IndonesiaKuat GotongRoyong Aceh Sumatra Pulih 5",2,positif,2,positif,2,positif,2,positif
"Satgas PKH Bahas Investigasi Awal Penyebab Banjir dan Longsor di Sumut, Aceh dan Sumbar JAMPidsusFebriAdriansyah RichardTampubolon SatgasPKH InvestigasiBencana BanjirLongsor Sumut Aceh Sumbar 37",1,netral,1,netral,1,netral,0,negatif
Banteng Lampung Selatan Kirim Bantuan Kemanusiaan untuk Korban Banjir & Longsor di Sumatera gesuri. Banteng Lampung Selatan Kirim Bantuan Kemanusiaan untuk Korban Banjir & Longsor di Sumatera Pengiriman bantuan ini merupakan bentuk kepedulian terhadap warga yang tengah terdampak musibah di berbagai daerah di Sumatera 38,0,negatif,2,positif,0,negatif,0,negatif
"Polda Sumsel Lakukan Loading Bantuan Logistik untuk Bencana Banjir dan Longsor di Sumatera Utara Polda Sumatera Selatan kembali menunjukkan kepedulian dan respon cepat terhadap bencana yang terjadi di Tanah Air. Pada Selasa malam, 2 Desember 2025, personel Bidhumas Polda Sumsel 67",2,positif,2,positif,2,positif,2,positif
"Di tengah bencana, Gas Elpiji mengalami kelangkaan. PrayForAceh PrayForSumatera banjir longsor elpiji gas LPG langka PERTAMINA dan 4 lainnya 3 1 76",0,negatif,0,negatif,0,negatif,0,negatif
"Setelah Gudang Timbunan Bantuan Banjir Digerebek Anggota Dewan, Puluhan Petugas BPBD Demo DPRK Bireun",0,negatif,0,negatif,0,negatif,0,negatif
banjir lagi... bersihinnya pr bgt ya Allah 43,0,negatif,0,negatif,0,negatif,0,negatif
"Evakuasi jasad korban banjir bandang di desa Geudumbak,kecamatan Langkahan ,Kabupaten Aceh Utara. 2 226",0,negatif,0,negatif,0,negatif,0,negatif
"Akhirnya Warga Terdampak Banjir di Aceh Tamiang Mulai Menempati Huntara ! Setelah lebih dari sebulan tinggal di tenda, sekarang warga mulai nempatin huntara dari Danantara. Rika Jahara salah satunya yang merasa senang dan bersyukur banget bisa tinggal di huntara. 6 12 52",2,positif,2,positif,2,positif,2,positif
"Rakyat Sumatera khususnya Aceh Sumut n Sumbar Sabar dulu ya,mereka lagi berdansa dan tertawa.mereka jg sadar koq menari diatas penderitaan.harao maklum",0,negatif,0,negatif,0,negatif,0,negatif
"Bergerak Bersama, Pulihkan Aceh dan Sumatra Kita semua berharap, kehadiran para dapat meringankan beban masyarakat di lokasi terdampak bencana dan mempercepat pemulihan! TarunaKKP 2026KKPGrowStronger SaktiWahyuTrenggono KKPGOID kkpterus5F31P 2 13",2,positif,2,positif,2,positif,2,positif
Aceh Beranjak Status dari Tanggap Darurat ke Transisi Darurat banjirsumatera banjiraceh korbanbanjir transisidarurat BNPB Aceh Beranjak Status dari Tanggap Darurat ke Transisi Darurat | Bongkah. 13,0,negatif,1,netral,0,negatif,0,negatif
"Kemarin malem anter paket ke JNE dan liat tumpukan paket2 di depan pintu untuk korban banjir di sumatra, hari ini paketnya makin banyak diluar (yg lagi proses masukin ke mobil) sampe ke dalem pun sebanyak ini. Jujur gw nahan nangis bgt ya allah 2 502",0,negatif,0,negatif,0,negatif,0,negatif
"Pemerintah Hadir untuk mengatasi pasca bencana di aceh, dengan menyiapkan skema bantuan korban banjir. 37",0,negatif,2,positif,0,negatif,0,negatif
"Detik-detik Banjir Bandang Menerjang Bener Meriah, Aceh di Hari Pertama. Viral video amatir yang direkam oleh seorang warga di Bener Meriah, Aceh, berhasil mengabadikan momen awal terjadinya banjir bandang yang menerjang wilayah tersebut. Dalam rekaman, tampak jelas dahsyatnya 13 144 692",1,netral,1,netral,0,negatif,0,negatif
"sehari-hari terasa lebih berat. Bencana ekologis ini akhirnya tidak hanya soal bangunan yang rusak, tapi juga tentang konsumen yang harus menanggung beban, sekaligus menegaskan ketimpangan yang ada. prayforSumatera deforestasi banjir longsor bencanaalamindonesia2025 ylki 71",0,negatif,0,negatif,0,negatif,0,negatif
"Ini ujian keberanian moral para legislator. Apakah mereka berpihak pada keselamatan rakyat atau tetap nyaman berada dalam barisan kekuasaan? Ketika parlemen bungkam, yang terendam bukan hanya rumah warga, tetapi fungsi representasi rakyat itu sendiri. aceh.tribunnews. Akademisi Unimal Kritik Lambannya Penanganan Banjir di Sumatera, DPR Kehilangan Fungsi Pengawasan -... Lambannya penanganan banjir di berbagai daerah di Sumatera, terutama Aceh, dinilai sebagai cermin lemahnya keberpihakan 92",0,negatif,0,negatif,0,negatif,0,negatif
"Lu yang mau liburan new year ke Bali pikir ulang deh, skrng musim hujan di Bali yg hujan dikit langsung air naik, apalagi dgn sikap pemerintah disana yg kurang gesit ngatasin hal kayak ginian berulang-ulang Tadi malam udh BANJIR PARAH. Ya Allah Bali ku kena lagi. 3 1 493",0,negatif,0,negatif,0,negatif,0,negatif
"Selamat siang, wahai para crazy rich , owner perusahaan besar dan konglomerat Indonesia ini waktu terbaik anda utk tambah amal kebaikan didunia. Dgn cara sewa bbrp helikopter utk proses pengiriman bantuan/ evakuasi korban banjir di Aceh Sumatra Utara dan Sumatra Barat. 89",0,negatif,2,positif,0,negatif,0,negatif
"Apaan, boro2 di aceh, di medan aja rumah terendam banjir 2 hari ga ada bantuan, teman terjebak banjir di rumah, ga bisa keluar, ga ada makanan ga ada bantuan perahu karet antar makanan atau cek daerah tsb. Bisa keluar setelah dijemput saudara pake mobil jeep ban besar. 32",0,negatif,0,negatif,0,negatif,0,negatif
"Akun parodi Banyak kritik boleh dilontarkan. Tapi yang adil juga perlu disampaikan POLRI menjadi tulang utama dalam evakuasi banjir di Sumut, Sumbar, Aceh. Polisi Tanggap Bencana Terimakasih POLRI 1 3",0,negatif,2,positif,2,positif,2,positif
TNI terus hadir di garis depan penanggulangan bencana di Sumatra dan Aceh. Sebanyak 119 unit alat berat dan kendaraan pendukung dikerahkan TNIUntukRakyat TNISiap PenanggulanganBencana BencanaSumatra BencanaAceh AksiNyataTNI TanggapDarurat UntukIndonesia Kemanusiaan,2,positif,2,positif,2,positif,2,positif
"Beda dengan Gubernur sumbar malah menuai pujian karna beliau membatalkan resepsi pernikahan anaknya yg seharusnya berlangsung tgl 6 dan 7 desember, padahal undangan telah tersebar, tak mungkin kita berbahagia di saat masyarakat berduka kt Buya (begitu biasa beliau dipanggil) 34",0,negatif,0,negatif,0,negatif,0,negatif
Upaya pemulihan pasca banjir di Sumatera makin terlihat hasilnya. Dukungan relawan dan instansi bikin proses evakuasi serta distribusi bantuan lebih efektif. BNPB Update tetap memonitor kondisi. 40,2,positif,2,positif,2,positif,2,positif
"Aceh terkena Bencana Banjir bandang karena ulah dari pimpinan Aceh sendiri, yang mengijinkan terjadinya explotasi Hutan Aceh secara besar-besaran, tanpa berpikir akan dampak Bencana yang akan terjadi. 8",0,negatif,0,negatif,0,negatif,0,negatif
"Memang karna iklim dan sialnya penggundulan hutan yg masif memperparah Tpi ada benarnya juga, kabarnya sumatra lagi di guyur ujan terus²an. Salah satu faktor banjir ya karna intensitas hujan yg tinggi, jadi mungkin akan di lakukan rekayasa cuaca untuk mengurangi curah ujan 41",0,negatif,1,netral,0,negatif,0,negatif
Siapa yg ngirim air ke rmh gw anjer. Tiba2 bgt airnya langsung naik inii. Pliss jgn banjir lagi trauma berat 10,0,negatif,0,negatif,0,negatif,0,negatif
"Berkasih Sayang dalam Pemulihan Bencana, Meneladani Rasulullah dalam Cinta yang Memanusiakan Duka di pulau Sumatera masih begitu terasa. Bencana alam banjir dan tanah longsor yang terjadi di akhir November lalu telah meluluhlantakkan Aceh, Sumatera Utara, dan Sumatera Barat.",0,negatif,0,negatif,0,negatif,0,negatif
Mayor Jenderal Rio Firdianto menegaskan bahwa tidak ada penggundulan hutan di Sumatera Utara setelah meninjau langsung titik-titik bencana menggunakan helikopter. 1 29,1,netral,1,netral,1,netral,1,netral
"kalian kuat banget, yang minta bantuan pbb kerenn banget, emang semua harus diviralkan apalagi kalau daerah bukan pusat Indo sering terabaikan. Ini bakal kena penjara apa bagaimana penyebab banjir besar ini?? tapii siapa yang dipenjara?? apa ini bakal ditetapkan bencana alam?? 23",0,negatif,0,negatif,0,negatif,0,negatif
Sumatera is still struggling to recover. Sumatra still needs our attention. Keep all eyes on Sumatra. The mud left by the disaster has not even dried and today they are struck by flooding again SUMATERA BUTUH STATUS BENCANANASIONAL NATIONALDISASTER 40,1,netral,2,positif,0,negatif,0,negatif
"*Polres Aceh Tamiang Evakuasi Truck Tangki Pasca Bencana Banjir Bandang* Aceh Tamiang - Banjir bandang yang melanda kabupaten Aceh Tamiang beberapa pekan lalu yang meluluhlantakan sebagian besar wilayah Aceh Tamiang, baik pemukiman warga, perkebunan, peternakan 1 37",1,netral,1,netral,2,positif,1,netral
Banjir nya tinggi kah?? Yaampun 1 57,0,negatif,0,negatif,0,negatif,0,negatif
"Bencana Sumut 2025 jadi pengingat agar TPL konsisten mengelola 46 ribu hektar lahan eukaliptusnya, industri lestari seperti TPL harus didukung, pokoknya terus semangat! Pelajaran dari Banjir Sumatera Penguatan Lanskap dan Tata Kelola Berbasis Ilmiah Mendesak Dilaku... 39",2,positif,2,positif,2,positif,2,positif
"Pratikno mengatakan fokus pemerintah adalah percepatan pemulihan, keselamatan, dan pemenuhan kebutuhan dasar warga terdampak bencana banjir dan tanah longsor. Pratikno Pemerintah Pastikan Pemulihan Banjir di Aceh, Sumut, dan Sumbar Terus Berjalan Tanpa... 75",2,positif,2,positif,2,positif,2,positif
"Menteri Dalam Negeri (Mendagri) Tito Karnavian mengungkapkan, pemulihan wilayah Aceh, Sumatera Utara (Sumut), dan Sumatera Barat (Sumbar) memerlukan anggaran Rp 59,25 triliun. Taksiran ini mengemuka setelah ia rapat dengan Badan Nasional Penanggulangan Bencana (BNPB). ""Dari 1 3",1,netral,1,netral,1,netral,1,netral
"Sebanyak lebih 2,000 tan bantuan berbentuk makanan, ubat-ubatan, generator, penapis air, khemah dan pelbagai lagi dari Malaysia masih tersekat dan tidak dibenarkan mendarat di 3 wilayah Sumatera yang terkena bencana banjir. 32",2,positif,2,positif,0,negatif,0,negatif
"Pemerintah harus cepat tanggap membantu para korban bencana alam yang ada di seluruh Indonesia, khususnya di pulau Sumatera saat ini. PrayForSumatera 1 32",0,negatif,0,negatif,0,negatif,0,negatif
Kejadian dugaan hilangnya 80 kardus air mineral bantuan dari relawan Malang untuk Aceh ditemukan pada 29 Desember 2025 saat pemeriksaan di gudang BPBD Sumut. Bantuan tersebut tertahan sejak 21 Desember 2025 karena masalah administrasi. Sumber tvOnenews.,0,negatif,2,positif,2,positif,0,negatif
"Telkomsel menegaskan keberhasilan pemulihan total infrastruktur jaringan telekomunikasi pascabencana banjir berskala besar di wilayah Aceh, Sumatra Utara, dan Sumatra Barat. Baca Selengkapnya",2,positif,1,netral,2,positif,2,positif
"Menko Pangan Targetkan Revitalisasi 30 Ribu Hektare Tambak di Aceh Pascabencana , Menko Pangan Targetkan Revitalisasi 30 Ribu Hektare Tambak di Aceh Pascabencana 13",1,netral,1,netral,1,netral,1,netral
"BREAKING Bupati Aceh Selatan Mirwan MS akhirnya minta maaf via video Instagram. Ia minta maaf ke Presiden , Mendagri , Gubernur Aceh, & seluruh masyarakat. Alasan umrah saat banjir besar di Sumatra. BupatiAcehSelatan MirwanMS rajamedia. Terancam Dicopot, Bupati Aceh Selatan Minta Maaf Pergi Umrah di Tengah Bencana RAJAMEDIA. - Jakarta - Bupati Aceh Selatan Mirwan MS langsung memberikan klarifikasi setelah mendapat sorotan luas karena pergi ke Tanah Suci untuk 1 40",0,negatif,1,netral,0,negatif,0,negatif
"Sumatra masih membutuhkan kita. Banjir telah merenggut rumah, harta, dan rasa aman dari saudara-saudara kita di Aceh, Sumatera Barat, dan Sumatera Utara. Di saat mereka berjuang dari sisa-sisa yang ada, kita masih diberi kelapangan untuk memilih berbuat kebaikan. 13",2,positif,2,positif,2,positif,0,negatif
Bang Poltak wilayah mana.. Sumatra bukan.. Banjir nggak disana... Bengkulu jambi lampung padang palembang dskt,1,netral,1,netral,0,negatif,0,negatif
"Data terbaru mencatat banjir dan longsor di Sumatera menelan 883 korban jiwa, 520 hilang, serta ribuan warga luka dan rumah rusak berat. Proses evakuasi dan distribusi bantuan terhambat medan sulit, sementara ribuan warga masih mengungsi. banjirsumatera sumatera wuzzsupdate 90",0,negatif,0,negatif,0,negatif,0,negatif
"Terima kasih kepada Universitas Bina Nusantara, Yayasan Eka Budhis Indonesia dan seluruh Dermawan Ehsan yang telah memberikan bantuan pada saudara kita yang terdampak banjir bandang dan tanah longsor di Aceh. 60",2,positif,2,positif,2,positif,2,positif
"Komisi V DPR RI menegaskan komitmennya mempercepat penanganan banjir dan longsor di Aceh, Sumut, dan Sumbar, termasuk penyediaan hunian tetap Rp60 juta per unit, pembukaan akses, evakuasi, dan layanan kesehatan. WargaNya 7 19 80",2,positif,2,positif,2,positif,2,positif
Telkomsel memastikan kesiapan layanan GraPARI untuk mendukung kebutuhan pelanggan pascabencana yang melanda wilayah Aceh dan Sumatra Utara. Baca Selengkapnya 36 GraPARI Telkomsel di Aceh dan Sumut Siap Berikan Kemudahan Layanan Pascabencana 668,1,netral,1,netral,2,positif,2,positif
"Ya ampun, parah bangettt Aceh Tamiang msh ada area gelap loh ga dapet listrik, baunya nyengat lagi. Udah gitu, ini pemerintah mau bikin pemilihan presiden lewat DPR lho, balik kaya jaman orba lagiiii. Serem bangett, jangan terkecoh sama pengalihan isu kek gini ya 77",0,negatif,0,negatif,0,negatif,0,negatif
Mereka ini gak pernah malu yg lain para relawan para prajurit bahu membahu membantu rakyat Aceh Sumut dan Sumbar eeeh elo orang malah main bendera benderaan pake demo bantuin tuh relawan bukan demo aja 16,2,positif,0,negatif,2,positif,0,negatif
"Di platform sebelah, seorang selebriti yg ngarah ke politik dirujak karena gak posting mengenai banjir Sumatera. Terus entah kenapa nyambung sampe ke beasiswa dia ke LN dulu. Perihal beasiswa ini keknya beneran subyek tiap tahun ya. Moga2 tahun ini gak ada lagi yg kena doxxing. 77",0,negatif,0,negatif,0,negatif,0,negatif
"Pemerintah Bareng Warga, Aceh Sumatra Pulih. Sinergi pemerintah dan masyarakat menjadi kekuatan utama dalam proses pemulihan pasca bencana. 1 18",2,positif,2,positif,2,positif,2,positif
"Alfiansyah Bustami atau yang lebih dikenal dengan nama Komeng, mengunjungi posko pengungsian korban bencana di Palembayan, Kabupaten Agam, Sumatera Barat. Selengkapnya di video berikut ini! tvOne Viral Komeng Pengungsian Agam Sumbar FYI02 3 911",0,negatif,1,netral,0,negatif,0,negatif
Bencana ini sepertinya cara Allah membuka mata rakyat indonesia. Ini lo pemimpin yg kalian pilih kemarin. Ini lo wakil2mu yang kalian pilih kemarin Semoga Allah memberikan kekuatan kpd sodara2 kita yg tertimpa bencana PrayForSumatera 1 5 22,0,negatif,2,positif,0,negatif,0,negatif
Itu tanah di bukit lunak banget ya diterjang air luluh juga. PrayForSumatera 54,0,negatif,0,negatif,0,negatif,0,negatif
"Banjir bandang dan longsor melanda tujuh kabupaten/kota di Sumatera Utara pada 24–25 November 2025. Berdasarkan data BNPB dan BPBD Sumut per Rabu (26/11/2025) pagi, total 17 warga meninggal dunia, 58 luka-luka, dan tiga orang masih hilang di Tapanuli Selatan. “BNPB mengimbau 498",0,negatif,0,negatif,0,negatif,0,negatif
"Polri Perkuat Penanganan Pasca Bencana, 1.500 Personel Diberangkatkan ke Aceh, Sumut dan Sumbar ElJohnMedia eljohnnews. Polri Perkuat Penanganan Pasca Bencana, 1.500 Personel Diberangkatkan ke Aceh, Sumut dan Sumbar |... Polri kembali memperkuat penanganan bencana di wilayah Sumatera dengan memberangkatkan 1.500 personel ke Aceh, Sumatera Utara, dan Sumatera Barat. Kegiatan ini dipimpin langsung oleh Wakil Kepala... 1 18",2,positif,2,positif,2,positif,2,positif
Bencana Sumatera dianggap remeh jika tak ditetapkan statusnya sebagai Bencana Nasional. Ribuan nyawa dan rumah terendam lumpur kering sampai ke ring balok atau rumah hancur total bahkan desa hilang dianggap Bencana biasa oleh pemerintah Pusat. Kejam 30,0,negatif,0,negatif,0,negatif,0,negatif
"Diare, badan ga enak dah dr malam kemarin. Cuaca ga jelas. Belum lagi pusing dapet kabar keluarga di padang kena banjir. Rumah nenek Mo jenguk dan nolong di tempat pun ga bisa ke sana, akses dibatasi, dan pastinya juga rawan. Baik² kaliaan Pemerintah ajg sedih",0,negatif,0,negatif,0,negatif,0,negatif
"Negara 1001 perizinan, bencana kek begini nggak usah mesti izin langsung action yang diperlukan sama saudara-saudara kita di Aceh, Sumut dan Sumbar. 15",0,negatif,2,positif,2,positif,0,negatif
"untuk korban bencana di Aceh, Sumatera Utara, dan Sumatera Barat, serta peninjauan implementasi kebijakan Work From Anywhere (WFA) di pusat perbelanjaan. 1 12",0,negatif,0,negatif,0,negatif,0,negatif
"Banjir bandang dan longsor melanda 11 kabupaten dan kota di Sumatera Utara. Sebanyak 25 orang meninggal akibat bencana itu. Akses jalan menuju Tapanuli Tengah, Tapanuli Selatan, dan Kota Sibolga masih lumpuh. Sementara akses internet dan telepon belum tersambung. Baca di 2 4 6",0,negatif,1,netral,0,negatif,0,negatif
Banjir susulan sangat mengkhawatirkan mari terus fokus penanganan agar Aceh Sumatra Bangkit,0,negatif,2,positif,2,positif,2,positif
Polda sumbar gelar bakti kesehatan ke 222 warga terdampak bencana. Masyarakat terbantu dengan cek kesehatan gratis ini WujudkanSumateraPulih Melakukan Upaya Perbaikan 44,2,positif,2,positif,2,positif,2,positif
"Akun parodi Menanggapi rangkaian banjir dan longsor di Aceh, Sumut, dan Sumbar, melakukan aksi nyata dengan menyalurkan bantuan berupa pangan (makanan instan, biskuit), obat-obatan, selimut, serta kebutuhan bayi dan wanita ke tiga wilayah terdampak tersebut. PDIPerjuangan 15 12",2,positif,2,positif,2,positif,2,positif
"rawan banjir juga, ga enak bgt pokoknya 46",0,negatif,0,negatif,0,negatif,0,negatif
"Kepala Badan Nasional Penanggulangan Bencana (BNPB) Letjen TNI Suharyanto mengaku kaget dengan besarnya bencana banjir di Tapanuli Selatan, Sumatera Utara. Permintaan maaf itu ia sampaikan kepada Bupati Tapanuli Selatan, saat mengunjungi Desa Aek Garoga, Kecamatan Batang Toru 74",0,negatif,1,netral,0,negatif,1,netral
"Kritik Bencana Banjir Sumatra dan Utang PLN, Influencer Sherly Annavita hingga DJ Donny Diteror",0,negatif,0,negatif,0,negatif,0,negatif
"Jd kalau volumer air meluap yaudah airnya aja yg naik, ga sampe setanah2nya haduh. Dikira baru pohon ga ada bisa pake sawit sebagai pengganti oksigen. 18",0,negatif,0,negatif,0,negatif,0,negatif
Presiden DNG tegas memerintahkan untuk memecat bupati Aceh Selatan yg disersi saat warganya di timpa bencana tapi merta melaksanakanperintah presiden karena menurut nya perintah ceroboh Tito mau mengbefaluasivdahulu 150,0,negatif,0,negatif,0,negatif,0,negatif
[SALAH] Puan Ajak Warga Gotong Royong Beli Hutan Beredar unggahan video dari akun Facebook “A’uvi” pada Selasa (9/12/2025) berisi narasi “Viral Puan meminta masyarakat gotong royong membeli hutan untuk banjir sumatra banjirsumatra puanmaharani*. Hingga Senin (15/12/2025) 13 243,0,negatif,2,positif,2,positif,0,negatif
"Majelis permusyawaratan ulama (MPU) Aceh dan ulama diaceh Menyatakan kekecewaan terhadap pemerintahan pusat terkait penanganan bencana yang melanda Aceh, terutama banjir besar dan tanah longsor yang terjadi akhir-akhir ini 3 74 155",0,negatif,1,netral,0,negatif,0,negatif
Antrean Mengular! Ribuan Pengungsi Antre Makanan di Tengah Banjir Aceh update banjiraceh 25,1,netral,1,netral,0,negatif,0,negatif
"Saya memantau situasi di Indonesia. Banjir Sumatra Desember 2025 menewaskan >1.000 orang, ribuan mengungsi, respons pemerintah dikritik lambat (sumber Reuters, Economist). Sementara, koalisi politik Prabowo terus konsolidasi (Jakarta Post, SCMP). Untuk fakta terkini, cek BNPB",0,negatif,0,negatif,0,negatif,0,negatif
"Warung Makan di Bantul Gratiskan Makan Warga KTP Aceh Sumut dan Sumbar jogja.idntimes. Warung Makan di Bantul Gratiskan Makan Warga KTP Aceh Sumut dan Sumbar Dua tempat makan di Bantul menggratiskan mahasiswa ber-KTP Aceh, Sumut dan Sumbar yang keluarganya jadi korban bencana 1 38",0,negatif,1,netral,0,negatif,0,negatif
Semoga Tuhan melindungi saudara-saudara kita yang ada di Aceh dan Sumatera. Dan kiranya Tuhan menghukum mereka yang menyebabkan bencana ini...,0,negatif,2,positif,2,positif,0,negatif
"Mending dananya digunakan bantu saudara yg terkena bencana banjir di Aceh, Sumut, dan Sumbar! 21",1,netral,2,positif,2,positif,0,negatif
"Menteri LH Hanif Faisol mengawasi ketat dua perusahaan AR dan NSHE pascabanjir di Aceh, Sumut, Sumbar Pantauan udara tunjuk perubahan bentang alam di DAS Batang Toru akibat HTI, proyek PLTA masif, dan tambang emas yang memperparah banjir. KLH akan review seluruh persetujuan",0,negatif,1,netral,1,netral,1,netral
Akun komentar Ada sekitar 50 kabupaten/kota yg tdampak bencana banjir longsor Sumatera. Ratusan kecamatan dan kelurahan. Yg berani buzzer capture? 1 or 2 titik yg udah agak mendingan buat kbthn PR kinerja gov pusat agar tkesan kerja maksimal. Sakit! PrayForSumatera 2 62,0,negatif,0,negatif,0,negatif,0,negatif
aku mau ngungsi bukan karena banjir tapi karena mati lampu 70,1,netral,0,negatif,0,negatif,0,negatif
Bupati Aceh Timur Serahkan Data 1.094 Penerima Hunian Tetap kepada BNPB Penyerahan dilakukan secara bertahap untuk mempercepat proses pembangunan hunian bagi korban banjir yang terdampak di wilayah tersebut. Bupati Aceh Timur Serahkan Data 1.094 Penerima Hunian Tetap kepada BNPB - Serambinews. 64,2,positif,2,positif,0,negatif,0,negatif
"Hallo SobATRBPNTapsel Wamen ATR/BPN Bapak Ossy Dermawan serahkan bantuan ATR/BPN Peduli Bencana untuk warga Desa Tolang Julu, Kec. Sayur Matinggi, Kabupaten Tapanuli Selatan, Provinsi Sumatera Utara, yang terdampak banjir & longsor. Bantuan disalurkan bersama MUI 1 23",2,positif,2,positif,2,positif,2,positif
gambar peta rilisan BNPB daerah terdampak bencana banjir longsor sumatera 2025. yujiem! 5 141,1,netral,1,netral,1,netral,1,netral
Dari point2 tsb ada brp yang sudah kita dan pemerintah kita terapkan dalam menjaga hutan kita? deforestation PrayForSumatera PrayForAceh PrayForSumatra banjirsumatra 33,1,netral,2,positif,1,netral,2,positif
Personel Satbrimob Polda Sumatera Selatan yang sedang melaksanakan BKO di Polda Aceh terus menunjukkan kepedulian nyata kepada masyarakat. PrayForSumatra Polriuntukmasyarakat BrimobUntukNusadanBangsa Jiwaragakudemikemanusiaan humaskorbrimobpolri 1 34,1,netral,2,positif,2,positif,2,positif
"Bahlil Minta Maaf, Pemulihan Listrik Pasca-Banjir di Aceh Belum Rampung Bahlil Minta Maaf, Pemulihan Listrik Pasca-Banjir di Aceh Belum Rampung 11 3 7",2,positif,1,netral,0,negatif,0,negatif
dengan kondisi hutan yg gundul dan alam yg rusak di Aceh berpotensi menjadi ancaman besar saat terjadi hujan lebat lagi berubah manjadi banjir bandang 1 83,0,negatif,1,netral,0,negatif,0,negatif
"Banjir yang menggenangi sejumlah ruas jalan arteri di Jakarta, Senin (12/1/2026), memaksa Ditlantas Polda Metro Jaya mengambil langkah darurat dengan mengizinkan pemotor masuk tol. Banjir Parah di Jalan Arteri, Ditlantas Polda Metro Jaya Arahkan Pemotor Masuk Tol | ERAKINI. 147",1,netral,1,netral,1,netral,1,netral
"Ayo bersatu untuk membantu pemerintah dalam mempercepat pemulihan pasca bencana Aceh,Sumut dan sumbar 31",2,positif,2,positif,2,positif,2,positif
"Presiden Prabowo Subianto memerintahkan jajarannya juga memperhatikan sekolah-sekolah, RS, dan puskesmas-puskesmas yang rusak akibat banjir bandang dan longsor di Aceh, Sumatera Utara, dan Sumatera Barat. Tidak hanya rumah, Prabowo minta RS, Puskesmas, sekolah diperhatikan 1 149",0,negatif,1,netral,2,positif,0,negatif
"Hai SobatBMKG Minkage mau kasih tahu update peringatan dini cuaca 6-8 Desember 2025. Disimak baik-baik ya WASPADA Aceh, Sumut, Sumbar, Riau, Kep. Riau, Jambi, Sumsel, Banten, DKI Jakarta, DIY, Jabar, Bali, NTB, NTT, Kalbar, Kalteng, Kaltim, Kalut, Kalsel, Gorontalo, 1 16 43",1,netral,1,netral,1,netral,1,netral
"Apalagi kayunya tuh byk banget ya? Liat aja saat banjir longsor di Aceh dan Sumatera, byk kayu gelondongan berserakan, ada nomor nya lagi. 1 1 43",0,negatif,1,netral,0,negatif,0,negatif
Pemprov Sumatera Utara Siapkan Rp430 Miliar untuk Pemulihan Pascabencana Pemprov Sumatera Utara Siapkan Rp430 Miliar untuk Pemulihan Pascabencana - Teritorial24 3,1,netral,2,positif,2,positif,2,positif
Akun parodi Budiman Sudjatmiko memimpin BP Taskin meninjau Aceh pasca bencana demi memastikan respons berlanjut ke fase pemulihan warga. BPTaskinFokusPascaBencana Ancaman Lonjakan Kemiskinan Sumbar Pasca Bencana Jadi Perhatian Khusus BP Taskin - harianhaluan. 11,0,negatif,2,positif,2,positif,2,positif
"Video Bupati Aceh Utara Singgung Prabowo Apa Nggak Tahu Ada Banjir? 20.detik. Video Harapan Bupati Aceh Utara Agar Daerahnya Diperhatikan oleh Pusat Bupati Aceh Utara, Ismail Jalil, berharap agar daeranya mendapat perhatian setelah menjadi korban bencana banjir bandang dan longsor. 25",0,negatif,0,negatif,0,negatif,0,negatif
"wan pun menyoroti jalan dan jembatan yang rusak akibat bencana banjir. Terlebih, kata dia, rusaknya jalan dan jembatan itu semakin memperlambat evakuasi dan menghambat layanan medis darurat. 1 83",0,negatif,1,netral,0,negatif,0,negatif
"Nggak banyak yang tahu, gajah punya peran penting dalam penanganan bencana di Aceh. Dulu bantu di tsunami 2004, sekarang turun lagi buat bersihin sisa banjir bandang. Kerja gajah-gajah ini ngebantu banget meringankan tugas tim di lapangan. Salut buat para mahot dan gajah-gajah 255",1,netral,2,positif,2,positif,2,positif
Mungkin 50 thn kedepan Aceh & Sumut setiap musim penghujan akan banjir terus selama belum ada reboisasi 85,0,negatif,1,netral,0,negatif,0,negatif
"Banjir bandang yang terjadi di Pulau Sumatra, menjadi pukulan tersendiri bagi Indonesia di penghujung tahun 2025 ini. Selengkapnya di video berikut ini! ForYourInformation FYI05 CariBeritaditvOne ViralMedsos BanjirSumatra GelondonganKayuSumatra 1 10 27",2,positif,1,netral,1,netral,1,netral
Terimakasih sudah berdonasi kaak SketsauntukSumatra PrayForSumatera 1 2 5,2,positif,2,positif,2,positif,2,positif
"Menyeberang jalan di Aceh kini mempertaruhkan nyawa . Pasca banjir dan longsor Aceh–Sumatra, ratusan jalan dan jembatan banyak yang rusak dan terputus. Warga diminta ekstra waspada menugaskan TNI, dipimpin KSAD Jenderal Maruli Simanjuntak, untuk percepatan 17 174 273",0,negatif,1,netral,0,negatif,0,negatif
dan Aceh punya hukum mencambuk LGBT sehingga turunlah bencana banjir 2 2 248,0,negatif,0,negatif,0,negatif,0,negatif
Baca artikel ini dan share pendapat kalian di kolom komentar!,2,positif,1,netral,0,negatif,2,positif
"Akun parodi Presiden ke 7 Pak menyampaikan Rasa Duka yang mendalam pd musibah banjir dan Longsor yang menimpa Aceh, Sumut dan Sumbar Serta mengatakan pentingnya rasa solidaritas dan gotong royong antara pemerintahan pusat, daerah dan masyarakat, krn akan menjadi semangat dan 6 24 81 856",0,negatif,0,negatif,0,negatif,0,negatif
Akses jalan menjadi salah satu faktor yang menjadi tantangan dalam pendistribusian bantuan. Diperlukan kendaraan khusus untuk menjangkau lokasi yang terisolir. prayforsumatera rumahzakat 1 6 6 248,2,positif,2,positif,2,positif,2,positif
"""Itu kalau tentara itu namanya desersi itu. Dalam keadaan bahaya meninggalkan anak buah. Waduh, itu gak bisa itu,"" kata Prabowo PrayForSumatera banjiraceh aceh.antaranews. Presiden Prabowo perintahkan Mendagri copot Bupati Aceh Selatan yang umrah saat bencana - ANTARA... Presiden Prabowo Subianto memerintahkan Menteri Dalam Negeri (Mendagri) untuk menjatuhkan sanksi tegas berupa pencopotan jabatan kepada Bupati ... 55",0,negatif,1,netral,0,negatif,0,negatif
Alhamdulillah banjir surut sebelum masuk dalam rumah. Soalnya agak rendah rumahku. Terima kasih untuk doa dan perhatian dari teman-teman. BanjirAceh2025 3 308,2,positif,2,positif,2,positif,2,positif
Akun komentar Belum ada yg dipenjara sampai detik ini para perusahaan pembuka lahan sbg pemicu bencana besar banjir longsor ... 1 3 83,0,negatif,0,negatif,0,negatif,0,negatif
Korban banjir Aceh dan Sumatra gak bahagia tuh stad.berarti gak Rido dikasi bencana oleh Alloh.astagfirulloh... 1 43,0,negatif,0,negatif,0,negatif,0,negatif
Doa dan usaha terbaik terus mengalir agar Aceh Sumatra Pulih dan masyarakat bisa kembali tersenyum bahagia. 6,2,positif,2,positif,2,positif,2,positif
"Status Tanggap Darurat Bencana di Sumbar Diperpanjang, Kenapa Keputusan Ini Penting? salingkamedia. Status Tanggap Darurat Bencana di Sumbar Diperpanjang, Kenapa Keputusan Ini Penting? Gubernur Sumbar Mahyeldi resmi memperpanjang Status Tanggap Darurat Bencana akibat banjir dan longsor di Sumatra Barat 3",1,netral,1,netral,1,netral,1,netral
Kita ikut berduka bencana alam banjir bandang di Sumatra Utara Sumatera Barat dan Aceh itu akibat badai siklon tropis Pihak yang berwajib bisa mengusut siapa penyebab tapi tidak asal nuduh. Kita berdoa semoga tidak ada lagi bencana alam yang membahayakan wilayah Indonesia 59,0,negatif,0,negatif,0,negatif,0,negatif
Akun penggemar YA ALLAH GA TAU LAGI UDAH BANJIR BANHT INI MATAAA Dari ً 17,0,negatif,0,negatif,0,negatif,0,negatif
"Banjir dan Longsor Melanda, Pemkot Padang Liburkan Siswa sumsel.idntimes. Banjir dan Longsor Melanda, Pemkot Padang Liburkan Siswa Pemerintah Kota Padang meliburkan seluruh siswa yang dimulai hari ini, Kamis (27/11/2025) hingga Sabtu (29/11/2022) mendatang. 76",1,netral,1,netral,1,netral,1,netral
"Yg input data itu semua siapa?? Emng Ai bisa identifikasi asal telur lalu ngontrol perjalanan dan distribusi siapa yg data? Terus yg nimbang anak² lalu input ke sumber data Ai nya siapa? Orang aneh², banjir sumatra noh yg jelas 1 2 556",0,negatif,0,negatif,0,negatif,0,negatif
"Ketua MPR Ahmad Muzani sebut Presiden Prabowo Subianto sudah mengetahui penyebab banjir bandang di Aceh, Sumatera Utara dan Sumatera Barat. Muzani Sebut Prabowo Sudah Tahu Penyebab Banjir Bandang di Sumatera 4 1 3",1,netral,1,netral,1,netral,0,negatif
"Polri hadir di tengah bencana, bantuan terus dikirim ke Aceh Tamiang dan Aceh Timur. jatim1news Polri nasional bencana banjir Aceh Sumatra JATIM SATU NEWS Polri Hadir di Tengah Bencana, Bantuan Terus Dikirim ke Aceh Tamiang dan Aceh Timur 31",2,positif,2,positif,2,positif,2,positif
"Pelepasan 30 Ambulans, 30 dokter, dan 60 relawan kesehatan (perawat dan paramedis) PDI Perjuangan ke Aceh, Sumut, dan Sumbar oleh Sekjen PDI Perjuangan Hasto Kristiyanto dan Ketua DPP PDI Perjuangan Bidang Kesehatan Ribka Tjiptaning, Senin (29/12/2025). 2 14 61",2,positif,2,positif,2,positif,2,positif
"Selain itu, kata Tito, material ini juga akan digunakan untuk membangun sarana konektivitas, termasuk jembatan darurat dan perbaikan berbagai fasilitas publik yang terdampak. Pemamfaatan KayubekasBanjir Aceh Mendagri Izinkan Pemanfaatan Kayu Bekas Banjir Aceh, Regulasi akan Dikaji - Serambinews. 62",2,positif,1,netral,2,positif,2,positif
"Air kembali naik lagi, Rabu (3/12/2025) di seputaran Medan Labuhan hingga kemacetan pun terjadi. Bagaimana tanggapan anda terkiat hal ini, silakan komentar anda? Sumber video kiriman warga kliksumut foryou fyp klik beritaterkini 2 36",1,netral,1,netral,1,netral,1,netral
"Hahah lucu Saat peraturan dan kebijakan membuatmu terancam, kamu turun ke jalan"" raya sambil berteriak. Tetapi ketika orang"" yang di cintai kehilangan segalanya kamu diam dan hanya menyampaikan bela sungkawa kerena itu tidak terjadi kepadamu. PrayForSumatera PrayForIndonesia 35",0,negatif,0,negatif,0,negatif,0,negatif
"Banjir telah merenggut banyak hal di Sumatra dan Aceh. Rumah terendam, aktivitas terhenti, dan yang paling mendesak air bersih. Air yang bagi kita mudah didapat, kini menjadi barang langka bagi saudara-saudara kita. PMISelaluBantu 1 256",2,positif,0,negatif,0,negatif,0,negatif
dan 10 lainnya Perhatian Presiden Prabowo begitu besar pd rakyat Aceh Sumut Sumbar Saat ini bencana banjir mengancam semua wilayah namun semua maklum bila Presiden fokus pd Sumatera 1 2 76,2,positif,2,positif,2,positif,2,positif
"Di tengah duka pascabencana, harapan kembali tumbuh di Kecamatan Batang Toru, Kabupaten Tapanuli Selatan. Satuan Brimob Polda Sumatera Utara hadir bukan hanya membawa bantuan, tetapi juga membangun harapan melalui pembuatan hunian sementara bagi masyarakat terdampak bencana. 47",2,positif,2,positif,2,positif,0,negatif
BPBD Kebumen yang tergabung dalam Tim Jawa Tengah Intensifkan Penanganan Banjir dan Longsor di Sumatra Barat. BNPB Indonesia dan 3 lainnya 65,1,netral,2,positif,2,positif,2,positif
"Bantuan Terus Dikirimkan sebagai Upaya Pemulihan Pembelajaran SobatBelajar, dalam kunjungannya ke Kabupaten Agam, Sumatra Barat, Mendikdasmen, Abdul Mu’ti, melihat secara langsung dampak bencana banjir yang menerjang salah satu sekolah yakni SMP Negeri 1 Tanjung Raya yang 4 4 5",2,positif,2,positif,2,positif,2,positif
"• Lewat PT Tusam Hutani Lestari, PRABOWO memiliki Hutan Tanaman Industri (HTI) di HULU2 SUNGAI yg terdampak Banjir Bandang di Aceh Sumut Sumbar. • Prabowo = KONTRIBUTOR KERUSAKAN EKOLOGI. • Everybody knows! Termasuk semua Menteri2, Wamen2 & Kepala2 Badan. 2 1 9 213",0,negatif,1,netral,0,negatif,0,negatif
"Sebanyak empat kecamatan di Kabupaten Aceh Barat dilanda banjir dengan ketinggian air mencapai 1 meter, Rabu (26/11). Bencana yang dipicu hujan deras menyebabkan puluhan desa terendam. Sejumlah rumah warga rusak, dan akses jalan terputus. Keempat kecamatan yang terdampak adalah 1 4 4",0,negatif,1,netral,0,negatif,0,negatif
"Dana Pemulihan Pascabencana Sumatra Rp59,25 Triliun, DPR Minta Transparans dan Tepat Sasaran bencanasumatra aceh sumut sumbar Dana Pemulihan Pascabencana Sumatra Rp59,25 Triliun, DPR Minta Transparans dan Tepat Sasaran 20",2,positif,2,positif,2,positif,2,positif
"Ya Allah, banjir lagi. Mau tidur takut air makin naik. Beberapa hari udah panas, tempat ku udh aman tapi di daerah lain masih ada yg banjir. Di tambah ini hujan lagi dan belum berhenti, air makin naik 80",0,negatif,0,negatif,0,negatif,0,negatif
"gerakan nyata menuju Pemulihan Awal Kebangkitan sumatera harus terus jalan, kita dukung evakuasi korban banjir bandang biar semua segera pulih lagi KerjasamaUntukSumatera 6",0,negatif,2,positif,2,positif,2,positif
Aksi tanggap darurat Projo Peduli Bencana pimpinan Budi Arie Setiadi mengutamakan pemenuhan gizi dan air bersih bagi anak anak korban banjir Sumatra sebagai wujud kasih sayang yang Setia Digaris Rakyat DPD Projo Aceh Terjunkan Mobil Tangki Air Bersih 69,0,negatif,2,positif,0,negatif,0,negatif
Kalo sdh sampe jd bencana spt ini tapi masih tetap tidak diusut tuntas dan tidak ada yg diseret ke pengadilan berarti pemerintah mmg tidak punya niat untuk melindungi hutan.. PrayForSumatera 1 1 58,0,negatif,0,negatif,0,negatif,0,negatif
"BREAKING NEWS Alhamdulillah terima amanah menyalurkan bantuan kemanusiaan 30 ton beras dari emirates red crescent UEA yg sudah sampai di pemko medan untuk korban banjir&longsor di aceh,sumut,sumbar. Syukron UEA Syukron Muhammadiyah PrayForSumatera 2 1 3 206",0,negatif,2,positif,0,negatif,0,negatif
"dan 8 lainnya Para Aktifis Menyuarakan Perlindungan Hutan(Alam jgn diRusak dg Dalih Apapun) Menyuarakan Fakta diLapangan korban Banjir Aceh,Sumut,Sumbar Di Intimidasi bahkan Ada Yg ditangkap Koruptor n Para Pejabat Bangsat yg Maling duit Negara diberi karpet ""Merah"". Makin aneh sj Aturanya. 11",0,negatif,0,negatif,0,negatif,0,negatif
"Sebuah video viral di linimasa yang menyebut Presiden Prabowo telah menyerahkan 90.000 hektare lahan pribadi untuk konservasi gajah tahun 2024. Hal ini sekaligus membantah isu yang menyebut banjir bandang di Sumatera, khususnya Aceh, baru baru ini disebabkan oleh keberadaan lahan 1 1 298",1,netral,1,netral,0,negatif,0,negatif
"Yaa Allah… Aceh sudah kehilangan 4 kampung. Dan Aceh Tamiang masih rentan bencana susulan. Yaa Allah timpakan azab pada yang memgundang bencana ini, pada mereka pelaku perusakan alam.",0,negatif,0,negatif,0,negatif,0,negatif
"Btw kemensos apa kabar, kok gak ada suara atau gebrakannya? Bagian humasnya diumpetin kah? PrayForSumatera 68",0,negatif,0,negatif,0,negatif,0,negatif
Prof ini penyebab banjir bandang di Tapanuli ya? Bener sih kayanya jarang denger bibit siklon melanda Sumatra. Apalagi dekat sekali dengan equator ya? 14,1,netral,1,netral,0,negatif,0,negatif
"Akun parodi EDUNNNN Hujan intensitas tinggi n lama buat banjir di bbrp daerah. Pjabat sptnya lg turun lapang, kontrol n turunkan bantuan. KASIH TAU, yg dilakukan dah bagus tp bkn sbg solusi jangka panjang.. Infokan prubahan fungsi lahan pnyebab banjir yg mungkin sblmnya tdk trjadi. 1 204",0,negatif,0,negatif,0,negatif,0,negatif
"Hai Sahabat Wantimpres Menjaga lingkungan adalah tanggung jawab bersama. Menanam pohon menjadi langkah sederhana dengan dampak besar menjaga air, mencegah banjir, menyerap karbon, dan menyejukkan lingkungan. Menanam hari ini berarti menjaga masa depan generasi mendatang. 1 30",2,positif,2,positif,2,positif,2,positif
di padang dr kmrn hujan gede trus di atas ga di tanamin pohon ya wajar jd banjir longsor bebatuan untung keluarga disana bisa ngungsi ke tmp saudara...semoga ini bukan krn ada proyek tp lalai amdal 1 1 88,0,negatif,0,negatif,0,negatif,0,negatif
Dalang Pengrusakan alam sebenarnya sudah jelas siapa Pelakunya. Dengan di temukan Label Kemenhut telah menjelaskan kayu itu mmg resmi milik Presiden Prabowo. sebagai atasan Kemenhut & pemilik 3 Pabrik Pulp (Monster Pemakan kayu) Sumber detikcom Ada Label Kemenhut di Kayu Gelondongan asal Sumbar yang Terdampar di Lampung 38,0,negatif,0,negatif,0,negatif,0,negatif
dan Eh kunyuk!! Itu kayu gelondongan yg kebawa banjir bandang di sumatra apa masih blm jadi bukti kerusakan yg dibuat oleh pemerintah hah??! 1 30,0,negatif,0,negatif,0,negatif,0,negatif
"Akun penggemar Ya yaapa lagi, mereka kekurangan makanan, kelaparan, bertahan hidup dengan makanan² sisa, minum air banjir yang dimana sudah terkontaminasi bakteri dari ratusan orang meninggal.. bantuan tidak merata, cuma bisa berharap bantuan dari warga² yg berdonasi.. pemerintah biadab 1 52",0,negatif,0,negatif,0,negatif,0,negatif
"Pemulihan pasca banjir dan longsor di Aceh, Sumut, dan Sumbar terus dipercepat. Pemerintah terus bergerak mendistribusikan logistik, mendirikan shelter, serta mengoperasikan dapur umum di wilayah terdampak banjir. Simak selengkapnya di video berikut. 21 9 36",1,netral,2,positif,2,positif,2,positif
Curhat Relawan Tunjukkan Gelondongan Kayu Besar Berserakan di Aceh Tamiang usai Terjangan Banjir Bandang ronajateng. Curhat Relawan Tunjukkan Gelondongan Kayu Besar Berserakan di Aceh Tamiang usai Terjangan Banjir... Menyoroti penuturan relawan bencana di Aceh Tamiang yang menemukan batang kayu super besar yang terbawa arus banjir bandang 1 27,2,positif,1,netral,1,netral,0,negatif
"Presiden Prabowo turun langsung meninjau lokasi banjir besar di Sumut kemarin, memastikan kebutuhan warga terpenuhi dan jalur evakuasi berjalan aman. Kehadiran beliau menunjukkan komitmen kuat pada Respons Cepat Negara PrabowoPeduliSumatera 1 18",2,positif,2,positif,2,positif,2,positif
"Pratikno menambahkan, bencana juga menimbulkan dampak terhadap aktivitas ekonomi di Aceh, Sumatera Utara (Sumut), dan Sumatera Barat (Sumbar). Sebanyak 112 pasar tradisional di Aceh terdampak, dan hingga kini 18 sudah sepenuhnya beroperasi. 1 1 1 119",1,netral,1,netral,1,netral,1,netral
Benci bgt ama macet tai gue kaga bisa beli padang tai akibat macet gue malesssss 18,0,negatif,0,negatif,0,negatif,0,negatif
Zigo Rolanda Desak Pemulihan Cepat Akses Jalan Padang-Bukittinggi Usai Banjir Bandang bahlillahadalia kuningkeren golkarindonesia partaigolkar golkarpedia Berita Golkar - Zigo Rolanda Desak Pemulihan Cepat Akses Jalan Padang-Bukittinggi Usai Banjir... 2 34,1,netral,1,netral,2,positif,1,netral
"Dalam upaya menjaga keandalan pasokan listrik pascabencana, PLN UID Riau dan Kepulauan Riau menurunkan relawan ke Aceh. Langkah ini menjadi bukti nyata komitmen kami dalam memberikan pelayanan terbaik dan memastikan energi tetap hadir untuk seluruh pelanggan. Melalui pengiriman 28",2,positif,2,positif,2,positif,2,positif
"Anak sekecil itu ngeliat banjir yg besarnya kayak apa juga gue gabisa bayangin. Dia bilang ""itu rumah aku kak, di bawah pohon yg tumpuk dua"" GUE GABISA DENGERNYA. SEDIH BGT MONYET ini kawasan gue biasanya main bareng temen... sekarang udah hancur parah... 1 30",0,negatif,0,negatif,0,negatif,0,negatif
Video Masa Tanggap Darurat Banjir Bandang Sumbar Diperpanjang 14 Hari 20.detik. Video Masa Tanggap Darurat Banjir Bandang Sumbar Diperpanjang 14 Hari Pemerintah Provinsi Sumatera Barat memperpanjang masa status tanggap darurat bencana banjir bandang selama 14 hari atau sampai 22 Desember 2025 mendatang. Berdasarkan rekapitulasi data sementara yang... 21,1,netral,1,netral,1,netral,1,netral
BRIMOB ACEH BERSIHKAN PUSKESMAS PEMBANTU DI ACEH UTARA PASCA BANJIR Batalyonapeloporaceh () • Instagram photo 21,2,positif,1,netral,2,positif,2,positif
Ternak sampah.... Banjir Aceh dan Sumatra akibat pembalakan hutan ... 1.000% kebijakan. Yg salah dari pemerintah terdahulu..lalu sekarang menteri belaga mau jadi sinterklas taiiikkkkl.. Coba tebak itu hutan lahan perusahaan siapa 27,0,negatif,0,negatif,0,negatif,0,negatif
"Wakapolri Polri memberangkatkan 1.500 personel untuk penanggulangan bencana di Aceh, Sumut, dan Sumbar. jatim1news Polri nasional Jakarta banjir Aceh Sumut Sumbar Sumatra jatimsatunews. JATIM SATU NEWS Wakapolri Polri Berangkatkan 1.500 Personel untuk Penanggulangan Bencana di Aceh,... JAKARTA - Wakil Kepala Kepolisian Republik Indonesia (Wakapolri) Komjen Pol Prof. Dr. Dedi Prasetyo memimpin apel pemberangkatan personel Po... 49",1,netral,1,netral,2,positif,2,positif
"BMMF15XLYKN BMMF15xFOURTH นัทปง BMMF15 Aksi Kemanusiaan, Ditpolairud Polda Jambi Turun Langsung Bantu Korban Banjir Bandang di Sumatera Barat 1 207",0,negatif,2,positif,0,negatif,0,negatif
"bagaimana kalau kesusahan yang kita terima akhir akhir ini bukan semata mata karena bencana alam tapi karena bocornya skandal kebijakan, kegagalan pengawasan, juga adanya rambut merah penegakan hukum dalam lingkar pemerintah? 45",0,negatif,0,negatif,0,negatif,0,negatif
"PLN Padang Salurkan Bantuan untuk TAD Terdampak Banjir rakyatterkini. - info berita, olahraga, politik PLN Padang Salurkan Bantuan untuk TAD Terdampak... 14",2,positif,2,positif,2,positif,2,positif
"Gaes kasih aku semangat. Salah satu korban banjir aceh tamiang. CC/PC PerthSanta gak ada yang selamat, itu semua sebenarnya uda terbelah dua. Tapi karena basah jadi menyatu lagi Aku stress 1 tahun ngumpulin ini semua Mana PhotoBook Time Stopper ku enggak selamat 1 222",0,negatif,0,negatif,0,negatif,0,negatif
"Presiden Prabowo Subianto memimpin Sidang Kabinet Paripurna di Istana Negara, Jakarta, Senin (15/12/2025), membahas perkembangan strategis nasional dan penanganan bencana banjir serta tanah longsor di Aceh, Sumatra Utara, dan Sumatra Barat. Foto BPMI Setpres/Laily Rachev 1 141",1,netral,1,netral,1,netral,1,netral
"Update Resmi BNPB terkait Bencana Sumatra Per 19 Desember 2025 1.071 korban jiwa (+3) | Terbanyak di Agam (188 [+1]) | Penambahan terbanyak di Agam, Langkat, Tapsel, Tapteng (+1) 185 orang hilang (-5) | Terbanyak di Agam (52) | Pengurangan terbanyak di Tapanuli Tengah (-4)",0,negatif,0,negatif,0,negatif,0,negatif
"Gue lihat banjir di Sumut aja bisaa terenyuhh sedih, melas,.. Eh ini ada lewat di Explore IG 2 Harimau Sumatra pun muncul ikut ngungsi, tambah nangiss lah guee 79",0,negatif,0,negatif,0,negatif,0,negatif
"Kakanwil BPN Aceh didampingi para Kepala Bidang melakukan kunjungan ke Kantor Pertanahan Kabupaten Aceh Tamiang pasca banjir. Kunjungan ditempuh melalui jalur darat dari Sumatera Utara, mengingat akses Banda Aceh–Aceh Tamiang masih terputus di wilayah Kutablang, Bireuen. 1 66",1,netral,1,netral,1,netral,1,netral
"Ketua Dewan Masjid Indonesia (DMI) Jusuf Kalla (JK) mengimbau seluruh masjid di Indonesia untuk melaksanakan salat Ghaib pada Jumat mendatang sebagai bentuk doa dan solidaritas bagi para korban musibah besar yang melanda Aceh, Sumatera Utara, dan Sumatera Barat. JK mengungkapkan 2 241",0,negatif,2,positif,0,negatif,0,negatif
Akun komentar JANGAN DITONTON BAGI YG GAK KUAT PrayForSumatera 22,1,netral,0,negatif,0,negatif,0,negatif
"Ya betol!!..oknum2 pemimpin daerah itu paling pinter klau sdh bicara politik apalgi klau sudah coba2 mau korupsi,Suap ,Kolusi,Nepotisme.yg menguntungkan mereka dn klompoknya tp untuk mikirin nasib warganya bahkan beri solusi agar tdk trjadi banjir dn longsor lagi ngak becus!. 1 33",0,negatif,0,negatif,0,negatif,0,negatif
*Dari Tambang hingga PLTA WALHI Ungkap Akar Bencana Tapanuli*,0,negatif,1,netral,0,negatif,0,negatif
"HAAAAHHH KAGET Dirjen Longsor, Dirjen Banjir??? Bancakan lagi aja, mending dimaksimalin Pak yg udah ada, anggaran untuk penanganan bencana, mitigasi bencana, recovery pasca bencana itu yang harus dipikirin. Yaallah, nasib jadi WNI gini amat 4",0,negatif,0,negatif,0,negatif,0,negatif
"Akun parodi Banjir sih di atas, tapi sekarang aku tiba tiba disuruh ngungsi 1 24",0,negatif,1,netral,0,negatif,0,negatif
anjing ah motor mogok 1 15,0,negatif,0,negatif,0,negatif,0,negatif
"Prabowo Respon Cepat Listrik Kembali Menyala Pemerintah Prabowo bersama TNI Polri BNPB dari awal bencana hadir membantu evakuasi warga hingga pemulihan pasca bencana di Sumatera. Sistem kelistrikan pulih, listrik menyala di rumah dan fasilitas publik Kondisi Terkini Pasokan BBM, LPG, Listrik ke Daerah Terdampak Banjir Sumbar 23",2,positif,2,positif,2,positif,2,positif
Akun parodi PrayForIndonesia AllEyesOnSumatera PrayForSumatera PrayForTapanuli PrayForSibolga PrayForAceh dampak yang terjadi jika kita tidak mulai sekarang protes atau aware akan masalah ini 1 107,0,negatif,1,netral,0,negatif,0,negatif
"Electrizen Banjir dan longsor yang terjadi di wilayah Sibolga, Tapanuli Selatan, Tapanuli Tengah dan Tapanuli Utara memutus akses jalan sehingga menjadi tantangan dalam proses pemulihan listrik. 1 29",0,negatif,1,netral,1,netral,1,netral
"Bergerak bersama memulihkan Aceh dan Sumatra melalui penugasan Taruna KKP dalam dua tahap selama 45 hari, guna meringankan beban masyarakat terdampak bencana. Mohon doa dan dukungan agar kegiatan berjalan lancar. 2 46",2,positif,2,positif,2,positif,2,positif
"Sepekan pasca musibah bencana alam di Aceh, Sumatera Utara dan Sumatera Barat. Ya Allah, lindungilah saudara-saudara kami disana, ringankanlah beban mereka, semoga yang belum bertemu dengan keluarganya dapat segera bertemu. 1 44",2,positif,2,positif,2,positif,0,negatif
Ajaibnya sawit jadi tertuduh padahal yg merusak adalah tambang. Riau punya 4 juta hektare lahan sawitnya 10 kali lebih besar dari Aceh gak ada banjir bandang. Narasi sawit biang kerok adalah agenda barat. Yg ingin Indonesia tidak merdeka soal energi terbarukan..!!,0,negatif,0,negatif,0,negatif,0,negatif
qadarullah dah pulang dari Aceh & Sumut sblm ‘Bencana’ kemarin… Alhamdulillāh PrayForSumatera 65,2,positif,2,positif,2,positif,2,positif
"PLN terus bekerja maksimal memulihkan sistem kelistrikan yang terdampak banjir, tanah longsor, dan gempa di Aceh, Sumatera Utara, dan Sumatera Barat. 1 142",1,netral,2,positif,2,positif,2,positif
"gunung muria di kudus aja kena, berdampak ke kudus hingfa sekitarnya, banjir bandang kek aceh kemarin. 63",0,negatif,1,netral,0,negatif,0,negatif
"Turut berduka atas banjir bandang & longsor di Aceh, Sumut, Sumbar 1.138 jiwa meninggal, 163 hilang, hampir 450 ribu mengungsi. Hormat kepada relawan & petugas yang sudah berjuang. Bersama wujudkan Sumatra pulih kembali. WujudkanSumatraPulih SumatraBangkit 1 91",0,negatif,0,negatif,0,negatif,0,negatif
"Keluhkan Fasilitas yang Rusak Parah Imbas Banjir Bandang, Warga Aceh Tamiang Bandingkan Kondisi saat Tsunami di 2004 Silam matapersindonesia. Keluhkan Fasilitas yang Rusak Parah Imbas Banjir Bandang, Warga Aceh Tamiang Bandingkan Kondisi... Menyoroti pengakuan korban banjir bandang di Aceh Tamiang yang membandingkan kerusakan bencana itu dengan tragedi tsunami pada 2004. 15",0,negatif,0,negatif,0,negatif,0,negatif
"Akses jalan menuju Desa Kubu, Kecamatan Sawang, Aceh Utara terputus akibat banjir. Relawan Nurul Hayat menempuh perjalanan menggunakan perahu getek untuk menyalurkan bantuan. Sebanyak 209 KK atau 713 jiwa terdampak di desa ini. Terima kasih Sahabat Sejuk atas doa dan dukungannya 183",2,positif,2,positif,2,positif,0,negatif
Dari point2 tsb ada brp yang sudah kita dan pemerintah kita terapkan dalam menjaga hutan kita? deforestation PrayForSumatera PrayForAceh PrayForSumatra banjirsumatra,1,netral,2,positif,2,positif,2,positif
"Bantuan sandang tersebut meliputi baju koko dan celana panjang pria, busana wanita, hijab, mukena, sajadah, serta pakaian dalam pria dan wanita, yang disiapkan untuk memenuhi kebutuhan dasar para korban banjir Fokus Kebutuhan Dasar, PMI Kirim 120 Ribu Pakaian untuk Warga Terdampak Banjir Sumatra - Serambin... 103",0,negatif,2,positif,0,negatif,0,negatif
dan Tega banget lu bilang begini sedangkan warga yang terdampak bencana gak bisa melanjutkan hidup mereka pasca banjir bahkan sekarang sungai di padang udah mulai naik lagi Lu gak mikir EKONOMI dan HAK ASASI MANUSIA warga indonesia sendiri??? Apa harus lo yang kena dulu baru paham? 1 6 211,0,negatif,0,negatif,0,negatif,0,negatif
"Kementerian Lingkungan Hidup resmi menyegel 4 perusahaan yang diduga menjadi salah satu penyebab utama terjadinya banjir bandang dan longsor yang melanda wilayah Sumatra sejak akhir November lalu. youtube. 4 Perusahaan Disegel akibat Banjir Bandang di Sumatra Jakarta, CNBC Indonesia - Kementerian Lingkungan Hidup resmi menyegel empat perusahaan yang diduga menjadi salah satu penyebab utama terjadinya banjir bandan... 117",1,netral,1,netral,0,negatif,0,negatif
Banjir ditangani. Bantuan tetap jalan. Logistik warga Garoga jadi prioritas. 1 35,2,positif,2,positif,2,positif,2,positif
"Bukan berarti mengkultuskan sosok lagi ya, keliatan aja kalo kondisi seperti sekarang, Actions speak louder than words, promises, and especially excuses. So, siapa yang tanggung jawab atas ""banjir kayu"" ini? Usut tuntas korporasi sawit dan HTI di hulu Bukit Barisan. 1 28",0,negatif,0,negatif,0,negatif,0,negatif
"Dari Bandara Internasional Sultan Iskandar Muda, Presiden Prabowo beserta beberapa pejabat negara naik helikopter kepresidenan Caracal menuju Bireuen PrayForSumatera prabowo aceh.antaranews. Agenda Presiden Prabowo tinjau bencana Aceh untuk kedua kalinya - ANTARA News Aceh Presiden Prabowo Subianto tiba di Bandara Internasional Sultan Iskandar Muda, Kabupaten Aceh Besar, Provinsi Aceh, Minggu pagi. Ini adalah kunjungan ... 69",1,netral,1,netral,1,netral,1,netral
"Video Party tersebut viral dan menuai kecaman dari warganet. Sebab dinilai tidak memiliki rasa kemanusiaan atau empati. Pasalnya, video party itu disebut-disebut terjadi di tengah banjir di daerah Sumatera Barat (Sumbar). Bikin Geram, Viral Video Party di Tengah Bencana Banjir Tuai Kecaman Warganet Gila Banget 1 35",0,negatif,0,negatif,0,negatif,0,negatif
"Pembalakan Liar Penyebab Banjir Maut 1953 82 Orang Tewas, Kenapa Tak Belajar? Tahun 1953, banjir parah landa Aceh & Tapanuli – 82 korban jiwa (koran Belanda laporkan). Di Aceh Hujan 2 hari di lereng Gunung Seulawah → tanggul jebol, Banda Aceh terendam, listrik mati, radio 1 93",0,negatif,0,negatif,0,negatif,0,negatif
"- Day 1 (senin, 24 nov 2025), hujan deras parah tapi masih ada listrik n jaringan. - Day 2 (selasa, 25 nov 2025), masih hujan parah ga berhenti"" dari day 1, gabisa pergi ke kampus karna hujan terlalu parah. note gara"" kamar udh banjir jadinya ngungsi di cafe dulu sekalian nugas 2 1 1 170",0,negatif,1,netral,0,negatif,0,negatif
"upayaa membantu warga terdampak ... Tim Trauma Healing Polda Riau diturunkan untuk BKO penanganan banjir bandang di Kabupaten Agam, Sumatera Barat. polri peduli polri berbagi polri PolriPeduli PeduliBencana PrayForSumatera 1 45",2,positif,2,positif,2,positif,2,positif
Sudah ada inisiatif yang lebih terhormat dan manusiawi dari untuk potong gaji lalu disumbangkan kepada korban bencana di Sumatera dan Aceh??? DPR Usul Anggaran MBG Belum Terserap Dialokasikan ke Banjir Sumatra DPR Usul Anggaran MBG Belum Terserap Dialokasikan ke Banjir Sumatra 1 200,0,negatif,0,negatif,0,negatif,0,negatif
"Pemprov Sumatera Barat perpanjang masa tanggap darurat bencana hingga 22 Desember 2025. Masa tanggap darurat yang ditetapkan awalnya pada 25 November 2025 berakhir Senin 8 Desember 2025. Gubernur Sumbar Mahyeldi mengatakan, ada tujuh nagari atau desa yang masih terisolir di tiga 43",1,netral,1,netral,1,netral,1,netral
Nomor cantikkkk Pi PrayForSumatera PiaraanMembantu 4 14 306,2,positif,2,positif,2,positif,2,positif
"Banjir dan longsor yang melanda Aceh berdampak pada sejumlah wilayah, memicu evakuasi warga serta gangguan akses jalan dan layanan dasar. Upaya penanganan dan distribusi bantuan terus dilakukan oleh berbagai pihak untuk memastikan kebutuhan mendesak masyarakat dapat terpenuhi. 22",1,netral,2,positif,2,positif,2,positif
ditengah duka banjir sumatera Projo Peduli Bencana tetap Setia Digaris Rakyat mendampingi warga sesuai visi Budi Arie Setiadi dalam solidaritas sosial Projo Ajak Publik Bersatu Hadapi Banjir Besar di Sumatera 4,2,positif,2,positif,2,positif,2,positif
"Layanan kesehatan di Rumah Sakit Umum Daerah (RSUD) Muda Sedia Aceh Tamiang lumpuh setelah turut terdampak parah akibat banjir yang melanda kabupaten tersebut sejak 27 November lalu. Ketinggian banjir mencapai 1,5 meter, menerobos masuk ke dalam setiap ruangan rumah sakit. Meski 1 2 1",0,negatif,0,negatif,0,negatif,0,negatif
"Pemulihan pascabencana banjir di Sumatra Barat terus dilakukan, salah satunya dengan menyediakan Hunian Sementara (Huntara). Di Kota Padang, Taruna Siaga Bencana (Tagana) terlibat aktif di lapangan, mendukung proses percepatan pembangunan bersama pihak terkait. Kehadiran Tagana 2 1 600",2,positif,2,positif,2,positif,2,positif
"Belanda telah berkomitmen memberikan bantuan darurat pemulihan dampak banjir dan longsor sebesar €3 juta (setara dengan Rp586,72 miliar) untuk mendukung masyarakat di Sumatera, demikian pernyataan Kedutaan Besar Belanda. Belanda salurkan bantuan darurat sebesar Rp586,72 miliar untuk korban banjir dan siklon di Sumatera 108",2,positif,2,positif,0,negatif,0,negatif
Kemenhut mengatakan pengoptimalan kayu hanyutan banjir terus dilakukan di Aceh Utara dan Sumatera Utara sebagai bagian dari strategi pemulihan cepat lingkungan dan penyediaan hunian bagi warga. Kemenhut terus optimalkan kayu banjir bangun huntara di Aceh Utara 271,2,positif,2,positif,2,positif,2,positif
"PBNU Kerahkan Elemen NU Bantu Penyintas Banjir Sumatra, Dari Sembako Hingga Trauma Healing. Pengurus Besar Nahdlatul Ulama (PBNU) mengerahkan seluruh elemen lembaga dan badan otonom (banom) untuk terlibat aktif dalam penanggulangan dampak bencana alam yang wilayah Aceh, Sumatra 483",2,positif,2,positif,2,positif,0,negatif
Kunjungan Direktur OPP bersama Pemimpin Wilayah ke Gudang Rawang Timur dilakukan dalam rangka Monitoring dan Evaluasi untuk memastikan ketersediaan stok pangan pascabencana alam di Sumatera Barat. Melalui pemantauan langsung ini. 35,1,netral,1,netral,1,netral,1,netral
Ngeri banjir doang gw mah klo hujan nonstop gini 1 22,0,negatif,0,negatif,0,negatif,0,negatif
Tsunami aceh 2004 terjadi sekali. Banjir sumatra bisa jadi terus terusan sepanjang musim penghujan tahun ini dan tahun2 kemudian. 44,0,negatif,1,netral,0,negatif,0,negatif
"Pasca Banjir Aceh Singkil, Prajurit TNI Mulai Rakit Jembatan Bailey di Gosong Telaga Barat kodim0109.my. Pasca Banjir Aceh Singkil, Prajurit TNI Mulai Rakit Jembatan Bailey di Gosong Telaga Barat proses perakitan Jembatan Bailey di Desa Gosong Telaga Barat 1 46",2,positif,1,netral,2,positif,1,netral
Dunia kegelisahan Banjir susulan terus terjadi,0,negatif,1,netral,0,negatif,0,negatif
"TemanPemilih, Keluarga Besar Komisi Pemilihan Umum Kabupaten Halmahera Selatan Turut Berduka atas musibah banjir dan longsor yang menimpa Halmahera Barat, Desa Gamlamo, Desa Tongute Ternate Asal, Desa Gam Ici, dan Desa Tongute Ternate . KPUMelayani KPUHALSEL KPURI 58",1,netral,0,negatif,0,negatif,0,negatif
"mantap nih pak Zulkifli Hasan langsung terjun ke daerah dampak bencana di Sumatera. Memasok 2 kali lipat bantuan dari sebelumnya bahkan Janji Rumah Zulhas membantu para korban bencana memiliki hunian lagi Kunjungi Padang, Zulhas Janji Pasokan Pangan 2 Kali Lipat untuk Korban Banjir 33",2,positif,2,positif,0,negatif,0,negatif
"Coba pindahkan posisi. Yg buat aturan itu jadi korban banjir terus disuruh bawa berkasnya, gimana responnya? Minimal mikir dulu kalau buat syarat 4",0,negatif,0,negatif,0,negatif,0,negatif
Akun parodi Membangkitkan semangat gotong royong nasional Budi Arie Setiadi jadikan Projo Peduli Bencana garda terdepan penanganan darurat di Sumatera mengukuhkan posisi kami sebagai organisasi yang Setia Digaris Rakyat Projo Ajak Publik Bersatu Hadapi Banjir Besar di Sumatera 6,2,positif,2,positif,2,positif,2,positif
Sinergi Polri dan BKSDA Gajah Dikerahkan Bersihkan Material Banjir di Pidie Jaya Meureudu – Empat ekor gajah milik Balai Konservasi Sumber Daya Alam (BKSDA) Aceh telah tiba lengkap di Kabupaten Pidie Jaya untuk membantu proses pembersihan material pascabencana banjir. 40,2,positif,2,positif,2,positif,2,positif
Menteri Sosial memastikan percepatan penyaluran bantuan sosial pascabencana di Sumatra dengan memanfaatkan sistem satu data guna pemulihan yang tepat sasaran. sufmidascoahmad 9,2,positif,2,positif,2,positif,2,positif
"Akun komentar Banjir lagi malam ini Ya Allah Desa Kuning I, Aceh Selatan Dari Volcaholic 36",0,negatif,1,netral,0,negatif,0,negatif
"Prabowo Diminta Tetapkan Banjir Bandang di Padang hingga Tapanuli Jadi Bencana Nasional PrayForSumatera Presiden RI, Prabowo Subianto, diminta segera menetapkan banjir besar yang melanda berbagai provinsi sebagai bencana nasional. Sebab, kondisi di lapangan sudah sangat 210",0,negatif,1,netral,1,netral,0,negatif
"Ya, benar. Elon Musk mengumumkan di X bahwa Starlink memberikan layanan internet gratis untuk korban banjir parah di Indonesia, termasuk Sumatra, hingga akhir Desember 2025. Ini kebijakan standar SpaceX untuk tidak mengambil untung dari bencana.",2,positif,2,positif,0,negatif,0,negatif
"Peduli Korban Banjir, DPP FPI Serta DPD HILMI FPI Sulteng Dan Komunitas Pemulung Amal Terus Bantu Warga Aceh Tamiang hilmi hilalmerahindonesia AcehTamiang PeduliBanjir kemanusiaan banjirsulteng BanjirBandang HILMI FPI Dan Komunitas Pemulung Amal Terus Bantu Warga Aceh Tamiang Dari hilmi.news 14",2,positif,2,positif,0,negatif,0,negatif
Apa susahnya bikin kupon sederhana terus minta semua orang antri terima bantuan sih? Birokrasi ribet itu jangan sampai santunan Rp15 juta/1 orang korban tewas Banjir Bandang dan Longsor Sumatera pun minta para korban langsung hadir macam meme pocong datang ke kantor BPJS ini ajg 9 125,0,negatif,0,negatif,0,negatif,0,negatif
Penyerahan Bantuan Kemanusiaan Polda Sumsel dan Bhayangkari Tiba di Polres Tapanuli Selatan Bantuan kemanusiaan dari Polda Sumatera Selatan bersama Bhayangkari Daerah Sumsel untuk korban bencana alam di Polsek Ilir Timur I Palembang () • Instagram photo 34,0,negatif,2,positif,0,negatif,0,negatif
Jangan kritik pemerintah lagi.. Karsian mereka Mereka sudah nyaman dengan ketololan nya. GIF 20,0,negatif,0,negatif,0,negatif,0,negatif
Pemerintah keknya emang gapeduli sama sumatera. Jambi langganan banjir dan pernah surutnya nyampe berminggu2 gapernah tuh diperhatiin,0,negatif,0,negatif,0,negatif,0,negatif
"Warga wargi sumut emg darderdor yah belakangan byk org live banjir daritadi subuh di medan dan literally tinggi poll, temen ku yg di Aceh ada sampe ngungsi & mati lampu seharian, mana td sempet gempa jg )) 1 560",0,negatif,0,negatif,0,negatif,0,negatif
"Badan Nasional Penanggulangan Bencana (BNPB) mencatat, di Aceh ada 232 gampong di Bener Meriah, 295 gampong Aceh Tengah, dan 216 gampong di Tamiang, masih terisolasi. Sebagian gampong bahkan tertimbun sepenuhnya oleh material yang tersapu banjir. 1 1 38",0,negatif,1,netral,1,netral,0,negatif
Mari kita bantu saudara-saudari kita di Sumatra untuk pulih dan bangkit kembali. PrayForSumatera 49,2,positif,2,positif,2,positif,2,positif
"Pemerintah Hadir, membantu pembangunan infrastruktur pasca bencana Aceh Sumatera 13",2,positif,2,positif,2,positif,2,positif
Jaksa Agung Ungkap Temuan 27 Entitas Diduga Penyebab Banjir Sumatra,0,negatif,1,netral,0,negatif,0,negatif
"dikomando Prabowo, penanganan banjir Sumatera lebih sigap. Sukses berat 22",2,positif,2,positif,2,positif,2,positif
"rumahku tinggi bahkan ga pernah banjir tapi sekarang kebanjiran sampe masuk ke rumah, huhu prayforsumatera staysafe semua yg kebanjiran 69",0,negatif,2,positif,0,negatif,0,negatif
"Donasi untuk korban banjir terus mengalir, penyaluran bantuan tepat sasaran. Aceh Sumatera Update 20",2,positif,2,positif,0,negatif,0,negatif
"Rohta Anjulian · 11j Akun komentar PrayForSumatra AllEyesOnSumatra SUMATRA BUTUH BANTUAN Sibolga | Padang | Aceh | Medan Ribuan warga terdampak Rumah hancur, keluarga terpencar Ayo jadi bagian dari penyelamat mereka! Aksi Peduli Kemanusiaan Donasi via QRIS sekarang. Mohon bantu RT 1 269",2,positif,2,positif,2,positif,0,negatif
"Di balik duka ada harapan melalui Janji Rumah Zulhas yang disampaikan Zulkifli Hasan kepada warga terdampak banjir Sumatera Kunjungi Padang, Zulhas Janji Pasokan Pangan 2 Kali Lipat untuk Korban Banjir 55",0,negatif,2,positif,0,negatif,0,negatif
Tindakan nyata di lapangan ini mencerminkan komitmen bahwa Pemerintah Sigap untuk Aceh Sumatra dalam menghadapi kondisi darurat. 8,2,positif,2,positif,2,positif,2,positif
"Alhamdulillah rumah aku banjir nya ga sampai masuk ke dalam, hanya dihalaman depan aja 23",0,negatif,1,netral,0,negatif,0,negatif
"Iya Bg harus ke yg betul2 amanah karena sy korban banjir Aceh Tamiang, selama seminggu sy dan anak bungsu sy di pengungsian kelaparan gak pernah dapat bantuan apapun dan dari pihak manapun, sampai akhirnya saya di evakuasi/di jemput sama anak2 sy dan dibawa plg ke jakarta 44",0,negatif,0,negatif,0,negatif,0,negatif
Distribusi Bantuan dari Slog Polri untuk masyarakat korban banjir dan longsor di Aceh bidhumaspoldaaceh poldaaceh polripresisi poldaacehmeutuah kapoldaaceh PoldaAcehSiagaBencana 1 12,0,negatif,2,positif,0,negatif,0,negatif
"dan Masalah perambahan hutan bukan hanya terjadi di Aceh, seluruh RI terjadi. Penguasa dan DPR nya dari berbagai partai. Banjir kemarin saja, menghantam Sumut dan Sumbar. Kepala daerah di sana kan bukan GAM, hehe Nah, harus diselesaikan dari hulu, jangan di hilir saja.. 1 1 79",0,negatif,0,negatif,0,negatif,0,negatif
Sekretaris Kabinet (Seskab) Teddy Indra Wijaya menjawab protes dan kritikan sejumlah pihak yang meminta agar bencana banjir bandang dan longsor di Sumatera dinaikan statusnya menjadi Bencana Nasional. Hal itu dikatakan Teddy dalam konferensi pers Penanganan Bencana Sumatra di,0,negatif,1,netral,1,netral,1,netral
"Pemerintah Siapkan Diskon Tarif Listrik bagi Warga Terdampak Banjir di Sumatra Pemerintah berencana memberikan diskon tarif listrik kepada pelanggan PT PLN (Persero) yang terdampak bencana banjir bandang di Aceh, Sumatra Utara, dan Sumatra Barat. Ini disampaikan Menteri Energi 1 39 675",2,positif,2,positif,2,positif,2,positif
"Perjalanan BKO Brimob Polda Sumsel menuju Polda Aceh untuk penanganan pasca bencana banjir Bila ada permasalahan dan butuh bantuan Polisi silahkan hubungi Call Center 110 (Bebas Pulsa) ""KAMI SIAP MELAYANI 24 JAM"" musisatu kapoldasumsel humaspoldasumsel poldasumsel",0,negatif,2,positif,2,positif,2,positif
Brimob Polda Sumatera Utara Salurkan Bantuan Kemanusiaan untuk Warga Terdampak Bencana di Sibolga dan Tapanuli Tengah Tim Produksi Humas Korps Brimob Polri PrayForSumatra Polriuntukmasyarakat BrimobUntukNusadanBangsa Jiwaragakudemikemanusiaan humaskorbrimobpolri 62,2,positif,2,positif,2,positif,2,positif
Bantuan pangan dan sandang dari Projo Peduli Bencana atas instruksi Budi Arie Setiadi telah disalurkan secara merata ke titik pengungsian di Sumatra sebagai bukti cinta kami yang Setia Digaris Rakyat DPD Projo Aceh Terjunkan Mobil Tangki Air Bersih 74,2,positif,2,positif,2,positif,2,positif
"Otomatis oleh Any interactions will be appreciated. Halo, semuanya. Saya membuka jasa joki game Genshin Impact & Honkai Star Rail yang 50% penghasilannya akan didonasikan untuk korban banjir dan longsor di Sumatera. Check ALT & scroll down for more information. PrayForSumatera zonauang 1 110 53",0,negatif,2,positif,0,negatif,0,negatif
"Baru-baru ini ramai soal Anggota Komisi I DPR Endipat Wijaya, yang diduga menyindir sejumlah relawan saat membantu korban bencana di Aceh, Sumatera Utara, dan Sumatera Barat. Endipat Wijaya meminta pemerintah lebih sigap menyebarkan informasi penanganan bencana Sumatra. Sebab, 1 2 3",0,negatif,0,negatif,0,negatif,0,negatif
"FLOOD WATCH Flash Flood - E of Tanjungpandan, Bangka Belitung, Indonesia HAZARD DETAILS Southeastern Asia - Oceania Flash Flood Guidance (SAOFFG) has issued a flood Watch for December 19, 2025, UTC through December 19, 2025, UTC for E of 155 223",0,negatif,1,netral,1,netral,1,netral
"“Saya sangat prihatin dengan kondisi masyarakat, termasuk keluarga saya yang masih berada di Aceh. Meski sedang berada di luar negeri, saya ingin memastikan bantuan ini segera sampai kepada warga terdampak,” ujar Ismail. IsmailRasyid aceh.tribunnews. PT Trans Continent Salurkan Rp 100 Juta untuk Korban Banjir di Aceh - Serambinews. Bantuan dari perusahaan milik putra Aceh Ismail Rasyid ini, disalurkan dan akan didistribusikan melalui Yayasan Al-Sumatrani 48",0,negatif,2,positif,0,negatif,0,negatif
"Banjir melanda Utara Sumatera, termasuk rumah dinas Gubernur Bobby Nasution di Medan. Ketinggian air mencapai selutut orang dewasa di gerbang rumah. via Penampakan Rumah Dinas Gubsu Bobby yang Terendam Banjir 1 1 2",1,netral,1,netral,0,negatif,0,negatif
Presiden Prabowo apresiasi capaian luar biasa dari Program MBG yang telah menjangkau 58 juta penerima manfaat serta penanganan bencana di Sumatra. Kerja Nyata untuk rakyat Indonesia. LanjutkanMBG Selasa Aurelie Warga Aceh Tamiang TGAT69 シャーレのお手紙大作戦 Survivor2026 252,2,positif,2,positif,2,positif,2,positif
"Banjir Bandang Sumatera, Walhi Riau Bukan Bencana Biasa, Ini akibat Deforestasi Masif Klik untuk baca",0,negatif,1,netral,0,negatif,0,negatif
Satgas PKH 12 Perusahaan Diduga Jadi Penyebab Banjir Sumatra Satgas PKH 12 Perusahaan Diduga Jadi Penyebab Banjir Sumatra 11,0,negatif,1,netral,0,negatif,0,negatif
"Sebelumnya, Kementerian Kehutanan bilang kayu yang berserakan itu cuma kayu lapuk yang kebetulan ikut hanyut. Dan kita diminta percaya begitu saja.Mereka bicara dengan tenang karena mereka tahu kita tidak punya ruang untuk melawan. PrayForSumatera 16",0,negatif,0,negatif,0,negatif,0,negatif
"Aksi tanggap bencana BRI terus jalan berkat sinergi luas, bantuan disalurkan merata biar warga terdampak banjir bisa bertahan dan mulai bangkit perlahan CSRBRI BRIPeduli qrisbri",2,positif,2,positif,2,positif,2,positif
"BNPB melaporkan jumlah korban meninggal dunia akibat banjir dan longsor di Aceh, Sumatra Utara, serta Sumatra Barat bertambah menjadi 1.053 jiwa berdasarkan data yang diakses pada Rabu (17/12/2025) pukul 08.00 WIB. “Data per tanggal 16 Desember 2025, total korban meninggal dunia 17 506 580",0,negatif,0,negatif,0,negatif,0,negatif
"Akun komentar Banjir bandang yang membawa tumpukan kayu gelondongan besar menerjang Damaran Baru, Kabupaten Bener Meriah, Provinsi Aceh Dari Weather Monitor 1 4 197",1,netral,1,netral,0,negatif,0,negatif
"Seorang Ibu harus memanjat tebing demi membawa bayinya ke Puskesmas. Gampong (Desa) Sikundo,Aceh Barat,masih terisolasi. Jalan dan jembatan terputus.Warga terpaksa berpegangan tali di tepi sungai dan tebing untuk melintas. Banjir dan longsor AcehBangkit akibat Siklon badai lokasi bayi ibu bayi",0,negatif,0,negatif,0,negatif,0,negatif
"Banjir rob yang melanda pesisir Jakarta Utara pada Kamis (4/12/2025) menyebabkan banyak sepeda motor tidak mampu melintasi genangan yang mencapai 40–50 sentimeter. Sejumlah pengendara tampak nekat menerobos banjir, namun sebagian besar akhirnya berhenti karena mesin motor mogok 1 3 8 987",0,negatif,1,netral,0,negatif,0,negatif
"Sejak awal banjir menerjang, Polri dan TNI langsung dikerahkan untuk evakuasi, membuka akses jalan, hingga membantu dapur umum. Semua bergerak serentak sebagai bentuk Respons Cepat Negara yang dipimpin langsung Presiden. PrabowoPeduliSumatera 1 4",2,positif,2,positif,2,positif,2,positif
Budi Arie Setiadi memfasilitasi gerakan Projo Peduli Bencana untuk berkolaborasi dengan pemerintah dalam memperbaiki infrastruktur rusak di Sumatra demi kenyamanan mobilitas warga yang Setia Digaris Rakyat PROJO Serukan Persatuan Nasional untuk Ringankan Derita Korban Banjir Sumatera 84,0,negatif,2,positif,0,negatif,0,negatif
Banjir JIS,1,netral,1,netral,0,negatif,0,negatif
"Ada yang ditebang ada yang karena banjir juga. Karena penggundulan hutan, tanahnya menjadi labil. Ibaratnya longsor yg menumbangkan pohon2. Bisa dilihat dr banjirnya yg keruh Krn bercanpur tanah. Yang jelas semuanya Krn penggundulan hutan.",0,negatif,0,negatif,0,negatif,0,negatif
Alhamdulillah. Iyaa. Ini mertuaku lagi berkunjung ke aceh juga alhamdulillah ga banjir tp ya ngrasain mati listrik. Mogaa temen2 kak Sirin aman semua segera surut banjirnya. 1 117,1,netral,2,positif,2,positif,2,positif
"dan Makaasi banyak ya bang, infonya bisa buat sedikit lega temanku. Kalau ada info terbaru terkait banjir dan listriknya boleh banget kasi tau bang (kalo gak keberatan). Ibu temanku namanya yenny, pakleknya namanya haris. Sekali lagi terimakasih banyak 1 56",0,negatif,1,netral,2,positif,0,negatif
"Video tersebut tampak asli, menunjukkan banjir dan longsor di Aceh Tamiang, Sibolga, dan wilayah Sumatera lainnya pada Desember 2025. Dikonfirmasi oleh laporan berita dari Kompas, MetroTV, dan BNPB. Semoga bantuan segera tiba. doa",1,netral,2,positif,2,positif,1,netral
"Akun parodi Banjir besar, rakyat ngungsi, Presiden Prabowo langsung turun tangan dan sikat yang gak hadir. Hampir 1 Juta Orang Mengungsi Akibat Banjir Sumatera, Terbanyak di Aceh 22",0,negatif,0,negatif,0,negatif,0,negatif
"Anggota GAM memaksa meminta Jatah Bantuan Kemanusiaan korban bencana Banjir Aceh, dengan dalih perintah Staf Khusus Gubernur Aceh, namu anggota TNI menghalangi langkah anggota GAM tersebut. Apakah dibenarkan, ormas memalak Anggota TNI? 56",0,negatif,0,negatif,0,negatif,0,negatif
"dan Tidak punya kemauan untuk membuat kebijakan yang benar-benar untuk rakyat, korban bencana di Aceh dan Sumatera Utara contohnya. Money follow Program bagi-bagi Proyek Suplayer makanan sangat berguna untuk patronisasi APBN membesarkan tabungan sirkel Penguasa yang kebagian proyek. 1 9 740",0,negatif,0,negatif,0,negatif,0,negatif
Presiden Prabowo Tinjau Jalan Lembah Anai Sumbar yang Rusak Parah Akibat Banjir Sumatra merdeka. Presiden Prabowo Tinjau Jalan Lembah Anai Sumbar yang Rusak Parah Akibat Banjir Sumatra Prabowo juga meninjau pembangunan Jembatan Bailey Padang Mantuang di Padang Pariaman. 260,0,negatif,1,netral,0,negatif,0,negatif
"Kerusakan alam hari ini seharusnya sudah lebih dari cukup untuk membuka mata kita. Banjir besar yg kini melanda Sumatra bukan sekadar bencana alam, ini adalah cermin dari keserakahan yg dibiarkan tumbuh tanpa kendali. Lagi² rakyat kecil yg harus menanggung luka. PrayForSumatera 62",0,negatif,0,negatif,0,negatif,0,negatif
"masih banjir? partnerku ngeluh kmaren naek gojek doang, slain bbrp kali kena cancel sampe telat krja... HARGANYA.G NGOTAK 70",0,negatif,0,negatif,0,negatif,0,negatif
"Alhamdulillah nyampe rumah setelah menerjang banjir. Baru kali ini ujan deres ga kelar2 sampe banjir Tapi gapapa, mending di sini aja banjirnya ga lama langsung surut. Daripada Aceh dan Sumatera yg kebanjiran lagi~ 30",1,netral,1,netral,0,negatif,0,negatif
Pemilu itu ibarat.membantu dorong mobil mogok. Setelah mobil berjalan yg bantu dorong di tinggalkan..sama persis spt yg dialami oleh kakek ini yg kehilangan segalanya akibat banjir..pemimpin yg dia pilih ketika pemilu 2024 diharapkan akan membantunya tp malah menibggalkannya. 1 31,0,negatif,0,negatif,0,negatif,0,negatif
"dan Bayangkan kalau salah satu Dirjen terbentuk, misal Dirjen Angin Topan, terus calon Mertua tanya; Kamu kerja di mana? ASN di Dirjen Angin Topan, Om !! Hah, bagian apa itu? Bagian halau Badai Siklon, Om PrayForSumatera 1 1 4 249",1,netral,1,netral,0,negatif,0,negatif
"Adaikan semua orang seperti group band Slank.pastikan warga Aceh,Sumut,Dan Sumbar mencari para relawan yang bekerja di lapangan,Dan donatur yang memberikan sumbangan bagi keluarga kita yang terkena bencana banjir bandang bisa segera membaik pasca bencana korban bencana saat ini. 74",0,negatif,2,positif,2,positif,0,negatif
"Pemerintah wajib buka data koorporasi, pemilik serta luas lahan & jenis aktifitas pemanfaatan hutan yang dilakukan koorporasi di wilayah hulu sungai daerah Aceh, Sumut dan Sumbar yg mengalami banjir bandang 2 87",1,netral,1,netral,1,netral,1,netral
"Pjbt Negara,para Donator jgn fokus banjir Aceh Sumut Sumbar aja bencana Semeru,banjir Jabar tempatnya KDM,Jateng&tempat lain ATENSI JUGA DONG masih Indonesia loh,Rakyat mah hanya mengingatkan saja 9Naga 9Haji dkk kok blm monitor cawe2nya kalian andil juga kan perusak Hutan&SDA 309",0,negatif,0,negatif,0,negatif,0,negatif
"Bantuan kemanusiaan Polda Riau untuk korban bencana alam Prov Aceh, Sumut dan Sumbar Kapoldariaubantusumbar Kapoldariiaubantuaceh Kapoldariaubantumedan Poldariaubantubencana Herimenbantuaceh Herimenbantusumbar Herimenbantumedan PrayForSumatera LekasPulihSumatera 7 16 67",0,negatif,2,positif,0,negatif,0,negatif
"dan Selama hutan yg digundul oleh korporasi tidak ditanami kembali, selama itu pula setiap musim penghujan, Aceh, Sumut dan Sumbar akan terus banjir. Tapi hutan gundul itu harus ditanami pohon kayu ya, bukan pohon sawit, meskipun sama-sama pohon dan sama-sama ada daunnya, 1 5 311",0,negatif,1,netral,0,negatif,0,negatif
"Aceh, Sumut, dan Sumbar nggak sendirian, ada 33 ribu TNI siap bantu pulihkan infrastruktur dengan penuh semangat FokusPenanganan 8",2,positif,2,positif,2,positif,2,positif
"Akun komentar Korban bencana butuh tenda, makanan, dan obat. Pemerintah butuh waktu, rapat, dan dokumentasi, plus pasukan pendengung. fakta PrayForSumatera 45",0,negatif,0,negatif,0,negatif,0,negatif
"Jasa Raharja Serahkan Bantuan di Lubuk Minturun, Sumatra Barat,Pascabencana Banjir Bandang dan Tanah Longsor 1 34",2,positif,2,positif,2,positif,2,positif
"Satu bulan paska bencana banjir di Aceh, kita bisa belajar bahwa lambannya penanganan oleh pemerintah adalah tsunami kedua bagi Aceh. Aceh tsunami banjir Sumatera hydrometereologi peradaban bangsa negara akhirtahun status 66",0,negatif,0,negatif,0,negatif,0,negatif
"Di saat banyak pihak sibuk berdebat, MBG bekerja tanpa banyak bicara. Kerja Nyata inilah yang layak mendapat apresiasi setinggi-tingginya. LanjutkanMBG Dari Timur Maju Berdaya PrayForSumatera 90",2,positif,2,positif,2,positif,2,positif
"Gubernur Aceh, Mualem, menangis melihat dampak banjir bandang yang ia sebut sebagai “tsunami kedua.” Beberapa desa hilang seketika. Di tengah krisis, Malaysia mengirim obat-obatan senilai 1 juta ringgit, logistik darurat, dan tim medis di aceh 1 83",0,negatif,0,negatif,0,negatif,0,negatif
"jalanan di rumahku udah banjir, ci kepikiran takut masuk rumah itu air 317",0,negatif,0,negatif,0,negatif,0,negatif
"Warga Aceh Tengah, Salihin, membuat perahu dari kayu gelondongan yang terbawa banjir. Dia berujar perahu adalah solusi mencari nafkah, karena sawahnya tertimbun material longsor. Inisiatif Salihin ini muncul di tengah polemik pemanfaatan kayu gelondongan. Banjir Sumatra Penyintas banjir di Aceh Tengah manfaatkan kayu gelondongan jadi perahu - BBC News... 1 19 27",2,positif,1,netral,0,negatif,0,negatif
"Pemerintah hadir dalam penanganan bencana banjir bandang di Aceh, sungai Krueng Meudeuru kembali pulih. 2 40",2,positif,2,positif,2,positif,2,positif
"Aceh dan Sumatera makin ceria! Penanganan bencana udah nunjukin kemajuan signifikan. Yuk, terus dukung upaya ini biar makin maju! 12",2,positif,2,positif,2,positif,2,positif
PKS Jambi Turunkan Relawan ke Lokasi Longsor dan Banjir Sumatra PKS Jambi Turunkan Relawan ke Lokasi Longsor dan Banjir Sumatra 1 48,2,positif,2,positif,2,positif,2,positif
"Ketua Komisi I DPR RI, Utut Adianto, mengungkapkan rasa duka yang mendalam terkait bencana banjir yang melanda Aceh, Sumatera Utara, dan Sumatera Barat. Ia menyarankan agar ke depan dibentuk kementerian khusus yang akan fokus menangani masalah bencana nawabineka. DPR Usul Kementerian Khusus Bencana, Ada Dirjen Longsor, Dirjen Banjir, dan Dirjen Angin Topan Ketua Komisi I DPR RI, Utut Adianto, mengungkapkan rasa duka yang mendalam terkait bencana banjir ya... 65",0,negatif,0,negatif,0,negatif,0,negatif
"Sempat lewat video, para korban bencana di Aceh Tamiang yg rumahnya terendam TANAH itu gimana ya nasibnya, mereka gabisa kembali ke rumah apalagi dengan pergerakan pemerintah yg seperti ini, butuh alat berat dll bukan hanya sekadar dikasih makan dan baju 1 96",0,negatif,0,negatif,0,negatif,0,negatif
"dan Nyatanya program MBG tidak memakai dana penanggulangan bencana, dan justru lebih dulu hadir menghantar makanan kepada korban banjir di Aceh sebagai kerja nyata yang dirasakan langsung masyarakat LanjutkanMBG 1 46",0,negatif,2,positif,0,negatif,0,negatif
"dan 3 lainnya Terus kenapa? Rakyat Sumatera dijanjiin dibangun rumah untuk korban banjir, rakyatnya sendiri korban jadi korban banjir janji belum dipenuhi 1 1 54",0,negatif,0,negatif,0,negatif,0,negatif
"Kementerian ESDM dan PLN menyalurkan 1.000 genset untuk wilayah Aceh yang masih terisolasi akibat banjir, membantu warga tetap mendapatkan penerangan sementara.",0,negatif,2,positif,2,positif,2,positif
"smg hasil LID yg dilakukan Satgas PKH , tersangkanya bukan ""pengawas dan Operator Alat Berat"", tp yg HARUS BERTANGGUNG JAWAB adanya bencana di Aceh, Sumut, Sumbar Direktur Perusahaan dan ""Pemberi ijin"" 1 4 751",0,negatif,1,netral,0,negatif,0,negatif
"Akun komentar Potret banjir ini perlu terus diangkat, agar tak ada lagi yang mengiranya cukup dihadapi dgn cara biasa Jangan sampai masalah seserius ini pun tenggelam oleh berita gosip artis dan tumbler PrayForSumatera PrayForSumatra PrayForIndonesia PrayForAceh 10 7 352",0,negatif,1,netral,0,negatif,0,negatif
"dan Ya, begitulah ketololan mereka Relawan dan buzer mulyono Begitu banjir bandang , bencana yg makan korban banyak Mereka jd,diam , bisu, lumpuh tidak berbuat apa -apa Giliran JIS banjir sedengkol bebek, seolah-olah bencana nasional Jd kegoblokan mn lagi yg kau dustakan. 35",0,negatif,0,negatif,0,negatif,0,negatif
"Banjir di Cupak Tengah,Pauh,Kota Padang, Minggu 14/12/2025. 3 4 278",1,netral,1,netral,1,netral,1,netral
"Temen-temen di Medan dan wilayah Sumatera yang lagi kena banjir, jaga diri baik-baik ya. Stay safe semuanya. 177",1,netral,1,netral,2,positif,2,positif
"cek sumsel, kiri kanan sepanjang sungai musi kebun sawit kabehh. bisa dibayangin kalo banjir, mana rumah rumah berada di pinggir musi, dem lah 1 6 111",0,negatif,0,negatif,0,negatif,0,negatif
"Pemulihan pascabencana di Aceh, Sumatera Barat, dan Sumatera Utara terus berlanjut. Berikut update proses pemulihan yang sedang berlangsung di lapangan. PemulihanPascabencana Kemendagri BersamaPulih Aceh Sumbar Sumut NegaraHadir pulih",2,positif,2,positif,2,positif,2,positif
Akibat Menebang Pohon Peradaban prayforsumatera bencanasumatera banjirsumatera deforestasi 5 172 286,0,negatif,1,netral,0,negatif,0,negatif
"Bantuan dari Laut Mulai Berlabuh Ke Lhokseumawe dan Langsa ""Kita bergerak cepat agar masyarakat yang masih terjebak banjir tidak kekurangan logistik. Semua ini akan segera kita salurkan ke titik-titik terdampak,"" Muzakir Manaf, Gubernur Aceh aceh.tribunnews. Bantuan dari Laut Mulai Berlabuh Ke Lhokseumawe dan Langsa - Serambinews. Bantuan logistik untuk korban bencana banjir yang dikirim melalui laut, mulai berlabuh di Lhokseumawe dan Langsa. 1 208",2,positif,2,positif,0,negatif,0,negatif
"Pemerintah menyatakan jaringan listrik di sebagian besar kabupaten dan kota terdampak bencana banjir di Provinsi Aceh, Sumatera Utara, dan Sumatera Barat berangsur pulih. Meski demikian, di sejumlah wilayah terpencil masih terjadi gangguan sehingga pelayanan listrik dan 2 898",2,positif,1,netral,2,positif,2,positif
Memang Bangsat Pemilik Kayu Gelondongan disaat Banjir Bandang melanda Aceh Sumut Sumbar Truk2 pembawa Kayu tsb seakan meledek Negara sungguh menyakitkan yg mendiamkan bisa diduga dpt setoran dr Bajingan2 itu,0,negatif,0,negatif,0,negatif,0,negatif
"“Pause dulu foto makan cantik—banyak saudara kita sedang berjuang menghadapi banjir. Empati dulu, gaya belakangan.” “Doa & solidaritas untuk semua yang terdampak bencana. Stay safe.” Sumatra PrayForSumatera PrayForTapanuli PrayForAceh PrayForSibolga PrayForIndonesia 74",2,positif,2,positif,2,positif,0,negatif
"kita tahu akhir-akhir ini, Provinsi NAD dan Provinsi lainnya di Sumatera tengah berduka atas tragedi Banjir yang telah merenggut banyak korban jiwa. namun, jika kita bandingkan 2 hal ini, jumlah ini sangatlah kecil dibanding jumlah korban Tsunami 26 Desember 2004. 1 44",0,negatif,0,negatif,0,negatif,0,negatif
Dewan (DPRK) Temui Tumpukan Bantuan Korban Banjir Di Gudang BPBD Bireuen 4 267,0,negatif,0,negatif,0,negatif,0,negatif
Akun parodi Projo Peduli Bencana bersama Budi Arie Setiadi Setia Digaris Rakyat hadir di Sumatera mengalirkan bantuan untuk warga terdampak banjir dan mendukung langkah pemerintah Presiden Prabowo membangun kembali rumah dan masa depan rakyat Projo Ajak Publik Bersatu Hadapi Banjir Besar di Sumatera 1 13,2,positif,2,positif,2,positif,2,positif
