text,label_aktual,label_prediksi,prob_negatif,prob_netral,prob_positif
kondisi pasca bencana banjir bandang di serba jadi aceh timur prayforsumatera,1,1,0.13236406,0.8349886,0.032647334
bnpb mengatakan sejumlah jembatan darurat atau bailey mulai dipasang pada beberapa titik di wilayah sumatra barat sebagai penghubung akses antar wilayah antaranews com bnpb jembatan bailey dipasang hubungkan akses terputus di sumbar badan nasional penanggulangan bencana bnpb mengatakan sejumlah jembatan darurat atau bailey mulai dipasang pada beberapa titik di wilayah sumatra barat,1,2,0.2876883,0.2536114,0.45870033
kms aceh menyerahkan donasi kepada delapan pegawai mahkamah syar iyah aceh yang terdampak bencana banjir dan tanah longsor,1,2,0.036630057,0.010147811,0.9532222
menko pangan zulhas minta bulog gandakan distribusi bantuan pangan ke sumatera guna bantu korban banjir ribuan ton beras dan jutaan liter minyak goreng sudah disalurkan dengan lancar,0,2,0.05805315,0.015838504,0.92610836
ada trauma tersendiri sebagai rakyat tapanuli tengah tapanuli tengah hancur seketika pray for tapanuli tengah,2,1,0.12768942,0.8543601,0.01795051
lucu banget di sumatra sawit dituduh biang banjir ribuan pekerja terancam kehilangan kerja sampai phk massal sementara papua diajak tanam sawit besar besaran demi energi prioritas mana yang bener lindungi hutan papua sambil bunuh ekonomi rakyat sumatra banjirsumatra rb,0,0,0.94609785,0.024980089,0.028922059
setelah gudang timbunan bantuan banjir digerebek anggota dewan puluhan petugas bpbd demo dprk bireun setelah gudang timbunan bantuan banjir digerebek anggota dewan puluhan petugas bpbd demo dprk dari beritamerdeka net,0,2,0.28886726,0.0626785,0.6484542
polda sumbar hadir melalui bakti kesehatan bagi warga terdampak bencana sebagai melakukan upaya perbaikan kondisi kesehatan pascabencana demi masyarakat yang kembali sehat dan beraktivitas dengan aman wujudkansumaterapulih,2,2,0.027575037,0.007212989,0.965212
tim siaga sar satbrimob polda kalsel sejak siang hingga malam hari terus sigap dalam membantu evakuasi warga terdampak banjir yang melanda di sungai rangas dan dalam pagar kabupaten banjar prayforsumatra polriuntukmasyarakat brimobuntuknusadanbangsa jiwaragakudemikemanusiaan,2,2,0.06172795,0.018077977,0.9201941
presiden prabowo subianto memberikan alokasi rp miliar kepada kabupaten kota di wilayah terdampak bencana di aceh sumatera utara dan sumatera barat dan dan rp milyar untuk provinsi dengan menghitung dampak bencana thd ekonomi namun sayangnya tidak dijelaskan apakah tampilkan lebih banyak,1,2,0.1546217,0.076959774,0.76841855
pemerintah sigap untuk aceh sumatra kemenhut bersihkan meter gelondongan kayu negarahadirpulihkansumatra,2,2,0.05834547,0.020182634,0.92147195
respons cepat bencana raffi ahmad langsung sebar tim untuk salurkan bantuan ke korban banjir longsor di bandung aceh sumbar hingga sumut,0,0,0.652459,0.11152399,0.23601693
aku salah satu warga aceh yang rumahnya kebanjiran waktu air naik situasi lagi hujan deras angin kencang petir listrik mati jaringan gak ada dan sekarang kalau hujan pasti takut,0,0,0.94662774,0.033362053,0.020010242
aceh tamiang menjadi wilayah paling parah terdampak banjir bandang rumah warga porak poranda dan di sejumlah titik seluruh desa rata dengan tanah ternak seperti sapi dan kambing mati terkapar di jalan sementara mayat korban masih tertimbun di bawah lumpur,0,0,0.9435787,0.025241816,0.03117946
empat gajah tersebut bernama abu mido ajis dan noni banjirsumatra banjiraceh prayforsumatera aceh antaranews com update bencana aceh empat gajah jinak bantu bersihkan puing sisa banjir di pidie jaya antara balai konservasi dan sumber daya alam bksda aceh mengerahkan empat ekor gajah jinak untuk membantu pembersihan kayu kayu hutan sisa bencana banjir di,2,2,0.096782625,0.047561325,0.855656
upaya pemulihan listrik pascabanjir di sejumlah wilayah sumatera barat terus dilakukan secara maksimal oleh berbagai pihak kapolda sumbar irjen pol gatot menegaskan bahwa polri memberikan dukungan penuh termasuk penambahan personel dalam membantu proses penanganan bencana,2,2,0.05918761,0.01889725,0.9219151
banjir besar dan akses putus tapi polisi tanggap bencana tetap maju demi evakuasi warga di titik paling sulit terimakasih polri,2,2,0.03089886,0.008034435,0.96106666
mohon izin disuarakan pak bg bu dan seluruh rakyat byk perusahaan besar yg mengeruk alam desa kami belantaraya kec gaung kab inhil prov riau tak satupun pejabat daerah berani bersuara untuk audit perizinannya banjir sudah terasa rb,0,0,0.92183954,0.03299207,0.045168396
tololll kui udu nyalahke jowo cok iku mek ko bayangke betapa dahsyatnya luas dampak banjir sumatera sing notabene banjire kui sak pulau jawa tapi respon pemerintahane ga sat set karo serius sedangkan nek ono kasus bencana ng jowo gercep ngunu kenopo koe malah bengok cok,0,0,0.42365304,0.22865015,0.34769678
empat gajah dari sebuah pusat pelatihan lokal menggunakan belalainya untuk bantu memindahkan potongan kayu besar dan membuka jalan yang terhalang di pidie jaya sebuah distrik di aceh yang parah terdampak banjir rb,0,0,0.9227322,0.03568108,0.041586753
membalas kemarin bnpb melalui kepalanya sekarang basarnas membuat komentar kontroversial yang bertentangan dengan laporan langsung dari lapangan setelah coba iseng cek latar belakang kepala ketua badan ini langsung bikin manggut manggut,0,1,0.4415319,0.51155734,0.046910785
kehadiran tim dari polda riau menjadi wujud nyata kepedulian polri terhadap korban banjir bandang di sumatera barat polri polripeduli pedulibencana prayforsumatera,0,2,0.08251611,0.0236811,0.8938029
ketika panik malem tiba motor mogok mas ini ditolong oleh marbot masjid warungmakangratis masjidpemudaindonesia masjidramahsegalanya prayforsumatra,2,0,0.3605708,0.29180217,0.34762704
dah jadi kenyataan rakyat pribumi jadi budak di negeri sendiri bahkan mati para taipan cina menguras sda dan membabat habis hutan bumi pertiwi prayforsumatera bencananasional nationaldisaster,0,0,0.95062274,0.022670647,0.026706614
iya aksi dinas pendidikan aceh ini emang nyata banget mereka lagi rehab sekitar kursi dan meja rusak banjir di sekolah sekolah seperti smk negeri karang baru ini bantu siswa belajar lagi dengan nyaman plus hemat biaya buat siswa dan guru di sana pasti terbantu ya,0,0,0.8288456,0.09439375,0.076760694
akun parodi membalas oalah tau ih kta ternyata sma ya sama sumbar sejauh ini tmpt ku aman bsa dibilang aku ditengah tau terkepung maninjau longsor banjir nah disbelah snaa lagi bnjir jga tpi untung aman cma kmaren itu air di luar gede tpi kmu gimana skrng okey smua,1,1,0.22188015,0.74285275,0.035267103
tanggung jawab atas deforestasi penyebab banjir bandang di sumatra seperti november bersifat multifaset berdasarkan laporan dari bbc cnn indonesia dan mongabay pemerintah bertanggung jawab karena mengeluarkan izin operasi perusahaan perusahaan seperti pt tusam dan,0,0,0.943316,0.030671576,0.026012361
banjir bandang jadi peringatan keras pentingnya perlindungan hutan aceh sumatera update,0,1,0.0975304,0.8936348,0.008834839
pemerintah merespon cepat atas bencana banjir di sumatera bantuan terus mengalir untuk para korban evakuasi warga distribusi logistic dan penjagaan keamanan terus dilakukan satuindonesia pemerintah hadir tanpa tunda,0,2,0.22759244,0.052554794,0.7198528
halaman masjid yang kini menjadi posko pengungsian tampak riuh oleh aktivitas warga dan relawan yang memasak di dapur umum tawa lirih bercampur letih menggambarkan bagaimana warga desa blang panjoe kabupaten bireuen aceh saling menguatkan setelah rumah mereka terendam banjir tampilkan lebih banyak rb,2,2,0.044683974,0.013317867,0.9419982
jakarta desember bencana alam banjir bandang yang melanda aceh sumatra utara dan sumatra barat pada akhir november lalu meninggalkan dampak hebat bagi sejumlah wilayah termasuk di kampung apa di kelurahan lubuk minturun kecamatan koto tangah sumatra barat,0,0,0.55436414,0.15834528,0.28729057
membalas kalau gak ada bukti gak usah nuduh macam bajer emang gaje yang banyak buktinya kalau banjir di sumatera tapanuli selatan belum lama ini akibat deforestasi yang ijinnya diberikan oleh pada bulan oktober lalu kayu gelondongan di balik banjir sumut bupati tapsel bicara kemenhut kembali beri izin korporasi dari medan tribunnews com,0,0,0.8835026,0.06397825,0.052519232
pembangunan bagi warga masyarakat yang terkena bencana banjir sedang di laksanakan yaitu dalam membangun rumah rumah yang rusak dan terbawa banjir dan smoga bisa segera beres aceh sumatera update,0,0,0.8875418,0.04582425,0.06663403
mahasiswa terdampak bencana sumatra dibebas ukt semester keren banget,2,2,0.09799493,0.043281708,0.85872334
pemerintah saat ini sepertinya hanya ingin hadir ketika ada masalah bukan untuk menyelesaikan masalah prayforsumatera,0,0,0.86218107,0.06333786,0.074481055
akun parodi lekas pulih sumatera alleyesonsumatera prayforsumatera prayforsibolga prayfortapanuli prayforaceh prayforsumbar,2,2,0.033275526,0.009120216,0.9576043
kapolri telah kantongi tersangka pembalakan liar di tapanuli selatan perparah banjir di sumatera kapolri telah kantongi tersangka pembalakan liar di tapanuli selatan perparah banjir di sumatera dari newestindonesia co id,0,0,0.81069124,0.14215663,0.047152195
ini salah satu cara allah swt utk membuat rugi para perusak bumi sudah bersusah payah melalukan pembalakan liar tak terkendali hasilnya ternyata harus hanyut terbawa banjir kasihan masyarakat yg tak menahu harus ikut terdampak parah,0,0,0.9441368,0.027418006,0.028445158
membalas yukkk dulur diseluruh indonesia nonton film timur klo dulur nonton film timur berarti dulur sdh membantu korban banjir di aceh sumut dan sumbar krn pernyataan dr bung iko uwais semua pendapatan dr film timur akan didonasikan unt korban banjir amazing,0,0,0.53721476,0.102231584,0.3605537
pejabat tidak punya urat malu tidak mungkin mau mundur inanews co id menteri harus mundur terkait bencana banjir sumatra inanews co id jakarta pengamat politik rocky gerung mendesak setidaknya hingga menteri mengundurkan diri menyusul penanganan bencana banjir bandang di sumatera yang dinilai gagal dalam,0,0,0.9494332,0.025677402,0.024889361
mendagri memastikan akan berkoordinasi dengan kementerian pertanian untuk memulihkan sawah terdampak melalui program optimalisasi lahan berupa pembersihan lumpur bantuan benih pupuk irigasi serta alat mesin pertanian banjiraceh aceh titokarnavian mendagri tinjau lokasi banjir di gayo lues fokus pemulihan sawah dan jembatan serambinews com dari aceh tribunnews com,2,2,0.3242337,0.20116852,0.47459778
banjir dikawasan pulau sumatra pejabatnya bilang cuaca extrime ya betul saking extrime ya hujannya bukan hujan air tapi hujan kayu gelondongan untuk semua pejabat bikin aja terus kebijakan yg menyesatkan dan merusak kita tinggal sama hukuman dari allah berupa bencana,0,0,0.90885687,0.03952038,0.05162279
tidak perlu banyak berdebat mari bantu gotong royong berdoa demi saudara kita di sumatera prayforsumatera yukgasss,1,2,0.041274894,0.011812628,0.9469125
banjir besar aceh sumatra bukan sekadar musibah alam ini adalah bencana ekologis buatan manusia man made disaster yang terstruktur sebuah bedah kasus mengapa negara gagal mengurus hutan dan kenapa masyarakat adat adalah kunci keselamatannya a thread,0,0,0.91530985,0.041425247,0.043264948
ya allah napa hujan lagi bukannya ga bersyukur tapi yang kemarin aja masih dalam proses evakuasi dan pembersihan lumpur tumpukan sisa banjir dan longsor semoga ga kenapa napa lagi,0,0,0.8992621,0.038022578,0.06271529
anjirrr lagi kerja gue malah nangis gara gara liat banjir aceh gak tega banget ya allah,0,0,0.9549439,0.021857342,0.023198731
natal adalah panggilan moral untuk peduli pesan natal prabowo mengajak kita menyentuh hati sesama langkah presiden perkuat solidaritas ini menjadi pelipur lara bagi korban banjir bandang pesan natal presiden prabowo ajak gotong royong untuk sumatra dari kabar bisnis com,0,0,0.92754924,0.03322397,0.0392268
akun parodi ini foto kenyataan bukan rekayasa ai prayforsumatera prayfortapanuli prayforaceh prayforsibolga prayforprabowo kerna ulah oligarki rakyat banyak yg mati kapan revolusi aku bertanya dengan hati hati,0,0,0.9061484,0.056010533,0.03784104
di tanah sumatera lebih banyak perusakan dibanding pembangunan sumatera juga indonesia alleyesonsumatera prayforsumatera,0,1,0.03643075,0.9599096,0.0036596267
melalui pesan natal prabowo presiden perkuat solidaritas dengan mengajak rakyat saling membantu korban banjir bandang dan longsor di sumatera,0,0,0.9409112,0.026621342,0.032467548
tragedi longsor tapsel korban ditemukan meninggal di desa batu godang sebanyak korban tanah longsor di kampung duren desa batu godang tapanuli selatan sumatera utara ditemukan dalam kondisi meninggal dunia oleh tim sar gabungan senin banjir tampilkan lebih banyak rb,0,0,0.9588917,0.0207019,0.020406416
untuk bantuan pembuatan sumur bor kami merencanakan pembangunan fasilitas sumur bor di tiga provinsi di aceh di sumut dan titik di sumbar saat ini proses sedang berjalan belum semua selesai ujar sigit dalam konferensi pers senin baca di sini tampilkan lebih banyak,2,0,0.6624326,0.20445885,0.1331086
guys banjir di aceh dan sumbar emang separah itu air mata gua keluar terus gak kuat bgt,0,0,0.9305273,0.03312524,0.036347415
day uo ada aja ujiannya motor mogok lah kesandung jatuhh laa tok nak berak tok gwenchana topping hidup biar ga polosan amat sii,0,0,0.94674975,0.030987075,0.022263149
ya allah hujan lagi udah trust issues bgt sama hujan bukan ga bersyukur ya allah tapi jangan sampe ada banjir susulan lagi,0,0,0.94657606,0.027439354,0.025984595
potret rsud aceh tamiang yang sudah beroperasi dan kembali layani masyarakat aceh tamiang rumah sakit umum daerah rsud aceh tamiang pada sabtu terpantau kembali bersih dan mulai melayani masyarakat setelah sebelumnya terendam banjir dan tertimbun lumpur akibat tampilkan lebih banyak,0,2,0.12800953,0.034661327,0.83732915
gelondong kayu memperparah banjir sumatera di desa garoga tapanuli selatan tempo melihat sendiri gelondong gelondong kayu merusak daerah aliran sungai garoga simak selengkapnya dalam program tukang kupas perkara tayang setiap kamis desember pukul wib di tampilkan lebih banyak rb,0,0,0.937184,0.03093247,0.031883627
kondisi pilu dialami warga terdampak banjir di aceh yang terpaksa mengungsi secara darurat di tepi jalan tanpa adanya posko utama mereka telah bertahan di lokasi tersebut selama lebih dari satu minggu ketika tim liputan tiba suasana malam hari terlihat gulita akibat listrik tampilkan lebih banyak rb,0,0,0.6091257,0.23773217,0.1531421
membalas ini ditempat kerjaku jga lumayan banjir semata kaki lebih bahkan ada yg sampe masuk rumah hujan ga berhenti gimana ga banjir,0,1,0.1371603,0.85405415,0.008785493
membalas lu kira bencana ni kaya event goblok ngabisin anggaran aja pemerintah klo ga goblok tolol dungu lu angkut semua,0,0,0.9020228,0.039539274,0.058438
guys ada yang tau info volunteer buat bisa bantu terjung langsung ke saudaraku korban banjir di aceh plis let me know sedih banget rasanya liat seliweran foto video situasi mereka disana hati ini tergerak buat ikut bantu volunteer volunteersumatera banjirsumatera rb,0,0,0.905458,0.042928044,0.051613927
di tengah duka banjir sumatera gus yahya terus kerahkan organ nu dari tingkat pusat sampai ranting untuk bantu korban bencana kita yakin dengan semangat gotong royong dan ketulusan berkhidmat kita bisa bangkit bersama nupedulibencanasumatera korban terus bertambah gus yahya kerahkan kekuatan pbnu untuk bantu bencana di sumatera dari timesindonesia co id rb,0,0,0.7987115,0.06570313,0.13558537
membalas penanganan banjir di aceh makin lancar karena respons pemerintah yang solid,2,1,0.16599731,0.78967315,0.044329535
sumatera butuh status bencananasional nationaldisaster prayforsumatera rb,1,1,0.040985405,0.954827,0.004187616
siapa yg bayar prayforsumatera indonesiagelap tolakuutni supremasisipil maribangunkesadaran tolakokupasitanahrakyat desember,0,0,0.61173105,0.35186586,0.036403075
seskab teddy pemerintah kirim helikopter logistik untuk korban banjir sumatera aceh prayforsumatera prayforaceh teddy pastikan helikopter non stop keliling lokasi banjir longsor sumatera aceh mengirim bantuan terutama ke wilayah yang sulit dijangkau jalur darat rb,0,2,0.23798722,0.066215895,0.6957969
presiden prabowo subianto menegaskan pemerintah akan percepat pembangunan hunian dan pemulihan infrastruktur di aceh sumbar dan sumut pasca bencana banjir dan longsor pemerintah memastikan seluruh langkah penanganan darurat hingga pemulihan pascabencana berjalan terkoordinasi tampilkan lebih banyak,2,2,0.039094158,0.010642877,0.95026296
menteri ekraf motoran dan blusukan ke rumah warga terdampak banjir di pidie jaya dalam kunjungan tersebut awalnya teuku riefky berjalan kaki menyusuri rumah rumah warga yang sebelumnya terendam banjir bandang banjiraceh korbanbanjir menteriekref menteri ekraf motoran dan blusukan ke rumah warga terdampak banjir di pidie jaya serambinews com dari aceh tribunnews com,0,2,0.04490897,0.017609587,0.9374814
berdasarkan data bmkg bnpb des sumatra aceh sumut sumbar sumsel potensi longsor susulan banjir baru akibat hujan ekstrem mm hari siklon tropis senyar curah hujan tinggi hingga des korban banjir sumatra jiwa waspada daerah perbukitan jawa,0,1,0.033372086,0.9639967,0.0026312314
perjuangan tanpa henti untuk mengembalikan terang dan harapan masyarakat aceh sudah sebulan lebih pascabencana banjir yang melanda wilayah aceh salah satu yang paling parah terdampak adalah kecamatan takengon kabupaten aceh tengah petugaspln jam,0,0,0.51491904,0.11709471,0.3679863
sedih banget ya emang udah paling bener gua tinggal sendiri aja ngekost gua pikir dengan salah satu keluarga gua ada yang mau nampung gua gua akan dianggep beneran sedih pdahal ini cuma karena banjir kemarin wkwkwk,0,0,0.94096947,0.028431108,0.030599475
ribuan keluarga korban banjir dan longsor di aceh sumatera utara dan sumatera barat memilih bertahan di luar hunian sementara dengan menerima dana tunggu hunian dth dari pemerintah badan nasional penanggulangan bencana bnpb mencatat hingga kini sebanyak kepala tampilkan lebih banyak rb,1,0,0.85637283,0.054469757,0.08915736
cukong boss kayu dan tambang itu lagi kongkow di s pore bininya lagi belanja tas di paris anaknya lagi nonton nba di la kalian para peliharaan lagi nonton tv lihat saudara di aceh sumut dan sumbar tertimpa bencana otak kalian ada dimana babik,0,0,0.8952133,0.04901127,0.05577541
satgas kkp peduli bencana bantu normalisasi sumur air di aceh tamiang satgas kkp peduli bencana aceh dan sumatra terus bergerak mendampingi masyarakat pascabencana di aceh tamiang langkat hingga langsa acehtamiang psdkppantangtercela kkp growstronger,1,2,0.03053858,0.008155432,0.961306
susahnya pasca banjir kayaknya maret tahun lalu di wilayah saya cuma selutut doang sampai masuk dalam rumah hari baru menyusut dan ini baru kejadian banjir pertama kali setelah belasan tahun enggak pernah terakhir kali katanya paling parah nyaris nyentuh atap rumah,0,0,0.93270606,0.03581159,0.03148232
walhi desak pemerintah evaluasi pengusaha nakal usai banjir sumatera walhi uliartasiagian banjir longsor sumatera sumatra pengusaha,0,0,0.87694794,0.09370887,0.029343072
membalas kalau pemerintah hadir dan cepat tanggap gak perlu influencer kumpul donasi kalau harus nunggu ijin dari pemerintah keburu habis mereka,0,2,0.05325095,0.015693532,0.9310556
ya allah banjir di mana mana bawa kayu rapi lagi banjir nya sesuatu yang berlebihan dan tanpa kendali memang menakutkan,0,0,0.78495395,0.087210275,0.12783575
ribuan saudara kita di aceh sumut sumbar sudah meninggal dan hilang karena banjir longsor tapi sampai hari ini statusnya masih bencana daerah bukan bencana nasional kenapa sih kok lama banget dinaikkan,0,0,0.94852114,0.025690045,0.025788836
upaya evakuasi warga terdampak banjir di kota langsa kembali dilakukan melalui jalur laut untuk memastikan keselamatan kelompok rentan yang membutuhkan penanganan segera sebanyak penumpang terdiri dari ibu hamil warga lanjut usia anak anak serta beberapa warga yang tampilkan lebih banyak,2,2,0.3149645,0.18965971,0.49537575
salut buat pak prabowo keputusan tepat buat penanganan banjir sumatera semangat terus,2,2,0.04020858,0.011473082,0.94831836
membalas banjir susulan yang masih terjadi di sumbar kini pemerintah masih terus mengupayakan bantuan untuk warga di sumbar,1,2,0.12903881,0.04386511,0.82709605
sahabat bahari dampak banjir bandang di aceh tentu membawa kerugian besar bagi infrastruktur dan ekonomi masyarakat terutama di dusun perdamaian desa pondok kemuning langsa dan desa sungai liput aceh tamiang yg seluruhnya terendam banjir pada november lalu,0,0,0.65139896,0.07005965,0.27854145
sumsel kirim ton bantuan untuk provinsi terdampak banjir sumatra sumsel idntimes com sumsel kirim ton bantuan untuk provinsi terdampak banjir sumatra pemerintah provinsi sumatra selatan menyalurkan bantuan sebanyak ton bantuan ketiga wilayah terdampak bencana di sumatra seperti aceh sumatra utara dan sumatra barat,2,2,0.25742242,0.085660696,0.6569169
keluarga besar bpkp banten turut berduka sedalam dalamnya atas musibah banjir dan longsor yang melanda sejumlah wilayah di aceh sumatera utara dan sumatera barat semoga para korban yang terdampak diberikan kekuatan perlindungan dan pemulihan yang cepat prayforsumatera,0,0,0.7539715,0.056625057,0.18940343
apalagi di sumatera macam di jambi dan indragiri seisi kota apalagi di perkampungan dikelilingi kebun kelapa sawit kalau tak kerana tanah runtuh dan banjir selalu ada rusuhan rebutan tanah dan kebun atau konflik agraria,0,0,0.91883147,0.038508877,0.04265958
presiden prabowo subianto mengucapkan selamat tahun baru kepada para pengungsi korban banjir bandang dan tanah longsor di tapanuli selatan sumatera utara sumut prabowobersamarakyat tahun baru di tapsel,1,0,0.72973657,0.19708803,0.07317536
di tengah musibah solidaritas jadi kunci pemerintah bareng warga turun langsung ke lokasi banjir di sumatra bantu dari evakuasi sampai kebutuhan harian,2,2,0.03319514,0.008855452,0.95794946
perum badan urusan logistik atau bulog memastikan bahwa akan ada penambahan ribu ton beras ke provinsi aceh guna memperkuat stok pangan dalam pemulihan pascabencana banjir dan longsor serta untuk pemenuhan kebutuhan ramadhan hingga idul fitri selengkapnya tampilkan lebih banyak,2,2,0.19361411,0.084933795,0.72145206
berdasarkan laporan terkini dari bnpb dan berita lokal nov banjir masih melanda aceh utara termasuk kec dewantara krueng geukuh akses jalan nasional di krueng geukuh tergenang tapi dewantara tidak termasuk daftar kecamatan terisolasi seperti langkahan dll,0,1,0.42944673,0.54644865,0.024104638
kunjungan presiden prabowo hari ini di sumbar mengevaluasi tata ruang rawan banjir beliau mengapresiasi kerja keras polri tni serta berbagai instansi lain di lapangan prabowopedulisumatera respons cepat negara prabowo turun ke sumatra evakuasi dipercepat infrastruktur dipulihkan negara hadir sepenuhnya dari daulat co,2,2,0.10575935,0.03023874,0.864002
pemerintah sigap untuk aceh sumatra mempercepat pembangunan infrastruktur pasca bencana,1,2,0.040305793,0.011672991,0.9480212
membalas apa yg mau di cek ya bangsat org udh jelas prayforsumatera prayfortapanuli prayforsibolga prayforaceh savetessonilo saveorangutans prayforindonesia,0,1,0.04841327,0.94800615,0.0035805348
tujuh bupati di aceh sudah menyatakan tidak sanggup menangani banjir dan longsor di saat yang sama warga aceh sumut dan sumbar hampir putus asa menanti bantuan lantas apa yang membuat pemerintah yakin kita bisa menyelesaikan masalah ini banjir sumatra pemerintah tolak bantuan asing pemulihan wilayah terdampak diprediksi butuh dari bbc com rb,0,0,0.8830573,0.054299798,0.062642984
emang lagi krisis nya listrik padam sinyal hilang timbul air nggak ada bahan pangan naik drastis simulasi hidup di djaman doeloe,0,1,0.08884735,0.9051917,0.00596095
membalas pemerintah kabupaten dan kota serta pemerintah aceh juga harus menambah percepatan ekstra dalam penanganan dampak banjir terutama percepatan pembangunan hunian sementara dapur umum beserta fasilitas mck biasanya setelah bencana banjir akan timbul penyakit ispa dan sakit diare,0,0,0.6792336,0.16146904,0.15929732
akun komentar membalas helikopter terbang rendah angkut bantuan tim darat menembus jalan yang rusak tim air menyisir rumah rumah yang terendam kerja besar tanpa banyak bicara polisi tanggap bencana terimakasih polri,2,2,0.11624848,0.03308824,0.85066324
melihat yang terjadi di sumatera pastinya cukup membuat masyarakat kalimantan waspada aku lagi tinggal di pelosok kabupaten kalimantan timur yang terkenal hutannya banyak di gunduli sekarang banjir makin naik airnya debit air kencang dan beberapa rumah siap untuk mengungsi,1,0,0.929894,0.040451847,0.029654115
salut buat polri yg nggak tinggal diam dan selalu siap bantu korban banjir di sumatera kehadiran kalian benar benar bawa angin segar dan bantuan nyata keep the good work,0,2,0.19121891,0.038084242,0.7706968
beratnya medan bukan pematah semangat ketika nyala listrik harus kembali hadir di tengah akses darat yang terputus kolaborasi pln bnpb dan tni berhasil membawa genset dari banda aceh ke rumah sakit di takengon aceh tengah dengan helikopter milik bnpb,2,0,0.53040457,0.080891535,0.38870382
pnm konsisten dukung korban banjir sumatra beri bantuan dan semangat pnm konsisten dukung korban banjir sumatra beri bantuan dan semangat dari cnnindonesia com rb,0,2,0.06811762,0.017670633,0.9142118
relawan kita itu diantaranya bawa sajadah quran dan mukena jelang ramadhan di aceh vl dan lainnya,2,2,0.062605426,0.018593673,0.918801
jembatan darurat yang dibangun oleh warga reje payung linge ambruk relawan hanyut reje payung linge aceh tengah selasa lebih dari jembatan di aceh hancur atau rusak akibat bencana banjir aceh sumatera november banjir aceh cyclone senyar tampilkan lebih banyak rb,0,2,0.25436607,0.10634923,0.6392847
akun komentar ketika kritik dianggap ancaman mungkin yg berkuasa takut pd cermin bukan pd rakyat random politik prayforsumatera,0,0,0.95777935,0.020566767,0.021653824
fenomena banjir bandang hingga longsor melanda sumatera termasuk provinsi sumatera barat seorang warganet membagikan momen ketika rumah dan puluhan kendaraan bermotor terendam lumpur usai banjir bandang di sumatera barat sumber tiktok banjir banjirbandang tampilkan lebih banyak rb,0,0,0.76194817,0.19576888,0.04228293
akun parodi kami tadi malam telfonan sama nantulang yg ada di sipirok dan yg di batang toru beneran ikutan nangis banget mereka yg kena banjir pada ngungsi yg aku lebih kasihan banget sama nantulang iparnya mamah krna udh berumur itu kata nantulang baru kali ini banjir segede itu,0,0,0.6203864,0.17440741,0.2052062
mobilitas polri dalam menangani dan memberikan bantuan serta evakuasi korban bencana banjir di sumatera patut di apresiasi presiden sbg panglima tertinggi harus bisa kerahkan semua kemampuan negara untuk menyelamatkan rakyat nya trima kasih polri,0,0,0.6242369,0.0880657,0.28769743
kepada saudara saudara kita di aceh sumatera utara dan sumatera barat kalian tidak sendiri,1,0,0.68817276,0.25259992,0.059227265
polri kerahkan pesawat helikopter dan kapal untuk penanganan bencana di aceh sumut dan sumbar polda kaltara fyp viral,2,2,0.058753226,0.018682528,0.9225642
membalas dan jne sementara menutup bantuan pakaian nder udah overload di sumbar jg ada laporan bantuan baju malah sia krn byk baju rusak yg dikirim mrk jg ga bisa pakai dan malah jadi sumber masalah baru,0,2,0.1713162,0.04725515,0.7814287
membalas dan banjir susulan sumbar,0,1,0.25713176,0.6869912,0.055876978
terima kasih koreksinya benar pt agincourt resources beroperasi di tapanuli selatan sumatera utara bukan aceh untuk aceh laporan terkini sebut perusahaan seperti pt kinston mineral abadi dan pt united tractors astra group diselidiki atas operasi selama banjir pemiliknya,0,0,0.7561651,0.16601093,0.077823974
membalas dan bris ini fase downtren apalagi diperparah aceh kena banjir tp asing sudah mulai masuk mudah an sinyal reversal,0,1,0.3882625,0.5118544,0.09988305
membalas ya ampun pak oresuden ada lumbung pangan juga kalau lumbungnya diseret banjir ya percuma bukan itu solusinya solusinya jangan sampai banjir bandang seperti ini terjadi lagi andaikan banjir bandang kemarin isinya hanya air tanpa gelondongan kayu dan lumpur tanah dari bukit,0,0,0.8993957,0.04438975,0.05621459
membalas dan corporate secretary indonesia re robbi yanuar walid kepada ketua baznas ri prof dr kh noor achmad ma di kantor indonesia re bantuan ini sebagai bentuk solidaritas dan kepedulian kepada para korban bencana alam di sumatera yaitu aceh sumatera utara dan sumatera barat,0,2,0.27881464,0.09914016,0.6220451
polri sumbar terus ada di tengah masyarakat terdampak bencana mulai dari bakti kesehatan sampai pendampingan warga semua dilakukan sebagai bentuk melakukan upaya perbaikan agar kondisi cepat membaik bersama kita bangkitkan kembali sumatera wujudkansumaterapulih,2,2,0.04681749,0.014256872,0.93892556
membalas akses jalan yang masih terputus membuat evakuasi korban longsor dan banjir bandang di sejumlah lokasi di sumatera utara belum bisa dilakukan hingga senin sudah korban tewas dan korban hilang yang dilaporkan lingkungan adadikompas korban tewas di sumut capai orang evakuasi di sejumlah lokasi terhambat dari kompas id,0,0,0.94998413,0.025847647,0.024168253
sebagai wujud nyata hadirnya polri di tengah masyarakat polri melalui polda aceh sukses melampaui target dengan merampungkan unit sumur bor di wil yang terdampak banjir longsor di seluruh aceh polri terus berkomitmen konsisten salurkan bantuan bersamapulihkansumatera,2,2,0.03547105,0.009706059,0.9548229
akun komentar tim trauma healing polda riau turun ke area bencana banjir bandang di kab agam provinsi sumatera barat selain bantuan logistik korban bencana sangat butuh bantuan psikologis untuk menghilangkan trauma terutama anak dan ibu,0,0,0.46360046,0.08068632,0.45571324
gak pernah terbayang banjir bandang dan longsor separah itu dulu ngiranya selama gak dekat pantai bakal aman aja terbebas dari tsunami ternyata sama aja parahnya bahkan gak ada peringatan kalau tsunami kan setidaknya gempa dulu bisa evakuasi,0,0,0.9267944,0.038422577,0.034782972
electrizen pastikan rumah benar benar aman sebelum menyalakan listrik kembali setelah rumah terendam banjir yuk simak tips dari pln plnuntuksemua plnuntukindonesia prayforaceh prayforsumut prayforsumbar plnuidsulselrabar,1,1,0.03048168,0.9666917,0.002826622
hasbunallaah wani mal wakill yaa rabb tolong saudara kami di sumatera prayforsumatera,1,1,0.046328213,0.9488224,0.004849368
apa hujaan di riau,1,1,0.045593888,0.95086944,0.0035367208
tim dokkes polda riau berikan layanan pemeriksaan kesehatan pada masyarakat yang terdampak banjir di sumatera barat prayforsumatera lekaspulihsumatera lekaspulihbumiku prayforacehsumutsumbar greenpolicing kapoldariau riauuntukbumi riaulestari,2,2,0.035309073,0.009512032,0.95517886
wakil panglima tni tinjau wilayah banjir sumut dan sumbar sinurberita com wakil panglima tni tinjau wilayah banjir sumut dan sumbar sumut sinurberita com wakil panglima tni jenderal tni tandyo budi r melaksanakan peninjauan langsung ke,1,2,0.102312885,0.034457777,0.8632292
perbandingan sementara dampak tsunami dan banjir sumatra dalam hari mendatang mungkin akan bertambah sudah tampak jumlah pengungsi yang sangat banyak kemungkinan rumah hancur rusak lebih banyak data brr bnpb dan dompet dhuafa rb,0,0,0.94927484,0.025715737,0.025009412
mayat diduga korban banjir sumut ditemukan nelayan di perairan riau riau com mayat diduga korban banjir sumut ditemukan nelayan di perairan riau riau sepuluh mayat yang diduga korban banjir di sumatera utara ditemukan nelayan di perairan panipahan kecamatan pasir limau kapas kabupaten rokan hilir riau dalam sepekan terakhir,0,0,0.95081055,0.025928745,0.023260595
kapolda riau hadiri karya bhakti dalam rangka hari juang tni ad t a prayforsumatera lekaspulihsumatera lekaspulihbumiku prayforacehsumutsumbar sumaterajugaindonesia greenpolicing kapoldariau riauuntukbumi riaulestari melindungituahmenjagamarwah polriuntukmas,2,2,0.09621282,0.025003275,0.8787839
kekerasan tentara terhadap pengibar bendera gam bisa membuka luka lama aceh simbol kekecewaan terhadap penanganan bencana editorial tempoplus di bawah kibaran bendera gam dari tempo co rb,0,0,0.9531216,0.024637634,0.022240726
ketulusan hadir lewat projo peduli bencana bersama budi arie setiadi yang selalu setia digaris rakyat bantuan nyata mengalir untuk sumatera projo ajak publik bersatu hadapi banjir besar di sumatera dari gonews co id,2,2,0.030938165,0.008169141,0.9608926
hadirnya pemerintah bersama tni polri dan bnpb di sumatera bukti kepedulian nyata prabowo respon cepat tangani evakuasi hingga pemulihan infrastruktur kini listrik kembali menyala dan warga beraktivitas normal kondisi terkini pasokan bbm lpg listrik ke daerah terdampak banjir sumbar dari finance detik com,2,2,0.028409556,0.007758511,0.9638319
membalas pasca tsunami aceh butuh beberapa tahun buat pulih apalagi ini bencana alam tp karna ulah manusia masih banjir pun tebang liar tetep jalan gatau deh mau ngomong apa lagi rb,0,0,0.86562026,0.07488564,0.059494052
akun parodi semoga sumatera segera pulih alfatihah prayforsumatera,2,2,0.03320845,0.009019922,0.9577716
aceh sumatra bangkit,2,2,0.043742448,0.013111609,0.94314593
pemerintah siapkan skema bantuan untuk korban bencana banjir aceh sumatra bukti pemerintah sigap untuk aceh sumatra,2,2,0.09618484,0.028239137,0.87557596
setelah banjir parah akses listrik jelas jadi tantangan pln turun langsung buat pulihin listrik di fasilitas kesehatan di aceh kerja nyata yang dampaknya langsung kerasa,2,2,0.218496,0.06822423,0.7132798
anjay pertama kali rumah gua kebanjiran gini euy,0,1,0.07383471,0.91882664,0.0073386836
di jakarta dan bbrp daerah lain tak ada hutan jika hujan lebat banjir di pandeglang banten banyak sawit tak ada banjir antum perlu belajar lagi penyebab banjir yg melanda aceh dan padang,0,0,0.9457609,0.027673615,0.02656553
membalas dipo kemudian menyambangi posko penanganan banjir aceh tamiang di desa paya bedi untuk melihat lebih dekat bantuan disalurkan layanan kesehatan diberikan serta proses evakuasi yang masih terus berlangsung di tengah keterbatasan dipo juga bertemu dengan wakil bupati aceh tampilkan lebih banyak,2,0,0.46239468,0.1774912,0.36011407
bksda aceh mengerahkan empat gajah terlatih abu mido ajis dan noni untuk membantu pembersihan material pascabencana di pidie jaya gajah aceh bksda banjir longsor,2,2,0.038591262,0.01069633,0.9507124
akun parodi membalas personel tni polri segera diterjunkan membantu evakuasi dan distribusi logistik ke seluruh titik banjir di tiga provinsi prabowopedulisumatera pengerahan sumber daya penuh adalah bukti respons cepat negara yang tidak tertunda,2,2,0.033507973,0.008902868,0.9575892
akun parodi membalas tadi sempat mati lampu bentar aku di derah agak kota banjirnya masih semata kaki gak sampai masuk rumah tapi untuk yg daerah rumahnya rendah air masuk rumah jalanan sepi banyak motor mogok angkot gak beroperasi kampung lalang jd titik banjir terparah di medan umkm tutup,0,0,0.82493347,0.10555527,0.069511265
membalas dan tatauu la tapi dri segi banjir diorg hadapi x ganda teruk dri sni ribut depression yg landa dekat utara tu yg melemah dh jdi td tpi masa dia dekaf indo dorng kena masih utuh ts kalau d sni rumah masuk air dsna ada yg hilang rumah tertimbus lumpur terus rb,0,0,0.5763394,0.2586262,0.16503432
membalas punya negara tapi tak ada peran untuk rakyat lantas apa gunanya penguasa prayforsumatera,0,0,0.9509924,0.027816968,0.02119056
ga tega liat video gajah sama harimau padahal baru kemaren liat induk sapi yang keseret arus banjir belum lagi kucing yang kedinginan diatas pohon manusia itu kenapa serakah banget ya ulah keserakahan segelintir orang tapi berimbas kesemua,0,0,0.95219254,0.02494843,0.022858974
warga lagi kebanjiran kecamatan masih lumpuh tapi bupati aceh selatan malah pilih umroh padahal dia sendiri yang bilang nggak mampu tangani banjir lewat surat resmi warga serius nih pak beritaterkini banjirsumatera aceh wuzzsupdate fyp,0,0,0.94332826,0.02787062,0.028801112
awalnya saya juga berpikir demikian tapi bantuan swasta mandiri juga relawan bisa mengusahakan buat sampai ke titik terparah banjir menurut saya sulitnya akses seharusnya bukan jadi alasan mengingat juga bencana udh kurang lebih seminggu berlalu kalo menunggu untuk bisa,0,0,0.6368752,0.17676641,0.18635842
akun parodi jembatan bailey di beutong ateuh krueng beutong yang menghubungkan jalur lintas nagan raya aceh tengah sudah selesai dipasang dan kini dibuka dapat dilintasi setelah putus diterjang banjir bandang akhir november rb,2,0,0.7681886,0.1765969,0.0552145
geger motor mogok usai isi bbm di spbu jambi pengendara temukan bensin tercampur air jambi tribunnews com geger motor mogok usai isi bbm di spbu jambi pengendara temukan bensin tercampur air tribunja seorang pengendara motor mengeluhkan bbm yang mereka isi diduga kuat telah tercampur dengan air yang berujung pada kerusakan mesin kendaraan,0,0,0.9160023,0.046582177,0.037415564
miniatur banjir bandang di sumatera semoga allah mengganti setiap luka dan kehilangan menjadi kekuatan dan digantikan yang lebih baik semoga lekas membaik prayforsumatera miniature diorama ai,2,2,0.061544616,0.017094309,0.921361
membalas deforestation untuk lahan kelapa sawit datangkan bencana banjir dahsyat apalagi saat siklon tropis menerjang footage di bawah jadi saksi stopdeforestation prayforsumatera,0,0,0.9451594,0.027823824,0.027016766
perjuangan aparat dan pemerintah dilokasi bencana membuktikan bahwa pemerintah sigap untuk aceh sumatra bersamapulihkansumutaceh,2,2,0.02642303,0.006855856,0.96672106
kak seto kuatkan psikologis anak anak terdampak banjir padang kak seto kuatkan psikologis anak anak terdampak banjir padang dari elshinta com,2,1,0.05195371,0.9389472,0.009099077
bnpb melaporkan banjir di aceh dan sejumlah wilayah sumatera mulai surut di tapanuli selatan gelondongan kayu besar yang terbawa arus telah mulai dievakuasi banjir di sumatera berangsur surut gelondongan kayu mulai dievakuasi dari news detik com rb,2,1,0.08122774,0.9046499,0.014122374
presiden prabowo juga akan memastikan bahwa langkah langkah darurat telah dilaksanakan sesuai standar penanganan bencana yang cepat tepat dan terkoordinasi mediaindonesia com prabowo tinjau dampak banjir bandang di sejumlah provinsi di sumatra pemerintah juga tengah menyiapkan langkah pemulihan infrastruktur dasar termasuk akses jalan jembatan energi telekomunikasi serta layanan kesehatan,2,2,0.05377416,0.020556403,0.92566943
update bnpb banjir dan longsor berdampak ribuan warga di empat provinsi akses banyak terputus update bnpb banjir dan longsor berdampak ribuan warga di empat provinsi akses banyak terputus dari padek jawapos com,1,0,0.61627793,0.09712295,0.2865991
tni menurunkan yonzipur i dd untuk memasang jembatan bailey yang menjadi akses vital penghubung kabupaten tapanuli selatan dan tapanuli tengah setelah jembatan utama terputus akibat banjir bandang soliditaspemerintah aceh acehtamiang sumut,1,2,0.4034257,0.13581954,0.4607547
membalas tamiang pedalaman aceh tengah tempat tanahnya belio pidie jaya udah naik air ke jalan raya lagi itu yg wajib dikunjungi dan dikasi bantuan yg layak sebenarnya ini akibat siapa sih,0,0,0.905191,0.045938533,0.04887038
membalas personel polri hadir di sumatera utara bantu korban banjir longsor jaga keamanan nasional polriuntukmasyarakat,2,0,0.9189216,0.05374659,0.027331928
membalas dan betul penyebab nya cuaca tp pembalakan pertambangan yg mengakibatkan banjir longsor sedahsyat ini kalau krn cuaca sudah dari jutaan tahun yg lalu sumatra tenggelam,0,0,0.9558459,0.022938803,0.021215307
pemerintah akan membantu pengungsi yang huniannya rusak ataupun hancur karena bencana longsor dan banjir bandang di aceh sumatera utara sumut dan sumatera barat sumbar,0,0,0.64089286,0.096208625,0.2628985
papa dan mamaku mau kerja gabisa karena kehalang banjir hp pada lowbat karena pln padam mau menghubungi orang sinyal jelek temen temenku pada ngungsi semua karena rumahnya kebanjiran sepupu sepupuku juga sampe nginap di kantor karena gabisa pulang kejebak banjir,0,0,0.6798216,0.13882487,0.18135348
polri gelar bakti kesehatan di sumbar tangani penyakit pasca bencana wujudkansumaterapulih melakukan upaya perbaikan,2,2,0.03047323,0.00812081,0.96140593
pemain persiraja m khadafi terkena dampak banjir dan tanah longsor di aceh ia sudah hari kesulitan menghubungi istri dan anak yang berada di aceh timur saya sudah lima hari tidak bisa komunikasi dengan anak istri dan keluarga di kampung seluruh aceh timur tidak ada tampilkan lebih banyak,0,2,0.0394742,0.012218186,0.9483075
membalas baguslah pak triliunan milyaran sudah sepantasnya aceh mendapatkannya sudah sepantasnya aceh dapat bantuan triliunan milyaran semoga aceh cepat pulih semoga sumut dan sumbar pun demikian semoga sumut dan sumbar cepatvpilih,2,2,0.05338338,0.014391365,0.9322253
banjir yang cukup tinggi di kawasan kedawung kota malang pada kamis siang banjir yang cukup tinggi masuk ke lantai rumah warga kiriman warga rb,1,0,0.61833185,0.34772405,0.033944044
akun parodi presiden prabowo subianto saat meninjau warga terdampak banjir di sejumlah daerah di provinsi sumatera utara dok biro pers presiden prabowo subianto dan lainnya,1,1,0.08362885,0.9040897,0.012281495
dukung pemulihan pascabencana di sumbar wakapolri lepas ton logistik dan ratusan personel ke jalur terisolir sakato co id dukung pemulihan pascabencana di sumbar wakapolri lepas ton logistik dan ratusan personel ke sakato co id komitmen percepatan pemulihan pascabencana di sumatera barat memasuki babak baru pada minggu wakil kepala kepolisian negara republik indonesia wakapolri komjen pol,2,2,0.03435105,0.012179845,0.9534691
jalan utama menuju kampung batu busuak kecamatan pauh kota padang sumatra barat terputus total akibat diterjang banjir bandang susulan pada minggu malam akibat putusnya akses ini ratusan warga kini terisolasi dari bantuan dan posko utama tim sar gabungan segera tampilkan lebih banyak rb,0,0,0.51354736,0.15434092,0.3321118
gila ya orang orang lagi susah kena bencana masih aja dipalakin perkara buat antar logistik sama tarik duit atm kok bisa sih ngga keikut hanyut mati kena banjir bandang manusia kyk gini,0,0,0.9533627,0.023879416,0.022757847
bupati aceh utara ismail a jalil menyampaikan kekecewaannya karena presiden prabowo subianto tidak mengunjungi daerahnya padahal sebagian besar wilayah aceh utara dari hulu ke hilir terdampak banjir bandang november lalu keluhan itu disampaikan ismail a jalil dalam,0,0,0.8884299,0.06188181,0.04968833
akun parodi medan hujan deras lagi petir ya allah lindungi kami ya allah jauhkan dari marabahaya ya allah jangan banjir lagi ya allah stay safe semuanya,1,0,0.88961613,0.053706247,0.05667758
membalas ah baru banjir biasa belum bandang ke sumatra rb,0,0,0.7137588,0.18552624,0.10071496
membalas presiden prabowo subianto meninjau progres pembangunan jembatan bailey sungai garoga tapanuli selatan sumatra utara rabu jembatan tersebut dibangun sebagai akses darurat setelah infrastruktur utama terputus akibat banjir bandang,1,2,0.14725712,0.038319644,0.8144232
aksi nyata projo peduli bencana di bawah arahan budi arie setiadi terus mendorong solidaritas nasional bantu warga sumatra melalui bantuan logistik dan dukungan infrastruktur prabowo setia digaris rakyat projo solidaritas nasional kunci mengatasi banjir sumatera dari rmol id,2,2,0.042810958,0.0116928015,0.9454962
kerja nyata relawan sppg mbg tanah jambo aye aceh bekerja keras mendistribusikan paket mbg utk anak anak pengungsi banjir di beberapa wilayah aceh bantuan mbg ini utk memenuhi kebutuhan gizi para pengungsi yg terdampak bencana alam lanjutkanmbg pecat aceh desember sumatera,2,2,0.033469535,0.009287733,0.9572427
akun komentar ya allah banjir lagi di sumatra kejadian ini terjadi sekitar pukul wib hari ini di desa goti manegen kota padangsidimpuan,0,0,0.8927813,0.07719952,0.030019123
membalas kalau air udah mulai masuk rumah dan arusnya deras gausa pikir lama lagi buat evakuasi,1,0,0.9064827,0.042798184,0.050719112
semoga para korban banjir dan tanah longsor di aceh dan provinsi lainnya di pulau sumatera diberikan kesabaran dan solusi segera dari pemerintah prayforsumatera prayforaceh,2,2,0.14193524,0.03604426,0.8220205
momen ketika presiden republik indonesia prabowo subianto memberikan apresiasi kepada chef koki dapur lapangan brimob polda sumsel saat melaksanakan kunjungan ke korban terdampak banjir di posko jembatan aceh tamiang jum at bila ada permasalahan dan butuh bantuan,0,0,0.4346965,0.14046265,0.42484087
banjir melanda pemerintah hadir berbagai upaya percepatan penanganan terus ditempuh di sumatera demi memulihkan kondisi dan memberikan perlindungan bagi masyarakat terdampak,2,2,0.21624212,0.19402544,0.58973247
membalas dan prabowo tahu persis kondisi aceh sumut sumbar yg dilanda bencana dibuat skenario se akan ada laporan anak buah yg mengaburkan agar ada yg bisa di kambing hitam kan buktinya dia kunjungan ke ln skrg sdh lebih dari negara dikunjungi dlm thn hasilnya rb,0,0,0.7976808,0.0962703,0.106048994
polri mengerahkan belasan ribu personel gabungan untuk membantu penanganan dan pemulihan bencana di aceh sumatera utara dan sumatera barat selain personel ribuan ton bantuan kemanusiaan disalurkan sebagai wujud komitmen polri hadir hingga tahap pemulihan masyarakat tampilkan lebih banyak,2,2,0.031414628,0.008373123,0.96021223
seskab teddy menyampaikan bahwa satgas pkh sedang menelusuri penyebab banjir dan longsor di sumatera komitmen ini mencerminkan keseriusan pemerintah dalam penanganan bencana dan keberlanjutan lingkungan,1,1,0.24707216,0.7093648,0.043563057
sumatra merdeka aja pls baru hari minggu banjir bandang lagi di padang sekarang malah keluar narasi bodoh kek gini sakit hati banget sebagai orang sumatra luka kami blm pulih seribuan orang meninggal jutaan mengungsi masih aja sempet mikir profit dari jejak digital,0,0,0.919471,0.038107075,0.042421978
membalas dan hari ini banjir semakin parah tidak hanya di sibolga dan tapanuli utara selatan saudara i di aceh sumatera barat tidak hanya padang saja kota medan pekanbaru dan mungkin saja kota lain bisa saja terdampak semoga bisa naik ke nasional dan jadi bencana luar biasa,0,0,0.91316015,0.039710075,0.047129676
rumah rata di terpa banjir kamu berteduh diatap atap pemerintah ku cuma bisa nyengir liat banjir mengalir kita hanya bisa tabah menatap,0,0,0.7699621,0.064284496,0.16575344
aceh tamiang menjadi daerah pertama yang siap memulai pembangunan setelah menyampaikan surat kesiapan kepada pemerintah pusat pembangunan huntap korban banjir aceh tamiang dimulai februari serambinews com dari aceh tribunnews com,1,0,0.7490181,0.2094008,0.04158109
membalas gimana tuh kalo bener beneran bisa terungkap nama perusahaan dan para pemilik yang punya ijin pengelolaan hasil hutan di seluruh nusantara khususnya musibah sekarang di aceh sumut dan sumbar rb,1,0,0.91916645,0.03300972,0.047823876
pemberitahuan karena situasi bencana alam di sumatera yang masih berlangsung ht party untuk ulang tahun hyeongjun kami batalkan malam ini tetap kirim doa terbaik untuk saudara saudara kita yang terdampak terima kasih luvity prayforsumatera hyeongjun cravity,1,0,0.81575257,0.06918153,0.11506582
kunjungan presiden prabowo subianto ke kabupaten bireuen provinsi aceh pada minggu desember tak sekedar untuk mengecek pembangunan jembatan yang rusak akibat banjir bandang dia juga mengunjungi tenda pengungsian korban bencana serta dapur umumnya kedatangan prabowo tampilkan lebih banyak rb,0,0,0.9309608,0.048405204,0.020634027
subussalam desa subulussalam aceh dilanda banjir setelah hujan deras yang mengguyur wilayah tersebut sejak sabtu malam akibatnya ratusan rumah warga terendam air setinggi satu hingga dua meter dan akses jalan menuju desa desa tersebut terputus,0,0,0.9094897,0.050212372,0.040297937
demokrat hadir untuk rakyat ketua partai demokrat sumatera barat sekaligus anggota dpr ri fraksi partai demokrat ir h mulyadi menyerahkan bantuan kepada warga terdampak bencana banjir dan longsor di kabupaten padang pariaman,2,2,0.029312618,0.0077018715,0.9629856
ketika sungai meluap nurani kita diuji seruan kemanusiaan dari aceh sumut dan sumbar indonesiainvestigasi com ketika sungai meluap nurani kita diuji seruan kemanusiaan dari aceh sumut dan sumbar indonesia ketika sungai meluap nurani kita diujiseruan kemanusiaan dari aceh sumut dan sumbar,1,0,0.8790618,0.0427391,0.07819905
babinsa x bnpb bukti nyata kehadiran negara hingga ke pelosok desa di aceh saat masa sulit youtube com babinsa x bnpb collab bantu aceh enjoy the videos and music you love upload original content and share it all with friends family and the world on youtube,2,2,0.026809921,0.007596384,0.96559364
proses evakuasi oleh tim sar search and rescue di lokasi terdampak banjir dan tanah longsor aceh sumatera utara dan sumatera barat tama fidi egaprasutiaa madiun hitz joshua banjarnahor merapi uncover duf goetze danilrobi andhikapotu tampilkan lebih banyak rb,1,2,0.06190846,0.02048462,0.9176069
sempet muncul di tl estimasi penanganan pasca bencana banjir tembus t lebih semoga jujur dah ga dikorupsi,1,0,0.9145081,0.050311424,0.035180446
pemerintah bergerak cepat dan maksimal menangani musibah banjir di aceh sumatera barat dan sumatera utara evakuasi warga penyaluran bantuan layanan kesehatan hingga pemulihan infrastruktur terus dilakukan secara terpadu bersama tni polri dan relawan pemerintah hadir,2,2,0.030191435,0.007963759,0.9618448
demokrat agam salurkan bantuan di palembayan partai demokrat kabupaten agam menyalurkan bantuan kemanusiaan bagi masyarakat terdampak bencana di kecamatan palembayan kegiatan ini dipimpin langsung oleh ketua dpc agam sumatera barat aderia sebagai wujud kepedulian dan tampilkan lebih banyak,2,2,0.031642236,0.008465454,0.9598923
polri berupaya untuk wujudkanpemulihansumatera dengan terus melakukan evakuasi dan perbaikan infrastruktur untuk bangkit bantu saudara terdampak banjir,2,2,0.03126727,0.008228456,0.96050423
membalas terakhir kami juga ingin mengucapkan terima kasih kepada sub wilayah aceh medan dan padang serta wilayah pondok cabe kalideres dan kebon jeruk selaku yang menaungi sub wilayah tersebut yang dengan tidak lelahnya membantu kelancaran penyaluran donasi kepada yang membutuhkan tampilkan lebih banyak,2,2,0.1184371,0.043633927,0.837929
be honest what do you see this isn t the result of a natural disaster it s a landscape teetering on the edge of an ecosystem collapse we have to prevent this from happening again aceh sumatra one month after flash floods and landslides in november tampilkan lebih banyak rb rb rb,0,2,0.294097,0.2058953,0.5000077
sebanyak sekolah masih mengalami kerusakan berat di sejumlah wilayah sumatra akibat banjir bandang dan tanah longsor hal itu disampaikan menteri pendidikan dasar dan menengah mendikdasmen abdul mu ti selasa hel,0,0,0.892366,0.03793708,0.069697
pertamina patra niaga pastikan pasokan energi tetap mengalir di tengah banjir dan longsor sumatra,1,2,0.026596338,0.0069167274,0.9664868
membalas bencana mbg jadi dua kutub percakapan utama publik membenturkan urgensi penanganan banjir aceh sumut dengan anggaran makan bergizi gratis mbg desakan realokasi anggaran mbg untuk darurat bencana menggema keras tagar apa yang menyatukan gerakan netizen,0,0,0.5431837,0.27012208,0.18669422
negara hadir untuk aceh tni pemerintah bumn dan relawan bersatu membuka kembali jalan membangun jembatan serta menyalurkan bantuan bagi masyarakat terdampak bencana prayforsumatra bencanaalam banjir daruratbencana bnpb,2,2,0.029766291,0.007818646,0.96241504
sebentar lagi medsos akan sunyi dari perbincangan banjir sumatra pemerintah pusat tepuk dada berhadil menanggulangi sekolah yg rysak tetap rusak jembatan putus tetap putus jalan yang amblas tetap amblas rumah yang amblas tercerai berai di dasar sungai rb rb rb,0,0,0.9191324,0.036920633,0.043947004
pmi hadir dengan layanan call center siap siaga untuk membantu tanggap darurat bencana di aceh sumut dan sumbar pmiselalubantu,2,2,0.029802555,0.007865664,0.9623317
banjir menggila di wanasalam rumah terendam air setinggi meter polisi siagakan perahu evakuasi,0,1,0.34583178,0.61855227,0.035615917
foto antrean kendaraan mengular di jalur lembah anai sumatera barat minggu akibat sistem buka tutup jalan pascabencana banjir bandang akses jalan hanya dibuka pukul hingga wib guna mendukung percepatan perbaikan infrastruktur dan menjamin keselamatan,1,1,0.42196023,0.50678223,0.071257494
kri dr soeharso milik tni telah tiba di lhokseumawe untuk membantu korban banjir longsor terparah dalam sejarah aceh dan sumatera akibat cyclone senyar semua layanan medis di kapal diberikan gratis kapal ini memiliki fasilitas lengkap ugd icu ruang operasi poliklinik dan tampilkan lebih banyak rb,0,0,0.65372944,0.09353091,0.25273964
sebanyak keluarga korban banjir bandang di gampong geunteng diusulkan masuk huntara pidie jaya karena rumah rusak berat dan tertimbun lumpur gta aceh portalberitaacehterkini keluarga korban banjir masuk huntara pidie jaya dari gta aceh com,1,0,0.9526296,0.023554781,0.02381558
data korban bencana di aceh sumbar sumut hingga senin desember total korban orang meninggal dunia orang hilang korban luka luka juta warga terdampak ribu pengungsi detail korban per wilayah sebagai berikut aceh orang tampilkan lebih banyak rb rb rb,0,0,0.95876646,0.020540489,0.020693168
membalas sebenarnya sdh ditetapkan status bencana nasional tp bukan utk musibah banjir di aceh sumut sumbar tapi untuk pemerintahan negeri ini adalah sebuah bencana nasional bagi rakyat,0,0,0.9441401,0.032662928,0.02319701
bangkalan januari satuan samapta polres bangkalan menunjukkan komitmen kuat dalam penanganan bencana banjir merendam beberapa desa di kec blega kab bangkalan serta mengakibatkan jalur utama penghubung antar kabupaten lumpuh untuk sementara,0,0,0.8282635,0.11394472,0.05779173
polda sumatra utara mengevakuasi warga terdampak banjir bandang dengan menyeberangi sungai menggunakan perahu karet darurat arus sungai yang deras memaksa personel kepolisian menarik perahu dengan tali agar warga dapat mencapai daratan dengan selamat evakuasi jalur sungai tampilkan lebih banyak rb,2,2,0.067634344,0.023559924,0.90880567
membalas janji politik tak akan pernah bisa mengganti daya serap akar pohon dalam buku buku mitigasi bencana dikatakan data r b ratio rasio air lari per air meresap naik saat hutan terkikis ini menunjukkan kalau banjir adalah bencana ekologis bukan masalah takdir semata,0,0,0.9278912,0.04757205,0.024536762
akun parodi krisis belum selesai banyak desa di aceh tengah bener meriah masih menghadapi dampak banjir longsor meski perhatian publik mulai mereda persebaya malmingan mens rea ini dm ciplukan maling aurelie error baskara tewotsunaginagarajkt,0,0,0.38771853,0.26646757,0.34581396
mereka ini gak pernah malu yg lain para relawan para prajurit bahu membahu membantu rakyat aceh sumut dan sumbar eeeh elo orang malah main bendera benderaan pake demo bantuin tuh relawan bukan demo aja,0,0,0.5146793,0.065375686,0.41994503
padang diterjang banjir lagi bpbd minta warga sekitar das mengungsi hingga sebut rencana modifikasi cuaca ronajateng com padang diterjang banjir lagi bpbd minta warga sekitar das mengungsi hingga sebut rencana modifik banjir bandang kembali terjang batu busuk padang debit air tinggi dan arus deras jebol tanggul sungai batang kuranji,0,1,0.07413675,0.9166443,0.009218913
polri peduli untuk masyarakat polsek tabang salurkan paket sembako bagi masyarakat terdampak banjir polri divhumas poldakaltim polriuntukmasyarakat,2,2,0.05296394,0.016281743,0.93075436
personel polisi bersama instansi terkait menyalurkan bantuan perlengkapan sekolah kepada siswa di sekolah darurat kecamatan tukka kabupaten tapanuli tengah sumatera utara tas buku alat tulis hingga perlengkapan kebersihan menjadi bekal sederhana untuk menjaga semangat belajar,2,2,0.037532877,0.01042446,0.9520427
akun parodi membalas walaupun keluargaku alhamdulillah aman tapi tetep sumatra kampung halamanku semoga sedikit bantuan ini bisa meringankan beban perempuan disana yg sedang haid dalam keadaan tertimpa musibah ini prayforsumatera,2,2,0.043659527,0.012236986,0.94410354
i just saw video on megi s instagram aku nangis banget ya allah wallahi you will die in suffer and no one can help you including god s help wahai prabowo and the entire indonesian government kalian berpesta saat rakyat di aceh hidup terendam banjir dan tanpa listrik,0,0,0.5775515,0.14861184,0.27383664
akademi kepolisian akpol mengirimkan bantuan kepada masyarakat terdampak bencana banjir dan longsor di provinsi aceh sumatera utara sumut dan sumatera barat sumbar senin akpol kirim bantuan untuk warga terdampak banjir longsor aceh sumut dan sumbar erakini id dari erakini id,2,2,0.052856572,0.015834924,0.93130857
banjir kembali terjadi di kota semarang jateng kali ini karena jebolnya tanggul sungai plumbon ribuan orang terdampak lingkungan adadikompas tanggul sungai plumbon di semarang jebol ribuan orang terdampak dari kompas id,0,0,0.89611495,0.068993546,0.03489157
evakuasi dramatis berlangsung di tengah banjir bandang yang melanda kawasan batu busuak padang tim sar bekerja tanpa henti untuk menyelamatkan warga yang terjebak arus deras follow akun tiktok ke kami banjirpadang viraltwitter racuninskincare,0,0,0.57720065,0.12637386,0.29642558
akun komentar membalas banjir kembali terjadi pidie jaya november bukan semata karena hujan tapi karena gunung dan hutan tak lagi jadi pelindung air hutan ditebang resapan hilang hujan sedikit saja masyarakat yang menanggung dampaknya tiktok nersprener rb rb,0,0,0.946971,0.029666213,0.023362806
membalas dan tak bisa dibantah secara keilmuan musibah bencana banjir bandang aceh sumut dan sumbar adlh nyata perbuatan tangan jahat manusia ironisnya pelakunya pejabat pemerintahan berkoalisi dgn oligarki busuk tak ada harapan kecuali sdh ketetapan tuhan berupa azab pedih,0,0,0.89449203,0.0452554,0.06025258
membalas baru saja kabar dari keponakan di langsa alhamdulillah selamat banjir besar bikin listrik wifi akses ke medan banda aceh putus total sejak rabu kami terisolasi atm mati bbm langka harga barang naik untungnya gak ngungsi bertahan di rumah pakai air sumur tetangga rb,0,0,0.85475916,0.05846274,0.08677813
toba pulp lestari inru bantah dituduh jadi penyebab banjir sumatra toba pulp lestari inru bantah dituduh jadi penyebab banjir sumatra dari fortuneidn com,1,0,0.54583603,0.42322776,0.030936295
membalas dan orang baik dipertemukan org baik semoga allah angkat kesulitan warga aceh sumbar dan sumut,2,2,0.033905942,0.0089230975,0.95717096
kementerian pu bergerak cepat pascabencana banjir di aceh tamiang dengan menormalkan spam rantau demi kembalinya akses air bersih untuk masyarakat setahun bekerja bergerak berdampak sigapmembangunnegeriuntukrakyat mengelolaairuntuknegeri setahunberdampak pu,2,2,0.29822406,0.28914762,0.4126283
akun parodi stay safe buat mutual saya disini yg tinggal nya di sumatra ujung prayforsumatera prayfortapanuli prayforaceh prayforsibolga prayforindonesia,2,1,0.059040044,0.9320012,0.008958779
relawan rumah zakat berhasil melakukan evakuasi korban banjir di kebun sawit salereh aia barat kecamatan palembayan kabupaten agam sumatera barat selasa desember pukul wib lumpur sedalam meter jadi salah satu kendala ketika proses evakuasi dilakukan tampilkan lebih banyak,1,0,0.8937672,0.056374297,0.049858503
membalas tapi klo dilihat dr efek kerusakannya masuk akal jg klo kita mempertanyakan kondisi lingkungan dan sistem mitigasinya terlebih adanya tumpukan kayu pada arus banjir dan byknya rumah roboh dan hanyut semua masuk akal jawaban masih misteri,0,0,0.93216914,0.030212618,0.03761826
menurut update bnpb pada desember korban tewas banjir dan longsor di sumatera capai jiwa aceh sumut sumbar hilang orang,1,0,0.9472934,0.025739623,0.026966967
satu tim satu tujuan kerja sama semua pihak membuat penanganan banjir sumatera semakin terkoordinasi jalan jalan yang tadinya terisolir kini perlahan terbuka lagi bnpb update terbaru fokus berikutnya evakuasi dan rehabilitasi warga terdampak,2,0,0.588928,0.27205428,0.13901773
membalas pohon kopi itu tingginya gak nyampe meter akarnya sedalam apa sih nyerap air lebih parah dr sawit malah pohon kopi jg gak kuat terendam banjir bisa busuk jadi otomatis kebunnya didesain aliran hujan dialirkan langsung ke bawah tanpa reservoir,1,0,0.94963324,0.023672942,0.026693843
seorang bapak menggendong anaknya untuk menyelamatkan dari banjir ditengah langkahnya air bah lebih besar datang dan sang anak terlepas hingga saat ini sang anak tak ketemu bayangkan derita yang dia tanggung saat ini doaku untuknya dan korban lainnya rb,0,0,0.9219234,0.041900378,0.036176175
baru pertama kali seumur hidup ngerasain banjir udah gitu ga ada siapa siapa di perantauan bener bener ketakutan prayforaceh prayforsumatera,2,0,0.8906155,0.051142503,0.058242053
quick response brimob aceh personel batalyon a pelopor bersihkan sd negeri adan pasca banjir di pidie instagram com batalyonapeloporaceh instagram photo,2,1,0.03195804,0.9653984,0.0026436404
bencana banjir di sumatra menimbulkan dampak besar bagi masyarakat dengan kebutuhan mendesak berupa pangan obat obatan logistik dan air minum menanggapi situasi darurat ini sebagai bagian dari brand asli indonesia le minerale bergerak cepat menyalurkan bantuan kemanusiaan tampilkan lebih banyak rb,2,0,0.66830814,0.16069636,0.17099541
buat kamu yg sdg kuliah di bandar lampung yg hari ini kampungmu msh belum kondusif jgn ragu datang aja ke rm alas cobek mudah an bisa bikin kamu sedikit happy aceh sumut sumbar,1,2,0.15286943,0.05083257,0.796298
membalas kan listrik masi blom stabil kebanyakan masyarakat masi ngungsi renovasi rumah lebih efisien mereka jaga barang sendiri dan ga nambahin beban macem barang curian kek bayangin ada berita korban banjir bandang ngegondol kulkas tv ngangkatnya aja dah beban cok,0,0,0.9023783,0.052598603,0.045023084
ratusan rumah warga terendam banjir diatlas ulak karang utara padang sumatra barat sumbar pada jumat sekitar pukul wib prayforsumatera puluhan warga terpaksa harus mengungsi dari tempat tinggal masing masing meskipun sebagian warga memilih bertahan di tampilkan lebih banyak,1,0,0.59150785,0.34785816,0.060634
ada yang dibawain durian kelapa muda pisang dan lain lainnya sebegitu terimakasihnya warga korban banjir bandang di sumatera prayforsumatera wargabantuwarga,0,0,0.88665086,0.055012178,0.058337025
ferry irwandi berhasil menggalang rp miliar untuk korban banjir di sumatera ia menggunakan strategi unik untuk menyalurkan bantuan tanpa biaya operasional dany hermawan sebut ferry irwandi nge cheat dalam salurkan bantuan dari insertlive com,0,0,0.9275922,0.031557627,0.040850103
membalas kena hujan dikit kami kena banjir lagi masuk rumah pula kalo dirasa teriak minta tolong udah gak di dengar rakyat harus gimana lagi rb,0,0,0.95579386,0.024771722,0.019434407
setuju normalisasi sungai garoga di sibolga menunjukkan komitmen kemenpu yang cepat dan efektif harapan saya proyek serupa terus diperluas untuk cegah banjir tingkatkan kesejahteraan masyarakat dan dukung lingkungan berkelanjutan bagaimana denganmu,2,2,0.030062854,0.007873073,0.9620641
membalas kasihan ngemis ngemis perhatian kinerja yaaahhh itu bukan ajang lu ngejelekin suatu pihak yang secara sadar tergerak hati untuk membantu tapi lu sadar bahwa rakyat sudah hilang kepercayaan sama pemerintah wong blundir semua minimal meminta maaf sama korban bencana dululah,0,2,0.27940553,0.10709329,0.61350125
longsor di kawasan plta pakkat dusun nanggumba desa purba bersatu humbang hasundutan sumatera utara terjadi pd kamis warga di kecamatan andam dewi barus diminta mengungsi ke lokasi aman jauh dari aliran sungai karena dikhawatirkan terjadi banjir bandang,0,0,0.885748,0.06957868,0.044673257
polri mengerahkan personel untuk pemulihan pascabencana banjir bandang dan longsor di aceh sumatera utara dan sumatera barat salah satunya dengan layanan psikososial selain bagi korban layanan psikososial juga diberikan bagi petugas dan relawan di lokasi bencana,0,2,0.03452024,0.00924605,0.9562337
membalas dan masyaalloh benar manusia hebat kamu anak muda kepahlawananmu dalam membantu saudara di aceh dan sumatra ta perlu penghargaan karena iklasmu membantu sesama adalah bukti kepedulianmu salut untukmu kawan,2,2,0.043821894,0.011679149,0.94449896
membalas pekerjaan umum pu menyiapkan anggaran sebesar rp triliun untuk penanganan bencana serta rehabilitasi dan rekonstruksi rehab rekon di provinsi sumatra barat sumbar pascagalodo beberapa waktu lalu,1,1,0.045748588,0.94824696,0.006004458
terungkap pt thl yang dituding pemicu banjir aceh berelasi dengan bank bsi terungkap pt thl yang dituding pemicu banjir aceh berelasi dengan bank bsi dari gelora co,1,0,0.7957018,0.12887344,0.07542482
membalas dan aku juga keseret banjir untung ditolong tetangga tapi skrg ngungsi di pandan tempat sodara,0,2,0.27401343,0.09154992,0.63443667
upaya pemerintah percepat pemulihan aceh tamiang pemerintahhadir aceh sumatra acehsumatrabangkit pemerintahbarengwarga acehsumatrapulih,2,2,0.027084624,0.007056962,0.96585834
membalas kalo sipil turun lapangan itu namanya membantu kalo pemerintah turun lapangan itu kan uda kewajiban mereka duit yang dipake pemerintah juga bukan dr duit pribadi mereka tapi dr duit rakyat ga abis abis ni orang kuliat liat,0,2,0.26651943,0.10818151,0.6252991
pemikiran cerdas seorang warga saat diwawancarai mengenai banjir dan longsor banjir bandang bolehlah datangnya dari hujan tapi gelondongan kayu ini tidak mungkin datang dari awan kalau bukan dari gergaji yg disebabkan oleh tangan jahil manusia,0,0,0.9334586,0.03359356,0.03294775
kebenaran tentang banjir sumatra siklon tropis pada tahun sumber death toll after tropical cyclones hit indonesia s sumatra rises to nikkei asia,1,1,0.083148226,0.90707445,0.009777308
nu care lazisnu salurkan bantuan pada masyarakat terdampak bencana banjir dan tanah longsor di sumbar sumut dan aceh bca an yay lembaga amil zakat infaq shadaqah nu bsi an pp lazis nu non zakat nupedulibencanasumatera rb,2,2,0.031873137,0.008651781,0.95947504
membalas dan lainnya sorry to say banyak dari mereka ngungsi butuh makanan gak dateng bantuan beras dari pemerintah aja disuruh beli loh kalo gak percaya cari aja beritanya banyak juga yang meninggal karna ngungsi kelaperan grgr bantuan telat dateng minum pake air banjir keruh,0,0,0.83186704,0.059038825,0.109094076
membalas jangan sebar hoax kenapa kalian masih tega gk punya empati di tengah bencana dan kesusahan warga sebar kabar bohong ini video di lubuak minturun padang sumbar kan rb,0,0,0.90544623,0.0431097,0.05144406
membalas dan lainnya kalau berlebih bagi keperluan keluarganya jadi t itu belum berlebih bagi umatnya muslim aceh sumut sumbar bukan umatnya wahai kont l jaran,0,0,0.9211305,0.04063487,0.038234692
bukanya partai mikir utk bantuan banjir aceh sumut,0,0,0.89450186,0.0528991,0.05259907
presiden prabowo subianto menjelaskan alasan pemerintah tidak menetapkan banjir dan longsor di aceh sumatera utara dan sumatera barat sebagai bencana nasional menurut prabowo dampak bencana yang terjadi di tiga provinsi tersebut masih dapat ditangani oleh negara tanpa harus tampilkan lebih banyak,1,0,0.54528254,0.28436953,0.17034787
membalas yang penting hutan jangan di rusak mau ada dirjen longsor ataupun dirjen banjir percuma kecuali memperbanyak ladang korupsi lagi tata tuh hutan jangan terus di gunduli gundul,0,0,0.9572555,0.02132673,0.021417828
membalas ceban nuat beli apesi ngasih tuh yang ngotak dikit anj jaman sekarang serba mahal apalagi ini buat korban banjir silit utek e kok yo nda di nggo,0,0,0.95184845,0.024313519,0.023838002
woi otak kau pakai sudah lah lamban kau koordinasi mitigasi bencana jangan kau korbankan tentara republik ini dengan abai dukungan logistik dan kesejahteraan nya banyak yang sudah kelelahan siang malam gak berhenti kerja cuma dikasih anggaran makan,0,0,0.95186704,0.023129364,0.02500369
bencana banjir dan longsor yang terjadi di sumatera tak hanya menelan ratusan korban jiwa namun juga merusak habitat dari satwa dan menewaskannya gajah jadi korban banjir di aceh guru besar ugm sebut habitat satwa liar tergusur oleh alih fungsi dari mediaindonesia com,0,0,0.94248474,0.02714286,0.030372335
akun parodi membalas keluarga nenek di kreung geukuh sana baru tau bakal ada badai abis aku kasih tau kak nenek usia tahun terpaksa ngungsi karena banjir udah se lutut sampe tergenang rumah,0,1,0.24323182,0.72192746,0.034840737
membalas pratikno tenggelamkan aj ke sisa lumpur bekas banjir bandang aceh dasar anjing jokowi kurap,0,0,0.93337667,0.041343216,0.025280163
membalas dan gue di ujung sumatera monyet bacot lu kedaluarsa baru lu hadir starlink ada juga di tamiang bireuen aceh beli pribadi bnpb ada gak minggu pasca banjir blm lg takengon aceh tengah paling parah sampai presiden x ke aceh pnpb kocar kacir dasar anjink menggongong,0,0,0.44531232,0.22785184,0.32683593
ribuan warga aceh menderita akibat banjir bandang sekarang kita tahu ada perusahaan yang diduga berkontribusi di balik duka itu sedih dan geram,0,0,0.95338506,0.022864897,0.023750093
membalas dan banjir tanah longsor di sumatera ini perperjelas kualitas pemerintahan pusat negara ini mampu menggaji dan memfasilitasi jutaaan pejabatnya tp miskin alat evakuasi bencana entah tidak mampu beli atau pdhl semua kebijakan pejabatnya berpotensi menimbulkan bencana alam,0,0,0.91233736,0.046797857,0.04086477
presiden ri prabowo subianto kini memfokuskan pemerintahannya untuk mengatasi dampak bencana banjir dan longsor yang terjadi di sumatra utara sumatra barat dan aceh presiden prabowosubianto bantuan bencanaalam aceh sumut sumbat radio idola smg indonesia,2,2,0.08906312,0.03129657,0.8796403
ga kuat liat semua ini depan mata bau amis dari mayat sepanjang jalan dinetralkan jadi bau alkohol btw di foto ini tadinya jalan raya besar penyambung batangtoru dan sibolga dan ada rumah rumah juga padat kayak yang dilihat terbelah jadi air banjir sampai naik ke atas rb,0,0,0.7711573,0.09597558,0.13286707
membalas cepat pulih sumut sumbar dan aceh,2,2,0.035229858,0.0096358545,0.9551344
ini asli video ini menunjukkan gajah gajah terseret banjir di sumatra sesuai laporan berita terkini tentang banjir di indonesia november korban jiwa sudah lebih dari orang,0,0,0.9389133,0.032561306,0.028525462
apa bakal kejadian lagi tahun baru banjir,0,1,0.116953455,0.8725474,0.010499101
koordinasi di lapangan antara babinsa dan tim reaksi cepat bnpb patut diacungi jempol responsif terhadap situasi di aceh youtube com babinsa x bnpb collab bantu aceh enjoy the videos and music you love upload original content and share it all with friends family and the world on youtube,2,2,0.028354848,0.00855922,0.9630859
senin yg chaoss ujan gede dari semalem smpe pagi laut pasang banjir,0,1,0.056932464,0.93867445,0.0043930425
can t hype the gmmtv air masuk rumah lagi,0,0,0.8429686,0.12614173,0.030889763
bergerak bersama pulihkan aceh dan sumatra kita semua berharap kehadiran para dapat meringankan beban masyarakat di lokasi terdampak bencana dan mempercepat pemulihan kkpgrowstronger kkpterus f uq,2,2,0.028739586,0.0075076404,0.96375287
senyar pada nov menjadi bencana terparah dalam sejarah aceh sumatera gubernur aceh menyebutnya sebagai tsunami kedua sebanyak gampong hilang disapu banjir bandang sekitar wilayah aceh terdampak ratusan ribu rumah hancur dan ratusan ribu warga menjadi pengungsi,0,0,0.92340815,0.038326748,0.038265117
polda sumsel lepas bantuan kemanusiaan untuk korban bencana di provinsi sumatera utara polda sumatera selatan menggelar kegiatan pelepasan bantuan kemanusiaan untuk korban bencana alam di provinsi sumatera utara pada rabu,0,0,0.9369366,0.027941817,0.03512158
jujur respect sama postingan terakhir ferry irwandi di saat banyak yang sibuk pamer atau larut dalam drama yang nggak ada habisnya bang ferry justru turun langsung ke aceh sumut dan sumbar selama lebih dari hari bukan hadir sebentar lalu pergi tapi benar benar tampilkan lebih banyak,2,0,0.89735246,0.045728136,0.056919396
banjir besar melanda domasan desa prawoto sukolilo pati jateng malam ini warga diminta tetap waspada banjir pati jawatengah sukolilo presidentzelenskyy informationyolobet officialchannel registerlink hoseok apanstarawards,1,0,0.45943186,0.41923895,0.121329196
netizen geram usai tahu empat gajah dikerahkan untuk bantu bersihkan tumpukan kayu pasca banjir di aceh netizen geram usai tahu empat gajah dikerahkan untuk bantu bersihkan tumpukan kayu pasca banjir di dari viva co id rb,0,0,0.44618797,0.2956632,0.25814882
pemerintah hadir aceh sumatra bangkit pemerintah bareng warga aceh sumatra pulih pemerintah sigap untuk aceh sumatra,2,2,0.025574474,0.0066209906,0.9678045
membalas dan lainnya tadi konteksnya kan bandingin dgn sumut dan sumbar ya jelas penanganannya harus beda lah krn dampaknya beda daya rusaknya beda dan medannya jga beda apa salahnya mereka berisik kan negara berkata mampu sendiri tanpa bantuan asing jadi harus maksimal dong penanganannya,0,0,0.94473094,0.031399835,0.023869118
kunjungan ini diterima langsung oleh asisten pemerintahan kepala dinas pekerjaan umum dan kepala biro pemerintahan provinsi sumatera utara bantuan ini merupakan donasi pasca bencana banjir di sumatera utara diketahui sebelumnya mengunjungi sumatera utara dbmbksulsel,2,2,0.06497548,0.02091964,0.914105
periksa korporasi besar di sumut klh temukan indikasi kelalaian hingga sebabkan banjir sumatera periksa korporasi besar di sumut klh temukan indikasi kelalaian hingga sebabkan banjir sumatera dari tribunnews com,1,1,0.03228591,0.9651683,0.0025457395
bergerak bersama pulihkan aceh dan sumatra penugasan dilaksanakan dalam dua tahap taruna pada tahap i dan taruna pada tahap ii selama hari untuk setiap tahap tarunakkp kkpgrowstronger saktiwahyutrenggono kkpgoid kkpterus f w,2,2,0.038589876,0.010689484,0.9507206
turut berduka cita atas musibah yang menimpa saudara saudara kita di sumatera semoga mereka yang terdampak diberikan kekuatan ketabahan dan perlindungan mari kita bersama mendoakan yang terbaik untuk sumatera prayforsumatera kanwilditjenimmaluku,0,0,0.92002594,0.029276192,0.05069791
pt pln persero terus mengupayakan pemulihan jaringan distribusi listrik di wilayah aceh tengah khususnya kota takengon pascabencana banjir bandang dan tanah longsor yang mengakibatkan kerusakan infrastruktur ketenagalistrikan akses jalan ke aceh tengah masih terkendala pln tetap upayakan pemulihan jaringan demi pulihkan dari medcom id,0,2,0.057631534,0.018110525,0.924258
akun parodi membalas kaga banjir lagi deh ya,1,1,0.049853906,0.9460781,0.0040679774
cape bgt nangisin yg di brandan nangisin makam papa nangisin mama yg lost kontek gatau dia kek mana disana nangisin kakek yg udh gbs jalan udh pake kateter tp ngungsi di lt puskesmas nangisin brandan yg ancur separah itu banjir,0,0,0.92939955,0.03489432,0.035706133
update kondisi terkini pemukiman warga masih tergenang banjir serta akses jalan masih terputus mohon doanya desa blangcut pidie jaya aceh,1,1,0.3233309,0.6470571,0.029612
keadaan terkini banjir di sumatera sekitar jam petang banyak wilayah di sumatera terutama aceh sumatera utara dan sumatera barat masih dilanda banjir bandang dan tanah longsor prayforsumatera cnnindonesia com kondisi terkini daerah terdampak bencana sumatra ribuan orang terdampak bencana banjir bandang dan tanah longsor melanda tiga provinsi di pulau sumatra berikut update terbaru kondisi bencana tersebut,1,1,0.3830345,0.45812613,0.15883948
iklim itu memang fakta ada kita tidak bisa memungkiri kayu gelondongan juga kita tidak bisa cegah antara iklim yg menyebabkan banjir bandang dan kayu gelondongan itu yg bisa menghancurkan rumah dan membunuh manusia beda banjir bandang di jawa dan sumatra itu pada gelondong,1,0,0.73586345,0.07359883,0.1905377
akun parodi membalas dan masyaa allah tabarakallah ormas yg paling radikal masih ajah ngambil pahala keberkahan dr bencana yg ada pasti bahagia sekali dulu bubarin ormas yg paling ringan tangan tsb prayforsumatera rb,0,0,0.86801475,0.04127497,0.09071025
kemenhut izinkan pemanfaatan terbatas kayu yang terbawa banjir di aceh sumut sumbar oleh masyarakat terdampak untuk rehabilitasi rekonstruksi pascabencana banjirsumatra bencanasumatera aceh,1,1,0.18020247,0.7564786,0.06331894
warga desa pante lhong aceh menyampaikan apresiasi kepada perdana menteri pm malaysia anwar ibrahim dan masyarakat negeri jiran atas kepedulian serta bantuan kemanusiaan yang diberikan pascabencana banjir besar yang melanda wilayah tersebut baca di sini tampilkan lebih banyak rb rb,2,2,0.36429837,0.08882815,0.54687345
banjir susulan masih menjadi kekhawatiran masyarakat di sejumlah wilayah terdampak bencana di sumatra bahkan di penghujung selasa hujan deras kembali mengguyur kabupaten bener meriah aceh ugm ews meriahbener aceh pkm,1,1,0.049729016,0.9439462,0.006324759
perusak lingkungan hidup dan pejabat pemerintah daerah yg memberi ijin utk merusak lingkungan hidup betul bajingan tanpa kapok walhi walhi jawa barat walhi riau walhi sumsel dpr ri dprd cnn indonesia tribunjabar kang dedi mulyadi peringatan keras walhi perusakan kebun teh pangalengan kejahatan serius bisa picu banjir bandang dari jabar tribunnews com,0,0,0.9089958,0.04342809,0.047576122
membalas siapa bilang tidak desember ini sejumlah daerah di riau berada dlm status siaga bencana banjir lahan sawit di siak bengkalis dilaporkan masih tergenang air media nasional aja yg gak expose atau beritanya tenggelam oleh bencana aceh sumbar sumut yg lebih besar tampilkan lebih banyak,1,0,0.90794533,0.050368063,0.041686576
kemenhut hentikan sementara pemanfaatan kayu bulat di aceh sumut dan sumbar suarasurabaya net kemenhut hentikan sementara pemanfaatan kayu bulat di aceh sumut dan sumbar kementerian kehutanan kemenhut menghentikan sementara seluruh kegiatan pemanfaatan dan pengangkutan kayu bulat di tiga provinsi terdampak banjir dan longsor di aceh sumatra utara dan sumatra rb,1,2,0.12975502,0.073300585,0.7969444
amarah farah seorang perempuan aceh yang sejak gadisnya sdh mewakafkan hidup untuk tanah kelahirannya dulu ia pernah menghadapi peluru tanpa pernah menangis kini ia tak kuasa menahan sedihnya setelah sebulan berkubang lumpur membantu dan melihat korban banjir di sana rb,0,0,0.9226003,0.034655765,0.04274393
melihat video najwa dan mualem sesak dan sedihnya berasa sekali ya allah kuatkanlah aceh dan seluruh warga indonesia yg terdampak dr banjir atau bencana lainya,2,2,0.056419693,0.01527984,0.9283004
update aceh sumatra semoga lekas pulih,2,2,0.028420238,0.0074625686,0.9641173
membalas tanem terus woo babat terus tu hutan kena banjir lagi juga gak papa ya kan,0,0,0.95331115,0.024377964,0.022310877
akses informasi terpercaya seputar bencana hidrometeorologi di indonesia melalui bnpb live update bencana di youtube youtube com bnpb indonesia the indonesia national disaster management authority,1,1,0.17915371,0.6847984,0.13604786
banjir dan longsor kembali terjang padang pariaman sumbar news okezone com banjir dan longsor kembali terjang padang pariaman sumbar okezone news banjir dan tanah longsor kembali terjadi di daerah pasie laweh dan lubuk alung kabupaten padang pariaman sumatera barat pada kamis,1,2,0.10673764,0.04649798,0.8467643
membalas kami membawa serta doa yang tak pernah putus semoga aceh sumatera utara dan sumatera barat segera pulih kembali kuat dan berdiri lebih teguh dari sebelumnya karena ketika satu hati terluka kita semua merasakannya pmtpeduli pelindogroup sptpgroup,2,2,0.26860216,0.06825543,0.66314244
respons tni emang cepet dan efektif kayak kirim kri banda aceh buat bantu material rekonstruksi pasca banjir di sumatera instalasi jembatan bailey di tapanuli selatan bikin akses transportasi pulih kurangi dampak ekonomi warga impact positifnya nyata dari sumber berita,2,2,0.038724054,0.011030571,0.95024544
bergerak bersama pulihkan aceh dan sumatra kita semua berharap kehadiran para dapat meringankan beban masyarakat di lokasi terdampak bencana dan mempercepat pemulihan tarunakkp kkpgrowstronger saktiwahyutrenggono kkpgoid kkpterus f ba,2,2,0.028956287,0.007585348,0.9634583
bantuan bri juga masuk ke area pariaman yang banyak rumah rusak berat akibat banjir bandang csrbri bripeduli qrisbri,1,2,0.35583752,0.17958266,0.4645798
siklus th bencana besar di indonesia tsunami aceh nias kebakaran hutan dan lahan dahsyat sumatera kalimantan bencana banjir dan longsor sumatera semoga kita belajar dari siklus ini dan bangsa indonesia semakin tangguh prayforsumatera,2,2,0.39642018,0.07711329,0.52646655
kemenkop mengatakan siap terlibat dalam upaya pemulihan dan pemberdayaan masyarakat khususnya anggota koperasi di aceh sumatera barat dan sumatera utara setelah masa tanggap darurat bencana dinyatakan berakhir kemenkop siap dampingi pemulihan koperasi di sumatera pascabencana dari antaranews com,2,2,0.040458355,0.011538072,0.9480036
usai bantu sumut pemko pekanbaru kirim bantuan rp miliar ke aceh terdampak banjir dan longsor suaraaktual co usai bantu sumut pemko pekanbaru kirim bantuan rp miliar ke aceh suaraaktual co sumber informasi berita teraktual,2,2,0.028326344,0.0074537634,0.96421987
status bencana nasional status peduli nasional terimkasih bang ferry irwandi turun langsung kirim bantuan sampai ke tangan warga lokasi pegunungan kampung gayo aceh sekitarnya sc ig irwandiferry prayforsumatera rb,2,0,0.5922027,0.1169276,0.2908696
membalas aku di tapanuli sejak banjir ga bisa lagi pake spx pake jne kayaknya masih bisa tp ya gitu harus ambil sendiri ga dianterin ke rumah,0,0,0.9311812,0.042498786,0.02632007
banjir bandang dan longsor terjang daerah di sumatera utara banjir bandang dan tanah longsor melanda enam wilayah di sumatera utara yaitu tapanuli utara tapanuli tengah tapanuli selatan sibolga mandailing natal dan nias laporan sementara menyebutkan adanya warga terdampak tampilkan lebih banyak,1,2,0.13802022,0.06874046,0.7932393
mungkin karena fokus media lebih pada dampak banjir seperti korban jiwa tewas di sumatra dan evakuasi ribuan orang daripada penyebab seperti deforestasi video gergaji hanyut itu tampaknya belum viral luas di x atau berita di sumatra utara banjir bawa batang pohon besar,0,0,0.9507705,0.023006486,0.026223062
mentan amran meninjau langsung lokasi banjir di sumatra utara untuk memastikan pemulihan berjalan cepat mulai dari penyediaan cadangan beras tiga kali lipat dari kebutuhan masyarakat di aceh sumatera utara dan sumatera barat,2,2,0.032640982,0.008816438,0.9585426
penyaluran donasi bantuan banjir bandang longsor di aceh dan sumatera dari teman teman minokey terima kasih untuk semua telah berpartisipasi semoga bantuan ini sedikit meringankan beban dan menjadi sumber kekuatan,2,2,0.028931832,0.007552729,0.9635154
banjir gede gini kalau siklonnya amit amit lewat rumah gw yang di sana udah pasti banjir sampe atep gak keliatan ya kan pung lampung sekarang dikit banjir kayak mnyed,0,0,0.95574,0.022619592,0.021640487
guys jangan lupa saat ini sumatera sedang berduka mungkin bisa up beritanya atau punya materi lebih bisa bantu donasi coba jangan fokus ke berita ga penting kaya tumblr atau selengki ga jelas prayforsumatera rb rb,0,0,0.65869653,0.10182762,0.23947588
total fasilitas kesehatan yang terdampak di sumatera utara sumatera barat dan aceh sebanyak rumah sakit dan puskesmas kesehatan adadikompas pemulihan faskes rusak dikebut masih ada rumah sakit yang terendam banjir dari kompas id,0,0,0.49928078,0.4181563,0.08256292
kapolres aceh tenggara salurkan bantuan kemanusiaan alumni akpol untuk korban banjir di kabupaten aceh tenggara poldaacehsiagabencana bangkitbersamapoldaaceh,0,0,0.9345008,0.032961667,0.0325375
membalas dan kayaknya kemarin itu diskon gede an karena mau rebranding jadi mungkin diskon gitu lagi ga dalam waktu dekat deh ya soalnya stoknya bisa jadi udah dikasih semua ke korban banjir kemarin krn timingnya pas bener kemarin itu menurut saya,0,0,0.9104562,0.04557461,0.043969225
menkomdigi meutya hafid mengatakan persen jaringan telekomunikasi di sumatera utara khususnya di tapanuli tengah tapanuli selatan dan sibolga sudah beroperasi pasca banjir yang melanda daerah itu menkomdigi persen telekomunikasi wilayah bencana sumut telah pulih dari antaranews com,2,2,0.03900225,0.01099275,0.950005
membalas dan eh btw ada teman sumatra nggak padang jambi palembang bengkulu banjir nggak ya kayaknya ada deh orang jambi lupa,1,0,0.8873109,0.07709313,0.035595946
bnpb melaporkan bahwa hingga selasa jumlah korban meninggal akibat banjir dan tanah longsor di tiga provinsi aceh sumatera utara dan sumatera barat mencapai jiwa dengan ratusan lainnya masih dinyatakan hilang rincian korban sumatera utara meninggal tampilkan lebih banyak rb,0,0,0.9351942,0.040688895,0.024116822
ketua dpr ri puan maharani resmi menutup masa persidangan ii tahun sidang dpr ri dalam pidatonya puan kembali menyampaikan duka cita bagi korban banjir dan longsor di aceh dan sumatra,0,0,0.94233686,0.02752717,0.03013599
membalas kok ga meminta maaf pada maasyarakat aceh ya wah ga bener ni orang tanggungjawabmu pada masyarakat setelah itu lapor pada presiden dasar beleng beleng,0,0,0.91733944,0.04606608,0.036594417
status darurat siaga bencana hidrometeorologi di riau berlaku des jan waspada banjir longsor di wilayah rawan kab kampar utamakan keselamatan pantau kondisi sekitar pabangkinang waspadabencana hidrometeorologi riausiaga infobencana,1,1,0.040892642,0.95565265,0.003454773
banjir rob rendam empat desa di sukadana polres kayong utara basarnas turun tangan evakuasi warga kayongutaraberkah salampresisi kalbar,2,0,0.95672405,0.022322679,0.020953387
bantu korban banjir di sumatera utara yuk video logistik dan layanan terus mengalir kita bisa bareng bareng bersamalawanbanjir ayo semangat,2,2,0.038175553,0.00991218,0.9519123
respons cepat pemerintah dengan mendistribusikan ton bantuan logistik untuk korban banjir dan longsor di aceh,2,2,0.14283529,0.050050817,0.80711395
kronologi bagaimana reno anjing pelacak k gugur saat bertugas mencari korban bencana banjir dan longsor di sumatera barat sumbar anjing milik kepolisian daerah riau itu mati di kabupaten agam sumatera barat pada minggu hal tersebut dibenarkan oleh kepala bidang,0,0,0.9537638,0.021568567,0.024667647
membalas segera tetapkan jadi bencana nasional alleyesonsumatera prayforsumatera prayfortapanuli prayforsibolga prayforaceh prayforpadang rb,2,1,0.05861289,0.9355554,0.0058317473
dek rumah mmh kebanjiran dek dari,0,0,0.91789603,0.0566668,0.025437187
membalas saat banjir sudah terjadi publik menduga penyebabnya adalah kerusakan hutan pembalakan liar dan alih fungsi lahan tapi pemerintah daerah hingga pemerintah pusat kompak membantah gubernur sumatra utara bobby nasution bilang penyebab utamanya adalah cuaca ekstrem yang tampilkan lebih banyak,0,0,0.95538694,0.023500387,0.0211126
cepat lah pak kami di sumatra utara sudah keburu tenggelam nih dalam banjir tak banyak yang bisa menolong karena tak tersedia perahu atau rakit sekalipun untuk evakuasi atau sekedar mengantar bekal makanan atau obat an bagi yg terjebak di rumah mereka,0,0,0.9223591,0.033211686,0.044429205
kemkomdigi melaporkan terjadinya gangguan layanan telekomunikasi di kabupaten tapanuli tengah kabupaten tapanuli selatan dan kota sibolga provinsi sumatera utara imbas bencana banjir dan longsor yang melanda wilayah tersebut pada rabu berdasarkan data sebaran tampilkan lebih banyak,0,1,0.2341734,0.6706025,0.09522408
kip aceh salurkan bantuan hidrometeorologi untuk kip kabupaten aceh singkil pascabanjir singkil komisi independen pemilihan kip aceh menyalurkan bantuan kemanusiaan bagi jajaran kip kabupaten aceh singkil yang terdampak bencana alam banjir,2,0,0.7147186,0.15344687,0.1318345
intensitas hujan yang tinggi kembali mengguyur di wilayah sumatera utara hanya hujan lebat selama satu jam ratusan rumah warga di kabupaten tapanuli selatan kembali dikepung banjir akibat luapan sungai batang toru dan sungai siopat opat berdasarkan video amatir warga tampilkan lebih banyak,1,0,0.7093778,0.14180137,0.14882077
banjir besar di kabupaten pidie jaya aceh juga merusak kawasan budidaya udang dan bandeng milik masyarakat di desa buangan kecamatan meurah dua,0,0,0.7424414,0.20482618,0.05273243
visualisasi malam di aceh tampak keliatan dari satelit viirs nya nasa banyak wilayah gelap gulita akibat listrik mati tapi presidennya masih aja sempat percaya banjir di sumatera gak separah seperti aslinya rb,0,0,0.94766337,0.02847307,0.023863614
seneng liat temen w yg pengusaha pada speak up tiap hari soal sumatera aceh dan kebobrokan meanwhile temen w yang kerja di dalem diem baeee kayak ga terjadi apa,0,0,0.94670945,0.026914358,0.026376192
membalas dan bukan memakai anggaran bencana mbg justru datang lebih dulu membantu korban banjir di aceh dengan menghantar makanan bergizi sebagai kerja nyata yang bisa dibuktikan lanjukanmbg,0,2,0.09957632,0.027857482,0.8725662
membalas dan presiden terlalu angkuh dengan mengatakan kita mampu mengatasi bencana padahal pelosok daerah bencana masih banyak yg belum tertangani saya tau krn saya tinggal dekat dngan aceh tamiang salah daerah yg juga parah rumah saya di brandan terendam diatas meter air banjir,0,0,0.9327177,0.03171415,0.03556819
anakku yg tk td pagi cerita bu guru kemarin katanya mau kirim barang untuk yg lagi kena banjir trs kubilang ini kemarin ada uang kamu yg menang lomba mau ndak buat donasi untuk bantu teman yg kena banjir iya bu aku mau ini buat donasi ya hatiku hangat,2,2,0.29232052,0.09375098,0.61392844
membalas iyaa ini udh ngungsi jarang smpe banjir bgt ini memang curah hujan lagi tinggi bgt sekitaran sumatera,1,0,0.7063387,0.25579175,0.037869487
badan nasional penanggulangan bencana bnpb memperbarui data pada sabtu pagi terkait bencana banjir dan longsor yang melanda sejumlah wilayah di sumatra bnpb menegaskan data ini masih bersifat dinamis dan akan terus diperbarui petugas lapangan masih melakukan tampilkan lebih banyak,1,0,0.48499727,0.39857024,0.11643246
presiden prabowo berikan m gratiskan pembuatan surat surat berharga lainnya yang hanyut tersapu banjir bagi warga terdampak pemerintah bareng warga aceh sumatra bangkit salingbantusesama acehsumaterabangkit peduliacehsumatera,2,0,0.7523546,0.04772796,0.19991733
healthies tidal semua korban banjir bisa dievakuasi melalui jalur darat untuk itu pasien dari bener meriah lhokseumawe dibawa menggunakan pesawat medis ke bandara sultan iskandar muda aceh sebelum dirujuk ke rumah sakit evakuasi udara ini memastikan penanganan tampilkan lebih banyak rb,0,0,0.46178132,0.085908525,0.4523101
laporan follower dari aceh min aceh sudah mulai naik lagi air daerah pidie jaya meureudu salah satu tempat putus jembatan nasional menurut berita sudah meter air nya rb,1,1,0.052604705,0.9428681,0.004527193
dan gua korban banjir di salah satu kabupaten di aceh ngerasain bgt gda bantuan pemerintah kampret yg dtang malah kita bantu sesama korbanbantukorban bahkan sampe skrg masi ada warga yg ngungsi di tenda terpal biru krena rumahnya udh hilang,0,0,0.9340185,0.030938147,0.035043284
helikopter buat apa dut suka banget buang anggaran buat hal ga guna mending lu jangan nanem sawit mulu dananya dipake buat reboisasi dan anggaran bencana nasional alleyesonsumatera prayforsumatera,0,0,0.7993843,0.069427736,0.13118793
bmkg imbau waspada banjir pesisir desember ini wilayah aceh berpotensi terdampak bmkg waspadabanjirpesisir banjirrob wilayahacehberpotensiterdampak aceh tribunnews com bmkg imbau waspada banjir pesisir desember ini wilayah aceh berpotensi terdampak seramb bmkg menekankan bahwa informasi ini disampaikan untuk meningkatkan kesiapsiagaan bukan menimbulkan kekhawatiran berlebihan,1,1,0.028693397,0.9684715,0.0028350714
membalas ngga ngerti lagi dgn manusia serakah model begini bisa nya mengambil kesempatan untuk kepentingan pribadi padahal msh banyak korban yg terdampak parah akibat bencana banjir sumatera benar sdm rendah,0,0,0.9565379,0.024489794,0.018972198
penanganan masalah di negara ini semua serba wis kebacut setelah viral baru ditangkap setelah meninggal baru dipercaya laporannya setelah banjir bandang menelan hampir orang dan kerugian materiil tak terbayangkan baru niat menanam kembali menunggu pohon tampilkan lebih banyak rb,0,0,0.9263127,0.037899923,0.03578739
presiden prabowo subianto sudah tahu penyebab bencana banjir dan longsor di pulau sumatra hal ini diungkapkan oleh ketua mpr ahmad muzani sementara itu gubernur sumut bobby nasution bersiap meneken rekomendasi penutupan pt toba pulp lestari inru salah satu perusahaan tampilkan lebih banyak,1,2,0.37892073,0.1363238,0.48475546
aceh kembali dilanda banjir besar januari belum sempat pulih sejumlah desa di aceh timur kembali diterjang banjir susulan lokasi indra makmur aceh timur melaksanakan rehabilitasi dan rekonstruksi rumah di lokasi yang banjirnya terus berulang sama saja seperti tampilkan lebih banyak,0,2,0.098889545,0.03836904,0.8627414
dpc pdi perjuangan tanah datar bergotong royong menyalurkan bantuan dari dpp pdi perjuangan untuk korban banjir yang mengungsi di posko utama nagari sumpur batipuh selatan tanah datar sumatera barat minggu kami berharap bantuan yang diberikan bisa sedikit,2,0,0.9158817,0.03357549,0.05054273
membangun harapan baru di lokasi bencana adalah inti pesan natal prabowo agar kita bergerak bersama atasi dampak banjir sumatera upaya presiden perkuat solidaritas bangsa yang majemuk pesan natal presiden prabowo ajak gotong royong untuk sumatra dari kabar bisnis com,2,0,0.39670298,0.25450444,0.34879258
sebulan pasca banjir bupati aceh utara pusat tutup mata sebulan pasca banjir bupati aceh utara pusat tutup mata dari acehonline co,0,0,0.94198644,0.03504828,0.022965306
semoga setelah banjir dan tanah longsor di sumatera ini kebijakan ipkh dan amdal bisa diperbaiki dan lebih selektif ya pak prayforsumatera kemenenteriankehutanan rajajuliantoni banjirsumatera tambangilegal,2,2,0.24219026,0.115797006,0.6420128
dibutuhkan berapa puluh tahun ya untuk mengembalikan hutan sumatera aceh dan sekitarnya akibat kerusakan banjir kali ini,0,0,0.95157635,0.025529081,0.022894574
prabowo tinjau lokasi bencana berulang kali pemulihan dikebut sejak minggu pertama jakarta pemerintah terus mempertegas kehadirannya dalam penanganan bencana banjir bandang di sumatra beberapa pekan lalu hal ini dibuktikan dengan peninjauan berulang presiden ri prabowo,1,2,0.22193794,0.12786756,0.65019447
bukan janji tapi aksi pemerintah hadir sejak awal pemerintah bareng warga mempercepat pemulihan aceh sumatra pulih karena pemerintah sigap untuk aceh sumatra menuju aceh sumatra bangkit,2,2,0.026390987,0.006857511,0.9667516
tim sar gabungan yang terdiri polisi tni dan masyarakat membangun hunian sementara huntara bagi korban banjir dan longsor di desa tolang julu kecamatan sayur matinggi kabupaten tapanuli selatan tapsel sumatera utara minggu material bangunan dibeli dari,0,0,0.7468482,0.08062174,0.17253011
brimob hadirkan sanitasi layak bagi korban banjir di desa tolang julu tapanuli selatan personel brimob batalyon c polda sumatera utara bersama masyarakat setempat melaksanakan pembangunan fasilitas mandi cuci kakus mck bagi warga terdampak banjir di desa tolang julu,2,0,0.8630168,0.06023153,0.07675171
banjir sumatra danantara akan bangun ribu huntara di provinsi banjir sumatra danantara akan bangun ribu huntara di provinsi dari sumut idntimes com,1,0,0.4792597,0.3847835,0.13595678
di tengah situasi pasca bencana negara hadir melalui respons terpadu pemulihan berkelanjutan pemenuhan kebutuhan dasar dan perlindungan bagi warga terdampak bencanaalam bnpb banjir prayforsumatera pedulisesama rb,2,2,0.14682865,0.0665036,0.78666776
aamiin 🤲 setuju banget nggak apa apa pelan yang penting konsisten dan bener bener kerasa di masyarakat sedikit demi sedikit tapi nyata dampaknya itu jauh lebih berarti semoga pemulihan di aceh dan sumbar terus jalan sampai warga benar pulih 💪🤍,2,2,0.046701502,0.012671206,0.9406273
cuaca ekstrem yang melanda berbagai wilayah di sumatera utara dalam beberapa hari terakhir dan memicu banjir serta longsor dipastikan merupakan dampak dari siklon tropis senyar banjir dan longsor sumatra ternyata ini penyebabnya dari mediaindonesia com rb,1,0,0.749744,0.20899186,0.04126416
bnpb dan pemerintah bangun shelter cepat aceh kuat bangkit bareng trending yuk shelteraceh bencanaditangani indonesiasolid,2,2,0.026379136,0.006848878,0.96677196
bp taskin memperlihatkan negara bekerja serius pasca bencana di aceh budiman sudjatmiko memimpin peninjauan langsung demi mencegah kemiskinan struktural dan memastikan koordinasi berjalan efektif bptaskinfokuspascabencana ancaman lonjakan kemiskinan sumbar pasca bencana jadi perhatian khusus bp taskin harian haluan dari harianhaluan id,0,0,0.7817813,0.11560924,0.102609515
satgas yonzipur i bukit barisan membangun jembatan aramco guna memulihkan akses warga pascabanjir di kecamatan padangsidimpuan hutaimbaru kota padangsidimpuan sumatera utara tni bangun jembatan aramco pulihkan akses warga di padangsidimpuan dari antaranews com,2,2,0.037074246,0.01021271,0.95271295
bksda aceh menurunkan empat gajah terlatih dari plg saree untuk membantu pembersihan pascabencana banjir bandang di pidie jaya gajah bernama abu mido ajis dan noni ini dikerahkan untuk memindahkan kayu dan material berat di titik yang tidak bisa dijangkau alat berat sekaligus tampilkan lebih banyak,2,2,0.058552448,0.018537125,0.92291045
membalas banjir bandang dan longsor di sumatera bencana terbesar dan paling tragis sepanjang adalah banjir bandang serta tanah longsor yang melanda tiga provinsi di pulau sumatra aceh sumatra utara dan sumatra barat dipicu oleh siklon tropis senyar sebuah fenomena langka di,0,0,0.72717106,0.07460514,0.19822387
di tengah banjir dan longsor kepedulian tidak ikut tenggelam kerja nyata bgn memastikan mbg tetap tersalurkan bagi yang membutuhkan hingga hari ini lebih dari juta porsi bantuan telah disalurkan di aceh lanjutkanmbg selasa slank air zhanglinghe ourfortunateshuaday,2,2,0.055896115,0.016358659,0.92774516
pt pelni cabang tanjungpinang provinsi kepulauan riau kepri menyediakan layanan angkutan gratis untuk pengiriman bantuan bencana banjir dan longsor ke wilayah sumatera utara sumut pengiriman bantuan dilakukan menggunakan km kelud yang melayani rute ke pelabuhan belawan,2,2,0.051209062,0.014108246,0.93468267
ayo kita dukung gerakan masyarakat untuk mendesak penetapan status bencana di aceh sumatera utara dan sumatera barat sebagai bencana nasional bencana ini bukan sekadar insiden alam biasa ini adalah bencana ekologis berskala luas yang diakibatkan oleh eksploitasi lingkungan tampilkan lebih banyak petisi kepada presiden segera tetapkan status bencana nasional atas bencana ekologis di sumatera dari act org rb,1,2,0.19010015,0.1194558,0.69044405
akun parodi ditanah yg retak oleh longsor jln yg ditelan banjir langkah kecil itu tak pernah mundur bpjs nahan gede prabodoh padang panjang invite now mubazir konsolidasi tpp libur depe rb,0,0,0.46631688,0.19068323,0.34299985
tim trauma healing polda riau bergerak cepat membantu pemulihan psikologis warga terdampak banjir bandang di kabupaten agam polri polripeduli pedulibencana prayforsumatera,2,2,0.027645575,0.00719364,0.9651608
nggak nunggu lama pemerintah hadir responsif dengan alat berat memulihkan jalan yang sempat lumpuh akibat banjir aceh sumatera update,2,1,0.43406755,0.4666794,0.099253014
membalas pemerintah bergerak cepat pasca banjir di aceh dan sumatra bantuan langsung dirasakan warga,2,2,0.037781805,0.010574169,0.95164406
ketua umum pdi perjuangan prof dr megawati soekarnoputri menunjukkan perhatian besar terhadap keberlanjutan pendidikan warga terdampak bencana banjir dan longsor di aceh melalui dialog virtual via zoom megawati pantau kondisi pendidikan anak pascabencana di aceh dari nusabali com,2,1,0.34094533,0.39746296,0.26159164
gapernah se trauma ini kalo hujan deras beneran aja daerah medan sekitar udah banyak yg banjir lagi buat yg belum tidur dan punya keluarga atau teman di medan tolong kabarin untuk ngungsi ketempat yg lebih baik sesegera mungkin,0,0,0.93601054,0.028021969,0.03596748
ya allah gua kena banjir sampe masuk rumah aja udah nangis ga karuan gimana nasib mereka yang kena banjir berhari hari sampe mereka bilang kayak tsunami,0,0,0.86186534,0.10921044,0.028924257
gajah besar jatuh dari ketinggian lalu menimpa truk lalu jatuh ke jurang apa kata dan mereka adalah nama yang bertanggung jawab atas banjir sumatera menurut greenpeace bersihkankabinetprabowo bersihkankabinetprabowo,0,0,0.9549315,0.024757687,0.02031091
salut banget sama tpl gercep banget buat turun lapangan ikut salurkan bantuan untuk saudara kita yang terkena bencana banjir di tapanuli selatan sumatera utara wajib banget dicontoh,2,2,0.03516313,0.00953326,0.9553036
jalanan rusak langsung dapet solusi dari bnpb jembatan darurat lagi dibangun biar akses dari desa ke kota lancar jaya lagi guys bnpb solusikeren akseslancar updatesumatera,0,0,0.8889952,0.04346131,0.067543566
membalas pemulihan banjir tsunami aceh dibutuhkan waktu tahun itupun belum pulih perekonomian apalagi bencana alam banjir di sumatera sumut padang aceh skala lokasinya lebih luas satset seminggu ya jelas tidak mungkin lumpur setinggi meter jalan rusak dsb,0,2,0.26823607,0.16442442,0.56733954
walikota cilegon robinsar tetapkan status siaga banjir usai peringatan bmkg bahlillahadalia kuningkeren golkarindonesia partaigolkar golkarpedia berita golkar walikota cilegon robinsar tetapkan status siaga banjir usai peringatan bmkg dari golkarpedia com,1,1,0.029400658,0.96807635,0.0025229817
aceh perpanjang status tanggap darurat bencana kali ketiga aceh perpanjang status tanggap darurat bencana kali ketiga dari sumut idntimes com,1,1,0.0334812,0.9634403,0.0030785264
dalam rangka menghormati turut berduka atas bencana yg menimpa saudara kita di aceh sumbar sumut sesuai perintah presiden melalui kapolri yang tercantum dalam str xii yang tgl penyalaan kembang api perayaan natal tahun baru tidak diizinkan,0,0,0.94253004,0.03330192,0.024168098
dalam rangka pemulihan perekenomian masyarakat di wilayah yang terdampak bencana alam yaitu aceh sumut dan sumbar presiden prabowo mengeluarkan kebijakan untuk merelaksasi atau penghapusan hutang kur presidenprabowo pemerintahpeduli,1,2,0.04015314,0.011007413,0.9488394
halo sobatrbpn kantor wilayah bpn provinsi bengkulu mendistribusikan bantuan untuk saudara saudara kita yang terdampak bencana di aceh sumatera barat dan sumatera utara bantuan tersebut tersebut terdiri pakaian layak pakai peralatan kebersihan dan makanan kemasan,2,2,0.10372549,0.030412355,0.86586213
pasca banjir yang melanda aceh tamiang relawan menemukan batang kayu berukuran sangat besar yang terdampar di lokasi terdampak temuan ini mengejutkan warga setempat karena belum pernah terjadi sebelumnya menurut para relawan ukuran kayu tersebut sangat panjang dan kokoh tampilkan lebih banyak rb,2,2,0.074673355,0.023570927,0.90175575
loh apa salahnya kejar ambisi yg salah itu yg korupsi yg bikin rakyat sengsara spt di aceh hutan digunduli akhirnya longsor banjir bandang anies berambisi untuk mengakhiri kesengsaraan dgn cara merebut kekuasaan yg disyahkan oleh undang undang yaitu lewat partai politik,0,0,0.8377619,0.05348148,0.10875662
pascabencana sumatera polri sediakan bantuan air bersih di aceh sumut dan sumbar kompas update pascabencana sumatera polri sediakan bantuan air bersih di aceh sumut dan sumbar kompas update dari kompas tv rb,2,2,0.074113056,0.025151124,0.90073574
detik detik banjir bandang yang membawa ribuan batang kayu gelondongan berbagai ukuran terbawa arus yang keras dan menghantam apapun setiap yang dilewatinya infonya di bener meriah aceh prayforaceh,0,0,0.7353254,0.15919885,0.10547576
sempena hari jumaat yang mulia ni mohon doakan saudara kita yang dilanda musibah banjir dahsyat di medan dan acheh hujan yg lebat lebih dr kebiasaan sehingga bumbung rumah tenggelam tanah runtuh laluan bekalan elektrik terputus keadaan sangat menekan di pusat evakuasi,0,0,0.94199914,0.027391145,0.030609703
banjir bandang yang melanda aceh tamiang tidak hanya merusak permukiman warga namun juga memutus akses vital antarwilayah salah satunya jembatan gantung di desa batu putusnya jembatan gantung tersebut memperparah kondisi ratusan warga yang selama ini bergantung pada aktivitas tampilkan lebih banyak rb,0,0,0.8799715,0.050190847,0.06983769
pulau sumatra sedang tidak baik baik saja banjir bandang dan longsor sejak akhir november sudah merenggut lebih dari nyawa dan memaksa puluhan ribu warga mengungsi,0,2,0.17222504,0.051586654,0.77618825
membalas pemerintah tetap tak mau menerima bantuan dari dunia internasional dalam penanganan banjir dan longsor di sumatera menteri koordinator bidang pemberdayaan masyarakat menko pm muhaimin iskandar mengatakan pemerintah masih mampu menangani bencana ini sendiri,2,0,0.42396572,0.1595187,0.4165155
membalas karena retreat di magelang gagal total hal ini bisa dilihat dari respon masyarakat atas penanganan korban banjir bandang sumatra keberhasilan retreat magelang hanya menciptakan manusia yg patuh thd pencitraan dgn sikap penjilatnya retreat di hambalang hanya omon omon,0,0,0.88798493,0.05437438,0.05764075
banjir tadi siang skrg udh masuk ke rumah air nya,0,0,0.94831645,0.030361393,0.02132218
buka twitter isinya bikin nangis korban gak cuma rakyat tapi hewan hewan yang cuma pengen hidup tenang yg rumahnya diembat sama manusia rakus prayforsumatera prayfortapanuli,0,0,0.96032745,0.019720873,0.019951625
relawan aceh sampai di gampong simpur aceh tenggara total lost areal bencana nya sangat besar bayangkan di map sumatera aceh tamiang di selat malacca sedangkan posisi aceh tenggara di lautan hindia banjir aceh cyclone senyar adalah bencana banjir longsor terparah tampilkan lebih banyak rb,0,1,0.44239146,0.48426774,0.07334081
membalas koordinasi cepat tanggap darurat prayforsumatera,2,1,0.058690887,0.9315395,0.00976959
membalas evakuasi korban banjir di sumut berjalan cepat dan tertib berkat koordinasi tim tanggap darurat prabowopedulisumatera respons cepat negara,0,0,0.93682873,0.02634631,0.03682497
membalas kerusakan yang terjadi di wilayah terdampak sangat masif pemerintah memperkirakan kebutuhan pemulihan mencapai puluhan triliun rupiah,0,0,0.7628975,0.15981375,0.07728876
tadi temen cerita mamanya yg tinggal di aceh kena banjir lalu karna rumahnya tingkat banyak tetangga yg nitipin hewan peliharaan di sana sembari manusinya ngungsi ke tempat lain pas udah surut mereka bersihin rumah sendiri ga dibantu penerintah,0,0,0.8634392,0.0603197,0.07624108
otomatis oleh izin lur ada yang pernah mikir ga sih mendingan jogja bikin negara sendiri aja ngelus dodo banget liat kabar kabar bencana sodara kita di aceh sumbar sumut yang bantu maksimal malah dari donasi sosial serta inisiatif warga negaranya rb,0,0,0.9044045,0.03801347,0.05758196
satuan tugas prajurit batalyon zeni tempur jp kostrad melanjutkan pembersihan fasilitas pondok pesantren darul mukhlishin yang terdampak bencana banjir bandang yang menerjang kabupaten aceh tamiang jum at pendivif kostrad pendivif kostrad penkostrad,2,1,0.037885513,0.9585,0.0036145374
berdasarkan data terkini des bencana utama adalah banjir dan longsor di sumatera aceh sumut sumbar dengan korban jiwa belum ada laporan signifikan di riau kalsel atau kalbar jakarta jabar sering banjir musiman tapi tak ada eskalasi baru sumber bnpb,1,0,0.85123324,0.100291654,0.048475213
air naik panik ikut naik yang datang nenangin polisi tanggap bencana terimakasih polri,2,2,0.28029674,0.093617894,0.6260854
membalas dan hati hati aceh tamiang langkat dan padang kalau orang ini datang waktu banjir niscaya tanah ladang kalian mau dibikinnya sumur serapan,0,2,0.08722338,0.03188329,0.88089323
kepala kantor basarnas medan heri marantika menyampaikan bahwa hingga h pagi ini tim sar gabungan masih terus melakukan proses pencarian korban bencana longsor dan banjir bandang di kabupaten tapanuli selatan sumatera utara hingga kini tercatat masih ada orang yang tampilkan lebih banyak,0,0,0.82820445,0.13168083,0.04011468
membalas fyi aku salah satu warga yg terdampak banjir di sumatera bayangin lagi kena musibah begini bisa bisanya ada yg tega nipu ya allah ada aja cobaan tahun ini semoga banyak kabar baiknya,0,0,0.58251536,0.23638341,0.18110122
membalas apa ini yg diinginkan anggota dpr tidak perlu ada rekawan yg menolong cukup pemerintah yg punya duit triliunan tapi tak kunjung datang listrik yg katanya menyala ternyata juga bohong apa kakian ingin rakyat oerlahan kehilangan nyawa dan harapannya untuk hidup pernyataan,0,0,0.9065545,0.040034223,0.053411264
daftar janji presiden prabowo untuk korban bencana banjir dan longsor sumatera dokter hingga uang jambi tribunnews com daftar janji presiden prabowo untuk korban bencana banjir dan longsor sumatera dokter hingga presiden ri prabowo subianto memberikan janji kepada korban banjir dan longsor yang menerjang tiga provinsi di pulau sumatera,0,0,0.936819,0.031784765,0.03139625
wakapolri komjen pol prof dr dedi prasetyo s h m hum m si m m meninjau langsung penyaluran bantuan kemanusiaan polri bagi warga terdampak bencana di kabupaten padang pariaman sumatera barat minggu kunjungan tersebut menjadi bagian dari komitmen polri tampilkan lebih banyak rb,2,2,0.38044155,0.110579714,0.5089787
aceh sumatra pulih bantuan terus berdatangan dari pemerintah dan seluruh masyarakat indonesia,2,2,0.02816889,0.0073578977,0.9644732
membalas kemudian kerusakan parah pada fasilitas kesehatan seperti di tamiang aceh membuat persediaan obat juga terbatas lantas apa saja yang dibutuhkan saudara saudari kita di aceh sumatera utara dan sumatera barat,0,0,0.9534063,0.023715252,0.022878531
membalas yg bergelar pendidikan yg panjang spesialis kehutanan tambang lingkungan tolong cari penyebab ya bencana ini dari visualisasi video ini dg analisa yg sederhana bisa mengungkap penyebab bencana banjir bandang di sumatra akibat pengrusakan hutan utk tambang,0,0,0.90052515,0.06470261,0.034772288
yg pdip sibuk bawa bantuan ke aceh sumut sumbar partai lain malah sibuk mikirin pilkada,2,2,0.04238373,0.011686644,0.94592965
gunung sitoli news alasan bobby nasution kritikan muncul terhadap cara penyaluran bantuan oleh gubernur sumatera utara sumut bobby nasution di wilayah terdampak banjir bandang dan longsor di tapanuli tengah tapteng,0,0,0.8836054,0.06256406,0.05383053
sumatera sedang berduka untuk saudara kita yang terdampak banjir dan tanah longsor kami masih buka donasi sampai tanggal desember mari ulurkan tangan sekecil apapun bantuanmu sangat berarti prayforsumatera,0,0,0.8813388,0.044522412,0.07413873
membalas jangan lupa menteri agamanya jokowi korupsi dana haji kalimantan selatan banjir tahunan sumatera belum pulih dan butuh anggaran besar untuk pemulihan indikasi korupsi anggaran mbg di bulan puasa,0,2,0.33567396,0.11303277,0.55129325
subussalam polisi aceh sedot untuk menanggulangi bencana banjir yang melanda wilayah tersebut salah satunya adalah tindakan yang dilakukan oleh tim polisi di daerah aceh tengah yang dengan cepat dan penuh pengabdian melakukan evakuasi,2,2,0.1861051,0.059028476,0.7548664
membalas si anjingnya wowo gini hari lu msh cengengesan bahas yg kena musibah gue punya teman di aceh baru tadi pagi dia kasih kabar ada dipengungsian blon ada bantuan sm sekali jing rumah dia terendam lumpur semuanya jing,0,0,0.5619386,0.15326779,0.2847936
event bulanan kota gue kembali melanda kalo pagi aja airnya segini udah dipastikan rumah gue bakal terendam juga,0,0,0.7201061,0.2001513,0.0797425
tim satgana sedang mempersiapkan barang bantuan logistik yang akan dikirimkan dengan kapal kemanusiaan untuk banjir sumatera melalui terminal ikt domestik tanjung priuk dengan km omar rasyid pada januari,2,2,0.0797115,0.03039727,0.88989127
aku ingin menangis bersama gubernur dan rakyat aceh sumut dan sumbar aku ingin seluruh rakyat indonesia menangis bersama korban bencana aceh sumut dan sumbar mereka korban keserakahan oligarki bersihkankabinetprabowo bersihkankabinetprabowo,0,0,0.9432378,0.02633136,0.030430872
ybm pln uid s jb kirim relawan dan logistik ke aceh sumut dan sumbar untuk bantu korban banjir di tengah luasnya dampak bencana banjir yang melanda aceh sumatera utara dan sumatera barat yayasan baitul maal ybm pln unit induk distribusi sumatera selatan jambi dan tampilkan lebih banyak,0,2,0.077364124,0.02858618,0.8940497
bencana di sumatera belum sepenuhnya pulih tapi ancamannya tak berhenti di situ ekonomi ikut diuji aceh sumut dan sumbar masih berjuang di tengah ekonomi global yang penuh ketidakpastian lalu ke mana arah ekonomi indonesia menuju di era prabowo subianto mari elka tampilkan lebih banyak rb,0,2,0.36869454,0.18996085,0.44134462
tolong bangettt aku ada pakaian layak pakai semua aku kumpulin sama saudara aku dapet kresek besar tapi gatau mau donasi lewat siapa jne disini udah ga terima pakaian dewasa katanya pos id bukanya dikantor kota lain dikotaku ga ada bingung prayforsumatera prayforaceh,1,2,0.2273847,0.12128674,0.65132856
banjir bandang merendam sejumlah desa di kabupaten balangan kalimantan selatan sabtu air yang naik cepat hingga mencapai atap rumah membuat warga terjebak di dalam rumah dan menyelamatkan diri dengan naik ke atas lemari serta perabot lainnya viral fyp banjir,0,0,0.9345441,0.03468274,0.030773219
ahy sebut kebutuhan anggaran pemulihan bencana di aceh sumut dan sumbar lebih dari rp triliun bengkulu antaranews com ahy sebut kebutuhan anggaran pemulihan bencana di aceh sumut dan sumbar lebih dari rp triliun menteri koordinator bidang infrastruktur dan pembangunan kewilayahan ipk agus harimurti yudhoyono ahy mengatakan kalkulasi awal kebutuhan anggaran untuk,1,1,0.26606655,0.5219458,0.21198769
membalas liat pemberitaan para korban banjir di sumatra aceh yang kelaparan bikin nngis,0,0,0.95486027,0.021777842,0.02336185
pemerintah hadir secara nyata di tengah masyarakat aceh dan sumatra dengan langkah cepat dan terkoordinasi bekerja bersama warga menangani dampak bencana serta memulihkan kehidupan sosial dan ekonomi sinergi ini menjadi fondasi kebangkitan daerah memastikan proses pemulihan,2,2,0.027413854,0.0072242916,0.9653619
membalas dan lu misal kalau disuruh atasan lu buat adu domba aduk tai di banjir sumatera ini tau lokasi lokasi peristiwa dulu anjay terus bikin narasi yang bagusan dikit lu malah nyambungin aksi orang menjarah yang beda tempat dari banda aceh cuma karena dprk nya mengkritik masalah listrik,0,0,0.56035364,0.2555957,0.18405062
aceh kembali dilanda banjir besar januari melakukan rehabilitasi dan rekonstruksi rumah di lokasi yang banjirnya terus berulang sama saja seperti menabur garam ke laut geuchiek julok belum sempat pulih sejumlah desa di aceh timur kembali diterjang banjir tampilkan lebih banyak rb rb rb,0,2,0.37971324,0.18066002,0.43962675
membalas belum kering pak itu lumpur di rumah korban banjir di sumatra mayat belum ditemukan semua yang susah payah nyari bantuan juga masih banyak waduhhh bapak malah jalan ke pakistan pakai uang negara kemaren bapak baru ngomong utk bupati aceh selatan dalam militer itu desersi,0,0,0.9360117,0.027780585,0.036207624
menteri dalam negeri mendagri tito karnavian mengungkapkan sumatera utara sumut menjadi wilayah yang cepat pulih pasca bencana banjir bandang dan tanah longsor sementara wilayah yang paling berat adalah aceh tamiang sebab di wilayah tersebut layanan pemerintahan belum tampilkan lebih banyak rb,1,2,0.21388444,0.0726109,0.7135046
donatur banjir bandang sumbar disindir dprri seakan paling bekerja betapa rusaknya pikiran oknum pejabat itu,0,0,0.9455622,0.024784613,0.02965317
pray for aceh sumatera hati kami hancur melihat cobaan yang menimpa saudara saudara kita di aceh dan sumatera duka mereka adalah duka kita bersama kami mengirimkan doa terbaik harapan dan kekuatan untuk semua yang terdampak prayforaceh prayforsumatera goodybag,2,0,0.93140614,0.028294249,0.04029965
akun parodi pak ganjar bu risma berada di dolok sanggul sumatera utara untuk mempersiapkan sembako yang akan diberikan kepada warga terdampak banjir sumatera pak ganjar bu risma sehat ya anda berdua dan semoga bantuannya membawa keberkahan bagi korban bencana di sumatera,0,0,0.80954266,0.07906128,0.111396134
terimakasih ya orang orang baik sudah menyisihkan untuk warga terdampak banjir dan longsor di tapanuli tengah 🥹🙏🏻semoga bisa sedikit meringankan kesedihan dari para ibu karna anak nya ikut merasakan trauma dari bencana alam🥹,2,2,0.055556715,0.016612247,0.927831
ilkom peduli aksi galang dana kemanusiaan untuk korban banjir pulau sumatra assalamu alaikum warahmatullaahi wabarakaatuh hidup mahasiswa hidup rakyat indonesia hidup perempuan indonesia we are one we love it selasa desember hello ilkomers,0,0,0.7600353,0.075618245,0.1643465
ya allah ga berharap lagi sedikitpun ga berharap sama pemerintah yang mana pun cuma berharap semua teman teman keluarga dan korban dari banjir ini selalu dalam perlindungan allah dan semoga semuanya membaik ya allah setelah bencana semua ga akan sama lgi,0,0,0.91243905,0.035799477,0.051761463
temuan menunjukkan deforestasi di aceh sumatra utara dan sumatra barat melonjak tiga kali lipat dalam sepuluh bulan terakhir peningkatan ini disinyalir menjadi salah satu penyebab bencana banjir besar yang merenggut ratusan korban jiwa di wilayah tersebut laju,0,0,0.65676063,0.2952118,0.04802748
membalas gila ya gajah itu hewan yg ramah lucu manis di gajah digunakan untuk membantu evakuasi pasca tsunami aceh dan sekarang mereka jg digunakan untuk membantu evakuasi banjir di pidie jaya dan manusia masih nanggep gajah sbg hama dihabitat mereka sndiri,0,2,0.122068286,0.03414214,0.8437895
selamat siang bantuan datang untuk warga sumut next kita update sumbar dan aceh ya relawan rumah zakat menuju lokasi yang terkepung banjir di sumatera utara tepatnya di kecamatan batang toru tapanuli selatan rabu desember,2,2,0.06340635,0.019556567,0.9170371
diterjang banjir bandang rumah rusak hidup sempat porak poranda tapi warga tapanuli selatan sumatera utara memilih nggak menyerah kayu gelondongan yang hanyut terbawa banjir justru dimanfaatkan untuk membangun rumah kembali bareng tni dan brimob warga gotong royong tampilkan lebih banyak,0,0,0.90869814,0.0313382,0.05996365
bantuan kemanusiaan polda sumsel dan bhayangkari daerah sumsel tiba di polres tapanuli selatan bantuan kemanusiaan dari polda sumatera selatan bersama bhayangkari daerah sumsel untuk korban bencana alam di wilayah provinsi sumatera selatan akhirnya tiba di polres tapanuli,0,0,0.79237705,0.0871352,0.1204877
membalas dukungan moral bagi pegawai lapas yang terdampak banjir sangat penting untuk menjaga integritas pelayanan taruna poltekpin hadir membantu membersihkan rumah dinas mereka sebagai bentuk solidaritas sesama keluarga besar kementerian hukum kemenkum jabar asep sutandar,2,2,0.034781817,0.0094438335,0.95577437
polda sumatera selatan menggelar kegiatan pelepasan bantuan kemanusiaan untuk korban bencana alam di provinsi sumatera utara pada rabu pukul wib di depan gedung presisi mapolda sumsel kegiatan ini dipimpin langsung kapolda sumsel irjen pol andi rian r djajadi,0,0,0.8199705,0.09079178,0.08923781
data bnpb mencatat tewas dan hilang akibat banjir bandang di aceh sumatera utara dan sumatera barat akses yang terputus membuat evakuasi di banyak desa berjalan lambat,0,0,0.94801027,0.025017243,0.026972437
membalas saya tanya ngikutin gak soal penanganan banjir di aceh smubar sumut beliau menjawab tdk tahu dan besoknya nimbrung cerita klo p prab sudah turun kelapangan gercep banget hadir bersama rakyat muncul di fyp tiktoknya mantab bukan,2,0,0.8055569,0.063110836,0.13133223
polda sumsel lepas bantuan kemanusiaan untuk korban bencana di provinsi sumatera utara call center bebas pulsa kami siap melayani jam musisatu kapoldasumsel humaspoldasumsel poldasumsel listyosigitprabowo kapolri polisiindonesia polripresisi,0,0,0.9526212,0.024126472,0.023252344
membalas bener lampung banjir bandang,0,1,0.18912618,0.7820128,0.028861014
akun parodi kog kompak begini ya pernyataannya ingat buat pejabat terkait jmlh korban banjir di sumatera bnyk bngt lho belum lagi harta benda yg hilang terkubur atau hanyut terbawa air kalian gak takut murka tuhan bgmna jk bencana ini menimpa kalian apa msh bisa ngomong bgtu,0,0,0.9347448,0.035234347,0.030020883
membalas bersama kita wujudkan pelayanan publik yang lebih baik imigrasisibolga kemenimipas kanwilditjenimsumut infoimipas,0,0,0.8530762,0.06782468,0.07909911
ancaman penyalahgunaan bantuan kpk turun mengawasi pemulihan aceh sumut sumbar goriau com ancaman penyalahgunaan bantuan kpk turun mengawasi pemulihan aceh sumut sumbar jakarta gelombang bantuan tengah mengalir ke aceh sumatera utara dan sumatera barat setelah banjir dan longsor melanda tiga provinsi tersebut di t,0,2,0.04819444,0.014277101,0.93752855
membalas kalau bantuan pemerintah musti siapkan kk dan ktp secara sdh hanyut serta rumah segala isinya bantuan artis influencer gak perlu pake begituan soalnya perut gak ngerti dokumen administrasi pemerintahan taunya lapar doank fcuk,0,0,0.59467965,0.11204042,0.2932799
sumpah ya sakit hati banget liat banjir di sumatra mana pejabatnya nganggep ini sepele lagi ini banjir besar lho ya karna kerakusan para pejabat yang ngerusak alam ngga punya empatikah mereka ga punya rasa malu kah kalau pejabat kaya gini lepas aja jabatannya ga guna,0,0,0.70498174,0.11717855,0.1778397
membalas gempa yogya korban meninggal jiwa bukan bencana nasional gempa palu korban meninggal jiwa bukan bencana nasional banjir sumatra korban meninggal jiwa bukan bencana nasional presiden sebelumnya kok ga dimaki krn ga bencana nasional,0,0,0.9610375,0.019422704,0.019539826
wakil panglima tni jenderal tni tandyo budi r meninjau langsung lokasi banjir bandang dan tanah longsor di desa garoga dan batuhulu tapanuli selatan sumatera utara sabtu desa garoga menjadi salah satu wilayah dengan kerusakan terparah di mana akses jalan utama tampilkan lebih banyak,0,2,0.35125703,0.16166565,0.48707736
membalas tetap terpantau wahai babi ini kondisi kejadian di satu desa di aceh tengah wih nggile silakan respon babi rb,1,1,0.041890826,0.95448023,0.0036289636
bupati aceh selatan minta maaf usai umrah tanpa izin saat bencana banjir banjirbandang banjirsumatera bupatiaceh kapanlagi kapanlagihariini kapanlagiwhatshot klmmd,1,0,0.81711054,0.14313221,0.039757177
kehadiran tim trauma healing polda riau membantu pemulihan psikologi korban bencana longsor dan banjir bandang di sumatera barat bukti kesiapan polri dalam menghadapi situasi darurat selasa red bull sumut sumbar pecat menhut launch,0,2,0.04786934,0.013568309,0.9385623
membalas setelah aceh sumut sumbar kini kalimantan datang banjir bandang apa yang salah dengan negeriku ini ya allah,0,1,0.39302233,0.5640432,0.042934377
kembali masyarakat sumsel kirim bantuan kemanusiaan bagi para korban bencana alam di aceh tamiang gubernursumsel wakilgubernursumsel hermanderu cikujang diskominfosumsel pemprovsumsel,0,0,0.84119123,0.06239021,0.096418515
setelah hampir satu pekan berada di tapanuli tengah dan sibolga gubernur sumatera utara bobby nasution menyampaikan kondisi terkini penanganan daerah terdampak bencana banjir dan longsor sumatra,1,1,0.15044011,0.8171928,0.032367148
bencana banjir kembali melanda wilayah sumatera selatan tepatnya di kabupaten muara enim pada sabtu pagi banjir sumatra muaraenim merdeka com banjir muara enim rendam tiga desa puluhan rumah terdampak akibat luapan sungai kelekar tiga desa di kabupaten muara enim dilanda banjir muara enim akibat luapan sungai kelekar merendam puluhan rumah dan membuat ratusan warga terdampak bagaimana situasi terkini,1,0,0.48492518,0.42742652,0.08764824
menhut raja juli psi dungu ada bencana banjir bandang sumut aceh dan sumbar yang mendewasakan orang lebih malah dibilang momentum yang baik dia juga tidak merasa bersalah dengan perubahan logo kemenhut dari kayu hutan dia ganti dengan sawit bersihkankabinetprabowo,0,0,0.9524607,0.023085617,0.024453713
awal bmkg mencatat curah hujan ekstrem di sumatera barat dan aceh akibat pengaruh la nin a lemah yang memicu banjir bandang di agam dan tanah datar sumatera utara dan riau beberapa kali dilanda hujan lebat berhari hari terutama saat puncak musim hujan desember,1,0,0.8466302,0.10485728,0.04851249
pdi perjuangan hadir di tengah banjir buka posko kesehatan untuk warga aceh utara pdi perjuangan hadir di tengah banjir buka posko kesehatan untuk warga aceh utara dari gesuri id,2,2,0.3200491,0.27559248,0.40435848
dia gak tahu kalau penyebab banjir di aceh separah itu dampak dari konsesi perusahaan sawitnya semoga video ini menjadi pembelajaran bagi mereka yang salah pilih apalagi memilih si anu karena amplop indomie dan minyak goreng murahan,0,0,0.5407922,0.40847737,0.05073035
membalas gue nggak heran banyak orang nggak terima sama pernyataan kayak gitu soalnya kondisi di lapangan parah banget sumatra lumpuh karena banjir dan longsor dan penyebab utamanya ya jelas hutan dirusak terus lahan dibuka sembarangan,0,0,0.9467349,0.025133261,0.02813178
halo insandiktisaintek kemdiktisaintek bersama perguruan tinggi di indonesia terus mendorong aksi pemulihan banjir dan longsor di sumatra,2,1,0.24648783,0.7075751,0.04593715
analis komunikasi politik hendri satrio menyoroti peningkatan komunikasi publik pemerintah terkait penanganan bencana di sumatera banjirsumatra banjir,1,1,0.039413687,0.95751303,0.003073305
membalas penanganan dampak bencana aceh sumatera oleh pemerintah sangat baik good job,2,2,0.26815188,0.23021673,0.5016314
badan penanggulangan bencana daerah bpbd sumatra utara bungkam ketika ditanya soal faktor lain selain hujan ekstrem yang memperparah banjir dan tanah longsor bpbd sumut bungkam soal dugaan faktor penyebab banjir di tapanuli utara dari mediaindonesia com,0,0,0.53231806,0.434196,0.03348595
pemerintah bergerak cepat menangani banjir di sumatra tanpa menunggu penetapan formal bantuan evakuasi dan koordinasi terus berjalan demi keselamatan warga pemerintah hadir,2,2,0.038681224,0.010537098,0.9507817
akun parodi gue liat video bpbd yg lagi evakuasi korban kecapekan beneran pengen nangis pas masih ksr dan volunteer di wilayah terdampak banjir yg ga segede sumatra aja udah se complicated dan semelelahkan itu padahal bantuan jg jor joran ga kayak yg di sumatra yg bahkan terisolasi,0,0,0.9325251,0.031310357,0.036164526
klarifikasi santai menko zulhas usai dih uj t panggul beras saat kunjungi korban banjir sumatera jambi tribunnews com klarifikasi santai menko zulhas usai dihujat panggul beras saat kunjungi korban banjir sumatera menko bidang pangan zulkifli hasan zulhas akhirnya buka suara menanggapi video viral yang menuai kritik tajam di media sosial,0,0,0.9258231,0.043700997,0.03047592
akun komentar sumatera kembali berduka banjir dan longsor yang melanda aceh sumatera barat dan sumatera utara meninggalkan kehancuran besar rumah rumah hanyut fasilitas umum rusak dan ribuan keluarga kehilangan tempat tinggal aceh jiwa terdampak meninggal tampilkan lebih banyak,0,0,0.91230017,0.045927852,0.041771993
membalas dan ri aja gak peduli sedang berkunjung ke pakistan entah urusan apa di tengah keprihatinan banjir longsor di berbagai daerah di indonesia khususnya di aceh sumut sumbar semua menteri kepala daerah pejabat tahu kalo ri hanya mampir sekejap stlh itu ngilang,0,0,0.86882824,0.058323078,0.07284864
membalas pengalaman bencana gempa aceh nias padang bencana longsor dan banjir jg bukan pertama kali daerah harusnya sdh siap dgn bencana besar pusat backup semuanya tidak harus dengan status bencana nasional,1,0,0.8164577,0.06596455,0.1175777
nekat hendak mencuri di rumah warga terdampak bencana aceh waspada modus baru ditengah musibah banjir sengaja diberitakan air laut naik supaya masyarakat panik lantas mereka akan melancarkan aksinya alhamdulillah aksinya gagal total sc awan muis rb,0,0,0.8366214,0.09568182,0.06769677
akun parodi membalas kota nya seperti kota zombie mayat manusia dan hewan di jalan semua akses disana tertutup harus jalan kakii ke kota nya dri seumadam soalnya masi tergenang air aceh tamiang bnyk org yg gatau dan aceh tamiang lebih parah dri tsunami aceh kemarin terimakasih,0,0,0.89668286,0.05113973,0.05217739
pray aceh sumut dan sumbar,1,1,0.37455282,0.57912904,0.04631805
kemenhub kn antares salurkan bantuan dan evakuasi korban banjir aceh kemenhub kn antares salurkan bantuan dan evakuasi korban banjir aceh dari elshinta com,0,0,0.95142883,0.02271348,0.025857754
prayforsumatera alleyesonsumatera innalillahi wa inna ilaihi rojiun stay safe teman teman di sumatera mari warga jaga warga insyaallah bantuan segera datang baik dari sesama warga maupun tuhan yme semoga kita semua selalu dalam dekap lindungan tuhan aamiin,2,2,0.029732611,0.007940067,0.9623273
kok berita bencana di sumatra ga heboh ya sumbar rata banjir hujan longsor temen ku org sana pada ngungsi di tempat yang sekira aman jalan putus lampu mati sinyal susah hujan angin ga berhenti,0,0,0.90766275,0.065752134,0.02658516
doa tulus untuk saudara saudara di aceh sumbar dan sumut terima kasih kepada pln yang memulihkan listrik siang malam semoga kondisi segera pulih dan semua diberi kekuatan aamin,2,2,0.28940982,0.06441398,0.6461762
di tengah situasi yang penuh tantangan bantuan ini diharapkan dapat memperkuat harapan menumbuhkan semangat serta mendukung proses pemulihan masyarakat agar dapat bangkit secara bertahap lpbinu nupeduli prayforsumatera prayforaceh,2,2,0.031247007,0.008290943,0.96046203
halo temanpemilih sekretaris kpu provinsi sumatera utara kpu sumut sapran daulay memberikan apresiasi kepada aparatur sipil negara asn kpu sumut atas kedisiplinan mereka dalam mengikuti apel pagi yang digelar setiap minggunya,2,0,0.686787,0.21490334,0.09830971
cape ngurus motor ieu meulina mah murah ririwitna moal aya jaba jibrug jaba mogok anzeeeengglah,0,1,0.2290964,0.74942124,0.021482347
pemerintah sigap untuk aceh sumatra bersama kita bersatu pulihkan wilayah aceh sumut dan sumbar,2,2,0.028965468,0.007589803,0.9634447
ngeri tak kuat pegangan tali momen dramatis penyelamatan warga yang terseret arus banjir di batang busuk padang kabarfajar com ngeri tak kuat pegangan tali momen dramatis penyelamatan warga yang terseret arus banjir di batu busuk padang sumatera barat kembali diterjang banjir susulan usai hujan deras di hari minggu,0,0,0.57033086,0.1463919,0.28327715
polda diy resmi memberangkatkan bantuan kemanusiaan untuk masyarakat terdampak bencana banjir dan longsor di sejumlah wilayah provinsi aceh sumatera utara dan sumatera barat bid humas polda diy instagram photos and videos dari instagram com,2,2,0.087628864,0.035590477,0.8767807
sebanyak perusahaan perusak lingkungan di aceh diungkap diduga berkontribusi terhadap banjir bandang yang merugikan masyarakat,0,0,0.93962055,0.035179418,0.025200019
banjir besar yang melanda kecamatan batang toru kabupaten tapanuli selatan sumatera utara pada akhir november lalu menyisakan kisah keberanian seorang polisi aipda jhon kennedy habiahan bhabinkamtibmas polsek batang toru turun langsung membantu warga saat sungai batang,2,2,0.16233787,0.044176567,0.7934856
membalas kalau dulu banjir disebut bencana alam skrng gw sebut banjir itu bencana yang disebabkan sama manusia udh bukan bencana alam lagi gila aja babat terus hutan sama pohon banyak hewan yg kehilangan tempat tinggal banjir pula orang kaya kalo kebanjiran tinggal ngungsi rb,0,0,0.94178396,0.0325431,0.02567297
empat ekor gajah dikerahkan balai konservasi sumber daya alam bksda aceh untuk ikut membantu membersihkan puing puing kayu hingga material berat yang terseret arus banjir bandang di pidie jaya tampak para gajah dengan perkasa memindahkan material kayu yang menumpuk di tampilkan lebih banyak,2,2,0.24014865,0.102999724,0.6568516
menindaklanjuti instruksi presiden prabowo subianto muhammad rahul mengirimkan paket sembako untuk membantu warga yang terdampak bencana banjir bandang di wilayah sumatera barat,2,2,0.029354678,0.0077100815,0.9629353
ya allah temen yg tinggal di aceh kena banjir sampai ngungsi ke kantor suaminya semoga banjirnya lekas surut,0,0,0.45582885,0.12976082,0.41441035
membalas beneran deh kerjasama pak polisi sama pln bikin hidup di sumbar normal balik,2,0,0.94911426,0.029096441,0.021789184
traumanya ada bgt meski dirumahku baru kena dikit tp kami semua panik karna terbayang rumah yg tenggelam jd memilih untuk ngungsi meskipun harus melewati arus air yg deras itu ditengah banjir itu di telp sm paman aku nanya keadaan akhirnya aku jawab sambil nangis,0,0,0.8828872,0.07515792,0.04195484
wujud nyata projo peduli bencana arahan budi arie setiadi pacu solidaritas nasional bagi sumatra melalui bantuan logistik dan perbaikan infrastruktur presiden prabowo projo tetap setia digaris rakyat projo serukan persatuan nasional untuk ringankan derita korban banjir sumatera dari news fin co id,0,2,0.11924626,0.03666644,0.8440873
akuu ga bisa nonton dream malem ini tampil di sbs rumah kuu kebanjiran dalem bgt aaaaaaa,0,0,0.9445002,0.030579137,0.02492054
aksi aipda edwien evakuasi ibu hamil di tengah banjir balangan bacakabar id aksi aipda edwien evakuasi ibu hamil di tengah banjir balangan balangan telepon yang berdering pada selasa dini hari sekitar pukul wita menjadi awal sebuah misi darurat bagi aipda edwien di ujung sambungan tersampaikan kabar seorang ibu hamil di,2,0,0.6632119,0.26403874,0.07274937
akun parodi medan hujan lagi mana lumayan deres doain ya semoga ngga banjir lagi,1,1,0.038588896,0.958454,0.002957077
bonus variasi mari terus dukung kerja nyata para taruna setiap langkah kecil mereka di aceh tamiang hari ini adalah kontribusi besar bagi ketahanan nasional di daerah terdampak bencana banjir yang melanda kemenkum jabar asep sutandar,1,2,0.033515785,0.009123315,0.9573608
akun parodi membalas dan ternyata hakim ini tdk tone deaf spt bgmn hakim saldi isra asal padang menyebutkan komen pejabat banjir sumatera hanya mencekam di medsos saatnya pemohon mengambil hati para judicial hero tentu dg strategis hrs bisa membuktikan legal standing dulu,2,2,0.24388815,0.11349445,0.64261746
demo besar bln agustus penabrakan ojek affan penangkapan aktivis keracunan mbg polemik ijazah jokowi bencana banjir longsor di sumatera penemuan gelondongan kayu di balik becana sumatra tolong pak presiden harus ada perubahan,0,0,0.9149302,0.05199126,0.033078495
intelektual muda jangan lupa dengerin info aktual hari ini selasa desember yang akan membahas mengenai ferry irwandi yang menghimpun m dalam waktu jam untuk korban banjir di sumatra barengan sama aku rista dan exau infoaktual,2,0,0.89411145,0.05499498,0.050893653
membalas bgtulah hanya celotehan aja prayforsumatera,0,1,0.06581108,0.9262504,0.007938575
membalas pdahal yg rumahnya rumah akibat bencana di semeru jateng guci dll banyak tapi mereka gak nuntut pemerintah pusat apapun semua ditanggung masing korban namun tak ada satupun yg iri dg perhatian presiden pd korban bencana aceh sumbar sumut yg dapat perhatian full presiden,0,0,0.9375269,0.030274462,0.032198574
nunggu waktu saja banjir prayforsumatera bencananasional bencanasumatera fypviraltwitter viral hutan bmkg longsor bencana,1,0,0.9124851,0.05518961,0.032325327
menteri dalam negeri mendagri tito karnavian mengungkapkan sumatera utara sumut menjadi wilayah yang cepat pulih pasca bencana banjir bandang dan tanah longsor sementara wilayah yang paling berat adalah aceh tamiang sebab di wilayah tersebut layanan pemerintahan belum,1,2,0.16547963,0.05080236,0.783718
membalas upaya rehabilitasi dan rekonstruksi yang berkelanjutan menunjukkan komitmen kuat agar aceh sumatra pulih dan kembali produktif,2,2,0.031928103,0.008490119,0.95958173
budiman sudjatmiko pastikan bp taskin hadir langsung di aceh mapping kebutuhan warga untuk pemulihan dan mencegah kemiskinan baru pasca bencana bptaskinfokuspascabencana ancaman lonjakan kemiskinan sumbar pasca bencana jadi perhatian khusus bp taskin harianhaluan id dari harianhaluan id,0,2,0.3537201,0.13018094,0.5160989
pesan natal prabowo hadir sebagai pengingat bahwa natal bukan hanya soal perayaan tapi juga kepedulian presiden perkuat solidaritas dengan mengajak seluruh rakyat bergotong royong membantu korban banjir dan longsor di sumatera,0,0,0.847136,0.061977286,0.090886585
hallo kaa bantuan memang sudah sampai ke beberapa wilayah yang viral banyak kabupaten di sumatra utara yang sama sekali tidak di beritakan contohnya seperti kabupaten langkat banjir sangat parah terjebak berhati hati di atap rumah masing masing,0,0,0.88924557,0.043272596,0.06748179
dia termasuk beruntung karena air ga masuk ke kosannya tapi ga dengan kosan lain dia ga bisa ngungsi ke atas karena banyak kayu dan tanah licin terus rentan banget longsor di bawah keadaan tambah parah banjir bandang masih terjadi sampai sekarang belum berhenti sama sekali,0,0,0.8987505,0.066584006,0.034665525
membalas pergeseran isu dan momentumnya pas disaat pemerintah dikritik habis habisan terkait penanganan bencana aceh mens rea pandji rilis di netflix dan digoreng habis habisan oleh buzzer asoy mantap,0,0,0.7484278,0.065177664,0.18639451
akun komentar aceh tamiang kembali digulung banjir besar jangan tertipu seolah bencana sudah selesai kenyataannya air masih naik ancaman masih nyata hingga detik ini aceh tamiang masih berjuang di tengah situasi yang mencekam rumah terendam akses terputus ribuan warga tampilkan lebih banyak,0,0,0.8865631,0.07066036,0.04277652
membalas dengan sinergi pusat dan daerah harapan terus tumbuh aceh sumatra bangkit menjadi bukti bahwa kebersamaan mampu menguatkan di tengah bencana,2,2,0.028545944,0.00745593,0.9639981
masyaallah kondisi saat ini di aceh tamiang ini akan panjang dalam proses pemulihan mari temen semua masih butuh ukuran tangan kita untuk saudara kita yang terdampak banjir dan longsor mari berikan donasi terbaiknya bsi a n yatim lovers,2,2,0.19327356,0.06035415,0.7463723
semoga ini hanya bentuk kegelisahan dan kemarahan sesaat saudara saya di aceh karena penanganan bencana yang dilakukan oleh pemerintah pusat kita kuat karena bersatu kita lemah karena terpecah belah prayforsumatera dari bayo suti,1,0,0.51156557,0.22583213,0.26260227
banjir besar landa donggala desa terendam dan infrastruktur rusak banjir besar landa donggala desa terendam dan infrastruktur rusak dari newestindonesia co id,0,0,0.95289046,0.021719474,0.025390012
badan nasional penanggulangan bencana bnpb menyampaikan perkembangan terbaru jumlah korban bencana alam di sumatra utara sumut sumatra barat sumbar dan aceh jumlah korban tewas dilaporkan bertambah satu orang sehingga total mencapai orang ada kenaikan jumlah tampilkan lebih banyak,0,0,0.9484099,0.027463099,0.024126995
ya rabb angkat semua penderitaan masyarakat yan terdampak prayforsumatera prayforsumatera,2,1,0.3244767,0.4690698,0.20645355
banjir aceh utara menyebabkan rumah hilang rusak berat dan terendam sebanyak jiwa mengungsi di titik kelompok rentan termasuk ibu hamil dan balita bupati minta pemerintah bangun hunian sementara segera mengingat cuaca sering hujan rb,0,0,0.9526133,0.023260605,0.02412618
kisah mengharukan personel brimob yang harus mengevakuasi jenazah ibunya saat menyisir tumpukan puing puing banjir dan longsor life indozone id kisah mengharukan brimob yang evakuasi sendiri jenazah ibunya korban banjir sumatera kisah mengharukan personel brimob yang harus mengevakuasi jenazah ibunya saat menyisir tumpukan puing puing banjir dan longsor,0,0,0.93398845,0.03403628,0.031975254
data korban jiwa data orang hilang dan data orang luka per november pukul wib sumber pos komando penanganan darurat bencana tapanuli utara info dari amamh jtp hutabarat prayforsumatra tapanuliutara batak batakcom prayfortapanuli,0,0,0.95623285,0.020486029,0.023281109
hujan deras di sejumlah daerah di provinsi aceh sumatera utara dan sumatera barat menyebabkan setidaknya orang meninggal dunia dan puluhan lainnya dilaporkan masih hilang,0,0,0.93025655,0.04841252,0.02133091
balai konservasi sumber daya alam bksda aceh mengerahkan empat gajah jinak terlatih dari pusat latihan gajah namanya abu mido ajis dan noni buat bantu proses pembersihan pasca banjir di pidie jaya tugas mereka buka akses yang ketutup puing evakuasi sampai bantu tampilkan lebih banyak rb,1,0,0.42519727,0.39262643,0.1821763
momen haru seorang anak menggendong ibunya yang stroke untuk menyelamatkan diri dari banjir susulan di kabupaten agam sumatera barat banjir susulan yang melanda kabupaten agam memaksa warga melakukan evakuasi cepat dalam keterbatasan dan situasi genting keluarga tampilkan lebih banyak,1,0,0.6700482,0.20277509,0.1271767
membalas kalau dilihat lagi dr google map posisi tanjung kaliang dan arah banjir jauh banget masak air bisa muter balik naik ke arah lokasi banjir sampaikan berita yg benar lah yg kaliang itu ada di kanan warna merah dekt air terjun guruh gemurai titik banjir dr arah padang panjang,1,0,0.82867897,0.09572125,0.07559974
di saat bencana datang tanpa diduga kepedulian kita bisa jadi harapan bagi mereka yang terdampak tukarkan mulai telkomsel poin untuk berdonasi bagi korban banjir di sumut aceh dan padang wujudkan bantuanmu lewat tukarpoinsekarang di mytelkomsel rb,0,2,0.3774837,0.19361569,0.4289005
akun komentar infonya jalan aceh medan sudah dibuka tapi masih ada daerah yg terendam banjir dan juga pasca longsor tanah mengeras dan setinggi atap rumah prayforsumatera prayforaceh,1,0,0.41245145,0.33587644,0.25167215
hidup lebih baik dimulai dari keputusan hari ini untuk keluarga untuk diri sendiri untuk masa depan pray for sumatera aceh sumut sumbar warondrugsforhumanity prayforsumatera,2,2,0.30103,0.122402176,0.57656777
menteri dalam negeri mendagri meminta desa desa di aceh yang rusak pascabencana banjir bandang dan tanah longsor dibangun ulang memakai anggaran pendapatan dan belanja negara apbn ini mungkin kami sarankan untuk desa ini kalau bisa dibangunkan dari apbn dari pusat karena tampilkan lebih banyak rb,0,0,0.931504,0.034756973,0.03373907
saat air naik seringkali emosi juga ikut naik itu manusiawi tapi hari ini mari kita ubah energi amarah menjadi energi untuk saling menguatkan prayforsumatera sumaterakuat pelukjauhsumatera dukasumateradukakita,0,0,0.92986286,0.03169517,0.038441926
lanud smh kirim ton bantuan ke aceh sumut dan sumbar sinurberita com lanud smh kirim ton bantuan ke aceh sumut dan sumbar palembang sinurberita com lanud sri mulyono herlambang smh palembang bersama forkopimda kota palembang mengirimkan sebanyak,2,2,0.04008431,0.011030381,0.94888526
ali muda s h anggota turun langsung meninjau lokasi bencana sekaligus memastikan bantuan dapat segera diterima oleh warga terdampak kunjungan ini dilakukan sebagai bentuk kepedulian dan respon cepat terhadap situasi darurat yang terjadi di kab pasaman barat,2,2,0.061823763,0.01816451,0.9200117
empat gajah sumatra jadi andalan bersihkan ratusan kayu pascabencana di lokasi banjir bandang aceh empat gajah sumatra jadi andalan bersihkan ratusan kayu pascabencana di lokasi banjir bandang aceh dari gonews co,2,2,0.18680887,0.06708741,0.74610376
kalian punya mata punya telinga kenapa ga dipake sih rakyat kalian itu lg menderita hehh tp bisa nya kalian msh yapping soal pencapaian negara yg se bullshit itu kenyataannya alleyesonsumatera prayforsumatera prayfortapanuli prayforsibolga prayforaceh,0,0,0.95138186,0.023505732,0.02511242
personel dit samapta polda riau melakukan bantuan pembuatan jembatan darurat di prov sumbar kapoldariaubantusumbar kapoldariiaubantuaceh kapoldariaubantumedan poldariaubantubencana herimenbantuaceh herimenbantusumbar herimenbantumedan prayforsumatera lekaspulihsumatera,2,2,0.029272025,0.0076440093,0.963084
capeeeeee bggtttttt balik kerja naik grebbb abangnya lama bgttt di jalan nunggu biskita juga lamaaa bgt busway nya juga lama bgttt ngetemnya abis ituuuu dijemput nya juga lama pas smpe rumah air di rumah mati sanyo nya,0,0,0.9270599,0.047299836,0.025640266
membalas dan tp di aceh sendiri lebih sering sosialisasi gempa dan tsunami drpd bencana longsor dan banjir bandang mgkn kajian soal ini bakal lebih banyak dikembangin kedepannya,1,0,0.72169703,0.07263952,0.20566341
membalas kami percaya kita dapat melalui semua cobaan ini dengan kuat prayforsumatera,2,0,0.6371865,0.23106818,0.13174526
ketua komisi iv dprd sumbar doni harsiva yandra s ip m e mengajak seluruh pihak untuk bahu membahu membantu penanganan bencana di sumatera barat,2,2,0.097788654,0.033913456,0.86829793
ga semua yang terkena bencana adalah orang baikk sisi gelap becana sumatra prayforsumatera mohan motor gubernur aceh minggu mamah nikah amanda zahra des iko uwais donasi tatangdr,1,0,0.9485535,0.026262606,0.025183877
cuaca ekstrem hantam empat kabupaten di sumut bnpb delapan warga meninggal ribuan rumah terendam sangkala id cuaca ekstrem hantam empat kabupaten di sumut bnpb delapan warga meninggal ribuan rumah terendam sumut sangkala id badan nasional penanggulangan bencana bnpb melaporkan empat kabupaten kota di sumatera utara sibolga tap,0,0,0.9209362,0.047858983,0.031204851
aceh sumatera update pemerintah akan memberikan hubuan layak untukk korban banjir sudah selayaknya rakyat akan dapet hunian baru semoga ini cepat di bangun,2,0,0.4337727,0.2941343,0.27209303
banjir bandang yang menggerus setengah sumatra dan menewaskan ribuan orang ini mestinya membuat semua sadar dan melakukan mitigasi dan audit segala perijinan yang mengundang resiko banjir bandang pembangunan perumahan di area lembah di bawah setu bojongsari ini contohnya tampilkan lebih banyak,1,0,0.9417893,0.028576775,0.029633911
ya aksi perbaikan kursi sekolah pasca banjir di aceh tamiang ini memang langkah konkret dinas pendidikan aceh udah rehab sekitar unit meja dan kursi yang rusak biar belajar siswa aman dan nyaman lagi hemat biaya dan ramah lingkungan juga semoga pemulihan pendidikan di,0,0,0.8702127,0.046693712,0.08309364
membalas lebih itu di sumbar aja skrg evakuasi udh dihentikan dan msh banyak korban yg blm ketemu literally mereka yg di jembatan kembar itu pdhal cm di rumah doang gak ketemu smpe skrg akhirnya warlok cm bs nabur bunga krn desa abis gmn di sibolga sm aceh yg lebih parah lg rb,0,0,0.9017527,0.04665574,0.05159146
dari total itu sebanyak kk atau jiwa memilih tidak mengungsi sementara kk atau jiwa lainnya terpaksa harus mengungsi ketempat saudaranya karena rumah mereka terendam banjir dan tidak bisa ditempati banjir wargamengungsi banjir kepung kecamatan di aceh timur jiwa terpaksa mengungsi serambinews com dari aceh tribunnews com,0,0,0.9171374,0.04718754,0.03567514
banjir sumatra sebagai dampak nyata deforestasi,0,1,0.060953718,0.9293207,0.009725577
update terbaru bencana banjir dan tanah longsor di sumatera bnpb menyampaikan korban meninggal akibat bencana banjir dan tanah longsor di aceh sumatera utara dan sumatera barat hingga selasa mencapai jiwa foto hanya pemanis rb,0,0,0.78934103,0.08192625,0.12873276
kemensos alokasikan rp miliar untuk dapur umum titik di aceh sumut sumbar percepatanpemulihan kunjungan kedua prabowo,1,1,0.07830517,0.9124337,0.00926108
dari aceh hingga sumatera barat polri menjaga keamanan nasional dengan kerja nyata di lapangan menolong korban memulihkan wilayah dan menguatkan ketahanan sosial pascabencana polriuntukmasyarakat,0,0,0.8745137,0.06754396,0.057942368
anggota komisi ix dpr ri ade rezki pratama melakukan respons cepat membantu masyarakat yang terdampak bencana di sumatera barat ade rezki turun langsung ke sejumlah lokasi banjir bandang di kota padang serta beberapa titik di kabupaten padang pariaman,2,2,0.03718176,0.010518447,0.9522998
membalas kalau rumah rakyat yg sdh hilang diterjang banjir kapan dibangun pak mereka semua tdk ada tempat berlindung masakan dipengungsian selamanya,0,0,0.95161015,0.025765624,0.022624278
kemensos berdagang timpanan filantropi salurkan aid logistik korban bangkai dan landslip kemensos gandeng filantropi salurkan bantuan logistik korban banjir sumatra dari thecuy com,2,0,0.9544843,0.021959035,0.023556635
itu yang punya rumah lagi berduka wajar aja ditinggalin lagian ga ada yang tahu banjir kapan datang itu anjingnya udah di evakuasi,0,0,0.95623314,0.021838104,0.02192872
kepala satuan koordinasi wilayah kasatkorwil banser riau agus rianto memimpin banser tanggal bencana bagana ke provinsi aceh untuk membantu proses evakuasi dan penanggulangan dampak bencana banjir yang melanda sejumlah daerah khidmahtanpabatas nu or id banser riau dikerahkan bantu penanganan dampak banjir dan tanah longsor aceh banser riau bakal membantu penanganan dampak banjir aceh mereka dibekali kompetensi khusus termasuk operasi pencarian evakuasi pertolongan pertama,2,2,0.13873768,0.073547415,0.78771496
jumlah korban bencana hidrometeorolog sudah mencapai ratusan orang jakarta november jumlah korban bencana hidrometeorologi di sumatera utara sumatera barat dan aceh update sampai dengan hari ini jum at november jam wib berdasarkan data informasi tampilkan lebih banyak rb rb rb,0,0,0.9481203,0.026606599,0.025273139
salut lihat polda sumbar turun langsung bantu warga terdampak bener bener melakukan upaya perbaikan buat mereka yang butuh wujudkansumaterapulih,2,2,0.027645452,0.0072176973,0.96513677
membalas solidaritas tni polri pemerintah relawan dan warga jadi bukti kalau kita kuat karena bersama bangkit lebih kuat aceh,2,2,0.027818996,0.0072257263,0.9649553
banjir lahar lewotobi terjang desa nurabelen ntt empat rumah terendam radarbangsa com banjir lahar lewotobi terjang desa nurabelen ntt empat rumah terendam,0,0,0.94168204,0.035845682,0.02247234
badan pusat statistik bps melibatkan ratusan mahasiswa politeknik statistika stis dalam pendataan pascabencana sumatra di sejumlah wilayah terdampak guna mendukung kebijakan rehabilitasi dan rekonstruksi berbasis data hal ini disampaikan kepala bps amalia adininggar tampilkan lebih banyak,1,1,0.05116934,0.9428774,0.0059532234
membalas tahun ini memanglah berat apalagi buat rakyat aceh sumut sumbar yang kena musibah,0,0,0.7789872,0.18666072,0.034352075
setelah banjir surut masalah baru muncul motor tak bisa dipakai aktivitas terhambat relawan pks hadir membuka servis gratis sepeda motor di posko pks dpd pks kab tamiang aceh rb,2,0,0.82476896,0.04568843,0.12954257
arus deras saat banjir masuk ke pemukiman kepanikan warga kuranji kota padang histeris minta bantuan karena takut rumah ambruk arus deras saat banjir masuk ke pemukiman kepanikan warga kuranji kota padang histeris minta dari ronajateng com,0,0,0.4917296,0.15046737,0.35780308
video ratusan rumah di kota padang terendam banjir cnnindonesia com video ratusan rumah di kota padang terendam banjir ratusan rumah di kota padang terendam banjir rb,0,0,0.7699412,0.19983615,0.030222597
gila cok sumatera udah sebegitunya tapi gaada lewat aksi nyata pemerintah pusat malah nyuruh guru nambah kurikulum jaga hutan di sekolah udah mah gaji kecil banget kudu make mikroskop tapi semua beban di pundakin ke mereka,0,0,0.8069231,0.06160076,0.13147613
delapan daerah di riau tetapkan status siaga banjir dan longsor info riau memasuki puncak musim hujan delapan daerah di provinsi riau resmi menetapkan status siaga darurat bencana hidrometeorologi penetapan ini dilakukan sebagai langkah antisipasi apelpagi trending,0,1,0.10789109,0.8791799,0.012929006
kenapa sih pada berbondong bondong pencitraan jd pahlawan di banjir sumatera ya kalo emang mau bantu yaudaa cepetan bantu gausah pake babibu omon kebanyakan ngevlog warga tuh banyak lagi krisis krisis makanan tempat tinggal bensin air bersih dll pls lah,0,0,0.88775516,0.05448617,0.05775865
kalimantan selatan diterjang banjir bandang seperti bencana ekologis di sumatera derasnya arus air rendam hampir setinggi rumah,1,1,0.40990925,0.5646102,0.025480485
banjir masuk rumah kocakkk mau izin setengah hari semoga bisa gayssss,1,0,0.93725497,0.033960614,0.028784465
electrimate ditengah upaya percepatan pemulihan kelistrikan pasca bencana banjir bandang yang melanda aceh sumatera utara dan sumatera barat pln electricity services es menyalurkan donasi dari pegawai untuk para personel yang terdampak bencana di sumatera utara,2,2,0.031502467,0.008485795,0.9600118
sakit bgt gaza di bom lagi aceh kedatangan banjir lagi banyak org kelaparan ya allah wafatkanlah kami kalau itu lebih baik hidupkanlah kami kalau itu lebih baik sungguh engkau tau segala sesuatu yg terbaik,0,0,0.92574716,0.031011779,0.043241005
dari evakuasi hingga bantuan logistik langkah cepat pemerintah dalam penanganan banjir aceh menunjukkan komitmen kuat melindungi masyarakat negara benar benar hadir pemerintahhadir acehbangkit pedulibanjir,2,2,0.032093897,0.008511236,0.9593949
menhan sjafrie mengatakan indonesia bisa menangani bencana banjir dan longsor di sumatera tanpa bantuan pihak asing penanganan bencana saat ini disebut berbeda dengan tsunami aceh pada menhan sebut ri bisa atasi bencana sumatera sendiri beda saat hadapi tsunami dulu dari news detik com rb,2,0,0.64769876,0.18667197,0.16562924
yes nyata sekali salah satunya karyanya adalah rumah saya terendam pak terimakasih pak,0,2,0.07751566,0.025049213,0.8974351
warga apresiasi upaya pemerintah normalisasi sungai batang kuranji di sumbar bisa nikmati jalan seperti semula jakarta sungai batang kuranji di padang sumatra barat meluap hingga menyebabkan banjir bandang pada november lalu warga setempat bernama asriluju bercerita tampilkan lebih banyak,2,2,0.031509895,0.008553605,0.95993656
di x sbnernya juga ada begitu cuma ya karna bbrapa hari kmren itu aku scroll tiktok jd yg keliatan yg di tiktok di x malah isi tl ku fanwar kpop banyakan atau fish it jd ketutup kadang tiap lewat fyp di tiktok vid banjir disini yg parah gitu aku jd ragu mau buka komennya,0,0,0.906657,0.0481399,0.045203052
bukan daerahnya ini aja yang kena bencana banjir seluruh sumatera cuma memang agak lain kota ini kayu dan lumpur tak ada bukti kota darurat kelaparan tolong di kawal cctv masjid agung sibolga y jangan hilang kena jarah karean bukti kuat hukum negara,0,0,0.9027319,0.04653096,0.050737184
penutup akhir tahun di indonesia banyak bgt kejadian contohnya banjir sumatra kebakaran gedung sekarang mobil mb g nabrak sd beserta siswanya,0,0,0.9483162,0.028231448,0.023452321
sebanyak jenazah korban bencana banjir dan longsor di aceh sumatera utara dan sumatera barat ditemukan pada senin jumlah korban pun terus bertambah hingga selasa pukul wib berdasarkan data terbaru yang dirilis badan nasional penanggulangan bencana tampilkan lebih banyak rb,0,0,0.95410323,0.024048416,0.021848338
rumah rusak akibat banjir jadi prioritas utama untuk segera dibangun kembali aceh sumatera update,0,0,0.6248901,0.1855497,0.1895602
bencana banjir badang longsor akibat badai siklon tropis senyar di aceh sumatera utara dan sumatera barat adalah fakta alam bukan bahan false flag politik saat sebagian sibuk berisik di timeline menuduh negara absen di lapangan evakuasi berjalan akses dibuka jembatan,1,0,0.82859474,0.07451179,0.09689346
lapas perempuan kelas iib padang bagikan bantuan donasi dari imipas peduli kepada wbp lpp padang yang terdampak banjir bandang di sumatera barat,2,2,0.2651091,0.20838796,0.526503
membalas sumut sumbar aceh ngalamin masa berat tapi polisi tanggap bencana hadir jadi harapan pertama buat warga yang gak tau harus kemana saat air makin naik terimakasih polri,2,2,0.4027122,0.12463254,0.47265527
membalas kok gw curiga yah mens rea ini cuma bahan pengalihan issue doang agar bencana banjir di sumatra dan aceh ga dibahas lagi perusuaan gede yang kesorot msalahnya,0,0,0.9481962,0.026135491,0.025668412
aceh sumatera update pemerintah berkomitmen mengganti semua rumah warga yang terseret banjir termasuk memperbaiki rumah yang rusak,0,0,0.8585296,0.08029113,0.0611792
mari panjatkan doa untuk saudara kita yang berada di sumatera semoga selalu diberikan perlindungan dan keselamatan lekas membaik prayforsumatera rb,2,2,0.15821104,0.046032794,0.7957562
untuk transparansi bantuan ke masyarakat bupati aceh utara ayahwa penyaluran harus disertai video acehutara penyaluranbantuan banjir,1,2,0.19730987,0.0793093,0.72338086
kemensos bantu perkuat layanan penanganan bencana aceh sumut dan sumbar jakarta kementerian sosial ri memperkuat penanganan bencana banjir di provinsi aceh sumatera utara dan sumatera barat dengan terus mensuport dan bekerjasama dengan bnpb tni polri bpbd pemda dan tim,2,2,0.04144261,0.011868746,0.94668865
membalas update kemarin valid masih ada desa yg terisolasi listrik masih mati aceh tengah dan bener meriah btw aku org bener meriah sendiri tp berita udh ga ramee rb,0,0,0.7732738,0.082911,0.14381517
membalas ganti kepala bnpb sangat slow respon untuk bencana sekelas sumatra yg sekarang terjadi ga guna pangkat letjen tapi koordinasi ngga karuan,0,0,0.46381003,0.22817096,0.3080191
bkn hny di darat pemerintah juga kerja di udara cuaca ekstrem masih terjadi di beberapa wilayah sumatera tak terkecuali di daerah terdampak bencana walaupun sdh dilakukan modifikasi cuaca tetap waspada waspada bencana susulan bnpb imbau warga perhatikan hujan intensitas tampilkan lebih banyak rb,1,1,0.21230735,0.6983196,0.089373074
pemprov sumbar perpanjang status tanggap darurat bencana pemprovsumbar gubernursumaterabarat masatanggapdarurat diperpanjang pemprov sumbar perpanjang status tanggap darurat bencana dari elshinta com,1,1,0.03105757,0.96629894,0.0026434935
membalas dan banjir di jabar setelah kdm sdh berada di sumbar bukan meninggalkan warga jabar saat banjir datang baca berita kami warga jabar ga merasa ditinggalkan kdm masa ada masalah apa apa harus kdm jabar kan punya walkot bupati harus kerja atuh mereka juga,0,0,0.5935063,0.1444526,0.26204103
akun komentar rakyat setiap hari berjuang menyambung hidup sementara harapan terasa makin jauh yang dibutuhkan bukan sekadar laporan tapi empati tindakan dan keberpihakan nyata prayforsumatera aceh sumut sumbar daruratkemanusiaan dari zulfikar akbar,0,0,0.54345316,0.22882614,0.22772075
seskab teddy kembali mendampingi presiden dalam kunjungan ke daerah terdampak bencana di aceh kehadiran ini menegaskan komitmen pemerintah dalam penanganan bencana dan pemulihan sosial ekonomi masyarakat,1,2,0.03842369,0.010504449,0.95107186
ngapain pakai persiapan segala aceh sumbar sumut sudah teruji sebulan lebih mrk survive ditengah banjir lumpur dan tumpukan kayu gelondongan secara akal pasti kita juga mampu gak perlu siap yg penting kita selalu ingat alloh minta perlindungan padanya,0,0,0.89237815,0.0477309,0.059890937
membalas telkom indonesia berkomitmen untuk mengembalikan layanan dan konektivitas secara optimal untuk mendukung kebutuhan digital masyarakat indibizsumatera banjirsumatera prayforsumatera,1,2,0.029198457,0.007722748,0.9630788
apa gue bilang hari setelah ketahuan penyebab banjir di sumatra adalah perusahan mili langsung jadikan itu kartu as untuk lawan tim reformasi polri dan hanya bayang bayang,0,0,0.935113,0.031299062,0.03358796
membalas dulu pas di rumah lama kebanjiran nya sering bgt kebanjiran padahal ujannya ga lama tapi klo deres pasti banjir dikit banjir puncaknya pas januari tuh sampe se dada orang dewasa ampe ga bisa ngungsi di lantai soalnya bakal susah keluar buat cari makan,0,0,0.9426358,0.029863512,0.027500747
warga sudah mulai menempati rumah sementara aceh sumatra bangkit,2,2,0.041181494,0.011918147,0.9469003
kodaeral i prajurit lanal lhokseumawe salurkan bantuan logistik ke wilayah terisolasi aceh utara aceh utara prajurit satgas gulbencal kodaeral i bersama prajurit lanal lhokseumawe melaksanakan pendistribusian bantuan logistik kepada masyarakat terdampak banjir,0,2,0.08667056,0.027593933,0.8857355
empat kabupaten di sumatera utara sibolga tapanuli utara tapanuli tengah dan tapanuli selatan mengalami banjir banjir bandang dan longsor akibat cuaca ekstrem pada senin dan selasa bnpb pun mengambil langkah penanganan darurat kepala bnpb letjen tni tampilkan lebih banyak,1,2,0.37227887,0.10419797,0.52352315
akun parodi aksi cepat tanggap di tengah banjir meurah mulia aceh utara tim bgn badan gizi nasional dan sppg menyalurkan makanan bergizi mbg langsung ke warga terdampak khususnya anak anak gotong royong ini meringankan beban mereka yang kehilangan akses makanan,0,2,0.0483164,0.01400183,0.9376818
akun komentar membalas banjir itu akan terus berlngsung selama penebangan terus terjadi di hulu rb,1,1,0.12051701,0.8672879,0.012195095
akun parodi projo peduli bencana setia digaris rakyat budi arie setiadi mengajak bangsa bangkit bersama pasca bencana projo ajak publik bersatu hadapi banjir besar di sumatera dari gonews co id,2,2,0.030150712,0.007911047,0.9619383
membalas oalahh selalu jaga kesehatan ya by cuaca di sana lagi ekstrem juga ga iyah aku di sumatra kebagian hujan deras tapi ga sampai berhari hari seperti di beberapa daerah yg banjir parah itu ulah pemerintah eek gini deh alam jadi ngamuk nak join lah aku ke cn by,0,0,0.8070155,0.13079503,0.06218947
membalas upaya masyarakat membangun hunian sementara menjadi bagian dari ketahanan bersama aceh sumatra pulih melalui kerja gotong royong dan dukungan negara,2,2,0.030144671,0.007899226,0.9619562
sumutberduka provinsi sumatera utara khusus wilayah tapanuli selatan tapanuli tengah sibolga sedang dilanda bencara alam banjir dan longsor akibat curah hujan tinggi semoga keluarga kita disana semoga aman dan baik saja selalu dalam lindungan aminn sibolga tapsel rb,0,0,0.5156255,0.16265507,0.32171944
tidak tepat menyalahkan pemerintahan presiden prabowo wwf indonesia menilai musibah banjir bandang dan tanah longsor yg melanda aceh sumatra utara sumatra barat adalah akumulasi dari tata kelola lingkungan yg bermasalah selama bertahun tahun lampau wwf indonesia sebut banjir sumatra bukan kesalahan menhut sekarang ini alasannya dari suara com,1,0,0.81211424,0.074878536,0.11300728
membalas mungkin suatu saat akan sama kayak yg baru baru ini di sumsel ulah serakahnya manusia,0,1,0.19445887,0.7930621,0.012478986
membalas dan lainnya utuk tujuan penambah semangat ummat dan korban bencana aceh sumut dan sumbar bahwa mereka tidak sendirian banyak saudara saudara mereka yang perduli jangan terfokus dengan kisruh saja mugo jenengan paham yo ojo nesu meneh,0,0,0.8869344,0.05137279,0.061692778
banjir bandang dan longsor menerjang di empat kabupaten di sumatera utara yang meliputi sibolga tapanuli utara tapanuli tengah dan tapanuli selatan apakabar pak gubernur bobby nasution,1,0,0.8328127,0.07108492,0.09610224
membalas dan brisik aja rumah mama aku aja kena di kota walau lumpur sebetis capek bersihkannya karna lumpur mengeras bukan air banjir hancur rumah rusak semua prabot mama kak pocut sekarang tdr di rumah abang dia ngak masuk air waktu pertama kejadian kak pocut fikir hanya banjir biasa,0,0,0.7975544,0.10391779,0.098527886
membalas hampir ribu anggota bapak yg dikirim ke aceh sumut sumbar apa ga ada yg ditugasin u jga jemputan bailey pak ko ada yg buka baut jembatan sampe ga ketahuan,0,0,0.6810548,0.15981598,0.15912926
antusias warga sambut kehadiran wakil presiden gibran rakabuming raka saat wapres tinjau banjirkalsel di sungai tabuk turun langsung memastikan kondisi warga dan penanganan berjalan cepat bukti negara hadir di saat rakyat butuh gibranpedulirakyat wapres gibran tinjau banjir di sungai tabuk disambut antusias warga antara news kalimantan selatan dari kalsel antaranews com,2,1,0.06999375,0.9175758,0.012430519
persoalan daerah bekas bencana banjir sumatra kembali banjir lagi selepas hujan tuh solusinya evakuasi artinya gaboleh ada yang menetap permanen di sana sampai rehabilitasinya selesai soalnya mah habis bencana besar ya lingkungannya ga cocok untuk tempat tinggal,0,0,0.83769596,0.07219945,0.090104565
udah dua hari ngungsi rumah ku tenggelem pls ini bantuan dikit pun ga ada makan cari sendiri ngelewatin banjir banjir tinggi air mati listrik mati stresssssss,0,0,0.9507249,0.025218561,0.024056526
banjir besar yang melanda aceh kembali tunjukkan dampak yang kian meluas di desa kuala cangkoy ribuan warga yang mengungsi terlihat mengantre panjang untuk dapat makanan foto detikfoto fotonews banjir aceh makin parah ribuan pengungsi antre makanan di kuala cangkoy dari news detik com rb,0,0,0.8316848,0.09466628,0.07364883
tangis dan harapan aceh tamiang wakapolri tinjau lokasi bencana banjir aceh tamiang acehtamiang aceh banjir banjirbandang wakapolri,1,1,0.41821226,0.46391168,0.11787603
komitmen presiden jelas prabowo pulihkan pascabencana lewat percepatan pembangunan rumah korban bencana di wilayah terdampak banjir prabowo terima laporan rosan soal hunian untuk pengungsi di sumatera antara news jambi dari jambi antaranews com,0,0,0.68332696,0.17263885,0.14403419
progres pemulihan pasca bencana aceh sumut sumbar sumaterabangkit bersatuindonesiaku fyp viral fyp indonesiamaju,2,1,0.05297148,0.94036347,0.006665085
membalas kolaborasi lintas sektor seperti ini patut diapresiasi sinergi pemerintah tni polri dan masyarakat menjadi kunci percepatan pemulihan pascabencana semoga upaya yang dilakukan terus konsisten dan memberikan dampak nyata bagi kebangkitan aceh dan sumatera utara aamiin,2,2,0.03085609,0.008188511,0.9609554
babinsa desa karang jadi koramil belitang serda iwan bersama bhabinkamtibmas setempat bergerak cepat evakuasi warga yang terseret arus banjir kamis,0,2,0.065599926,0.020609828,0.91379035
begini cara pemerintah percepat hunian bagi warga terdampak banjir longsor di aceh sumatera utara sumatera barat prabowosubianto pemerintah dekade,1,1,0.19000053,0.73153955,0.07845988
membalas akses jalan terputus listrik mati total sinyal hilang rumah sakit terendam di provinsi dan pemerintah pusat belum menetapkan sebagai bencana nasional,0,0,0.9310862,0.030809894,0.038103916
banjir dan longsor yang terjadi di wilayah sibolga tapanuli selatan tapanuli tengah dan tapanuli utara memutus akses jalan dalam proses pemulihan listrik semua bekerjasama demi menyalakan kembali harapan masyarakat sumatera utara plnuntuksemua plnuntukindonesia prayforsumut,2,2,0.052197725,0.01478833,0.9330139
banjir rusak puskesmas dan polindes di aceh timur banjir rusak puskesmas polindes aceh timur berita info matamaluku com banjir rusak puskesmas dan polindes di aceh timur banda aceh dinas kesehatan kabupaten aceh timur mencatat sebanyak bangunan puskesmas dan pondok bersalin desa polindes di sejumlah kecamatan mengalami kerusakan akibat banjir yang melanda,0,0,0.91421336,0.04507935,0.040707216
donasi peduli bencana sumatera di solsel tembus rp miliar bakal segera diserahkan penggalangan dana untuk korban bencana hidrometeorologi yang dilakanakan selama rangkaian acara peringatan hari jadi kabupaten solok selatan ke menembus angka kupasonline com donasi peduli bencana sumatera di solsel tembus rp miliar bakal segera diserahkan kupasonlin kupasonline com penggalangan dana untuk korban bencana hidrometeorologi yang dilakanakan selama rangkaian acara peringatan hari jadi kabupaten solok selatan,0,0,0.64245814,0.11099242,0.24654946
akun parodi membalas saat jalan terputus dan rumah terendam prabowo datang menyapa warga satu per satu ada ketegasan tapi juga empati semua bergerak cepat karena prabowopedulisumatera respons cepat negara bukan hanya slogan tapi aksi nyata,2,2,0.06383991,0.018531967,0.91762817
kompleks perumahan pandan asri di kabupaten tapanuli tengah sumatera utara menjadi salah satu wilayah yang terdampak bencana banjir dan longsor yang menerjang aceh sumatera utara dan sumatera barat satu bulan pascabencana akses jalan masih dipenuhi lumpur tebal yang tampilkan lebih banyak,0,0,0.6680707,0.26474693,0.06718245
akun parodi membalas kami sudah jelaskan tujuan ke aceh membawa bantuan dokumen kendaraan ada tapi tetap dipersulit ujarnya situasi semakin menekan ketika muncul ucapan petugas yang dinilai bernada ancaman dia bilang perjalanan masih jauh mau aman nggak ungkap rizki,0,0,0.86919725,0.07773917,0.053063627
bencana banjir dan longsor di utara sumatera menyebabkan banyak rumah warga rusak hingga hanyut pemerintah menyiapkan hunian tetap huntap gratis bagi korban yang kehilangan tempat tinggal dirjen kawasan permukiman kementerian perumahan dan kawasan permukiman pkp tampilkan lebih banyak,0,0,0.9483219,0.030322375,0.021355754
bnpb pasang jembatan bailey untuk pulihkan akses terputus di sumbar bnpb pasang jembatan bailey pulihkan akses terputus sumbar berita info matamaluku com bnpb pasang jembatan bailey untuk pulihkan akses terputus di sumbar jakarta matamaluku badan nasional penanggulangan bencana bnpb mulai memasang sejumlah jembatan darurat atau bailey di beberapa titik di sumatra barat guna memulihkan akses yang terputus akibat,2,2,0.05320933,0.021443587,0.9253471
bnpb sebut drainase di sejumlah titik di aceh tamiang masih tersumbat lumpur bnpb sebut drainase di sejumlah titik di aceh tamiang masih tersumbat lumpur dari kompas tv,1,1,0.0349888,0.962252,0.0027591551
tujuh minggu pascabanjir melanda aceh sumatra kondisi warga masih belum sepenuhnya pulih di sejumlah desa kebutuhan pokok seperti air dan listrik masih sulit diakses beberapa warga pun kehilangan mata pencaharian karena perkebunan mereka rusak dilanda banjir di bener tampilkan lebih banyak,0,0,0.89193535,0.07795192,0.030112738
akun parodi maaf ya ges kalo aku lagi gak hype bts dulu apalagi dengan keadaan indonesia yg kena banyak bencana alam sedih ngeliat berita tentang banjir di sumatra blm lagi liat satwa disana yg kehilangan rumahnya hancur hati ini ngeliat itu smua gimana caranya nolong satwa disana,0,0,0.846038,0.07097452,0.082987554
kondisi banjir depan kos aku tadi pagi dan siang ini udah mulai surut sementara harus ngungsi karena masih siaga takut debit air naik lagi stay safe buat semua jl irigasi pasar baru arah kampus universitas andalas prayforsumatera prayforsumbar,1,0,0.90698117,0.04286822,0.05015063
repost kementerian atrbpn by halo sobatrbpn saat ini saudara kita di provinsi aceh sumatra utara dan sumatra barat sedang mengalami musibah banjir serta longsor untuk itu kementerian atr bpn membuka donasi bagi masyarakat yang terdampak mari bersama,1,0,0.7130108,0.09940868,0.18758059
solidaritas tak mengenal jarak gubernur banten andra soni menyalurkan bantuan kemanusiaan sebesar rp miliar dari pgri provinsi banten untuk korban bencana alam di sumatera utara sumatera barat dan aceh bantuan ini merupakan bagian dari total donasi rp miliar yang tampilkan lebih banyak,0,0,0.9243422,0.03636327,0.039294444
dan paling biadabnya rejim ini tak satupun instansi pemerintah atau swasta yg diseret ke pengadilan atas deforestasi penyebab banjir dan tanah longsor yg menelan ribuan nyawa di sumatra dan termul serta penjilat samsul msh ngomngin pilpres dasar bedebah,0,0,0.93122995,0.030626956,0.038143016
banjir bawa gelondong kemenhut bawa solusi cepet negara tangguh kemenhutgerakcepat bersihpascabencana greenindonesia,2,0,0.4425318,0.43696317,0.12050505
membalas dan apakah tempo pny data brp hutan primer yg msh tersisa di aceh sumut sumbar brp das di prov tsb yg masih eksis terjaga mayoritas das hny pny kapasitas tersisa dgn kerusakan lingkungan hutan yg begitu parah brp optimal mitigasi bencana bisa dilakukan,0,0,0.94146365,0.030591398,0.027944876
pemulihan pasca banjir sumatera jalan tersambung hunian dibangun pemulihan pasca banjir sumatera jalan tersambung hunian dibangun pemerintah terus melakukan pemulihan pascabencana di sumatera ruas jalan dan hunian telah siap layanan kesehatan dan ekonomi mulai pulih,2,2,0.026695525,0.0070177144,0.9662868
akun parodi membalas mikirin bgt urusan negara lain aceh masih blm pulih noh,0,0,0.8435171,0.07385709,0.08262584
membalas menunggu sampai jatuh korban berapa lagi sampai bencana ini di tetapkan sebagai bencana nasional wo prayforsumatera bencananasional,0,0,0.95550364,0.023643224,0.020853106
membalas banjir tapanuli lebih parah dari yang dibayangkan pembalakan liar biang kerok sebelum tapanuli sudah sering banjir gara gara pembalakan liar di hutan sumut akhir banjir tanah batu mengungsi rumah rusak sarekat islam galang dana di medan tampilkan lebih banyak,0,0,0.95686895,0.021847717,0.02128333
cerita warga aceh tamiang saat banjir datang bertahan di atap dengan kondisi gelap gulita cuma bisa teriak minta tolong jurnalnews id cerita warga aceh tamiang saat banjir datang bertahan di atap dengan kondisi gelap gulita cuma usai banjir datang listrik terputus dan membuat malam gelap gulita saat para warga berteriak minta tolong kepada tim penyelamat sampai m,0,0,0.7821139,0.09115226,0.12673381
melihat aceh tamiang dari udara seperti tsunami jilid semoga allah ta ala segera memulihkannya prayforsumatera prayforaceh bencanaalam rb,0,2,0.036810078,0.01026317,0.9529267
bencana datang tanpa izin namun negara hadir tanpa menunggu demi keselamatan masyarakat di aceh pemerintah sigap untuk aceh sumatra terus bergerak bersama tni dan warga menghadapi kondisi darurat fyp fyp viral beritatiktok aceh sumatra tni bencanadatang,2,2,0.03101493,0.008372028,0.960613
membalas lokasi banjir aceh terjadi di propinsi aceh kenapa melakukan pertemuan di provinsi sumut aneh,0,1,0.06175761,0.93080086,0.0074415007
kerja nyata itu ya turun langsung pas rakyat lagi butuh bukan cuma komentar dari jauh dapur mbg gas terus bantu korban banjir lanjutkanmbg mgi chonburi x tfo launch raja juli james jihoon dancing queen juun day aceh bnpb desember trade digi ceremony tpda with est,0,0,0.7880147,0.0933059,0.1186794
prabowo gibran the last dodo admin des bukan hanya menyapu lumpurmereka seakan sedang membasuh duka yang menempel di sudut sudut ruangan melihat bapak bapak tni dan tim relawan bergandengan tenaga membersihkan sisa banjir di rsud aceh tamiang hati ini seperti diremas pelanperih tapi hangat rb,0,0,0.74287957,0.06330919,0.19381125
bantuan kemanusiaan dari bangka barat dikirim ke aceh sumut dan sumbar kabarbangka com bantuan kemanusiaan dari bangka barat dikirim ke aceh sumut dan sumbar bangka barat deru mesin mobil patroli dan truk dalmas satuan samapta terdengar bersahut sahutan mengantar keberangkatan donasi peduli polres babar,2,2,0.03441324,0.00991512,0.95567167
membalas pengalihan isu saja ini agar masyarakat terbelah dan tidak fokus pada barang bukti yang ditemukan di tkp mahkamah international wajib mengaudit penyebab terjadinya banjir bandang dan longsor di aceh sumut sumbar bencananasional nationaldisaster prayforsumatera,0,0,0.9302821,0.0344787,0.035239197
membalas catatan singkat seorang relawan di banjir sumatra tayangan banjir di medsos ternyata memang hanya mencekam sebab ketika terjun ke lapangan kondisinya jauh lebih parah istilah mencekam terlalu ringan sudah tidak bisa lagi berkata kata,0,0,0.8280822,0.08672853,0.08518921
membalas semoga personil polda riau yang sedang melaksanakan tugas kemanusiaan didaerah bencana banjir sumatera selalu diberikan kesehatan dan keselamatan bravo polda riau,2,2,0.039895773,0.011004845,0.9490995
warga terdampak banjir diminta bersabar bantuan dan pemulihan terus diupayakan aceh sumatera update,2,2,0.030020729,0.007947612,0.96203166
membalas dari pada uang milyaran rp unt beli kembang api yo mending uangnya disumbangkan unt korban banjir aceh sumut sumbar malah berkah,0,0,0.95484716,0.023177242,0.021975584
membalas sebuah pemandangan yg berbeda kl naik pesawat dr riau jawa di sumatera full sawit air laut full coklat krna mmg daerah industrial nyampe jawa hijau air laut biru,1,0,0.8055164,0.068842955,0.12564059
membalas dan ada cek aja postingan ig nya tanggal des terus di idn times dia bahas tentang banjir ini dan ilegal logging dia juga bilang ga begitu responsif di sosmed tapi bukan berarti ga peduli dia dari dulu peduli alam tapi ga pernah dikit share di sosmed,0,0,0.9217551,0.0431958,0.035049126
electrizen banjir dan longsor yang terjadi di wilayah sibolga tapanuli selatan tapanuli tengah dan tapanuli utara memutus akses jalan sehingga menjadi tantangan dalam proses pemulihan listrik namun hal tersebut tidak mematahkan semangat personel pln,1,2,0.2154889,0.04102001,0.74349105
membalas ya allah memang ada yang bersalah karena telah menggunduli hutan di wilayah ini dann saat hujan deras banjir pun terjadi mohon jangan ditimpakan musibah lagi pada kami yang tidak melakukan timpakan pada mereka yang memutuskan dan mereka yang mendanai penggundulan aamiin,0,0,0.92627215,0.034659855,0.039068036
perum lkbn antara menyalurkan bantuan untuk warga terdampak banjir bandang atau galodo di simpang pasia kawasan gunung nago kepalo koto kecamatan pauh kota padang sumatera barat jumat antara serahkan bantuan untuk korban banjir bandang di padang dari antaranews com,0,1,0.40449432,0.46846443,0.12704127
ribu rumah yang mana pak yg tergerus banjir bandang yg terendam lumpur yg tertimpa sampah kayu atau yg masih tergenang air yakin hanya segitu saya bertanya pak,0,0,0.93452555,0.027622057,0.03785232
bukti nyata pemerintah sigap untuk aceh sumatra dengan langkah tegas,2,2,0.02704752,0.0070439447,0.9659086
banjir besar malam ini adalah domasan desa prawoto kecamatan sukolilo pati jawa tengah indonesia happyelshadday dprd hanni wapresgibrankawalnataru praboworealisasikampunghaji,1,0,0.83427614,0.10796734,0.057756495
membalas kami mati kelaparan prayforsumatera kami mati kelaparan prayforsumatera dari linkedin com,0,0,0.9356653,0.030963339,0.033371303
pemerintah menyiapkan dua skema hunian sementara huntara guna memastikan kebutuhan dasar warga terdampak banjir dan longsor di aceh tamiang tetap terpenuhi dua skema tersebut meliputi huntara terpusat dan huntara in situ yg dibangun di lokasi rumah warga yg terdampak tampilkan lebih banyak rb,2,2,0.06414142,0.021984868,0.91387373
akun parodi usai melakukan kunjungan ke tapanuli tengah sumatra utara dalam rangka meninjau dampak bencana banjir presiden prabowo subianto melanjutkan kunjungan ke propinsi nanggroe aceh darussalam untuk menyambangi warga yang terdampak bencana di aceh tenggara news detik com usai dari tapteng prabowo lanjut ke aceh untuk tinjau warga korban bencana presiden prabowo subianto telah meninjau lokasi bencana banjir bandang di tapanuli tengah sumatera utara sumut,0,1,0.1279445,0.8330576,0.038997997
aparat menindas rakyat rakyat bela rakyat sherly anavita mendapat teror karena dia terus mengangkat isu di lapangan pasca banjir bandang dan tanah longsor di aceh suarakan pembelaanmu untuk sherly teman presidenomon turunlah presidenomon turunlah,0,0,0.5455531,0.10652058,0.34792626
tapi memang musibahnya datang kamis sore sedangkan di hari tersebut kdm sudah bertolak ke sumatera semoga aja segera pulang dan segera mengatasi masalah banjir selatan soalnya walikota sama bupati bandung udah ngibarkan bendera putih,0,0,0.7543195,0.08630621,0.15937437
bantuan ke sibolga sesedikit itukah atau masih blm ada di sibolga udh terjadi penjarahan dimana prayforsibolga prayforsumatera,0,2,0.12002364,0.04644009,0.8335363
pemulihan banjir aceh di support penuh sama kolaborasi pemerintah dan tni lewat bantuan nyata gerakcepat,2,2,0.036356024,0.010034672,0.9536093
wahana lingkungan hidup jambi desak pemerintah mencabut izin perusahaan yang terbukti menjadi penyebab bencana banjir dan tanah longsor pada tiga provinsi di pulau sumatera walhi jambi desak pencabutan izin perusahaan penyebab bencana sumatera dari antaranews com,0,0,0.94251186,0.029219773,0.028268352
membalas aceh riau sumut sumsel jambi itu isinya daging semua bisalah menghidupi jumlah penduduk yang hanya jutaan di sumatera,1,1,0.041213788,0.9559413,0.002844847
ya klaim itu benar tim cook mengumumkan di x pada des bahwa apple akan donasi untuk bantuan banjir di indonesia termasuk sumatera dan negara asia lain sumber appleinsider to mac dan postingan cook sendiri bencana ini memang mendapat perhatian internasional,2,0,0.80298126,0.13210848,0.06491018
membalas pemerintah hadir membantu memulihkan kondisi terdampak bencana alam di sumatera dan aceh terimakasih pak prabowo dan pemerintah yang turun kelapangan,2,2,0.028279424,0.007373471,0.9643471
pt bank rakyat indonesia persero tbk menggelar program trauma healing bagi anak anak terdampak bencana banjir bandang di aceh sumatera utara dan sumatera barat program ini menjadi bagian dari aksi kemanusiaan bri group melalui bri peduli sumatra yang berfokus pada pemulihan tampilkan lebih banyak,2,2,0.046212576,0.014224536,0.93956286
demn ternyata ibu laundry biasa aku satu tapanuli,1,1,0.036668573,0.960397,0.0029344442
banjir dan longsor di pulau sumatra indonesia menewaskan sedikitnya orang menurut reuters ribuan rumah hancur atau terendam infrastruktur rusak parah dan banyak daerah terisolasi operasi penyelamatan terhambat hujan deras dan jalan yang rusak puluhan orang tampilkan lebih banyak,0,0,0.9562722,0.021908857,0.02181898
pilu anak hanyut di depan mata di banjir bandang aceh utara ibu curhat ke najwa shihab umi tolong,0,0,0.8522145,0.062075,0.085710526
membalas pemerintah pusat takut terbongkar penyebab banjir sumatra ke international kalo rakyat mudah dikibulin org asing tidak bisa,0,0,0.92127836,0.054933652,0.023788
dukung langkah sigap pemerintah pulihkan kondisi di aceh dan sumatra pemerintah hadir bersamapulihkansumutaceh,2,2,0.025891319,0.0067063626,0.9674022
lebih dari satu bulan pascabencana banjir melanda sejumlah wilayah di aceh duka dan kelelahan masih dirasakan para korban banyak keluarga kini harus memulai hidup dari nol setelah rumah harta benda dan sumber penghidupan mereka rusak atau hilang di tengah keterbatasan dan tampilkan lebih banyak,0,0,0.94703376,0.027788572,0.025177697
gw ga bisa bayangin sih jadi korban yg ngungsi banjir sumatera gmna kehilangan rumah keluarga akses jg putus bantuan lama gw yg pernah kebanjiran semata kaki naik dikit aja udh ngeluh bersihinnya minta ampun capeknya,0,0,0.9546161,0.021968467,0.023415424
aceh sumatra bangkit kunjungi sumbar presiden pastikan pemulihan berjalan cepat,2,2,0.02696418,0.0070259143,0.9660099
banjir besar tak hanya menyisakan lumpur dan rumah rusak tapi juga menghancurkan arsip gerakan catatan kasus modul dan bukti yang dulu menahan janji negara agar tetap bisa ditagih saat banjir tenggelamkan rak arsip gerakan yang ikut hilang dari magdalene co,0,0,0.9341688,0.031667717,0.03416348
gara gara sampah sekolah di bandar lampung terendam banjir setinggi meter gara gara sampah sekolah di bandar lampung terendam banjir setinggi meter dari liputan com,0,0,0.9547982,0.022418212,0.022783551
di desa garoga sebuah jembatan bailey menjulur melintasi aliran dan lembah menghubungkan batang toru dengan harapan warga tapanuli selatan bukan sekadar rangka besi melainkan jalan baru yang menyatukan langkah doa dan kehidupan jembatanbailey garoga batangtoru rb,0,0,0.6354539,0.12173947,0.24280666
pemerintah prioritaskan kesehatan warga pasca banjir layanan kesehatan gratis tersedia aceh sumatera update,2,2,0.03878885,0.011336058,0.94987506
pemerintah hadir percepat pemulihan aceh sumatra,2,2,0.06933756,0.025417792,0.90524465
sudah sepi pemberitaan tentang banjir bandang dan tanah longsor di aceh sumatera ada apakah,1,2,0.07193245,0.025687762,0.90237975
bibit siklon tropis s bergerak menuju sumatera meski berpeluang rendah untuk menjadi siklon dalam hari ke depan namun tetap akan membawa dampak tidak langsung hingga desember berupa hujan sedang lebat di sumatera barat bengkulu lampung rb,1,1,0.13031994,0.84753317,0.02214687
akun penggemar maaf banget ya moots kalo twt aku berisik soal bencana alam di sumatera beneran gak tega hati karena ada beberapa mutualku yg terdampak rumahnya banjir sampe sepinggang alhamdulillah udah ngungsi plis tetep berisik soal bencana alam ini drpd tumblr anitaasu itu pliss,0,0,0.80054915,0.09804981,0.10140097
penyidik bareskrim telusuri jejak kayu garoga pasca banjir sumut sampel diambil dua jembatan diperiksa metrosulteng com penyidik bareskrim telusuri jejak kayu garoga pasca banjir sumut sampel diambil dua jembatan tim penyelidikan sumatra barat akan melakukan inventarisasi kayu yang berada di pesisir laut apakah akibat bencana atau ada campur tangan,1,1,0.2621712,0.6770999,0.060728956
membalas bgt beneran mayat tuh banyak yg belum dievakuasi air minum jg mereka minum air banjir sedih bgtt sumpah nangis terus kalo liat berita,0,0,0.94723576,0.027908446,0.024855852
woii dengerin nih tanggapi usulan koalisi permanen ketua dpr ri puan maharani mengatakan pemilu tahun masih terlalu jauh untuk dibicarakan saat ini kita masih berduka karena musibah yang melanda saudara saudara kita di aceh di sumut dan sumbar jadi tampilkan lebih banyak anak ogi dan lainnya,0,0,0.9252623,0.035525255,0.03921246
kerja nyata dan sat set presiden prabowo gerak cepat sejak pekan pertama bencana kirim armada buat bantu warga terdampak banjir di aceh keren parah satset acehhariini prabowosubianto relawanindonesia,0,2,0.02812142,0.007353217,0.96452534
gw abis liat tiktok scroll menemukan konten yg bahas banjir di aceh n sumatra n yap buzzer warga tolol itu masih aja ngebelain pemerintah like anjayyy gobloknya uda sampe ke nadi anjir,0,0,0.9375078,0.028205574,0.034286603
yaa allah sebuah video yang beredar menunjukkan seorang ibu mengantar anaknya sambil memanjat tebing karena jalur utama masih terputus pascabencana aceh dilanda bencana besar pada november banjir bandang dan longsor menyebabkan sekitar persen wilayah tampilkan lebih banyak rb,0,0,0.8681792,0.080710135,0.05111061
keluarga besar amphuri diwakili amphuri sumut kembali menyalurkan bantuan kepada masyarakat yang terdampak bencana banjir dan longsor yang melanda sejumlah wilayah di sumatera utara bantuan kali ini menyasar ke lokasi desa hapesong batang toru kabupaten tapanuli selatan,2,2,0.037206274,0.010362636,0.9524311
waspada cuaca ekstrim di wilayah sumut bmkg mengimbau masyarakat untuk tetap waspada terhadap potensi peningkatan intensitas hujan pada desember di beberapa wilayah sumatera utara termasuk kota pematangsiantar,1,1,0.028414901,0.9692235,0.0023616184
guys aceh juga lagi banjir ya dapet kabar dari temen roblok ku kalau di aceh lagi banjir kasihan belum ada bantuan,0,0,0.86372846,0.08460629,0.051665165
membalas bisa loh buat reach out akun besar seperti medantalk atau taukotembung dll untuk kasih edukasi ke warga persiapan menghadapi banjir atau bikin posko tanggap darurat banjir di tanggal jadi pas tgl debit air tinggi bisa pengkondisian warga buat ngungsi ke posko tsb,0,2,0.14680839,0.0603592,0.79283243
gw heran aja lokasi bencana di aceh sumut n sumbar bisa ditembus ama para relawan dari ngo n para influencer ampe ke titik lokasi yg katanya terpencil lalu kenapa pemerintah dgn segala sumber daya nya bilang kesulitan buka akses kesana anjink beranak babi rb,0,2,0.35868213,0.09260795,0.5487099
membalas ya allah kok begini parah pemimpin negeri ini mrk sama sekali tdk memhami apa yg dibutuhkan rakyat yg kena musibah tdk memahami hati yg luluh lantak diterjang banjir tdk memahami orangtua yg kehilangan semuanya cabutlah jabtan mrk ya allah gantilah dg pemimpin yg baik,0,0,0.93127906,0.031113677,0.037607238
warga aceh tamiang kini sudah menempati hunian baru pemerintah hadir memberikan solusi nyata melalui fasilitas lengkap mulai dari klinik hingga area bermain langkah nyata ini memastikan pemerintah sigap untuk aceh sumatra,2,2,0.027991509,0.0073535037,0.964655
membalas kota sibolga dan langkat sementara itu sebanyak warga aceh terdampak banjir yang melanda wilayah itu sejak sepekan terakhir dan di antaranya mengungsi karena rumah mereka terendam air,0,1,0.32917503,0.6000924,0.07073263
mengukir harapan di palupuh aksi kemanusiaan multidisiplin tim tdb um dalam pemulihan pascabencana jatim news um malang jatim nasional agam banjir sumatra jatim satu news mengukir harapan di palupuh aksi kemanusiaan multidisiplin tim tdb um dalam dari jatimsatunews com,2,2,0.11801263,0.04767467,0.8343126
membalas asbun aja itu kewajiban negara ferry membantu nengurangi beban pemerintah,0,0,0.608275,0.14287542,0.24884962
tenda tenda pengungsi yang terendam banjir adalah satu dari banyaknya realita musim dingin di g za di tengah anc man p nj jah yang masih berlanjut mereka membutuhkan dukungan sumber daya yang memadai untuk terus bertahan winter hujan indonesia emergencyaid trending,0,0,0.63443047,0.22650468,0.1390648
menteri esdm bahlil sampaikan permohonan maaf pemulihan listrik aceh tidak dirut pt pln persero darmawan prasodjo mengakui informasi mengenai pemulihan sistem kelistrikan aceh sebesar pascabencana banjir bandang tidak akurat ia menyatakan kondisi kerusakan tampilkan lebih banyak rb,0,2,0.3402846,0.18368831,0.47602713
membalas tni membantu warga memindahkan barang penting dari rumah terendam suatu aksi nyata respons cepat negara prabowopedulisumatera,2,2,0.030173507,0.0079859225,0.96184045
bencana dijadikan panggung realitas semu bencana banjir bandang yang melanda wilayah aceh sumatra utara dan sumatra barat meninggalkan duka yang sungguh tak terperikan lebih dari orang kehilangan nyawa dan ratusan lainnya hilang soal kerusakan material tak kalah tampilkan lebih banyak,0,0,0.9479269,0.026496712,0.02557637
akun parodi dua kali ngerasain bencana pertama gempa besar padang september dan kali ini banjir bandang di sumbar sangat beda penanganannya dulu waktu gempa padang bantuan dimana mana air bersih tiap hari pasti ada pemulihan juga cepat tapi banjir kali ini miris,0,0,0.6981519,0.09594153,0.20590651
pemerintah siapkan skema bantuan untuk korban banjir di aceh,2,0,0.94547236,0.028274944,0.026252612
banjir menimbulkan dampak kerusakan namun banjir tak menghancurkan semangat persaudaraan sehari setelah diguyur hujan lebat pada januari beberapa wilayah di kabupaten oku timur sumatera selatan terdampak banjir rusaknya fasilitas umum dan rumah warga maupun tempat tampilkan lebih banyak,0,0,0.9529411,0.023331739,0.02372722
membalas sedih bgt prayforsumatera alleyesonsumatera bencananasional nationaldisaster,0,0,0.38159963,0.34371504,0.27468532
membalas banjir besar beri bantuan apa yg mampu kepada melayu sumatera dan aceh,2,2,0.24439959,0.16072719,0.59487313
pemerintah langsung bergerak cepat dalam mengatasi bencana banjir di sumatera mari kita dukung agar proses pemulihan lebih cepat lagi pemerintah sigap untuk aceh sumatra,2,2,0.02982236,0.007857361,0.9623203
hujan deras membuat sungai batang kuranji meluap memicu banjir bandang susulan di batu busuk padang tim sar dan warga bahu membahu mengevakuasi penduduk yang terjebak arus deras fyp fypage foryoupage viralhariini beritaviral beritahariini banjirpadang timsar padang,0,0,0.84375536,0.07756798,0.07867674
beberapa perusahaan kayu besar di sumatra termasuk toba pulp lestari yang beroperasi di sumut baru baru ini pemerintah selidiki perusahaan diduga terkait pelanggaran lingkungan penyebab banjir november seperti kayu gelondongan yang memperparah bencana toba pulp,0,0,0.92440933,0.04288814,0.0327025
di tengah lumpur dan harapan polri bersama warga buka akses jalan kampung setie pascabencana bener meriah kepolisian resor bener meriah bersama personel satuan brimob polda aceh turun langsung membantu masyarakat membersihkan akses jalan yang tertutup material banjir,2,2,0.03009964,0.008020125,0.96188015
perubahan guna tanah ganggu ekosistem sungai bina benteng atau gali terusan tidak banyak bezanya pakar sinarharian banjir sungaikelantan sinarharian com my perubahan guna tanah ganggu ekosistem sungai shah alam kaedah menggali terusan atau membina benteng di sungai kelantan bukanlah penyelesaian sepenuhnya terhadap masalah banjir di negeri itu,1,1,0.4070506,0.4843626,0.10858687
ribuan jiwa terdampak banjir bandang di sumut kerja tulus dan aksi kemanusiaan dari brimob dilapangan hadir untuk membantu evakuasi sebagai upaya pemulihan awal kebangkitan kerjasamauntuksumatera,2,2,0.044893064,0.011991447,0.9431154
pemerintah sigap untuk aceh sumatra bencana di sumatra ditangani maksimal semua stakeholder pemerintah ikut terlibat,2,2,0.03057549,0.008141206,0.9612833
detik detik menegangkan warga terjebak banjir di batu busuak padang berhasil diselamatkan jule senin minggu lum orne lightsonkaela gopayblueflag ourtaeyongisback galaxycan,0,1,0.050618112,0.94487065,0.004511241
surabaya prayforsumatera alleyesonsumatera arekgerak lmi moedaberkelana kawanhealing rb,2,1,0.047067538,0.94774914,0.005183291
pray for sumatera untuk sibolga tapanuli padang aceh dan nias semoga semua diberi kekuatan perlindungan dan ketabahan prayforsumatera prayforsibolga prayfortapanuli prayforpadang,1,2,0.07669719,0.023796454,0.89950633
membalas mendagri menyebut sebanyak desa di aceh dan sumut hilang pasca diterjang banjir dan tanah longsor adapun delapan desa hilang di sumut sisanya berada di aceh satgasaceh satgaspemulihanbencana,0,0,0.87922287,0.05364156,0.06713553
kekayaan alam sumatra kekayaan nasional bencana alam sumatra bukan bencana nasional prayforsumatera sumatra,0,0,0.5979141,0.13915876,0.26292714
dilmil ii semarang turut berduka atas musibah banjir dan longsor di aceh sumatera utara dan sumbar doa terbaik kami untuk seluruh masyarakat dan warga peradilan yang terdampak smoga diberi kekuatan dan pemulihan yang cepat prayforsumatera doauntukaceh dilmilsemarang,0,2,0.4407842,0.0581059,0.5011099
pemerintah hadir bantu warga terdampak banjir pulihkan aceh sumatra bersamapulihkansumutaceh,2,2,0.026779743,0.0069661285,0.9662542
jumlah korban meninggal dalam peristiwa banjir sumatera kembali bertambah per senin desember kini korban meninggal akibat bencana di sumatera tercatat atau bertambah jiwa dari kemarin berdasarkan data yang dirilis bnpb pukul wib orang dilaporkan tampilkan lebih banyak rb,0,0,0.9567104,0.021541663,0.021748003
membalas dan lainnya perintah siapa kok bisa ditahan di gudang seperti ini,0,0,0.92832035,0.032479025,0.039200615
membalas inget banget waktu banjir besar di wilayah sumatera selatan jg sekabupaten kenak banjir aliran sungai musi tp gk ada tanggap dr pusat aku kecarian emak bapak krn seminggu gk bs dihubungi dan alhamdulillah mereka masih bs hidup dgn stok makanan seadanya,1,0,0.6030609,0.12901719,0.2679219
wamenag romo syafi i serahkan bantuan rp miliar untuk gereja katolik terdampak banjir di sumut senin bantuan disalurkan ke keuskupan agung sibolga rp m medan rp jt aceh rp jt untuk rehabilitasi rumah ibadah pemulihan psikis umat kemenagri,2,2,0.12252703,0.048103843,0.82936907
pptim menegaskan tiga poin utama penetapan status darurat bencana nasional pembukaan akses bantuan internasional serta pembentukan badan pemulihan dan pembangunan bpp yang terintegrasi untuk aceh sumut dan sumbar aceh dari luka ke harapan aceh butuh rehabilitasi yang nyata dan berkeadilan serambinews com dari aceh tribunnews com,2,2,0.13198668,0.053771317,0.814242
pray for sumatra keluarga besar smpn madiun turut merasakan duka mendalam atas musibah banjir bandang yang kini melanda beberapa wilayah di sumatra mari kita kirimkan doa terbaik prayforsumatra banjirbandangsumatra solidaritas smpn madiun,0,0,0.7949459,0.05344287,0.15161124
ribuan rumah terendam banjir ratusan titik longsor jutaan orang terdampak akibat bencana ini tp pemerintah seakan tutup mata memang bang at sih,0,0,0.9554731,0.023097822,0.021428991
membalas dan bahkan disembunyikan ditempat yg aman berhubung hutan itu sdh gundul hujan terus menerus terjadilah banjir bandang sehingga kayu hasil bajingan tersebut terbawa arus air berserakan dimana mana begitu lho,0,0,0.93063265,0.031732887,0.03763452
lagi hujan deras kayak gini aku kepikiran sama saudara setanah air yang ada di provinsi aceh sumut dan sumbar apa disana lagi hujan deras juga gak yaa apa mereka aman apa mereka khawatir sama hujan turun,0,0,0.816887,0.1504399,0.032673113
akun parodi membalas katanya penanganan pasca banjir bandang dan tanah longsor di sumatera udah berjalan dengan baik kok kita masih liat pemandangan seperti itu,0,0,0.5003809,0.19457522,0.30504388
membalas lima hari setelah dilanda bencana yang dipicu siklon tropis senyar dan koto akses jalan banda aceh medan masih lumpuh sejumlah ruas jalan tidak bisa dilalui karena tergenang banjir dan tertutup material ataupun longsor lingkungan adadikompas kompas id akses lintas timur banda aceh medan masih lumpuh lima hari pascabencana akses jalan banda aceh medan masih lumpuh situasi itu membuat sejumlah lokasi terdampak masih terisolasi termasuk di pesisir timur aceh,0,0,0.90350527,0.05263118,0.043863565
membalas dan dan kalau kamu pakai contoh riau tolong pakai yg benar kampar siak pelalawan ohul juga banjir rutin loh tiap tahun syukurnya ga separah yg lagi terjadi di aceh sumut sumbar skrg fakta ga hilang hanya karena kamu ga mengalaminya sendiri mute,0,2,0.20787908,0.06789528,0.7242256
anggota komisi iii dpr ri abdullah meminta polri untuk segera membuat posko perlindungan perempuan dan anak di lokasi terdampak bencana banjir dan tanah longsor di sumatera utara aceh dan sumatera barat anggota dpr minta polri buat posko perempuan anak di lokasi bencana dari antaranews com,1,2,0.1362089,0.044765875,0.8190252
kita apresiasi langkah tni krn tlh mengerahkan rb lbh personel utk rekonstruksi rehabilitasi pascabencana sumatra tp ingat prmasalahan yg ad di sumatra adlh soal pembalakan liar banjir longsor parah gk menutup kemungkinan bs trjdi lg maka selesaikan dlu masalah utamanya,0,2,0.35114372,0.1818602,0.46699604
ketika banjir melanda aceh bukan hanya rumah yang terendam tetapi juga harapan para pelaku usaha manajemenbisnis umkmaceh banjiraceh ketahananbisnis,0,1,0.3255557,0.56086075,0.11358357
fenomena baru banyak banget nyamuk pagi siang malem apa ini efek dari banjir bandang pulau sumatra ya jadi pada ngungsi ke pulau jawa pasang status d sw bogor yg ga pernah ada nyamuk pun terasa nyamuknya banyaknaymukdirumahku efekhutangundul nyamukngungsi,0,0,0.84306777,0.06172958,0.095202714
gubernur jawa barat dedi mulyadi memastikan akan bertolak langsung ke aceh sumatera barat dan sumatera utara untuk menyalurkan bantuan bagi korban terdampak banjir dan longsor bantuan yang berhasil dihimpun pemerintah provinsi jawa barat bersama berbagai pihak mencapai rp tampilkan lebih banyak rb,0,2,0.38518393,0.14232881,0.47248715
akun parodi pagi kerjaan nya ngasih kabar dan nyari kabar yg lain kilas balik banjir bandang di pesisir selatan tahun kemaren kami yg terdampak yah cuma punya kami dan keluarga mana peduli pemerintah tau ga thun kemaren pessel rata enggak kan wkwwk skrng udh sumatera yg kena,0,0,0.91887426,0.040573526,0.040552177
di saat banjir dan longsor meluas publik berharap pemimpinnya hadir pernyataan presiden mempertegas ekspektasi itu hadir sigap dan bertanggung jawab kompas com prabowo sentil keras bupati aceh selatan minta mendagri ambil tindakan tegas prabowo soroti bupati aceh selatan yang umrah tanpa izin saat banjir melanda wilayahnya dan meminta mendagri segera ambil tindakan tegas,2,0,0.48801637,0.119990185,0.39199343
pembersihan terus dilakukan oleh pemerintah di aceh tamiang pemerintah hadir untuk terus memulihkan lokasi bencana di sumatera aceh sumut sumbar sumatera,2,2,0.066570185,0.024032785,0.909397
bencana banjir bandang dan tanah longsor sumatra utara barat dan aceh menarik perhatian luas media asing seperti associated press new york times reuters hingga abc net kantor kantor berita global soroti parahnya dampak bencana terutama terkait dugaan kuat adanya peran,1,0,0.62244004,0.20071065,0.17684928
membalas dan kalian ga sadar kah kita lagi disetir abis abisan issue banjir sawit dll langsung ditutupin pake berita sampah inara fugly aura kashit defuqna karamoy buzzer di semua platform udah melimpah ruah salam orba rb rb,0,0,0.88849396,0.044888847,0.06661718
setiap liat berita tentang sumatra bawaannya pengen nangis prayforsumatera,0,2,0.27086303,0.34775537,0.3813816
bantuan untuk saudara saudara kita di aceh sumut dan sumbar masih sangat dibutuhkan melalui aplikasi masa donasi lebih mudah disalurkan kapan saja dan di mana saja yuk cek cek masa di ponselmu untuk melanjutkan langkah yang lebih baik donasisumatra prayforsumatra tampilkan lebih banyak rb,2,2,0.23136838,0.10207638,0.6665553
membalas bnpb bersama tni polri basarnas dan pemerintah daerah telah mengerahkan tim gabungan untuk evakuasi pencarian korban serta penyaluran logistik melalui jalur darat maupun udara bnpb kerahkan alutsista guna percepat evakuasi korban banjir sumatera dari antaranews com,0,0,0.47756964,0.17611666,0.3463138
membalas untuk daerah meulaboh saya kurang tau kak tapi daerah banda aceh aman ya cuma banjir luapan air hujan tgl dan surut tgl memang skrg mati lampu lagi kebetulan saya jg di kuta alam,1,0,0.93894124,0.033258893,0.027799858
membalas saya rakyat kecil mau usul skrg kembalikan kpd yg minta ktp para pejabat nisalkan nih rumahnya kesapu banjir sampe rumah rata dengan tanah dana data hilangn semua terus ktp nya kalo buat lg apa bisa langsung jadi terus rt rw nya ikut di mana ini saya org awam,0,0,0.60812104,0.1362376,0.2556414
banjir rob di jakut motor mogok usai nekat terobos genangan detik com video banjir rob di jakut motor mogok usai nekat terobos genangan banjir rob merendam kawasan jalan re martadinata jakarta utara tepatnya di depan jakarta international stadium jis pada kamis pagi sekitar pukul wib air pasang laut yang meluap ke,0,0,0.8866848,0.07506829,0.038247015
shglobal prabowo sokong jual lumpur banjir di wilayah aceh sumatera barat dan sumatera utara dapat pulihkan segera sungai selepas bencana banjir sumatera prabowo bencana jual lumpur banjir sumatera dari sinarharian com my,2,1,0.37365204,0.43383628,0.19251165
banjir udah masuk rumah kamarku kamar almarhum bapak kamar mandi gudang teras udah kebanjiran hujan masih belum ada tanda tanda akan berhenti padahal prediksi bmkg mestinya jam sudah nggak hujan di desaku gusti allah kulo pasrah,2,0,0.940925,0.035932828,0.02314215
pt pertamina patra niaga regional sumatera bagian utara sumbagut bersama pemerintah kota banda aceh menginisiasi operasi pasar gas elpiji bersubsidi dan non subsidi di empat lokasi strategis untuk memenuhi kebutuhan masyarakat pasca bencana sekaligus memastikan ketersediaan,1,2,0.030780196,0.0082412455,0.9609785
perjuangan tanpa henti untuk mengembalikan terang dan harapan masyarakat aceh sudah sebulan lebih pascabencana banjir yang melanda wilayah aceh salah satu yang paling parah terdampak adalah kecamatan takengon kabupaten aceh tengah petugas pln selalu bersiaga medan sulit tampilkan lebih banyak,0,2,0.4038535,0.11060191,0.48554462
ini baru gubernur yang hebat berani dan punya nurani siapa pelaku yang menyebabkan banjir bandang dan longsor di aceh sumut dan sumbar harus di adili jika tidak bisa di adili indonesia gubernur muzakir manaf sebut di pengadilan internasional ronggo sadewo sadewo instagram reel dari instagram com,0,0,0.9207288,0.0379736,0.041297637
lagi prihatin liat korban banjir sumatera males ngurusin ijazah,0,0,0.9543958,0.025238251,0.020366065
pusat kayaknya tutup mata kata ismail a jalil bupati aceh utara dia menyatakan bencana banjir di aceh lebih parah dari tsunami dia menjelaskan desa desa berubah menjadi muara dan rumah rumah hanyut rb,0,0,0.94108987,0.03641431,0.022495806
update pengerukan sedimen sungai akibat banjir alat berat telah diturunkan oleh pejabat yang berwenang jalur sungai sekitar kota padang,1,1,0.27776006,0.6907955,0.031444468
presiden prabowo cek jembatan mantuang padang pariaman pasca banjir presiden republik indonesia prabowo subianto meninjau langsung sejumlah lokasi terdampak banjir di sumatra barat kamis desember termasuk pembangunan jembatan padang mantuang di kabupaten padang tampilkan lebih banyak,1,1,0.05469576,0.9372882,0.008016034
berdasarkan laporan terbaru dari bnpb via scmp des jumlah korban meninggal akibat banjir di sumatra adalah orang dengan hilang angka di posting asli mendekati tapi resmi bisa berubah seiring update,0,0,0.9548629,0.024802864,0.020334201
gubernur aceh muzakir manaf memperpanjang status darurat bencana selama dua pekan keputusan ini diambil karena banjir dan kerusakan fasilitas masih meluas sementara ratusan ribu warga belum kembali ke rumah pemerintah daerah menambah tenaga evakuasi dan mempercepat pemulihan tampilkan lebih banyak,0,0,0.87191266,0.042970046,0.08511728
sebuah video viral nampak sekelompok orang berseragam mirip loreng menghentikan kapal pengangkut bantuan untuk korban banjir di aceh diketahui kelompok tersebut merupakan dua orang anggota kpa komite peralihan aceh meja ijo idi cut di aceh timur tni aceh aktualcom,0,0,0.92793494,0.03423885,0.037826166
penderitaan warga desa sibara bara kecamatan angkola sangkunur kabupaten tapanuli selatan tapsel sumatera utara kini berada di titik nadir banjir sumatra potret memilukan wilayah terdampak banjir di tapsel sekolah masih tertimbun lumpur jalan rusak dari liputan com,0,0,0.9137467,0.04734979,0.038903497
dalam rdp dengan kementerian kehutanan anggota komisi iv dpr ri rahmat saleh mengkritik keras pemaparan kementerian yang dinilainya mengabaikan peran deforestasi sebagai penyebab utama banjir dan longsor di sumatra ia juga menyoroti meningkatnya produksi industri kehutanan di tampilkan lebih banyak rb,0,2,0.17784397,0.070907116,0.75124896
bupati al farlaky tidak henti henti nya terus mengantarkan bantuan ke berbagai pelosok aceh timur yang terdampak banjir,2,0,0.71003735,0.080019645,0.20994292
baling syukur akhirnya kami dapat masuk ke rumah baharu dan dapat sambut ramadan dengan selesa tahun ini kata che nai isa seorang daripada mangsa banjir puing kampung iboi hmetro com my syukur dapatlah sambut ramadan dengan selesa mangsa banjir puing harian metro baling syukur akhirnya kami dapat masuk ke rumah baharu dan dapat sambut ramadan dengan selesa tahun ini kata che nai isa seorang daripada mangsa banjir puing kampung iboi pada,2,0,0.42169964,0.3572834,0.22101693
puan minta mitigasi diperkuat bencana tak bisa dihindari tapi dampaknya bisa diminimalisir ketua dpr ri puan maharani menegaskan perlunya penanganan cepat dan terukur terhadap bencana yang melanda aceh sumatera utara sumatera barat dan sejumlah wilayah lain di indonesia tampilkan lebih banyak,1,2,0.12252574,0.045420956,0.83205324
setelah sumatera banjir juga melanda kalimantan selatan kalsel di provinsi ini kejadian bencana ini berulang tiap tahun,1,1,0.04496394,0.95077956,0.0042564976
negara kamu dimana pemerintah kamu dimana apakah raungan pilu dari sumatera ini tidak terdengar sampai kesana apakah raungannya tangisannya jeritannya kurang keras sampai kamu seolah menganggapnya sepele savesumatera longsor banjir,0,0,0.9366194,0.03067291,0.032707598
menteri sosial mensos saifullah yusuf menegaskan pemerintah melalui badan nasional penanggulangan bencana bnpb tengah menyiapkan hunian sementara untuk korban bencana banjir dan tanah longsor di aceh sumatera utara hingga sumatera barat selengkapnya tampilkan lebih banyak rb,0,1,0.34341428,0.56904984,0.087535895
selain ada alice in chains yang menyuarakan bentuk empatinya ada juga morfem band lokal yang mengadakan konser untuk menyumbangkan ke korban korban banjir di sumatera lohhh penasaranstay tuned terus di alternativeprime,0,0,0.9494329,0.028554434,0.022012709
dr awal mmg pemdanya yg gk becus data awal gk pernah update gk sigap gk pnh pny plan mitigasi bencana malah koar pempus yg gk bisa kerja,0,0,0.6039162,0.10444837,0.2916354
banjir bandang yang melanda aceh bukan sekadar bencana biasa gubernur aceh muzakir manaf alias mualem mengungkap sederet kejanggalan yang membuatnya membandingkan musibah ini dengan tsunami mualem bongkar keanehan banjir bandang aceh air hitam tak kunjung surut seperti tsunami kedua dari aceh tribunnews com,0,0,0.9143716,0.04708558,0.038542777
membalas data jumlah korban jiwa dan hilang bencana sumatra aceh korban jiwa orang hilang sumatera utara korban jiwa orang hilang sumatera barat korban jiwa orang hilang korban jiwa terbanyak di agam korban hilang terbanyak di aceh utara,0,0,0.9631424,0.019379374,0.01747825
pembangunan fasilitas yg rusak sudah mulai dbangun di aceh sudah sebulan lebih masyarakat aceh sumut sumbar yg menjadi korban banjir longsor hidup terisolir kini tugas adlh memastikan msyrakat bisa kembali hidup normal stlh badai ini berlalu,0,0,0.9416111,0.027136674,0.03125224
warga terdampak banjir dapatkan bantuan logistik dan kebutuhan pokok distribusi berlangsung lancar aceh sumatera update,2,2,0.028386053,0.0074475524,0.96416646
ada yang menyiapkan tataan menyambut tahun namun sebagian saudara kita menata kehidupan mereka dimulai dari nol sumatra banjir prayforsumatera,0,1,0.04757551,0.9479299,0.004494635
akun parodi ya tuhan di antara gelombang duka dan tanah yang terguncang kuatkanlah saudara saudara kami di aceh sumatera barat dan sumatera utara jadikan air mata mereka menjadi kekuatan dan langkah mereka menjadi harapan bentangkanlah perlindungan mu seluas langit dan turunkan tampilkan lebih banyak,0,0,0.67528635,0.14074779,0.1839658
terima kasih polri telah banyak membantu masyarakat korban banjir hingga dirikan tiang listrik dan bangun jembatan agar penyaluran bantuan dan evakuasi bisa lebih maksimal untuk bangkit bantu saudara wujudkanpemulihansumatera,0,2,0.04068559,0.010420262,0.9488942
kecamatan sunggal kabupaten deli serdang menjadi salah satu dari banyak wilayah di sumatra yang merasakan dampak banjir terparah aktivitas warga terganggu rumah terendam dan kebutuhan sehari hari menjadi hal yang paling mendesak,0,0,0.93749315,0.02912778,0.033379115
sedih banget ya allah liat vt isinya denger teriakan minta tolong aja mana gelap lagi saut an minta tolong ya allah lindungi semua yang terkena dampak banjir dari tadi nangisin ini ajaa,0,0,0.863882,0.054980468,0.081137545
membalas pemerintah hadir mengorkestrasi seluruh kekuatan bangsa agar penanganan berjalan masif dan terpadu sinergi pemerintah bareng warga di lapangan menjadi energi utama percepatan ini karena pemerintah sigap untuk aceh sumatra kita yakin badai segera berlalu aceh sumatra bangkit,2,2,0.029253798,0.0077950624,0.9629511
teman aku minta doanya buat teman aku yang lagi sakit di rumah sakit sakitnya lumayan parah kami belum bisa menghubungi keluarga nya karena terdampak banjir sumatra juga terimakasih,2,0,0.6994273,0.07238202,0.22819068
membalas wa alaikumussalam warohmatullah wabarokatuh prayforsumatera,1,1,0.045363374,0.9499165,0.0047201077
bencana memang datang tanpa peringatan tapi kepedulian tidak boleh menunda dari evakuasi hingga pemulihan semua elemen bersatu bahu membahu di lapangan pemerintah sigap untuk aceh sumatra memastikan bantuan terus mengalir sampai semua kembali normal,2,2,0.050060824,0.013361939,0.93657726
pada penghujung tahun indonesia dilanda banjir bandang dan bencana longsor yang terjadi di sumatra utara sumatra barat dan aceh lebih dari orang menjadi korban akibat bencana tersebut saksikan program spesial catatan akhir tahun bersama budiyanto pemimpin tampilkan lebih banyak,0,0,0.9261294,0.034964647,0.038905833
membalas legal aja bisa menyebabkan banjir parah gimana illegalnya termul emang parah gobloknya,0,0,0.9600342,0.020723192,0.019242553
prabowo bilang pemerintah siap terima bantuan untuk korban banjir di sumatera langkah positif buat bantu masyarakat yang lagi kesusahan kita semua bareng bareng ya,0,2,0.1383902,0.031439487,0.83017033
malaysia sumbang m dipuja puja orang jawa dan daerah lain yang nyumbang untuk banjir aceh kemarin lebih besar malah masih dihina dihina nitizen sana,0,0,0.77315,0.10221315,0.1246369
membalas agak kesentil waktu panglima provinsi anjing bilang warga provinsi kelinci bisa ngungsi kalau ada dokumen registrasi sama aja kayak pejabat sini waktu banjir kemaren harus bawa ktp dan kk buat nerima bantuan seolah warga bakal inget buat selamatin dokumen dokumen itu,0,0,0.9314012,0.028821258,0.039777547
relawan paruh baya yang setiap hari mengantarkan air bersih dari posko kami di nagan raya masih sempat membantu menarik mobil mogok di jalan pak adri ini saat tsunami dulu wara wiri dgn mayat korban di aceh barat dan nagan raya hari ini pun tak mau tinggal diam rb,2,0,0.57934505,0.16037226,0.26028273
seharusnya menyita semua kayu kayu gelondongan yg menjadi penyebab banjir bandang di sumatra berkekuatan hukum tetap untuk penyelidikan siapa pemilik pemilik kayu gelondongan tersebut sebagai pelaku kejahatan perusakan alam jangan berharap dgn polri dn tni,0,0,0.7299298,0.085283436,0.18478678
akun parodi des di aceh karena ulah klean rakyat hidup ketakutan cuaca dan hutan yang gundul membuat warga aceh sumut dan sumbar selalu dihantui ketakutan akan datangnya bencana longsor banjir bandang yang datangnya tiba tiba mau sampai kapan klean biarkan rakyat hidup begini rb,0,0,0.8551644,0.047279518,0.09755614
warga yang kena banjir itu gimana ya mereka memulai hidupnya lagi setelah semua yang mereka punya hilang dalam sekejap,0,1,0.4027874,0.5685329,0.028679693
gus bicara peluang status bencana nasional ditetapkan di aceh sumut yang menentukan nanti adalah bnpb dan kementerian kementerian di bawah koordinasi pembangunan manusia dan kebudayaan bencananasional prayforsumatera news detik com cak imin bicara peluang status bencana nasional ditetapkan di aceh sumut menko cak imin pastikan penanganan bencana di aceh dan sumatera utara selain itu cak imin bicara peluang status bencana nasional mungkin ditetapkan,2,0,0.7012056,0.14304855,0.1557459
pemerintah menyalurkan bantuan finansial langsung kepada keluarga terdampak banjir demi pemulihan ekonomi daerah aceh sumatera update,2,2,0.027148744,0.0070814267,0.9657698
akun komentar banjir bandang terjang sumut sumbar aceh polri langsung turun tangan evakuasi bantuan medis logistik semua gercep salut polisi tanggap bencana terimakasih polri,2,2,0.03343642,0.008723692,0.95783985
bnpb update bencana kembali menginformasikan perkembangan terkini prioritas utama tetap pada evakuasi penanganan darurat dan kebutuhan mendesak warga ikuti perkembangan bnpb update bencana banjir longsor provinsi aceh sumutdan sumbar di youtube youtube com bnpb indonesia the indonesia national disaster management authority,1,2,0.048008215,0.016229024,0.93576276
bantuan kemanusiaan polda sumsel dan bhayangkari daerah sumsel tiba di polres tapanuli selatan bantuan kemanusiaan dari polda sumatera selatan bersama bhayangkari daerah sumsel untuk korban bencana alam polsek ilir timur i palembang instagram photo dari instagram com,0,0,0.7150527,0.09652038,0.1884269
perayaan natal tahun ini tidak seperti tahun sebelumnya saudara saudara kita umat kristiani yang terdampak bencana beberapa waktu lalu merayakan natal dengan rasa duka rasa duka karena rumah terendam bahkan ada juga yang keluarganya hilang terbawa arus banjir dan tanah,0,0,0.950608,0.027377913,0.022014156
menteri sosial mensos saifullah yusuf atau gus ipul mengusulkan pemberian bantuan sosial berupa jaminan hidup bagi korban bencana banjir bandang dan tanah longsor di sejumlah wilayah sumatra gus ipul menyebutkan jumlah jaminan hidup jadup yang akan diberikan sebesar rp,0,2,0.44248587,0.101926796,0.45558742
bnpb mencatat korban meninggal yang ditemukan tim sar sehingga total korban jiwa bencana sumatra kini mencapai orang simak pembahasan selengkapnya di video berikut ini faktaone cariberitaditvone bld bnpd banjirsumatra banjiraceh korbanbanjir pakarugm rb,0,0,0.9552046,0.023186117,0.021609168
polda sumsel lepas bantuan kemanusiaan untuk korban bencana di provinsi sumatera utara polda sumatera selatan menggelar kegiatan pelepasan bantuan kemanusiaan untuk korban bencana alam di provinsi sumatera utara pada rabu pukul wib di depan gedung presisi tampilkan lebih banyak,0,0,0.9370456,0.029446583,0.033507895
membalas keren banget semoga semakin banyak pihak yang tergerak untuk membantu mari kita doakan yang terbaik untuk sumatera prayforsumatera indonesiabangkit,2,2,0.044778902,0.012275558,0.9429455
tapi kemaren hujannya beneran segede ituu ampe jalanan banjir snshshshsh agak serem sekarang kalo pergi pergi yaa keknya aku tahun baruan mau di rumah aja dahhh takut kebanjiran gabisa balik,0,0,0.9464713,0.03278265,0.020746075
siklon senyar penyebab banjir sumatra senyar melemah tapi tetap waspada siklon senyar penyebab banjir sumatra melemah tapi tetap waspada dari inet detik com,1,1,0.030639196,0.96677107,0.0025896782
personel polda riau tanggap dalam evakuasi korban terdampak banjir di sumatera barat prayforsumatera lekaspulihsumatera lekaspulihbumiku prayforacehsumutsumbar greenpolicing kapoldariau riauuntukbumi riaulestari melindungituahmenjagamarwah polriuntukmasyarakat,0,0,0.9016508,0.03561087,0.062738314
aceh sumatra bangkit negara dating tanpa menunggu pemerintah bareng warga pemerintah sigap untuk aceh sumatra,2,2,0.026135733,0.0067794705,0.9670848
presiden prabowo mengatakan jika dirinya diberikan daftar perusahaan yang izin nya akan dicabut namun ia menolak untuk melihat data tersebut karena takut akan teman atau anggota dari partai nya masuk kedalam daftar tersebut indonesia sawit berita aceh sumut,1,0,0.9396845,0.029557208,0.030758249
membalas kok banjir di sumatra diam aja min parah luh bab,0,0,0.95415497,0.023356073,0.02248894
tpl bersama industri sawit dan tambang gencar lakukan land clearing akibatnya hulu das rusak parah ini akar penyebab tragedi banjir bandang dan longsor mematikan di sumatera utara tahun buletin medan instagram reel dari instagram com,0,0,0.9288983,0.040449645,0.03065204
akun komentar pemkab bandung menetapkan status tanggap darurat bencana banjir dan longsor saat ini terdapat kecamatan terdampak ribuan rumah terendam,0,1,0.039340958,0.9571438,0.0035153104
aneh ya baut jembatan yang dilepas langsung disebut biadab tapi hutan yang jelas ditebang sampai banjir merenggut ribuan nyawa cukup disebut musibah mungkin karena baut bisa ditunjuk pelakunya sementara yang satu lagi terlalu besar untuk disebut namanya,0,0,0.9547663,0.024307374,0.02092637
najis banget liat story temen yang upload tenda kemensos di area terdampak banjir sumatra tapi gak jelas pula lokasinya di mana terus songongnya lagi pake caption gak perlu diviralkan cukup diam diam aja yeee kampang ya itu kan emang harusnya kerjaan kementrian lu gif,0,2,0.33296898,0.1625038,0.50452733
pertama kalinya dalam hidup ngungsi karna banjir panik waktu packing tas siaga bencana cabut in semua colokan listrik naikin barang ke meja atas lemari,0,0,0.8825167,0.068778105,0.048705205
membalas mimpi apa semalam ngasih ide kok ya nanggung yg lebih hancur gtu boleh buat hutan ya bakal jadi hutan bakau kan pas itu sering banjir jadi tempat pariwisata baru ide nya yg lebih hancur gtu solusi banjir ya buat kota di atas air gk ada banjir lg di jamin,0,0,0.92176,0.04172498,0.036515024
prayforsumatera utk semuanya yg terkena dampak banjir dan tanah longsor stay safe ya semoga ujannya cepet reda banjir surut dan selanjutnya gaada lagi bencana kayak gini ya allah,1,2,0.04717291,0.013431906,0.93939525
kan kan kena roasting genz deh jadinya kasus starlink nya alleyesonsumatra prayforsumatera rauf afoche maulana hutagaol instagram reel dari instagram com,1,1,0.042872254,0.95355976,0.0035680584
christmas charity ceriathon jakaceria vtuberid vtuber charity ceriathon ceriathon kembali lagi untuk tahun ini kita akan menyalurkan bantuan ke saudara saudara kita yang terkena dampak bencana banjir di sumatra info lebih lanjut di reply rb,2,2,0.18523823,0.06079355,0.7539682
akun komentar narasinewsroom narasi daily hingga senin malam bnpb melaporkan lonjakan jumlah korban dalam bencana banjir di sumatera utara aceh dan sumatera barat data terbaru orang dilaporkan meninggal dunia sementara orang masih hilang selain itu tampilkan lebih banyak,0,1,0.40709096,0.5725353,0.0203738
di tengah kondisi itu pemerintah jepang melalui perdana menteri sanae takaichi menegaskan solidaritasnya kepada indonesia dan memastikan kesiapan memberikan bantuan untuk penanganan pascabencana delapan warga jepang terjebak banjir di aceh tokyo siap berikan bantuan pascabencana serambine dari aceh tribunnews com,2,2,0.21244572,0.12404065,0.6635137
pemerintah sigap untuk aceh sumatra dari pusat sampai daerah bergerak cepat,2,2,0.039121505,0.011244038,0.94963455
ya allah prayforsumatera ditengah cerita pilu bencana banjir di aceh medan sibolga dan daerah lainnya ada kerja nyata perjuangan luar biasa relawan sppg agar mbg bisa tetap sampai dg tetap aman higienis kepada penerima manfaat lanjutkanmbg roty tumbler hutan agak laen,2,2,0.18448219,0.07612505,0.73939276
anggota polsek sugio polres lamongan cepat tanggap melaksanakan penanganan banjir yang terjadi di dusun jati desa sidorejo kecamatan sugio jum at sore tadi petugas bersama warga melaksanakan pengaturan arus lalu lintas dan membantu pengendara melewati wilayah yang terendam,2,2,0.10940172,0.03643636,0.8541619
sedih banget semoga semua masyarakat sumatera diberi ketabahan prayforsumatera,1,2,0.033874393,0.009158895,0.95696676
akun parodi penanganan banjir sumatera butuh gotong royong projo peduli bencana bersama budi arie setiadi mendorong solidaritas sosial nasional setia digaris rakyat hadir bantu pangan sandang air bersih serta dukung presiden prabowo bangun kembali infrastruktur projo ajak publik bersatu hadapi banjir besar di sumatera dari gonews co id,2,2,0.03903479,0.013198324,0.9477669
pantesan anggaran bencana sumut dipangkas di era bobby nasution respons banjir dinilai lambat pemerintah provinsi sumatera utara sumut di bawah kepemimpinan gubernur bobby nasution menuai kritik tajam setelah memangkas drastis anggaran belanja tidak terduga btt pos tampilkan lebih banyak anak ogi dan lainnya rb,0,0,0.79361564,0.16242002,0.043964356
dunia kegelisahan kelihatannya banjir susulan bisa jadi lebih parah dikemudian hari jika tidak segera diatasi hulunya,0,0,0.9577902,0.020975048,0.021234754
daftar banjir besar di indonesia bencana banjir sumatera utara aceh dan sumatera barat saat ini bukan yang pertama terjadi di indonesia semestinya pemerintah bisa belajar dari bencana sebelumnya prayforsumatera prayforaceh berikut banjir dengan jumlah korban tampilkan lebih banyak,0,0,0.74863374,0.17706938,0.07429686
membalas dan lainnya mana bantuan alat berat dari pemerintah pusat pak mohon gunakan pajak itu pakai beli alat berat masa jaman gini hewan digunakan bersih sisa banjir malu pak sama negara tetangga ini udah masuk berita dunia loh pak miris liatnya pak,0,0,0.87906486,0.049909554,0.0710257
menteri esdm bahlil lahadalia mengklaim bahwa tambang bukanlah penyebab bencana banjir dan longsor di sumatra barat sumbar sedangkan di aceh dan sumatra utara ia mengaku masih melakukan pengecekan tapi wahana lingkungan hidup indonesia walhi sumatra barat mengungkap tampilkan lebih banyak,1,0,0.58828104,0.35019553,0.061523434
membalas rinciannya sebesar rp triliun untuk aceh rp triliun untuk sumatera utara sumut dan rp triliun untuk sumatera barat sumbar,1,1,0.028980153,0.9685221,0.0024977238
membalas sampe hr ini ga ada transparansi soal peta sebaran izin lokasi temuan kayu sebaran dampak banjir masyarakat cuma dikasih istilah teknis kyk phat di apl ga nyebut satu nama pun di balik itu semua jiwa udh wafat lebih dr sejuta orang ngungsi,0,1,0.12723625,0.85669017,0.016073612
banjir lagi banjir lagi ya allah,0,1,0.3415321,0.6297098,0.028758092
membalas bencana di sumatera itu efek patung mulyono didirikan di sumatera utara bumi indonesia tidak merestui patung mulyono didirikan karena dia merusak negara ini,0,0,0.620052,0.33479,0.04515805
akun parodi banjir bandang di sumatera udah bikin banyak korban dan ratusan ribu orang harus ngungsi di tengah situasi sedih ini masih ada aksi nyata yang jalan tanpa banyak drama semoga ini menjadi pemulihan awal kebangkitan kerjasamauntuksumatera,0,0,0.9420289,0.023803981,0.034167238
wajar kok mereka berisik rumah aja hilang prayforaceh prayforsumatera bencana ini blm tuntas ya gaess,0,0,0.87964225,0.09200772,0.028350012
ya allah sumatera banjir yaaa sumatera barat utara selatan,0,1,0.03638563,0.96024716,0.003367192
tuhan pulihkan untuk sumatera prayforsumatera,2,2,0.04708515,0.014458559,0.93845636
itu di sumatra bukti kalau lu gunduli hutan salah satu bencananya adalah banjir bandang masih mau gundunli hutan juga,0,0,0.9496517,0.023743857,0.026604425
hebat emaknya siapa ini prayforsumatera mamah nikah bencana lingkungan hidup jahatnya siti nurbaya rb,1,0,0.8753936,0.09706468,0.027541673
membalas usul ke pak purbaya mbg di aceh sumbar dan sumut dialihkan ke dapur umum korban banjir sampai lokasi pemukiman warga selesai diatur ulang back to normal,0,0,0.947129,0.027036147,0.025834829
di kemarin bene dion boris bokir indra jegel oki rengga muhadkly acho ernest prakasa dipa andika bikin event lelang poster film agak laen menyala pantiku yg bertanda tangan hasilnya juta terkumpul untuk didonasikan ke korban banjir sumatera aceh rb,0,0,0.5814562,0.14247607,0.27606767
membalas wallahu alam kayaknya ga ada sabotase dari awal emang semua lambat lihat aja pernyataan ka bnpb hari keberapa pasca bencana baru semua tergagap emang lambat aja sih cerita dari awal dah kirim bantuan ga ada itu daerah udah gelagapan ga karuan baru jakarta turun,0,0,0.8419439,0.078163944,0.07989212
polri melalui jajaran polda sumatera barat sumbar memberikan dukungan penuh penanganan bencana alam yang terjadi di wilayah sumatera termasuk pengerahan personel untuk pemulihan listrik berkat sinergi antara polri dan pln,2,2,0.03089072,0.008136996,0.9609723
membalas kalau udah begini tuh sedih bgt rasanya beneran rakyat bantu rakyat pemerintah kalau bantu juga malah pencitraan ngonten angkat beras pura pura beres beres lah pasang muka segede gaban di sembako yang memang seharusnya lu kasih dari lama pake nolak bantuan asing lagi hadeh,0,0,0.92920333,0.031391013,0.039405666
akun parodi terimakasih buat atas pengiriman bantuan kepada para korban bencana semoga bantuan yang di kirim selamat sampai tujuan prayforsumatera,0,2,0.028600622,0.0074752956,0.96392405
pemerintah hadir secara nyata dalam penanganan banjir di sumatra dan aceh sejak hari pertama sumber daya dikerahkan untuk evakuasi dan logistik sinergi pemerintah bareng warga terus berjalan di lapangan guna memulihkan layanan dasar dan akses jalan,2,2,0.030139774,0.0079968255,0.9618634
agam kembali menyala sistem kelistrikan sumbar pulih pascabencana,2,2,0.02911485,0.00766274,0.96322244
apa ada mafia manfaatin situasi bencana kenapa bbm langka nya menyeluruh di taput padahal akses jalan tidak menyeluruh tertutup usut pertamina bumn sumut tapanuli bencanaalam belawan,0,0,0.95389324,0.022885252,0.02322138
total prajurit tni gugur saat evakuasi korban banjir dan tanah longsor di sumbar sumatera jam com sumatera jam total prajurit tni gugur saat evakuasi korban banjir dan tanah longsor di sumbar,0,0,0.94375914,0.029460019,0.026780812
pemerintah hadir memberikan bantuan terbaik kepada warga aceh sumatra yang terdampak bencana banjir,2,2,0.027241549,0.0070978724,0.9656605
krisis mushaf quran masih dihadapi oleh saudara muslim korban bencana banjir bandang aceh sumatera mari menjadi bagian dari hadirnya mushaf quran baru untuk mereka melalui bank mandiri a n al hilal rancapanggu fyi alhilal sumatera,0,0,0.85495436,0.06079089,0.08425466
pln kerahkan pembangkit mw yang tiba di banda aceh untuk perkuat pasokan listrik pasca banjir nad dengan tambahan mw menyusul total capai mw dalam sistem kelistrikan,2,1,0.27262634,0.5532479,0.17412576
video ini dari aksi penjarahan di alfamart di sibolga dan tapanuli tengah sumatera utara pada november akibat kepanikan pasca banjir dan longsor yang menyebabkan kekurangan sembako,0,0,0.8673522,0.07370281,0.058944967
huntap dibangun di sumatera utara sebagian dikebut rampung bulan depan huntap dibangun di sumatera utara sebagian dikebut rampung bulan depan dari detik com,2,1,0.030544119,0.9667822,0.0026736192
dnf itu do not finish dan faktornya banyak ga melulu tabrakan mobil lu tiba mogok itu juga bisa dnf,0,0,0.8980257,0.05962465,0.04234968
membalas kami di medan hari pertama banjir bahkan rumah kami sudah terendam air sampai atap satu malam kami terjebak tidak ada satu pun tim penyelamat menjemput kami hingga pada pukul malam hari air mulai surut kami melakukan evakuasi mandiri banyak berita yang masih digadangkan,0,0,0.92705417,0.037089486,0.03585629
aku setuju hukum alam itu mutlak peringatan keras dari kdm logikafilsuf banjir banjirsumatera,1,1,0.061714705,0.93173057,0.0065546674
banjir dan longsor meluas di sumatra utara bmkg cuaca ekstrem dampak siklon tropis senyar kompas tv banjir dan longsor meluas di sumatra utara bmkg cuaca ekstrem dampak siklon tropis senyar kepala bbmkg wilayah i hendro nugroho menyebut senyar adalah bibit siklon tropis b yang berkembang sejak november di selat malaka rb,1,0,0.8842041,0.07209235,0.043703556
komunitas yang menamakan diri relawan donasi peduli gayo memikul ton beras untuk didistribusikan kepada masyarakat di dataran tinggi aceh yang terisolasi pasca banjir bandang dan tanah longsor antaranews com relawan peduli gayo pikul ton beras ke daerah terisolir aceh komunitas yang menamakan diri relawan donasi peduli gayo memikul ton beras untuk didistribusikan kepada masyarakat di dataran tinggi aceh yang terisolasi,0,0,0.7437756,0.09364082,0.1625835
buat anggota dpr yang nyinggung itu saya kasih saran gimana kalo tunjang bapak di dpr di kasih buat masyarakat yang kena banjir itu salah satu cara cari muka didepan rakyat loh pak biar keliatan baik juga kan toh kalian hobynya gitu kan prayforsumatera,0,0,0.52313995,0.11913582,0.35772422
viral posko bantuan banjir di aceh tamiang diserbu emak emak ungkap ada dugaan penyelewengan,0,2,0.03660965,0.010130114,0.95326024
presiden prabowo subianto meminta menteri kesehatan budi gunadi sadikin untuk mengerahkan dokter internship magang serta dokter koas ke lokasi lokasi bencana di aceh sumatera barat sumbar dan sumatera utara sumut permintaan itu disampaikan dalam rapat terbatas tampilkan lebih banyak,1,1,0.30597794,0.53973615,0.15428595
bisalah panggil kim do ki buat nyelesein orang bandel yg punya andil besar bikin sumatera dan aceh banjir,0,0,0.72601825,0.09572409,0.17825766
membalas gegara endapan tanah liat pasca banjir bang mungkin jalur air baru juga gak ada,0,1,0.031730816,0.9656882,0.0025810164
kerja cepat dan kolaboratif terlihat di sumatera prabowo respon cepat menggerakkan tni polri bnpb dari evakuasi hingga pemulihan saat listrik kembali menyala kehidupan kembali berdenyut kondisi terkini pasokan bbm lpg listrik ke daerah terdampak banjir sumbar dari finance detik com,2,2,0.03259352,0.008959975,0.95844656
berkat polri yang selalu siaga evakuasi korban banjir di sumatera berjalan lancar salut banget semoga selalu amanah dalam mengemban tugas teruslah jadi inspirasi buat kita semua,0,0,0.72685176,0.05895995,0.21418822
sebanyak warga yang terdampak bencana mendapatkan layanan kesehatan dari polda sumbar melakukan upaya perbaikan wujudkansumaterapulih,2,2,0.032245163,0.0087078465,0.95904696
masih edisi bersih sisa galodo prayforsumatera pkspelayanumat,1,1,0.043702178,0.9516614,0.0046363776
membalas dan lainnya sampai dua hari lalu masih ada desa terisolir tidak mendapatkan bantuan setelah hari pasca bencana jadi babi di atas maunya gimana sumatera bagian utara yg luluh lantak ini,2,0,0.8456508,0.088300735,0.06604855
badan penanggulangan bencana daerah bpbd dki jakarta melaporkan sebanyak rt dan dua ruas jalan tergenang di kota jakarta utara dan kabupaten kepulauan seribu terdampak banjir rob pada sabtu siang ada rt dan dua ruas jalan yang tergenang banjir rob di jakarta,1,1,0.06534233,0.9277308,0.006926843
rumah dan lingkungan rumah gw pdhl gak terdampak tp malam ini hujan gede lagi udah parno duluan takut aja kenapa kenapa medan malam ini hujan petir lagi minta doanya semoga gak ada banjir susulan ya,0,0,0.93890464,0.030596074,0.030499276
pasca banjir besar mendikdasmen abdul mu ti tinjau dan pimpin upacara hari pertama sekolah di aceh tamiang acehprov go id pasca banjir besar mendikdasmen abdul mu ti tinjau dan pimpin upacara hari pertama sekolah di aceh pasca banjir besar mendikdasmen abdul mu ti tinjau dan pimpin upacara hari pertama sekolah di aceh tamiang,2,2,0.31103575,0.27784142,0.4111229
membalas kenapa lu harus fokus sama hal yang gak penting sama sekali sedangkan dampak dari banjir sumatra belum selesai papua udah mulai digunduli lagi buat jadi kebun sawit,0,0,0.9166045,0.055791978,0.027603436
antara banjir di jakarta mulai surut sisa rt dan ruas jalan tergenang banjir di jakarta mulai surut sisa rt dan ruas jalan tergenang dari antaranews com,1,1,0.071035504,0.92096514,0.007999369
membalas bekerja tulus demi rakyat aceh,2,1,0.06705571,0.92606175,0.00688251
membalas padahal di skolah uda diajarin buang sampah sembarang menebang pohon bisa bikin banjir bikin polusi jadi naik karena pasokan oksigen jadi tipis blm lagi cadangan air dan resapan tanah jadi tipis,0,0,0.9397694,0.027047507,0.033183064
hari pasca bencana desa sahraja aceh timur masih belum mendapatkan arus listrik di tengah proses pendistribusian bantuan hati kami terenyuh mendengar cerita dari seorang anak yang rumahnya tersapu habis oleh banjir cerita ini mengingatkan bahwa kehilangan masih terus tampilkan lebih banyak rb rb rb,0,0,0.5767424,0.13445269,0.2888049
membalas ibu aprida rumahnya hancur hanyut terhantam banjir dan gelondongan kayu sisa tembok kamar mandi desa tanah terban kecamatan karang baru aceh tamiang,1,0,0.94737065,0.028387217,0.024242198
menteri keuangan menkeu purbaya yudhi sadewa siap menggelontorkan dana darurat guna membantu penanganan bencana banjir dan tanah longsor di pulau sumatera kalau saya disuruh bayar saya bayar gitu saja kata purbaya di kawasan jakarta selatan sabtu kendati tampilkan lebih banyak,2,1,0.3193779,0.5381604,0.14246176
kantor imigrasi kelas ii tpi langsa menjadi salah satu upt kementerian imigrasi dan pemasyarakatan yang terdampak dari banjir yang melanda aceh sumatera utara dan sumatera barat pada akhir november lalu,1,0,0.43770713,0.31660753,0.24568534
ironi banget setiap liat medsos isinya bencana prayforsumatera,0,1,0.056104455,0.93885535,0.00504019
membalas dan amit amit jangan sampai daerah sumsel jadi cak ini jg apalagi yg pengger sungai musi skrg jg banyak lahan di jadiin ladang sawit,0,0,0.9341363,0.029899172,0.03596453
pak prabowo respon cepat nya luar biasa sejak bencana melanda sumatera pemerintah tni polri bnpb all out bantu warga kabar baik listrik kembali menyala di banyak titik terhubung sistem besar pemulihan listrik stabil kondisi terkini pasokan bbm lpg listrik ke daerah terdampak banjir sumbar dari finance detik com,2,2,0.0646398,0.024162404,0.9111978
gerak cepat bupati mukhlis tangani musibah banjir cuaca ekstrem dan curah hujan yang tinggi telah menyebabkan banjir dan tanah longsor datang tiba tiba serta melumpuhkan berbagai aktivitas warga aceh tribunnews com gerak cepat bupati mukhlis tangani musibah banjir serambinews com cuaca ekstrem dan curah hujan yang tinggi telah menyebabkan banjir dan tanah longsor datang tiba tiba serta melumpuhkan berbagai aktivitas warga,2,2,0.14871548,0.08786975,0.76341474
aduhh rumah yg gk pernah banjir itu skrg kekmana ya banjir gak ya mama papa adekku skrg lagi tidur atau ngapain ini aduh banyak pulak kucingku di rumah,1,0,0.93081635,0.033234317,0.035949346
petenis justin barki sumbangkan bonus buat korban banjir sumatera petenis justin barki sumbangkan bonus buat korban banjir sumatera dari gosumbar com,0,0,0.9545039,0.024326885,0.021169202
sangat disayangkan oleh kelakuan kelompok yang ingin menghambat bantuan masuk ke wilayah korban bencana banjir di aceh,0,0,0.9384697,0.025887264,0.035643023
evakuasi dramatis tni al di tapteng lansia dituntun balita berhasil diselamatkan jurnalpatrolinews co id evakuasi dramatis tni al di tapteng lansia dituntun balita berhasil diselamatkan jurnal patroli prajurit tni al dari lanal sibolga melakukan evakuasi dramatis di tapanuli tengah menyelamatkan lansia dan balita yang terjebak banjir,0,2,0.093649216,0.035547104,0.8708036
kehadiran pemerintah di tengah bencana banjir aceh bukan sekadar janji bantuan nyata respons cepat dan kepedulian langsung menjadi bukti negara hadir bersama rakyatnya pemerintahhadir acehbangkit pedulibanjir,2,2,0.027450187,0.007132195,0.9654177
di saat air naik dan harapan turun tni datang membawa keberanian mereka tak kenal lelah mengevakuasi warga menjaga setiap nyawa tanpa pamrih tniuntukrakyat tnibersamarakyat tnikebanggaanrakyatindonesia banjiraceh siagabencana,2,2,0.087470226,0.028352173,0.8841776
polri melalui jajaran polda sumatera barat memberikan dukungan penuh penanganan bencana alam yg terjadi di wilayah sumatera termasuk pengerahan personel utk pemulihan listrik berkat sinergi antara polri dan pln pemulihan listrik kini telah mencapai wilayah sumbar,2,2,0.029496856,0.007819674,0.96268344
tim sar gabungan pagi ini masih membersihkan lumpur di sma negeri padang pasca banjir yang melanda sumatera barat sementara siswa tetap belajar dengan sistem daring rabu pagi mth sar bencana pasca banjir sumatera padang,1,1,0.039582025,0.95625967,0.0041583185
banjir susulan kembali melanda kota padang sumatera barat pada minggu sore desember puluhan warga terpaksa dievakuasi sementara dua orang dilaporkan sempat terseret arus sebelum berhasil diselamatkan petugas banjirpadang bpbdpadang cuacaekstrem,1,1,0.1963336,0.74199647,0.06166987
okay takut banget ini ujannya kaya banjir waktu itu,0,1,0.15358528,0.8317924,0.0146223055
kementerian esdm dan pln menyalurkan genset untuk wilayah aceh yang masih terisolasi akibat banjir membantu warga tetap mendapatkan penerangan sementara genset untuk aceh terang sementara yang menjaga harapan warga dari techfin id,2,2,0.035303716,0.00949804,0.95519835
walaupun banda aceh sudah terkendali persoalan banjir tapi tetap ada masalah karena kita semua tergantung kepada medan untuk pasokan pangan dan lainnya prayforsumatera banjirsumatera aceh antaranews com illiza batalkan lawatan ke turki karena aceh masih tanggap darurat bencana antara news aceh wali kota banda aceh illiza sa aduddin djamal batalkan lawatannya ke istanbul turki karena aceh masih dalam masa tanggap darurat bencana hidrometeorologi,0,2,0.29625362,0.16143171,0.54231465
palembayan kab agam sumatra barat kembali berduka galodo banjir bandang susulan ke datang lagi and sudah memakan korban jiwa kembali prayforsumatera banjir innalillahi,0,0,0.6707462,0.13250843,0.1967454
bersama najwa shihab terkait bencana banjir longsor di aceh sahabatcaroeng dalam suasana duka akibat banjir dan longsor yang melanda aceh hadir dukungan dari berbagai pihak kali ini kita bersama najwa shihab sosok publik yang selalu peduli pada isu kemanusiaan,0,2,0.2495835,0.06226994,0.68814653
akun parodi pemulihan pascabencana di sumatera utara terus bergerak maju secara bertahap dan berkelanjutan pemerintah provinsi sumatera utara di bawah kepemimpinan gubernur bobby nasution memastikan perbaikan infrastruktur serta normalisasi sungai di wilayah tapanuli berjalan sesuai tampilkan lebih banyak,2,2,0.11201003,0.04222229,0.8457677
lebih dari seribu jiwa meninggal dunia dan tidak kurang dari jiwa belum ditemukan sejak banjir bandang sumatra selasa november tidak hanya kehilangan sandang pangan sebagian penyintas juga kehilangan sumber penghidupan mereka kesulitan kembali pulang saksikan tampilkan lebih banyak,0,0,0.92791957,0.032674666,0.039405715
membalas tolong tutup dan tidak juga perusahaan di jambi riau yg menebang hutan kerna daerah itu juga kerusakan hutan nya parah dan sudah berubah jadi lahan sawit banjir pun terus datang tiap tahun,0,0,0.95687354,0.020741753,0.0223847
air naik tapi respons tetap ngebut pemerintah hadir dari awal turun langsung bantu evakuasi dan kirim bantuan buat warga terdampak banjir di sumatra,2,2,0.032643497,0.008621759,0.95873463
kementerian pekerjaan umum melalui direktorat jenderal bina marga memastikan jembatan kembar margayasa di tanah datar sumatera barat dalam kondisi aman pascabencana banjir bandang dan longsor,2,2,0.19184314,0.10877768,0.6993792
info hari ini monggo yang daerah tangerang dan sekitarnya merapat istighosah dan doa bersama bersama ustadz hadi hidayat pukul wib semuga doa untuk saudara kita di aceh sumut dan sumbar di ijabah allah ta alaa aamiin,2,0,0.47943193,0.10378066,0.41678736
polri dan kejagung bidik korporasi besar penyebab banjir sumatera banjirsumatera polri kejagung polri dan kejagung bidik korporasi besar penyebab banjir sumatera dari hallonews com,1,2,0.21637984,0.105438836,0.6781814
repost atrbpn halo sobatrbpn saat ini saudara kita di provinsi aceh sumatra utara dan sumatra barat sedang mengalami musibah banjir serta longsor untuk itu kementerian atr bpn membuka donasi bagi masyarakat yang terdampak mari bersama ulurkan tangan tampilkan lebih banyak,2,0,0.8139862,0.085037574,0.10097627
bencana longsor dan banjir bandang yang melanda kabupaten aceh tengah menyebabkan desa di kecamatan terisolasi hingga kamis akses darat menuju wilayah tersebut masih lumpuh total akibat kerusakan parah pada ruas jalan dan jembatan bupati aceh tengah haili tampilkan lebih banyak,0,0,0.91374004,0.039719608,0.046540335
satgas pkh akhirnya mengungkap perusahaan yang jadi penyebab banjir dan longsor di aceh sumbar dan sumut karena alih fungsi hutan sekarang perusahaan perusahaan ini sedang diperiksa di kejaksaan tinggi dan terancam sanksi berat mulai dari cabut izin sampai pidana tampilkan lebih banyak,0,0,0.91273296,0.044397898,0.042869214
ini dana aceh sumut dan sumbar yg dipotong pemerintah ketika ada bencana,0,0,0.388761,0.23327743,0.3779616
tim relawan lazisku distribusikan bantuan menyusuri sungai wampu menuju desa tapak kuda yang terisolir ini kebumen lazisku sungaiwampu prayforsumatera desatapakkuda inikebumen com tim relawan lazisku distribusikan bantuan menyusuri sungai wampu menuju desa tapak kuda yang tim relawan lazisku mendistribusikan bantuan dengan menyusuri sungai wampu menuju desa tapak kuda tanjung pura langkat yang terisolir,1,2,0.07299592,0.031495675,0.8955084
nanti setelah media asing memberitakan kondisi riil dmpak bencana banjir sumatera barulah pemerintah kebakaran bulu idung selama ini diajak ke lokasi yang tidak parah jadi status bencana pun tidak nasional,0,0,0.9221169,0.043149542,0.03473355
kemenperin salurkan bantuan untuk korban bencana banjir di aceh sumut dan sumbar menteri perindustrian agus gumiwang golkarpedia partaigolkar bahlillahadalia dprri agusgumiwang,2,0,0.8687216,0.047712136,0.08356627
akun komentar membalas habis gelap terbitlah prabowo pulang mereka pikir cahaya ilahi cukup buat nerangin rumah warga yg kebanjiran gelap mata gelap hati rb,0,0,0.9297307,0.04221464,0.028054612
tni terus hadir untuk aceh pasca banjir lhokseumawe denpal im memberikan layanan servis dan ganti oli gratis bagi warga sebagai bentuk dukungan nyata pemulihan mobilitas masyarakat tniuntukrakyat kodamim denpalim lhokseumawebangkit acehpulih pedulibencana tnihadir,2,2,0.028912956,0.0076256627,0.9634613
belasan tahun lalu suaka margasatwa karang gading dan langkat timur laut di kabupaten langkat sumatera utara rusak berat ribuan hektar hutan mangrove dibabat untuk membuat arang pemodal dari kota membangun pabrik arang hampir di semua sudut hutan mangrove yang sudah gundul tampilkan lebih banyak,0,0,0.9367068,0.034901492,0.028391778
membalas kalau semua rumah terendam jama teruotus lalu apa lg yg lebih mencekam apakah termasuk nyawa mu gilang baru d sebut mencekamkah,0,0,0.932527,0.047638457,0.019834511
gajah gajah bantu bersihkan puing kayu pascabanjir aceh balai konservasi sumber daya alam bksda aceh mengerahkan empat ekor gajah terlatih untuk membantu membersihkan puing kayu di pemukiman penduduk di kabupaten pidie jaya aceh yang sebelumnya dibawa banjir bandang pada tampilkan lebih banyak rb,2,2,0.2970286,0.21079278,0.4921786
contoh nyata penanganan cepat dampak badai siklon tropis senyar di p sumatera yg menyebabkan banjir longsor negara hadir logistik jalan evakuasi infrastruktur darurat bergerak tapi keberhasilan itu justru ramai disebarkan oleh akun yg di waktu lain ikut mencaci tampilkan lebih banyak rb,2,0,0.483492,0.17605257,0.34045544
pemerintah hadir dan bergerak cepat bersama warga dalam penanganan bencana di aceh dan sumatra langkah sigap ini memastikan bantuan tepat sasaran kebutuhan dasar terpenuhi dan proses pemulihan berjalan beriringan,2,2,0.026737364,0.006960892,0.9663017
bangga bgt sm polri yg gercep bantu korban banjir di sumatera mereka ga cuman hadir tp jg langsung sigap dgn bantuan nyata terus berkarya buat negeri,0,2,0.051283944,0.01402958,0.93468654
update banjir aceh hari ini desember jumlah korban wilayah update banjir aceh hari ini desember jumlah korban wilayah dari tirto id rb,0,0,0.9281626,0.049437407,0.022400007
membalas duka saudara kita di aceh sumbar dan sumut lbih penting dari pada nonton timnas,0,0,0.9422571,0.029645689,0.028097179
twitter do your magic keluarga teman saya sampai hari ini belum ada kabar akibat banjir yang terjadi di sumatera aceh tamiang terkait info keluarga tertera di foto rb,0,1,0.4121047,0.41648817,0.17140713
membalas semoga saudara yang ada di sumbar aceh sumut di berikan ketabahan dan lekas membaik sumatraku salut dengan polri yang senantiasa hadir di tengah masyarakat,2,2,0.061014894,0.01705183,0.92193335
sesama warga aja bantu sampe sebegininya ini otoritas tertinggi bisa gerakin power gede man method material money aduh lelet bgt ya allah hari ke ini lhooo datang cakap cakap foto pulang dan ga berdampak signifikan nationaldisaster prayforsumatera,0,0,0.895617,0.05003225,0.054350648
kejati sumbar minggu desember posko peduli bencana adhyaksa kejaksaan tinggi sumatera barat kembali melanjutkan pendistribusian bantuan kemanusiaan berupa sembako bagi masyarakat terdampak bencana alam di kabupaten pesisir selatan kegiatan ini dipimpin oleh kepala,2,2,0.036352187,0.009946082,0.95370173
done reading koloni oleh ratih kumala aku ingin menjadi burung membaca ini saat banjir aceh sumatra des rasanya sungguh dekat walopun bukan semut melihat berita banjir itu aku merasa sekecil semut bedanya ratu semut selalu melindungi koloninya but anyway,0,0,0.55977905,0.18224584,0.2579751
paya pencarian korban jiwa yang masih tertimbun pasca bencana banjir dan longsor di aceh mendapat bantuan dari luar negeri lima orang relawan dari tiongkok telah tiba di aceh untuk membantu proses pencarian dan evakuasi para relawan membawa peralatan khusus yang dirancang tampilkan lebih banyak rb,0,0,0.815911,0.05169803,0.13239092
kementerian kesehatan menambah dukungan layanan dan logistik kesehatan untuk wilayah terdampak bencana banjir dan longsor di aceh sumatera utara dan sumatera barat antaranews com kemenkes tambah logistik kesehatan ke lokasi bencana di sumatera kementerian kesehatan menambah dukungan layanan dan logistik kesehatan untuk wilayah terdampak bencana banjir dan longsor di aceh sumatera utara dan,2,2,0.030596182,0.011019612,0.9583843
membalas dan lainnya kalo aceh utara emang dari dulu langganan banjir kak tanahnya turun kayak jakarta gue nggak tau ada pengaruh rig lng pt arun jaman dulu atau nggak yg jelas sungainya gede ngangkut air dari gunung ke laut kalo curah hujan lagi tinggi ya siap aja,0,0,0.5502443,0.37787884,0.07187685
pdip kirim tim medis dan dokter diaspora ke aceh sumut dan sumbar ribka instruksi bu megawati pdip kirim tim medis dan dokter diaspora ke aceh sumut dan sumbar ribka instruksi bu megawati dari elshinta com,2,2,0.029102296,0.0076459073,0.9632519
semoga aceh dan daerah sumut lainnya segera membaik prayforsumatera,1,2,0.23247,0.1983507,0.5691793
membalas di jaman tehnologi informasi serba terbuka begini masih saja ada menteri yg menutupi penyebab musibah banjir yg melanda aceh sumut sumbar dg info menyesatkan woi tidak semua rakyat indonesia iqnya semua,0,0,0.91752195,0.037617117,0.044860885
insha alloh makhluk ini salah satu penyebab alloh swt menurunkan bala di sumatera barat,0,1,0.06448874,0.9278967,0.0076146387
bencana banjir di aceh dan sumatra merusak ribuan rumah dan meninggalkan dampak serius pada anak anak yang kini hidup di pengungsian situasi darurat ini menuntut respons cepat dan terkoordinasi untuk memastikan keselamatan kesehatan serta pemulihan psikologis anak anak tampilkan lebih banyak,0,2,0.048048563,0.013028958,0.9389224
membalas jembatan bailey berarti ada jembatan yang rusak karena banjir bandang di aceh sumut dan sumbar itu sedikit atau banyak ya,1,0,0.91971767,0.03290085,0.04738141
untuk meringankan korban bencana di hadapan presiden mendagri tito karnavian minta kementerian dan lembaga terkait membebaskan biaya pembuatan surat surat penting seperti bpkb akte tanah dll prayforsumatera yukgasss,0,0,0.9460958,0.027439639,0.026464554
berbagai langkah rehabilitasi terus didorong agar aceh sumatra pulih dan aktivitas warga kembali normal,2,2,0.051811144,0.016211856,0.931977
akses jembatan di desa garoga tapanuli selatan sumatera utara terputus akibat terjangan banjir bandang dibantu bpbd warga terpaksa dievakuasi dengan lintas tali di tengah derasnya arus banjir pada kamis update berita selengkapnya di beritasatu tv,1,0,0.66780645,0.21077558,0.121417955
akun komentar langkah cepat lintas negeri demi menemukan yang hilang dan memulihkan yang tersisa prayforsumatera prayforaceh,0,0,0.7214537,0.23126777,0.047278546
akun penggemar ya allah ya allah ak tdi malem nelpon nenek kakek ku di sumbar sna blio bilang klau dirumah blio matlam banjir yg memang sampai masuk ke rumah blio ak kasian sama blio soalnya kakek ku emg lgi sakit kesehatan mereka berdua juga lgi g memadai stay safe guys,0,0,0.5256603,0.14932717,0.32501253
bupati baharuddin hadiri rakor percepatan rehabilitasi dan rekonstruksi pascabencana di sumatera utara bupati baharuddin hadiri rakor percepatan rehabilitasi dan rekonstruksi pascabencana di sumatera dari update news id,2,2,0.1754616,0.12358678,0.70095164
di samalanga kab bireun aceh juga begini yang menyusuri orang tua di rumah rumah juga masyarakat yang ada kapal pribadi team sar nggak ada,1,1,0.29981306,0.36333227,0.33685467
hotel jadi salah satu tujuan warga medan sumut mengungsi imbas banjir sejumlah hotel kini mendadak kehabisan kamar gegara banyak warga yang mengungsi ramai ramai warga ngungsi ke hotel hingga kantor imbas banjir medan dari news detik com rb,0,1,0.064315364,0.9300772,0.005607388
selandia baru negara yg terkenal akan kehijauan alamnya kenapa mereka bisa lebih menjaga itu sampai skrg jika kita tanya chatgpt berikut jawabannya deforestasi prayforsumatera prayforsumatera banjirsumatra sawit,1,0,0.8976702,0.049724363,0.052605316
membalas untuk tahun ini purbaya memastikan sebanyak rp miliar telah mengalir ke aceh sumatera utara dan sumatera barat hingga kabupaten kota yang terdampak bencana banjir dan longsor,1,1,0.401585,0.44956145,0.14885351
membalas update banjir sumatra desember korban jiwa ribu rumah dan jembatan rusak update banjir sumatra desember korban jiwa ribu rumah dan jembatan rusak dari dataindonesia id,0,0,0.9496489,0.022773523,0.02757754
menteri pekerjaan umum pu dody hanggodo memastikan pembangunan unit hunian sementara huntara di provinsi aceh dan sumatera utara sumut akan selesai sebelum ramadhan menteri pu janjikan huntara di aceh dan sumut rampung sebelum ramadhan serambinews com dari aceh tribunnews com,1,2,0.30890045,0.2094327,0.48166686
membalas senjatanya bukan hanya angin suplai uap air yang besar dari laut hangat di selat malaka meningkatkan akumulasi awan konvektif sehingga hujan ekstrem mengguyur wilayah aceh sumatera utara serta merambat ke sumatera barat bahkan meluas ke malaysia dan thailand yukgasss,1,0,0.6174729,0.21745948,0.16506767
day banjir sumatra update sitrep tim sigab nh hari pascabanjir saudara saudara kita di aceh sumatra masih berjuang untuk bangkit rumah rusak aktivitas terhenti dan kebutuhan dasar masih terus dibutuhkan,0,0,0.73047185,0.09652901,0.17299913
dari kemarin seliweran video evakuasi bayi korban banjir nangis ngga kuat liatnya semoga selalu sehat di tangan pertolongan yang tepat,0,0,0.9529569,0.022022637,0.025020456
halo sobatatrbpn bukittinggi segenap jajaran kantor pertanahan kota bukittinggi menyampaikan duka cita yang mendalam atas musibah banjir bandang tanah longsor dan jalan putus yang melanda wilayah sumatera alleyesonsumatera prayforsumatera medan prayfortapanuli,0,0,0.9483487,0.023797248,0.027854078
kok gak ada lagi berita musibah sumatera yaa gmn nasibnya rumah yg terkubur lumpur kayu yg kebawa banjir bandang sampe nutup sungai dll sempet liat di reel tadi kalo warga udah bikin kayu itu jadi papan utk rumah mereka mantaaap skaleeee👍👍👍,2,0,0.90948373,0.044515487,0.046000697
keadaan terkini kuala simpang aceh yang rosak akibat banjir yang berlaku baru baru ini video arisazumi malaysiatribune videoreels banjir,1,1,0.039326217,0.95782757,0.0028462175
duka banjir bandang sumbar jenazah masih menunggu identitas goriau com duka banjir bandang sumbar jenazah masih menunggu identitas padang proses penanganan pascabencana banjir bandang dan tanah longsor di sumatera barat masih menyisakan duka mendalam hingga kini sebanyak jen,0,0,0.9471911,0.02468838,0.028120458
astikan ogistik ak engendap di eluruh osko encana pengiriman bantuan logistik untuk masyarakat yang terdampak bencana banjir dan longsor di sumatra dilakukan secepat mungkin badan nasional penanggulangan bencana tampilkan lebih banyak,1,2,0.3268429,0.26039982,0.41275722
kementerian kehutanan kemenhut mengangkut ratusan gelondongan kayu dengan total volume meter dari lokasi terdampak banjir sumatera kayu kayu itu digunakan untuk membangun hunian sementara huntara bagi warga terdampak di aceh dan sumatera utara baca selengkapnya tampilkan lebih banyak rb,2,2,0.04459735,0.013307154,0.9420954
menteri koordinator bidang pangan zulkifli hasan zulhas menegaskan komitmen pemerintah untuk memperkuat ketahanan pangan nasional dengan fokus utama pada percepatan distribusi cadangan pangan ke wilayah terdampak bencana banjir dan longsor di aceh sumatera utara dan tampilkan lebih banyak,1,2,0.068563476,0.022404794,0.9090318
hari ini gajah dari plg saree aceh berangkat bantu evakuasi pasca banjir di pidie jaya aceh midok abu nonik dan aziz berangkat selamat pulang juga harus selamat ya,1,0,0.6870105,0.11271419,0.20027529
membalas dan mestinya bisa klo begitu dengan syarat itu kayu balok klo mo dimanfaatkan untuk bangun rumah tp khusus untuk perumahan warga penduduk yg berada di daerah tempat balok tsb terdampar drpd dibiarkan terlalu lama terendam lumpur bang,0,0,0.80186725,0.08376131,0.11437148
kayu gelondongan misterius yang muncul saat banjir besar di sumatera akhirnya mulai terungkap asal usulnya polri bersama kemenhut telah membentuk satgas gabungan untuk menelusuri sumbernya dari hulu hingga hilir sungai banjir longsor sumatra aceh sumbar polri menhut,1,0,0.8107684,0.121845,0.0673866
pengamat banjir sumatra bukan sekadar bencana alam tapi produk pilihan politik pengamat banjir sumatra bukan sekadar bencana alam tapi produk pilihan politik forum dari forumkeadilan com,0,2,0.051575772,0.014204239,0.93422
membalas lihat saja tuh hasil kerjanya sumatra porak poranda karena banjir habis ini nyusul kalimantan sulawesi maluku dan papua dprnya tetap joget joget,0,0,0.8273482,0.062885255,0.109766535
banjir bisa datang kapan saja tetapi dampaknya dapat ditekan bila tata kelola dijalankan dengan jujur dan transparan saat air naik integritas adalah benteng terbaik untuk melindungi masyarakat dan menjaga budidaya tetap bertahan mari bersama menjaga memperkuat integritas,1,0,0.91046554,0.032449283,0.057085175
membalas sehingga kualitas pelayanan kepada masyarakat tetap terjaga tidak lupa beliau mengajak seluruh jajaran untuk menunjukkan kepedulian sosial dengan membantu rekan rekan yang terdampak bencana alam di aceh sumut dan sumbar melalui penggalangan dana,2,2,0.13311492,0.045227267,0.82165784
membalas anehhh pemerintah tuh omongannya makin asbun aja kaya gak dipikir dulu gitu bahkan masalah donasi aja masih dikomenin bukannya bersyukur rakyatnya saling bantu heran banget rb,0,0,0.93774086,0.026805583,0.035453446
bnpb live update setiap jam terkait update bencana banjir di aceh sumut dan subar pantengin terus pokoknya di sini youtube com bnpb indonesia the indonesia national disaster management authority,1,2,0.1994522,0.1745202,0.62602764
tentara nasional indonesia telah berperan besar dalam membantu korban banjir di sumatera mereka dengan sigap memberikan bantuan logistik evakuasi korban dan memastikan keselamatan warga keberanian dan dedikasi mereka sangat menginspirasi,0,2,0.07931258,0.019799136,0.9008883
belum melakukan pencitraan ke lokasi bencana seperti pejabat yg lain sarkas pencitraan prayforsumatera prayforsumatra prayforindonesia,0,2,0.31597897,0.12380636,0.5602147
semoga banjir di aceh sumatera utara dan sumatera barat lekas surut tidak terjadi longsor lagi aamiin sedih ya allah liat video seliweran banyak jenazah terbenam di lumpur semoga seluruh korban meninggal husnul khotimah aamiin rb,0,2,0.29535097,0.0783999,0.62624913
tamparan amarah nenek tua untuk pemerintah prayforsumatera youtube com tamparan amarah nenek tua salih podcast spiritsumbar cinta rasa syukur dan kebaikan adalah kunci untuk menjalani hidup yang indah dan bermakna musik mix live roblox travel,0,2,0.19647808,0.06753323,0.73598874
beberapa menit yang lalu banjir hebat di koto tuo kawasan jembatan batu busuk kecamatan kapalo koto kota padang sumatera barat indonesia dari weather monitor,1,0,0.92307454,0.056084227,0.020841202
satu kompi sat brimob polda sumsel terjebak longsor di aceh utara tetap siap lanjutkan misi kemanusiaan setelah menempuh perjalanan selama empat hari dari palembang menuju aceh satu kompi satuan brimob polda sumatera selatan yang akan melaksanakan misi bantuan kemanusiaan tampilkan lebih banyak,2,0,0.55544144,0.28333235,0.16122621
yang begituan kamu pakek pres rilis lantas mertua kamu yang rakus menggunduli hutan hingga mengakibatkan bencana sumatra itu kamu mingkem,0,0,0.95923567,0.020527933,0.020236379
lebih dari ribu rumah luluh lantak akibat banjir sumatra namun banjir longsor susulan masih mengintai lumpur jutaan meter kubik kayu masih berserak para penyintas belum bisa kembali pulang saksikan realitasmetrotv tengoklah rumah kami sabtu desember tampilkan lebih banyak rb,0,0,0.83872855,0.09593504,0.06533637
membalas dan iya aku sempat baca tweetnya yg pas ngungsi karena banjir tapi yg abis gempa belum ada update kayanya internetnya mati juga,1,0,0.60403085,0.17066552,0.22530356
banjir yang melanda sejumlah wilayah di provinsi riau dalam sepekan terakhir tidak hanya mengganggu aktivitas warga tetapi juga meningkatkan risiko penyakit kulit khususnya kutu air kondisi kaki yang terus terendam air kotor dan lembap menjadi pemicu banjir meluas di riau warga diminta waspada penyakit kutu air akibat kaki lembap dari riaucerdas com,0,0,0.81328225,0.09994097,0.08677678
aceh dan sumatera makin maju dalam penanganan bencana kerja sama pemerintah dan masyarakat bikin langkah antisipasi semakin solid kita bangga lihat kemajuan ini,1,2,0.06018761,0.019155588,0.92065686
membalas duit mbg mending buat memulihkan aceh sumbar dan sumut,1,0,0.6485706,0.28482148,0.066608
membalas pray for sumatera semoga manusia dapat menjadikan ini sebagai pembelajaran agar kita bisa lebih berharmoni dengan alam prayforsumatera prayfortapanuli prayforsibolga prayforaceh prayforindonesia,2,1,0.035493925,0.9611575,0.0033485247
membalas pencitraan lg apa gk ada cara lain biaya kunjunganmu lebih besar drpd biaya bantuan untuk korban banjir,0,0,0.9450179,0.02754118,0.027440982
penampakan mayat akibat banjir di pasar tamiang aceh minggu pagi pagi gubernur aceh humple borpnah malming sumut prayforsumatera acehtamiang rb,0,1,0.10242757,0.8890815,0.008490999
membalas semoga pengiriman bantuan ini berjalan lancar sampai tujuan doa terbaik untuk saudara saudara kita di aceh sumut dan sumbar,2,2,0.1551628,0.07377059,0.7710666
wilayah kabupaten aceh singkil dan sekitarnya dilanda banjir besar di kecamatan dan desa ketinggian air di beberapa titik mencapai lebih dari satu meter ribuan rumah terendam aliran listrik padam jaringan komunikasi mati dan aktivitas warga pun terganggu lantaran jalan tampilkan lebih banyak rb,0,0,0.8330077,0.11855114,0.048441254
tetap waspada dalam menerima atau melihat video dikarenakan beberapa video suasana saat terjadi bencana alam yang tersebar diproduksi oleh ia prayforsumatera,1,0,0.89625424,0.059963744,0.043782037
tpppedulibencanasumatera bencana alam melanda provinsi aceh sumbar dan sumut tpp bergerak kemendespdtpedulibencana daritppuntuksumatera tpppedulibencana donasipendampingdesa pendampingdesapeduliindonesia,2,2,0.082820654,0.027835868,0.8893435
warning wilayah yang berpotensi terjadi banjir update data peringatan pukul wib rb,1,1,0.03948837,0.957656,0.0028556362
bandung lagi pada banjir juga ya rb,1,1,0.03731867,0.95943993,0.0032414137
beredar isu air laut naik di kota seorang warga meninggal dunia diduga karena serangan jantung sejumlah warga juga tampak panik dan menyelamatkan diri kemudian satreskrim polres pidie jaya polda aceh mengamankan lima terduga pelaku penyebar isu hox tersebut berita viral,0,0,0.8863637,0.053009454,0.06062689
membalas bandung tergenang tapi yang diprioritaskan sumatera kayak rumah sendiri kebanjiran tapi sibuk nolong tetangga biar keliatan baik,0,0,0.9386123,0.035382535,0.026005251
aduh serem banget airnya naik cepet banget diluar rumah udah banjir dalem banget ini bentar lagi masuk rumah,0,0,0.9519962,0.024718434,0.023285357
harus transparan titiek soeharto minta perusahaan penyebab banjir sumatra dibuka ke publik,1,0,0.9509175,0.026533717,0.022548802
senyum anak anak semangat sumbar bangkit pasca bencana di kota padang keceriaan anak anak harus tetap terjaga melalui dukungan psikososial di pos pengungsian pemerintah hadir untuk memberikan trauma healing yang menyenangkan,2,2,0.026665358,0.006954793,0.9663798
bni perluas penyaluran bantuan tanggap darurat untuk masyarakat yang terdampak banjir bandang serta longsor di berbagai wilayah sumatera salah satunya di anduring kecamatan x kayu tanam kabupaten padang pariaman sumatera barat pemukiman sawah dan jembatan warga tampilkan lebih banyak,2,2,0.05588598,0.018322067,0.92579204
pascabanjir bandang pekan lalu ribuan warga kini berada di tempat pengungsian rumah terendam banjir dan lumpur bahkan ada yang hilang karena terbawa arus sungai,0,0,0.934736,0.03289423,0.032369774
apa masalahnya ya jika bencana aceh sumut dan sumbar menjadi bencana nasional,0,0,0.94905746,0.029270478,0.021672033
membalas jalur arun banda aceh terganggu karena ada tower sutet diterjang banjir sdg dalam perbaikan masyarakat juga dapat memakluminya dengan penjelasan ini supply arus bukan lg dari sigura gura sumut dan gangguan bukan dari pembangkit arun dan nagan raya,2,0,0.6340062,0.3048337,0.061160177
banjir sinyal mati tp bumi turns out ihsg ancur parah conclusion tuhan maha baik maksud palung mariana itu apa cik,0,0,0.933251,0.03312051,0.033628397
prabowo fokus pulihkan provinsi terdampak bencana kerahkan seluruh kekuatan jakarta presiden ri prabowo subianto kini memfokuskan pemerintahannya untuk mengatasi dampak bencana banjir dan longsor yang terjadi di sumatra utara sumatra barat dan aceh seluruh instrumen tampilkan lebih banyak,2,2,0.03564994,0.009827777,0.95452225
membalas disegerakan pak proses evakuasi dan bantuannya prayforsumatera alleyesonsumatra,0,2,0.04617338,0.013295827,0.9405308
bapak presiden coppot aja menteri kehutanan karena membiarkan penebangan kayu liar yang menyebabkan banjir bandang di sumatera utara,0,1,0.22399779,0.7489349,0.027067283
bakamla ri lewat unsur kn pulau dana yang membawa bantuan kemanusiaan peduli sumatra seberat ton bagi masyarakat terdampak bencana banjir dan tanah longsor berhasil sandar di pelabuhan lhokseumawe aceh selasa,2,2,0.06084204,0.017768696,0.9213893
terus bantu korban banjir relawan nasional lpi hilmi fpi berikan pengobatan gratis di aceh utara hilmi kemanusiaan banjirbandang acehtamiang bantuanaceh acehutara relawan nasional lpi hilmi fpi berikan pengobatan gratis dari hilmi news,2,2,0.06196781,0.015666801,0.9223654
membalas alex indra lukman menjelaskan rapat pertanggungjawaban tersebut dijadwalkan berlangsung pada kamis dan akan menyoroti banyaknya gelondongan kayu yang terbawa arus banjir di aceh sumatera utara dan sumatera barat,1,2,0.23686992,0.16453058,0.5985995
akun parodi cuma bisa share link donasi semoga warga korban bencana di aceh sumbar sumut segera terpenuhi kebutuhan nya,0,0,0.9491165,0.025618667,0.025264818
prabowo emang jago penanganan banjir sumatera dengan sigap tunjukin kerja nyata pemimpin kita,2,1,0.30005407,0.53053606,0.16940984
terus jangan pernah lelah buat pemulihan pascabencana banjir acehsumatrabangkit acehsumatrapulih,2,2,0.031016186,0.0082038585,0.9607799
tim sar resimen ii pasukan pelopor bko polda sumatera barat terus bergerak membantu masyarakat terdampak banjir di kecamatan palembayan kabupaten agam pencarian korban penyaluran bantuan logistik,0,2,0.06367536,0.019755183,0.9165695
apa yang membuat pemerintah pusat belum menetapkan bencana banjir bandang sumatera aceh sumut sumbar sebagai bencana nasional banjirbandang sumatera aceh info berita,0,0,0.94600827,0.030791942,0.023199793
membalas bukti nyata yang terctt dalam sejarah adalah penderitaan tragis yang dirasakan warga aceh sumut sumbar akibat lambannya penanganan bencana banjir dan longsor yang telah menelan korban sbb,0,0,0.9133279,0.03999258,0.04667956
pemulihan bencana banjir longsor aceh sumut sumbar dilakukan masif oleh presiden dana sudah disiapkan juga membangun jembatan agar rakyat tak lagi bertaruh nyawa dikeseharian revitalisasi sekolah sebar juta smart board di duit dari mana tampilkan lebih banyak,0,2,0.25685555,0.13130225,0.61184216
konsesi raksasa tambang sawit dan rekam jejak zulkifli hasan perparah banjir tapanuli pribuminews co id konsesi raksasa tambang sawit dan rekam jejak zulkifli hasan perparah banjir tapanuli pribumine konsesi raksasa tambang sawit dan rekam jejak zulkifli hasan perparah banjir tapanuli jakartasatu com bencana banjir hebat yang melanda tapanuli sumatera utara kembali membuka luka lama mengenai,0,0,0.88540983,0.060234305,0.05435587
membalas tantangan infrastruktur yang terdampak bencana mempengaruhi kualitas layanan namun progress perbaikan terus berjalan indibizsumatera banjirsumatera prayforsumatera,2,1,0.30063578,0.35338554,0.34597868
air di kawasan batang toru tapsel sumatera utara tiba tiba kembali naik tanpa tanda warga yang melihat lonjakan arus spontan panik dan bergegas menjauh dari bantaran sungai,1,1,0.33546567,0.6310233,0.033510968
membalas wahai org org sumatra barat utara aceh tuh kalo dri sudut pandang agama gurun katanya bencana d t klen di sebabkan maksiat ini kebangetan ngawur ajaran spt ini penyebab banjir jelas krn hutan d babat admin ga ada simpati pasti mabok agama arab nih org,0,0,0.91425383,0.04422278,0.04152339
ketua komisi v dpr lasarus mengusulkan agar pemerintah mulai mencari sumber baru alokasi pendanaan untuk mengatasi dampak banjir dan longsor di sumatra dan aceh merona d,1,0,0.5915454,0.18816222,0.22029243
membalas aksi tulus itu menarik perhatian warganet dan dipuji sebagai sikap empati serta kebiasaan berbagi di tengah kondisi pascabencana banjir bencanasumatera,2,1,0.09880155,0.88770163,0.013496814
dampak dari banjir bandang yang melanda aceh sumatra utara dan sumatra barat terasa parah di desa lubok pusaka kecamatan langkahan kabupaten aceh utara kondisi terkini di desa tersebut menunjukkan tingkat kerusakan yang signifikan banyak rumah di desa lubok pusaka tampilkan lebih banyak,0,0,0.87016416,0.0587616,0.07107428
bnpb percepat pembangunan huntara untuk korban banjir bandang longsor di sumatra barat update terkini ikuti tiktok ig x jangan lupa subscribe channel youtube kami,0,0,0.92563206,0.041063722,0.033304237
klo boleh bantuan baju laki juga ya kawan semua jgn baju perempuan semua prayforsumatera tamiang,2,0,0.57583714,0.24699618,0.17716667
pmi kota cilegon menyalurkan bantuan kemanusiaan berupa uang tunai sebesar rp juta bagi masyarakat terdampak banjir dan tanah longsor di sumatera barat selasa pmikotacilegon pedulisumatera pmiselalubantu,2,2,0.030900355,0.008174363,0.96092534
bustami di pidie jaya ngabarin kerabatnya th tadi sore meninggal dlm kondisi sakit dan lemah bkn terserat air atau longsor tapi menahan lapar di rumahnya yg masih banjir meter di meureudu lebih warga pidie jaya meninggal sebagian krn kelaparan prayforsumatera,0,0,0.9192855,0.036065053,0.044649374
pt kimia farma tbk bersama kimia farma group mendukung percepatan pemulihan pascabencana banjir di aceh sumatra utara dan sumatra barat melalui penyaluran bantuan kesehatan dan kebutuhan dasar,2,2,0.034001045,0.0091237,0.95687526
viral oknum dishub pungli mobil bantuan korban banjir aceh relawan dipalak rp ribu video oknum dinas perhubungan melakukan pungutan liar alias pungli ke mobil bantuan korban banjir aceh viral di medsos lokasi di depan terminal karya jaya palembang rabu,0,0,0.93054134,0.027486451,0.041972157
viral evakuasi ibu hamil di padang jelang lahiran jalan putus akibat banjir wolipop detik com viral evakuasi ibu hamil di padang jelang lahiran jalan putus akibat banjir viral evakuasi dramatis ibu hamil di aceh karena jalan putus akibat banjir bandang ibu yang mendekati hpl ini dibantu melintasi lereng terjal oleh petugas,0,0,0.860975,0.0848957,0.054129276
kadinsos samosir ditetapkan tersangka korupsi bantuan korban banjir kerugian negara capai rp m kadinsos samosir ditetapkan tersangka korupsi bantuan korban banjir kerugian negara capai rp m astakom com kadinsos samosir ditetapkan tersangka korupsi bantuan korban banjir kerugian negara capai rp m astakom com jakarta kejaksaan negeri kejari samosir telah menetapkan kepala dinas sosial dan pemerintahan masyarakat desa kabupaten samosir sumatera,0,0,0.93684536,0.031662934,0.03149167
warga bisa pilih huntara terpusat atau in situ di aceh tamiang pemerintah menyiapkan dua skema hunian sementara huntara bagi warga terdampak banjir dan longsor di kabupaten aceh tamiang yaitu huntara terpusat dibangun di lokasi terpusat seperti yang dilakukan oleh tampilkan lebih banyak rb,2,2,0.082625456,0.030903913,0.8864707
banjir terjang subang ratusan rumah terendam hingga lebih dari seribu kk terdampak merdeka com banjir terjang subang ratusan rumah terendam hingga lebih dari seribu kk terdampak video kejadian ini tersebar di grup perpesanan warga,0,0,0.8936109,0.06665805,0.039731093
pesan natal prabowo bukan hanya ucapan iman tetapi seruan kemanusiaan presiden perkuat solidaritas dengan mengajak bangsa ini bergotong royong memberi harapan bagi korban banjir bandang dan longsor di sumatera kabar bisnis com pesan natal presiden prabowo ajak gotong royong untuk sumatra presiden prabowo ajak gotong royong di natal untuk bantu sumatra hadapi bencana perkuat solidaritas dan persatuan demi kedamaian dan kebersamaan,0,0,0.7072581,0.09214908,0.20059277
gubernur sumatera barat dan bupati tapanuli selatan menyuarakan kritik keras terhadap kebijakan perizinan hak atas tanah oleh kementerian kehutanan yang dinilai menjadi salah satu pemicu utama banjir dan longsor berulang di wilayah masing masing mahyeldi ansharullah menilai tampilkan lebih banyak,0,0,0.8874125,0.063930534,0.048657034
perjuangan tanpa henti untuk mengembalikan terang dan harapan masyarakat aceh sudah sebulan lebih pascabencana banjir yang melanda wilayah aceh salah satu yang paling parah terdampak adalah kecamatan takengon kabupaten aceh tengah plnsiaga plnuntukindonesia,2,2,0.33281383,0.09380682,0.57337934
aceh dan sumatera makin maju dalam penanganan bencana kerja sama yang solid dan inovasi bikin dampaknya terasa banget ayo terus dukung upaya ini,1,2,0.03630553,0.00984536,0.95384914
prabowo menyetujui bantuan rp juta per unit untuk pembangunan hunian tetap bagi korban banjir di aceh sumut dan sumbar bantuan diberikan dalam bentuk material bangunan sementara pendataan kerusakan dan kepemilikan rumah masih diverifikasi bnpb dan pemerintah daerah,0,0,0.8612978,0.05260611,0.08609614
bnpb sebut jembatan bailey dipasang untuk pulihkan akses di sumatra barat suarasurabaya net bnpb sebut jembatan bailey dipasang untuk pulihkan akses di sumatra barat bnpb mengatakan sejumlah jembatan darurat atau bailey mulai dipasang pada beberapa titik di wilayah sumatra barat sebagai penghubung akses antar wilayah rb,1,2,0.06517372,0.023149846,0.9116764
membalas bagaimana progres penanganan bencana banjir sumatera tamiang kini parah,0,0,0.8423459,0.12572475,0.031929303
akun komentar membalas saya pernah mengalami banjir besar sekitar tahun dengan ketinggian air setengah badan orang dewasa untuk pulih saja butuh hampir satu minggu,1,0,0.92670155,0.037077315,0.036221202
sejumlah video viral di media sosial memperlihatkan kayu gelondongan ikut terseret arus deras saat banjir melanda wilayah tapanuli selatan tengah sumatera utara rabu kepala dinas lingkungan hidup dan kehutanan dlhk sumatera utara heri wahyudi marpaung,0,0,0.5802833,0.1691826,0.25053418
pria ini jalan kaki puluhan kilometer cari anak istri ke lokasi longsor tukka tapanuli tengah riauonline riauonlinecoid prayforsumatera tapanulitengah banjirditukka,0,2,0.23452377,0.2316223,0.533854
ribu paket mbg disalurkan untuk korban banjir aceh di tengah akses yang terputus dan wilayah yang masih terisolasi tim sppg terus bergerak membawa harapan ketika sekolah ditutup dan rumah terendam bantuan ini jadi napas sementara bagi banyak keluarga,0,0,0.920612,0.02979714,0.049590923
banjir dan longsor sumut jadi pengingat pentingnya pengelolaan hutan yang berkelanjutan dalam konteks itu tpl bisa jadi contoh praktik industri lestari yang perlu terus didukung dan diawasi secara adil,2,0,0.9004774,0.035523493,0.06399915
membalas beliau menegaskan indonesia tidak lagi menghadapi sekadar perubahan iklim tetapi telah memasuki krisis iklim banjir di bali aceh sumbar sumatra hingga banjir rob di jawa menjadi bukti yang semakin nyata jiwa telah meninggal kerugian mencapai rp triliun ujarnya,0,0,0.5151376,0.38081148,0.104050875
banjir nich boleh ngungsi ke kos kamu gk sih,1,0,0.52207047,0.43038195,0.047547687
membalas ayo geser ke tapanuli orang jual eceran sampe rb,0,1,0.3666657,0.37552023,0.25781408
alhamdulillah pasukan khom malaysia berjaya turun padang untuk misi bantuan kecemasan bencana aceh pada disember memasuki minggu ketiga pasca banjir besar di aceh sumatra,2,1,0.17190047,0.77143157,0.056667946
berdasarkan data dari bnpb pada jumat pukul wib korban meninggal akibat banjir dan longsor di sumatra bertambah menjadi orang tim gabungan masih fokus pada upaya evakuasi penyaluran bantuan dan pembukaan akses menuju wilayah wilayah yang sebelumnya tampilkan lebih banyak rb,0,0,0.9287703,0.029750237,0.041479383
konteks di sini itu banjir bandang di aceh tengah dan bener meriah kemaren bukan riau intinya ya emang sama pembalakan hutan sih,0,0,0.8797895,0.06584457,0.05436595
ada regie disini regilios pawonl n karrasa admin des akun penggemar regilios x dompet dhuafa pray for sumatera ribuan warga meninggal ratusan ribu warga butuh bantuanmu longsor dan banjir bandang menimpah sejumlah wilayah di wilayah pulau sumatera banjir di sumatera utara padang serta aceh mengakibatkan jaringan transportasi dan tampilkan lebih banyak rb,0,0,0.5232514,0.33295166,0.14379697
kantor wilayah direktorat jenderal imigrasi kepulauan riau menyampaikan doa dan empati terdalam atas bencana banjir dan longsor di aceh sumut dan sumbar semoga keadaan segera membaik dan masyarakat dapat kembali beraktivitas dengan aman,2,0,0.8460388,0.045537237,0.10842391
banjir rob merendam jalan r e martadinata di depan jis di kelurahan papanggo kecamatan tanjung priok jakarta sabtu jis banjir megapolitan kompas com banjir rob kepung jis pagi ini status pintu air pasar ikan naik ke siaga bahaya banjir rob kembali merendam kawasan sekitar jis pagi ini memicu status bahaya di pintu air dan membuat warga diminta lebih waspada rb,1,1,0.09542336,0.89096564,0.013611027
bnpb umumkan lonjakan korban banjir dan longsor di sumatera pencarian masih berlanjut bnpb longsor banjir aceh sumaterabarat sumaterabarat solusiindonesia com bnpb umumkan lonjakan korban banjir dan longsor di sumatera pencarian masih berlanjut solusi solusiindonesia com badan nasional penanggulangan bencana bnpb merilis laporan terbaru terkait meningkatnya jumlah korban akibat banjir bandang dan tanah,0,0,0.8752639,0.08315705,0.04157902
membalas bencana ada di tiga provinsi terdampak kabupaten jalan nasional putus per satu bulan dari tinggal yang masih proses penyambungan empat titik di aceh dan ada di sumbar dan di sumut tuturnya,1,0,0.766015,0.1510523,0.082932726
sinergi kebijakan terus dilakukan bph migas memperpanjang relaksasi pembelian bbm solar dan pertalite tanpa kode qr di aceh sumatera utara dan sumatera barat kebijakan ini ditujukan untuk mempermudah akses bbm banjir bencana prayforsumatra bnpb update,2,2,0.13281019,0.039817587,0.82737225
kerusakan parah pada infrastruktur akibat banjir di aceh sumatera barat dan sumatera utara menyulitkan penyaluran bantuan ratusan desa masih terisolasi hingga senin,0,0,0.95620537,0.020280443,0.023514193
membalas nu care lazisnu menyalurkan bantuan pada masyarakat terdampak bencana banjir dan tanah longsor di sumbar sumut dan aceh bca an yay lembaga amil zakat infaq shadaqah nu btw dijit belakangnya situbondo banget nupedulibencanasumatera,2,2,0.034214385,0.009367094,0.95641863
update terkini dari bnpb terkait banjir dan longsor di aceh sumatera utara dan sumatera barat terus dilakukan upaya penyelamatan evakuasi dan pemulihan di lapangan menjadi prioritas utama bnpb update live setiap jam wib youtube com bnpb indonesia the indonesia national disaster management authority,2,2,0.043801438,0.013859911,0.94233865
membalas amen ya anggi soalnya ini banjir terbesar yang kembali lagi di sibolga tapteng,0,0,0.93756175,0.039833058,0.022605099
polri bolehlah dibilang pahlawan aksi nyata bantuin korban banjir aceh ni bikin hati adem terus gas poll buat bangsa,2,0,0.90808976,0.031776886,0.06013333
aceh masih waspada banjir dan longsor susulan aceh masih waspada banjir dan longsor susulan dari sumut idntimes com,1,1,0.28098914,0.67958486,0.039425988
akun parodi banjir banget di sumut guys udah masuk rumah aku stay safe ya,0,1,0.080212474,0.9097708,0.010016778
pak tom ig post update teman ibu bapak mari kita sumbang uang waktu tenaga perhatian dan doa sejauh yang kita sanggup untuk korban bencana banjir bandang dan tanah longsor yang melanda aceh sumatra utara dan sumatra barat berikut beberapa opsi c,0,0,0.8344113,0.055729218,0.10985949
baik tapi hari ini kurang baik soalnya tidak bisa tidur terlalu nyaman banget takut tiba tiba air masuk rumah and aku harus tetap waspada terus,0,0,0.94980085,0.026164098,0.024035059
bencana banjir dan longsor yang melanda sejumlah wilayah di sumatera menyebabkan ratusan orang masih belum ditemukan anggota komisi v dpr ri dari fraksi pkb irmawan meminta basarnas mengoptimalkan proses pencarian dan evakuasi korban di lokasi bencana fraksipkb com ratusan korban banjir sumatera hilang dpr minta kerja basarnas dioptimalkan fpkb dpr ri jakarta bencana banjir dan longsor yang melanda sejumlah wilayah di sumatera menyebabkan ratusan orang masih belum ditemukan anggota komisi v dpr ri dari fraksi partai kebangkitan bangsa pkb,0,0,0.8604539,0.07032157,0.06922456
banjir ny jgn masuk rumah dong,0,0,0.72170126,0.2303826,0.04791615
personel polisi bersama instansi terkait menyalurkan bantuan perlengkapan sekolah kepada siswa di sekolah darurat kecamatan tukka kabupaten tapanuli tengah sumatera utara polri terus berkomitmen konsisten salurkan bantuan bersamapulihkansumatera,2,2,0.03006601,0.007898013,0.96203595
akun parodi dari ig info minang kawasan batu busuk di kota padang kembali dilanda banjir selasa sore begitu juga nagari saniang baka di kabupaten solok banjir kembali terulang selasa,1,0,0.8870281,0.049391735,0.06358015
saya kira kepala bnpb saja yg mengira bencana banjir dahsyat hanya sekedar mainan medsos ternyata sekelas ksad juga memahami banjir hanya urusan pencitraan saja ribuan nyawa terkubur karena lamban penanganan kelaparan dan berbagai penyakit sudahilah kebodohan pak ksad,0,0,0.93121654,0.033483252,0.03530023
zulkifli hasan pastikan pemulihan bukan hanya cepat tapi tepat janji rumah zulhas jadi pedoman untuk bantu warga kunjungi padang zulhas janji pasokan pangan kali lipat untuk korban banjir dari detik com,2,2,0.08704987,0.033048496,0.8799017
hujan deras mengguyur bali dan picu banjir besar air naik dengan cepat rumah dan lahan warga ikut terendam banyak yang sampai harus menyelamatkan hewan hewannya ke tempat aman salah satu video yang viral menunjukkan sebuah mobil berjuang keras melawan arus banjir rb,0,0,0.8685501,0.05869043,0.07275948
membalas tahunya ttg tntn dari musibah banjir longsor di provinsi begitu besar dampak dari kerusakan lingkungan riau jgn menunggu ada bencana dl baru sadar,0,0,0.93107563,0.03983445,0.029089933
kembali lakukan pencarian korban personel gabungan turun langsung evakuasi korban terdampak banjir di suantera barat prayforsumatera lekaspulihsumatera lekaspulihbumiku prayforacehsumutsumbar greenpolicing kapoldariau riauuntukbumi riaulestari,0,0,0.94201124,0.02449294,0.033495817
pak prabowo menyebut akan mengalokasikan masing masing rp miliar untuk kabupaten kota terdampak banjir di sumatera dan aceh prayforindonesia prayforsumatera prayforaceh viral indonesia bencananasional banjir,1,1,0.047436576,0.94668716,0.005876292
membalas kemarin pas banjir sempat masuk rumah,0,1,0.27714097,0.6713605,0.051498488
tim trauma healing bagian psikologi biro sdm polda riau melaksanakan pendampingan bagi korban banjir bandang di desa salareh aia kecamatan palembayan kabupaten agam sumatera barat selasa dalam kegiatan ini tim memberikan trauma healing dan sarana kontak banjir,0,0,0.89540166,0.04421793,0.06038033
bergerak di humala tambunan hutanabolon kecamatan tukka kabupaten tapanuli tengah provinsi sumatera utara yang memiliki sebanyak jiwa dari hasil assesment data di lapangan tim sudah menyiapkan skenerio tentang bagaiamana perlatan dan kebutuhan pengungsi,1,0,0.34340096,0.34255463,0.31404445
apel green aceh menemukan gelondongan kayu sekitar meter kubik bertumpuk di wilayah yang berbatasan dengan hutan lindung di desa babah suak penghubung antara hutan kawasan ekosistem leuser dengan hutan ulu masen di provinsi aceh terungkap sehari sebelum banjir menerjang terjadi penebangan hutan masif di beutong ateuh dari aceh tribunnews com,0,0,0.9059805,0.057399105,0.036620356
akun parodi mendagri mengungkapkan sebanyak desa hilang tersapu banjir bandang tanah longsor di aceh sumut sumbar na willa sawah pangan rakyat terjaga lhkpn zulkifli hasan kawal stokpangan gapapa malam neng,0,0,0.92938995,0.041759457,0.028850554
pemerintah susun skema kerja satgas pemulihan bencana sumatra pemerintah susun skema kerja satgas pemulihan bencana sumatra dari tirto id rb,2,2,0.028857451,0.007564527,0.96357805
alam pasti murka kalo manusia nya serakah hati hati saja kaya di sumatra barat banjir bandang melanda kalo masyarakat ngg siap dengan resiko hutan nya hilang atau alih fungsi,0,0,0.9590785,0.021726934,0.019194588
bawaslu kendal menyampaikan doa dan empati mendalam atas musibah yang menimpa saudara saudara kita di sumatera semoga seluruh warga diberikan kekuatan keselamatan dan pemulihan yang segera mari bersama mengirimkan doa terbaik prayforsumatera bawaslukendal doauntuksesama,2,0,0.9226457,0.027857287,0.04949697
pemerintah segera tangani warga terdampak banjir bantuan langsung disalurkan pemulihan infrastruktur dimulai aceh sumatera update,2,2,0.027334468,0.007119628,0.96554595
polri mengerahkan bbrp tim psikolog utk pemulihan trauma pasca bencana banjir bandang longsor di aceh sumatera utara dan sumatera barat selain bagi korban layanan psikososial juga diberikan bagi petugas dan relawan di lokasi bencana my vidi sepanjang,2,2,0.055278182,0.01586535,0.9288564
membalas bnr bnr hujan hari nonstop cuaca dingin banjir dimana mana rata rata org udh ngungsi mati listrik susah sinyal bahkan gempa ada korban jiwa semua ini akibat keserakahan manusia tbh ini cuaca ter ekstrem yg pernah ku alami stay safe everyone prayforsumatera,0,0,0.9143121,0.046401385,0.039286554
tadi siang saya meninjau langsung jalur nasional di kawasan lembah anai sumatera barat yang terdampak banjir besar dan longsor ruas ini merupakan urat nadi utama yang menghubungkan sumatera barat dengan provinsi riau sehingga putusnya akses sangat berdampak pada tampilkan lebih banyak rb,1,1,0.036933027,0.9597427,0.0033242677
kepala brmp sumatera utara dr siti maryam harahap mengikuti langsung persiapan groundbreaking rehabilitasi lahan persawahan terdampak bencana di kabupaten tapanuli tengah brmp sumatera utara instagram photos and videos dari instagram com,1,1,0.038627945,0.9567535,0.0046186023
mbg harus di stop dulu lebih baik uang anggaran mbg dialihkan untuk saudara di aceh sumatera utara dan sumatera barat terlebih dahulu,1,0,0.90159523,0.06439532,0.034009453
akun parodi langkah cepat bp taskin di aceh menegaskan bahwa tanggap darurat harus dibarengi rencana pemulihan budiman sudjatmiko memastikan pendekatan profesional berjalan seiring dengan misi bptaskinfokuspascabencana ancaman lonjakan kemiskinan sumbar pasca bencana jadi perhatian khusus bp taskin harian haluan dari harianhaluan id,2,0,0.76036865,0.1338301,0.10580126
satu kampung di kecamatan sawang aceh utara lenyap dihantam banjir bandang sedikitnya rumah satu masjid dan berbagai fasilitas umum hilang tersapu arus wilayah permukiman kini berubah total menjadi alur sungai besar jejak kehidupan warga hilang dalam hitungan menit tampilkan lebih banyak rb,0,0,0.89261174,0.054232784,0.053155493
aksi nyata polri bawa bantuan ke daerah terisolir aceh tengah pasca banjir beneran bikin salut tetap solid dan semangat ya,2,2,0.027552005,0.00717967,0.96526825
toba pulp lestari tpl membantah tuduhan sebagai penyebab banjir dahsyat di sumatra yang menewaskan orang begini penjelasan manajemen radarlawu jawapos com kontroversi memuncak tpl hadapi tuduhan deforestasi dan banjir besar begini jawabannya radar toba pulp lestari tpl membantah tuduhan sebagai penyebab banjir dahsyat di sumatra yang menewaskan orang begini penjelasan manajemen,1,0,0.8642968,0.07203501,0.063668236
memulihkan trauma menguatkan semangat tim trauma healing polda riau bersama hipsi riau dampingi siswa min agam bangkit pasca bencana melalui aktivitas positif dan penuh keceriaan kapoldariaubantusumbar kapoldariiaubantuaceh kapoldariaubantumedan poldariaubantubencana,2,2,0.03464059,0.00924141,0.956118
pt pln persero memulihkan sekitar persen pasokan listrik di empat wilayah terparah terdampak banjir di aceh yakni kabupaten bener meriah aceh tengah aceh tamiang dan gayo lues berkat upaya tersebut lebih dari juta warga kini dapat kembali menikmati aliran listrik,0,2,0.1073417,0.042520303,0.85013795
akun penggemar cuaca buruk bandara banjir barang delay heheheheheehe,0,1,0.032887585,0.9645805,0.0025319753
dan rumah tetangga pun kebanjiran karena got yg mampet sudah lapor dpr tapi akhir tahun tidak ada anggaran jalan raya dilebarkan got dibiarkan ya banjirlah jang tanya yg lain sudah dikasih laporan juga wkwkwkwk,0,0,0.6990972,0.114105366,0.18679748
bantuan pascabanjir disalurkan u warga terdampak di kec sawang aceh utara tepatnya di ds babah krueng ds blang reuling bantuan kebutuhan pokok ini jd btk respons cepat di ms pemulihan setelah aktivitas warga sempat terganggu akibat banjir sigapmembangunnegeriuntukrakyat,2,2,0.096304305,0.03868749,0.8650083
belum tidur karena rumah kebanjiran,0,1,0.06683557,0.92799574,0.005168725
lebih dari hari bencanagampong sikundo aceh barat masih terisolasi karena jembatan terputus dan jalan amblas ke sungai ratusan rumah rusak atau hanyut di wilayah aceh barat akibat bencana nasional banjir aceh sumatera pada november 🗓 jan,0,0,0.92482364,0.033145636,0.042030793
kementerian keuangan melalui direktur jenderal strategi ekonomi dan fiskal febrio kacaribu mengatakan kewajiban perpajakan bagi para wajib pajak wp yang menjadi korban bencana banjir dan longsor di wilayah aceh sumatera utara dan sumatera barat menjadi gugur dia tampilkan lebih banyak,2,0,0.8242021,0.077307835,0.098489985
bener patah hati bgt ini sama yg ngontrak rumah sebelumnya kok bisa sih jahat bgt ga care gt sm perabotan rumah bisabisanya rumah kaya bekas kebanjiran padahal rumah udh setinggi ini aneh bgt gaada track record komplek kebanjiran yak org tanahnya tinggi jorok bgt yaallah,0,0,0.87721825,0.059581213,0.06320047
gerombolan jokowi menjatuhkan nama prabowo di tengah bencana banjir sumatera kecamatan lumpuh di aceh saja hampir korban meninggal ribuan rumah hanyut dalam rusak bisa nya jokower kepala bnpb bilang bencana hanya heboh di medsos bersihkankabinetprabowo,0,0,0.9557059,0.02481411,0.019480031
banjir dan longsor yang terjadi di wilayah sibolga tapanuli selatan tapanuli tengah dan tapanuli utara memutus akses jalan sehingga menjadi tantangan dalam proses pemulihan listrik namun hal tersebut tidak mematahkan semangat personel pln untuk terus melakukan perbaikan,2,2,0.061619274,0.016378568,0.92200214
selama banjir aceh belum ada media atau masyarakat lokal yang memberitakan kerja atau bantuan polisi di aceh dan sumbar sebenarya polisi itu bikin pencitraan lokasjnya dimana,0,0,0.80093485,0.050856613,0.14820851
teruntuk saudara saudara kami di aceh sumatera utara sumatera barat baik korban yang meninggal dan sudah diketemukan maupun yang belum diketemukan doa terbaik untuk kalian semoga diampuni segala kesalahan kalian ketika masih hidup dan diberikan tempat terbaik tampilkan lebih banyak rb rb,0,0,0.94128704,0.027836103,0.03087683
membalas dan reply manusia yang gak punya empati kau gatau disini separah apa udah hari kami ngungsi di masjid debit banjir udah segenteng ruma kami cuma bermodalkan berenang karna gada bantuan perahu karet pun belom ada jg pemkot yg ngirim bantuan berupa makanan jadi kau gosa soktau,0,0,0.896167,0.03749486,0.066338174
ada gila gilanya ni ujan turun terus ga berenti berenti selame hari untung aje kgk banjir ni yee,0,0,0.9441049,0.028718678,0.027176427
banjir susulan terjadi kembali di kabupaten aceh timur kamis januari prayforsumatra prayforsumatra,1,1,0.0739941,0.9121556,0.013850273
orang batak yg waras terutama marga panjaitan tdk akan menuduh bahwa banjir dan longsor di sumatera utara adalah akibat menebang pohon di monas thn lalu,1,0,0.8836755,0.08564425,0.030680219
masyarakat aceh terpaksa mengangkut barang dagangan dan kebutuhan lainnya melewati medan berbahaya akibat terputusnya akses jalan dan jembatan skala kehancuran infrastruktur di aceh akibat banjir besar aceh sumatra nov melampaui bencana tsunami sebanyak ruas tampilkan lebih banyak rb,0,0,0.91510737,0.03747243,0.047420252
udah jam nih waktunya ngikutin update bencana banjir sumatera di bnpb live update bencana youtube com bnpb indonesia the indonesia national disaster management authority,1,1,0.09981459,0.86302596,0.037159495
membalas dan lainnya banjir pertama distribusi bantuan akses ke daerah terisolasi ekspektasi warga besar logistik makanan air bersih evakuasi dll sedangkan kondisi lapangan sulit krn infrastruktur rusak akses terputus smntr kebutuhan mendesak hal sprt ini kaum keledung mana ngerti rb,0,2,0.23019616,0.0674531,0.7023508
dalam semangat natal pesan natal prabowo presiden perkuat solidaritas menggerakkan empati nasional gotong royong membantu korban banjir bandang longsor sumatera demi persatuan menjaga harapan dan kasih sesama bangsa indonesia kuat pesan natal presiden prabowo ajak gotong royong untuk sumatra dari kabar bisnis com,0,2,0.16800347,0.040180217,0.7918163
presiden prabowo kemarin tiba di lokasi banjir paling parah di sumut meninjau langsung rumah rumah yang terendam hingga dada orang dewasa prabowopedulisumatera respons cepat negara,0,0,0.938463,0.026399167,0.03513788
akun komentar di negara ini bencana datang tiba tiba bantuan pemerintah datang pelan pelan sambil stretching dan menyiapkan pendengung dan seperangkat kamera bukan begitu kiranya pak fakta prayforsumatera,2,0,0.5875911,0.10222187,0.31018695
melihat dampak banjir yang meluas di sumatera tim tanggap darurat langsung bergerak menyalurkan bantuan dan evakuasi karena pemerintah hadir tanpa tunda untuk menjaga keselamatan warga satuindonesia,2,2,0.03454794,0.009204878,0.9562472
satbrimob polda aceh terima bantuan sosial dari wirasatya alumni akpol untuk masyarakat terdampak banjir instagram com batalyonapeloporaceh instagram photo,2,2,0.048725165,0.014633699,0.93664116
membalas aceh dan sumatra tidak sendirian seluruh negeri berdoa dan membnatu dalam bentuk apapun,2,2,0.22944662,0.11078308,0.65977037
menteri dalam negeri tito karnavian resmi memimpin satgas percepatan rehabilitasi dan rekonstruksi pascabencana sumatera satgas tersebut kini mengambil alih penanganan pemulihan banjir dan longsor di sejumlah wilayah sumatera hingga seluruh proses selesai satgas pimpinan tito karnavian ambil alih pemulihan pascabencana sumatera serambinews com dari aceh tribunnews com,2,2,0.09304809,0.046234235,0.8607176
pemerintah provinsi jawa timur memberangkatkan bantuan logistik bagi korban banjir di sumatra barat sumatra utara dan aceh dari sidoarjo selasa,0,0,0.45868313,0.097607546,0.44370937
indonesia lagi kenapa ya yaallah musibahnya beneran bertubi aceh sumut bandung subang malang semuanyaa gini kena banjir yang nyeremin bgt,0,0,0.89252114,0.07681665,0.030662145
semoga bantuan dan penanganan pascabencana di aceh sumut dan sumbar berjalan lancar serta tepat sasaran demi pemulihan masyarakat dan keamanan nasional polriuntukmasyarakat,2,2,0.029803457,0.007829285,0.96236724
bunga rafflesia mekar di tanah yang berduka momen penemuan bunga rafflesia oleh tim sar gabungan evakuasi banjir bandang hanya satu dari beberapa bunga yang ditemukan mekar di hutan sumatra penemuan flora endemik yang dikenal sebagai bunga bangkai,0,0,0.81568116,0.14125413,0.043064695
membalas kronologi menghadapi banjir dengan penuh rasa kecewa karena keterlambatan dan ketidakpastian akan bantuan dari tim evakuasi siang hari itu seorang ibu dan anaknya datang ke biara untuk minta tolong mengevakuasi suami dan kedua anaknya yang terjebak di rumah karena arus air tampilkan lebih banyak,0,0,0.8197404,0.07658253,0.103677064
membalas terus gimana perputaran ekonomi nya mas kalo di hancurin masih banyak cara ngatasin banjir cuma pemerintah nya aja yg nge korup anggaran,0,0,0.9543222,0.02535406,0.020323781
horas saudara kita bangkit bersama horassaudara prayforsumatera horassaudara charity humanitarianaid solidarity giveback dogood indonesia newmusic worldmusic naturaldisasterrelief help hope nonprofit makeadifference,2,2,0.030145777,0.007981719,0.96187246
satgaspemulihanbencana siapkan bantuan untuk warga terdampak banjir aceh sumatra harapan mulai kembali tumbuh yuk kita bantu pemulihan bencana aceh sumatera dari dhanesa,2,2,0.028390443,0.0074580344,0.9641515
bupati tapanuli selatan buka suara soal kayu gelondongan di bencana banjir longsor sumatera bupati tapanuli selatan buka suara soal kayu gelondongan di bencana banjir longsor sumatera dari kompas tv rb,1,0,0.9009408,0.06825925,0.030799946
yaa allah padang kembali siaga padang sumatera barat banjir bandang dengan debit air yang sangat tinggi kembali melanda kawasan koto tuo pangka jembatan batu busuk kelurahan kapalo koto pada minggu desember berdasarkan laporan terkini air sungai telah meluap tampilkan lebih banyak rb,1,0,0.67153066,0.26531175,0.063157596
dilan janiyar salurkan bantuan rp juta untuk korban banjir aceh dilan janiyar salurkan bantuan rp juta untuk korban banjir aceh dari hot detik com,0,0,0.95117337,0.027543422,0.021283157
pdip berangkatkan ambulans dan tenaga medis ke aceh sumatra libatkan dokter diaspora thephraseid pdip pdiperjuangan bantuan bencana bencanaaceh bencanasumatra banjir dokterdiaspora hastokristiyanto thephrase id pdip berangkatkan ambulans dan tenaga medis ke aceh sumatra libatkan dokter diaspora pdip berangkatkan ambulans dan tenaga medis ke aceh sumatra libatkan dokter diaspora,2,2,0.028776878,0.008512628,0.9627105
membalas matangkuli aceh utara banjir un ortu gbs dihubungi hampir x jam terakhir ngabarin air masuk kedalam rumah sampe skrg gatau gimana kondisinya rb,0,0,0.65647537,0.30315503,0.040369496
akun parodi hai ini masih pagi tapi aku dpt kabar kampung ku di sumbar udah ga berbentuk lagi keluarga di sana ngungsi ke tempat aman walau bisa di kata ga aman juga sementara rumah keluarga di daerah bagian lainnya udah ketutup banjir tolong doakan org di sana ges,0,0,0.7350631,0.12619202,0.13874494
ribuan keluarga korban banjir dan longsor di aceh sumatera utara dan sumatera barat memilih bertahan di luar hunian sementara dengan menerima dana tunggu hunian dth dari pemerintah badan nasional penanggulangan bencana bnpb mencatat hingga kini sebanyak kepala,1,0,0.86157703,0.04830456,0.09011835
membalas dan ya kobarkan dong bendera perangnya tembaki itu tentara yg lagi evakuasi korban banjir jgn koar di sosmed aja kek bocil ngancem mulu gak ada tindakan sama sekali,0,0,0.9482495,0.024481915,0.027268516
bergerak bersama pulihkan aceh dan sumatra kita semua berharap kehadiran para dapat meringankan beban masyarakat di lokasi terdampak bencana tarunakkp kkpgrowstronger saktiwahyutrenggono kkpgoid kkpterus f,2,2,0.03041765,0.008015559,0.9615668
bupati aceh selatan akan dipecat karna pergi umroh saat rakyat daerahnya terkena banjir ane sih setuju bupatiacehselatan prayforsumatera prayforindonesia bencananasional banjir prayforaceh,2,0,0.9264026,0.042989444,0.030607969
sebagai bentuk dukungan terhadap upaya penanganan pembersihan sisa banjir pmi mengirimkan bantuan peralatan pembersihan dalam jumlah besar aceh tribunnews com pmi fokus bersihkan banjir sumatera aceh kirim puluhan ribu cangkul sekop dan puluhan excavator pmi memfokuskan upaya pada pembersihan sisa lumpur kayu dan material banjir yang masih menutup permukiman warga serta fasilitas umum,2,2,0.04561205,0.018610641,0.9357773
membalas belum kak btw stay safe ya gue liat di berita pulau sumatra lagi kena banjir bandang,1,1,0.1437093,0.8273706,0.028920136
ikuti terus yuk update info tentang banjir sumatera di bnpb live update bencana jam youtube com bnpb indonesia the indonesia national disaster management authority,1,2,0.05591984,0.019780038,0.92430013
jumlah korban meninggal akibat bencana banjir dan tanah longsor di sumatera bertambah menjadi orang berdasarkan data di situs pusat data informasi dan komunikasi bencana senin pukul wib sumatera utara jiwa sumatera barat jiwa dan aceh jiwa,0,0,0.9535555,0.0221346,0.0243099
akun komentar c u m a bencana sumatera dari provisi banjir besar di bali dari provinsi keracunan mbg dari penerima mbg tni vs wna china dari provinsi,1,1,0.05544701,0.9375613,0.0069917315
yang sedang viral akibat banjir bandang di sumut ini bukan murni fenomena alam tapi kerusakan alam akibat ulah manusia sebuah video memperlihatkan momen dimana sungai batang boru yang terletak di tapanuli selatan sumatera utara mengalami banjir namun banyak warganet yang tampilkan lebih banyak rb,0,0,0.92741215,0.034260973,0.0383268
dalam rangka kepedulian terhadap terjadinya banjir dan longsor yang terjadi di beberapa daerah di aceh sumatera barat sumatera utara kpu riau memberikan bantuan kepada saudara saudara yang terkena bencana semoga bantuan itu dapat meringankan beban bagi sesama saudara,2,2,0.39018613,0.110046685,0.49976724
aksi sigap tni saat terjadi banjir di sumatera selatan kabupaten oku timur mens rea sore pagiii nkri cowo korupsi,2,2,0.28199968,0.26169288,0.45630747
enam korban ditemukan tewas sar kebut evakuasi di tengah putusnya akses banjir aceh punca co sar kebut evakuasi di tengah putusnya akses banjir aceh tim sar gabungan menemukan enam korban meninggal dunia dalam operasi penyelamatan banjir di aceh rabu kemarin sementara satu lansia dievakuasi dalam kondisi sakit,0,0,0.9284239,0.033484798,0.03809125
blak blakan guru besar usk aceh kritik penanganan banjir soroti bendera putih sebagai tanda kelaparan banjiraceh benderaputih bencanaaceh kritikakademisi uskaceh pemulihanbencana bantuankemanusiaan acehdarurat,0,0,0.87292314,0.046316136,0.08076081
adek ini abis jatuh dari jembatan ambruk karna banjir dan longsor waktu lagi berangkat sekolah dianter ibunya dia selamat tapi ibunya hanyut pas dia bilang tu gak bisa aku ketemu ibuku lagi pak ampun ya allah ga kuat nahan nangis alleyesonsumatera rb,0,0,0.9094903,0.038955197,0.051554553
banjir bandang di sumatera udah makan korban dan bikin ratusan ribu warga ngungsi sedih banget tapi di balik semua itu masih ada kerja nyata yang jalan tanpa banyak sorotan semoga ini jadi pemulihan awal kebangkitan buat sumatera kerjasamauntuksumatera,0,0,0.92356503,0.027880883,0.04855408
membalas dan iya paling sumatera juga akan terpecah jadi beberapa negara mengikuti etnik dan sukunya sekarang saja untuk menjadi pemimpin segala cara dilakukan dari setingkat rt sampai gubernur karena masing punya kepentingan apa ya rela orang lampung sumsel dipimpin presiden dari aceh,0,0,0.89311695,0.05896451,0.04791853
anggota komisi i dpr endipat wijaya meminta kementerian komunikasi dan digital komdigi aktif memberikan informasi ke masyarakat tentang bantuan yang telah diberikan pemerintah ke korban bencana di aceh sumatera barat sumbar dan sumatera utara sumut endipat juga tampilkan lebih banyak rb,0,0,0.6687937,0.09690808,0.23429824
ini sepertinya di kawasan silaiang padang panjang sumatera barat indonesia banjir bandang terjadi pada november menyebabkan kerusakan parah pada mobil dan rumah sumber bnpb dan berita lokal,0,0,0.9400066,0.03304529,0.026948057
dana bantuan pemerintah utk tsunami aceh t banjir aceh sumatra t bro merasa sudah hebat tp tdk menghitung nilai uang kalo benar itungan mas mojito ini t thn itu setara t di membanggakan t hasil efisiensi rapat tidak penting katanya,2,0,0.8726206,0.0610801,0.06629933
gampong drien tujoh bandar dua ule glee di pidie jaya aceh kena musibah banjir gelombang ke ii rabu december pidie jaya adalah salah satu daerah terparah terkena banjir aceh sumatera akibat cyclone senyar pada november rb,0,1,0.3737949,0.571005,0.055200063
alhamdulillah terima kasih untuk tpl yang terus hadir di tengah bencana banjir sumatera bantu masyarakat bangkit lebih cepat,2,2,0.027117332,0.007063503,0.9658192
membalas woy anjing kau lah penyebab kerusakan hutan di di indonesia dan banjir bandang di sumatra,0,0,0.96039045,0.018949619,0.020659981
pemerintah hadir telkomsel dan kondisi perkuat bantuan kemanusiaan pasca bencana di aceh,2,2,0.03141973,0.008357956,0.96022236
menkomdigi meutya hafid telekomunikasi pasca banjir sumatra mulai pulih aceh capai persen bahlillahadalia kuningkeren golkarindonesia partaigolkar golkarpedia,2,2,0.026098087,0.0067735007,0.96712846
disenggol soal istighosah gus miftah malah gelar doa untuk negeri sindiran halus gusmiftah doa banjir sumatera aceh dicolek soal istighosah gus miftah gelar doa untuk negeri dari one news,1,0,0.9056808,0.06107829,0.033240926
enampakan omplek lit ivenchy ne edan urut itelan anjir komplek elit givency one medan ikut terdampak banjir air yang masuk ke dalam rumah membuat berbagai barang berharga milik penghuni rusak mulai dari perabotan tampilkan lebih banyak,0,0,0.9166083,0.05239286,0.030998861
tim sar resimen ii pasukan pelopor intensifkan pencarian korban banjir di agam gelar evakuasi hingga trauma healing prayforsumatra polriuntukmasyarakat brimobuntuknusadanbangsa jiwaragakudemikemanusiaan humaskorbrimobpolri,0,0,0.94524735,0.030446291,0.024306385
banjir parah melanda sejumlah wilayah yunani akibat hujan lebat infrastruktur rusak aktivitas warga terganggu otoritas setempat lakukan penanganan darurat yunani banjir cuacaekstrem narkobainternasional jambu type persibday malamminggu wakapolri pupukturungabahnaik,1,0,0.9560009,0.021584857,0.022414256
ketua lembaga perlindungan anak indonesia lpai seto mulyadi atau yang kerap disapa kak seto memberikan penguatan dan pendampingan psikologis bagi anak anak penyintas banjir bandang dan tanah longsor di kota padang sumatera barat kak seto lakukan trauma healing bagi anak korban banjir dan longsor di padang antara news bengkulu dari bengkulu antaranews com,2,2,0.20778947,0.1182625,0.67394805
akun parodi jalan yang selalu saya lewati sumbar prayforsumbar prayforsumatera,1,1,0.18879846,0.7454623,0.06573928
akun komentar membalas sama kita dorong pengurus negara utk naikan status musibah ini sbg bencana nasional prayforsumatera,2,1,0.25070104,0.7299704,0.019328611
otomatis oleh guys berhubung aceh banjir lagi sharing dong tempat donasi untuk aceh kalo bisa yang kayak jnt gratis ongkir kirim donasi ke aceh soalnya sender agak trust issue sama tempat donasi yang ngirim uang hehe rb,2,2,0.20955184,0.077677116,0.712771
ada yang tahu alamat posko aceh sumbar yang trusted buat kirim barang,1,0,0.66098195,0.29864764,0.04037041
awal tinggal di gresik rumah dinas air hujan masuk rumah genang sebentar w dah stress cem mana kl banjir dan hilang semua harta benda ya allah kuatkan mereka ganti dgn yg lebih baik,0,0,0.95097786,0.025328819,0.02369337
akun parodi membalas mengenai bencana banjir bandang dan tanah longsor yang melanda provinsi aceh sumatera utara sumatera barat laporan ini menyoroti peran krusial satgas penertiban kawasan hutan pkh dalam mengungkap akar masalah di balik tragedi yang menewaskan lebih dari jiwa tersebut,0,0,0.58293074,0.36286426,0.054205034
aku jadi penasaran klo banjir bandang gini setan jg ikutan ngungsi ga ya,0,0,0.94867676,0.02751414,0.023809062
membalas hari ini tgl desember sekian minggu setelah banjir besar dan longsor di sumbar sumut dan aceh desakan status bencana nasional semacam tuit agsts ini sampe kiamat pun nggak kan ada lagi,0,0,0.6729481,0.19672137,0.13033055
lagipula yg perlu diangkat bukan hutan sebagai paru bumi bencana kemarin warga bukan sesak nafas karna kurang oksigen tapi banjir bandang karna ga ada hutan yg nahan limpahan air hujan,0,0,0.9324088,0.03231364,0.03527756
akun komentar membalas di aceh petugas mengevakuasi satu keluarga yang terjebak di atap rumah setelah air naik mendadak polisi tanggap bencana terimakasih polri,1,2,0.14873922,0.0502916,0.8009692
ya allah selamatkanlah saudara saudari kami ayah ibu kami kakek nenek kami yang sedang berada dalam kesulitan dan kepayahan menghadapi bencana alam bertubi ini berikanlah mereka senantiasa perlindungan mu aamiin prayforsumatera prayforaceh prayforpadang,2,2,0.40950522,0.06902271,0.52147204
sampe januari bantuan pemerintah kanggo korban banjir sumatera lagi ditambah kemensos janji rp yuta saben keluarga ing sumut kanggo pemulihan ekonomi bnpb salurke paket sembako ing sumsel ogan komering ulu timur santunan kanggo ahli waris korban meninggal,0,0,0.8935303,0.055705246,0.050764456
bantuan untuk korban bencana banjir di aceh sumatera utara dan sumatera barat dari pdi p untuk semua relawan dan tim penyelamat semoga diberi kemudahan kekuatan dan kesehatan dalam menjalankan tugas,0,2,0.30575687,0.05170914,0.642534
banser peduli korban bencana distribusi logistik dan bantu dapur umum ansor banser sumatera barat berjibaku membantu korban bencana di sumatera di pasaman barat banser berjibaku membatu drop sekaligus mendistribusikan logistik sementara bersama baznas sahabat sahabat tampilkan lebih banyak,0,0,0.87253916,0.042241108,0.08521971
aceh tamiang hari pasca banjir ig id januari episode jadekamin sore round,1,1,0.039519336,0.95725036,0.0032302898
lewati medan sulit petugas pln pulihkan kelistrikan terdampak banjir dan longsor di sumatera utara banjir dan longsor yang terjadi di wilayah sibolga tapanuli selatan tapanuli tengah dan tapanuli utara memutus akses jalan sehingga menjadi tantangan dalam proses pemulihan tampilkan lebih banyak,2,2,0.035611752,0.0098202275,0.95456797
tips aman menyalakan listrik setelah banjir electrizen pastikan rumah benar benar aman sebelum menyalakan listrik kembali setelah rumah terendam banjir yuk simak tips dari pln plnuntuksemua plnuntukindonesia prayforaceh prayforsumut prayforsumbar plnuidsulselrabar,1,1,0.030180926,0.96707994,0.0027391568
pemerintah aceh melalui dinas sosial aceh menyatakan terus mengintensifkan upaya pemulihan pascabencana bagi kelompok anak yang terdampak banjir dinsos aceh intensifkan ldp anak terdampak banjir dari antaranews com,1,2,0.11560704,0.046274167,0.8381188
membalas ini dia si bandit hutan sumber bencana alam di aceh sumut sumbar,0,0,0.93090135,0.044176545,0.024922106
bisa gak sih program mbg di stop bulan aja dana nya dialihkan utk penanganan bencana banjir di aceh sumut dan sumbar,1,0,0.949216,0.026879054,0.023905003
berdasarkan laporan resmi dari kompas dan seskab teddy presiden prabowo mengerahkan helikopter untuk penanganan bencana banjir di sumatera termasuk aceh sejak awal desember ya klaim helikopter benar meski sempat ada pertanyaan tentang keberadaannya di lapangan,1,1,0.24761388,0.69844586,0.053940255
aceh dan sumatera udah nunjukin kemajuan luar biasa dalam penanganan bencana semangat terus bareng pemerintah kita bangkitkan bersama,2,2,0.07947023,0.025351768,0.8951781
tahap awal pembangunan huntara untuk korban terdampak banjir di agam sumatera barat tengah berlangsung alhamdulillah semoga tidak membutuhkan waktu lama bisa selesai sehingga ada tempat berlindung dan beristirahat lebih layak good job tni untuk diketahui pembangunan tampilkan lebih banyak,2,2,0.07561523,0.023391636,0.9009931
ketua dpp pdip bidang kesehatan ribka tjiptaning melaporkan aksi kemanusiaan pdip di tiga provinsi terdampak bencana yakni sumatra barat sumatra utara dan aceh pdip luncurkan buku spirit kemanusiaan dari nusabali com,1,2,0.18655394,0.10060378,0.71284235
anggota dpr ta khalid mengkritik laporan menteri esdm bahlil lahadalia yang menyebut listrik di aceh sudah menyala persen ia menilai data itu tidak sesuai kondisi lapangan karena baru sekitar persen wilayah terdampak banjir dan longsor yang kembali teraliri listrik khalid tampilkan lebih banyak,0,2,0.31126916,0.16115049,0.5275803
warga aceh tidak sendirian ada babinsa dan bnpb yang siap sedia membantu jam lekas pulih saudaraku youtube com babinsa x bnpb collab bantu aceh enjoy the videos and music you love upload original content and share it all with friends family and the world on youtube,2,2,0.026293553,0.007417248,0.9662892
tahap penyaluran bantuan banjir sumatera sahabat trilove alhamdulillah hari ini tim kami telah turun langsung ke lubuk minturun kota padang sumatera barat untuk menyalurkan bantuan dari donasi kalian semua bantuan yang dibawa pada tahap ini meliputi popok bayi,2,2,0.03187329,0.008601496,0.9595252
barangkali ada temen temen yang mau donasi untuk evakuasi anabul liar yang terdampak banjir sumatra selamat hari jumat semoga semuanya bisa hidup berdampingan dengan layak dan bahagia kitabisa donasi zakat wakaf orang orang baik sekecil apaun bantuan akan menyelamatkan banyak jiwa berbulu ini mari bersama berjuang bersama para relawan anabul ini bintang peringkat,2,2,0.23992279,0.09442242,0.66565484
pulihkan akses warga brimob aceh bersihkan badan jalan pasca banjir di bener meriah,2,2,0.030010564,0.007966833,0.9620226
membalas dan heran yah kenapa selalu bencana besar di aceh mulai dari sunami dan banjir besar artinya di pesisir di daratan dan di daerah gunung semua nya kena bencana semoga tdk terjadi lagi,0,2,0.2977083,0.07878138,0.6235103
setelah di geledah langsung hadap bapak itu tanda bhwa tanpa bpk kalian jd abu bangunkesadaran tolakokupasitanahrakyat prayforsumatera prayforindonesia,0,0,0.8772011,0.06858373,0.054215245
banjir dan longsor melanda pemkot padang liburkan siswa,1,1,0.08822137,0.89985406,0.01192451
gue ini ada kenalan yang jadi korban banjir longsor di aceh utara dulu gue nginep di rumah keluarganya pas gue lagi turlap rumahnya sekarang ilang ga bersisa kata dia bantuan dari warga sekitar ada lagi tanya bantuan dari pemerintah dah masuk apa blm centang satu lagi,0,0,0.9168911,0.037686322,0.045422655
akun parodi membalas gubernur aceh muzakir manaf mualem meluapkan kekecewaan dan kemarahan terhadap kinerja badan nasional penanggulangan bencana bnpb terkait lambatnya penanganan bencana banjir dan longsor di aceh tamiang pada akhir mualem menyoroti kegagalan penggunaan alat evakuasi tampilkan lebih banyak,0,0,0.87495595,0.0654744,0.059569668
akun parodi astaghfirullah anggota dprk bireuen melakukan inspeksi mendadak ke gudang bpbd dan dinas sosial pada senin setelah menerima laporan warga mengenai adanya penimbunan logistik dalam sidak tersebut ditemukan puluhan ton bantuan untuk korban banjir dan tanah tampilkan lebih banyak,0,0,0.92439455,0.036876835,0.038728632
saat rumah terendam harapan dijaga projo peduli bencana bersama rakyat sumatera bersama budi arie setiadi projo setia digaris rakyat mendukung pemulihan dan kerja keras pemerintah projo solidaritas nasional kunci mengatasi banjir sumatera dari adakabar com,2,2,0.044474892,0.012030796,0.9434943
evakuasi korban longsor dan banjir di sibolga ternyata salah satu korban yg sudah di identifikasi adalah ibunda dari aipda simon pakpahan anggota brimob yon c yg sedang di bertugas rb,0,0,0.9555814,0.020615142,0.023803355
pemulihan listrik pasca banjir emang gak gampang apalagi di area fasilitas kesehatan tapi pln berhasil nyiapin langkah langkah supaya fasilitas kesehatan di aceh bisa kembali beroperasi kerja keras yang patut dihargai,2,2,0.04809355,0.014186871,0.9377196
presiden prabowo subianto menyetujui anggaran transfer ke daerah tkd untuk provinsi aceh tidak dipotong dan memastikan dukungan penuh pemerintah pusat untuk percepatan pemulihan pascabencana di provinsi aceh,2,2,0.04249242,0.011798922,0.9457087
minggu lebih full hujan tanpa henti baru kali ini setakut ini sama hujan baru kali ini banjir kiri kanan lampu mati hidup slalu lindungi kami dari marabahaya musibahmu ya allah rumahku dekat pantai bangun tidur orang pada siap ngungsi prayforsumatera prayforsumbar,0,0,0.8186806,0.13729177,0.04402762
pemerintah hadir tanpa tunda mulai dari evakuasi hingga distribusi logistik pemerintah berupaya gerak cepat agar warga terdampak banjir di sumatera bisa merasa lebih aman dan terbantu satuindonesia,2,2,0.041672338,0.012075687,0.946252
membalas update wib korban meninggal dan masih hilang dampak banjir tanah longsor di sumatra rb,0,0,0.95847976,0.02097364,0.020546664
kemenhut pastikan kayu di lampung bukan hanyut akibat banjir sumatera kementerian kehutanan kemenhut memastikan kayu yang ditemukan di lampung bukanlah kayu hanyut akibat banjir di sumatera setelah melakukan pemeriksaan di pantai pesisir barat direktur iuran dan tampilkan lebih banyak,1,2,0.32638445,0.18181273,0.49180278
doain yah teman alhamdulillah menstock dimedan untuk di bawa ke tapanuli tengah dan di aceh tamiang masih banyak banget kekurangannya yuk mulai agar semua bisa ikutan,1,2,0.05624974,0.017467164,0.9262831
menurut update terbaru bnpb per desember pukul wib korban meninggal akibat banjir dan longsor di sumatra mencapai jiwa aceh sumut sumbar korban hilang orang data bisa berubah seiring evakuasi,0,0,0.95796376,0.02233227,0.019703962
pada hari kedua ini pemerintah terus mengerahkan helikopter ke berbagai titik untuk distribusi bantuan logistik dan evakuasi di wilayah terdampak bencana banjir di aceh sumatera barat dan sumatera utara bantuanbencanaalam distribusibantuanlogistik wilayahterdampakbencana tampilkan lebih banyak rb,1,2,0.09595235,0.032916173,0.87113154
tim trauma healing polda riau bersama himpunan psikologi indonesia melaksanakan kegiatan trauma healing kepada para lansia di posko bantuan nagari salareh aia timur prov sumbar kapoldariaubantusumbar kapoldariiaubantuaceh kapoldariaubantumedan poldariaubantubencana,2,2,0.027752703,0.0072441422,0.96500313
akun parodi kita sambut optimisme baru di tengah duka zulkifli hasan membuka jalan dengan janji rumah zulhas kunjungi padang zulhas janji pasokan pangan kali lipat untuk korban banjir dari detik com,2,0,0.7833389,0.18562548,0.031035608
ditpolairud polda sumsel gelar salat gaib istighosah dan doa bersama untuk korban bencana alam di aceh sumut dan sumbar sekaligus peringati hut ke polairud ditpolairud polda sumsel menggelar rangkaian kegiatan religius berupa salat gaib istighosah dan doa bersama untuk tampilkan lebih banyak,2,0,0.8180734,0.058734935,0.123191625
pln terus bergerak memastikan pemulihan listrik pascabencana banjir yang melanda sejumlah wilayah di aceh plnuntuksemua plnuntukindonesia pinaceh prayforaceh,2,2,0.033984885,0.009332175,0.9566829
awas aja kalo tiketing nya kecepetan😭 h bulan aja ini warga indo masih lagi pada puyeng mikirin duit grgrg pemerintah😭,0,0,0.9498345,0.029318942,0.020846479
udh berganti rezim tapi masalah di konoha masih tetap ga pernah beres banjir makin parah korupsi makin ngeri ekonomi makin sempit rakyat yg susah bukan karna malas tapi korban dari sistem yg ga bener padahal negri konoha kaya raya sda nya,0,0,0.9472797,0.028006282,0.024713974
terancam kelaparan warga aceh tengah bener meriah dan gayo lues yang terisolasi hari jalan kaki lewat gunung dan nyebrang sungai mencari beras dan obat obatan ke perbatasan aceh utara dan ke kota lhokseumawe untuk keluarga mereka banjir aceh cyclone senyar adalah tampilkan lebih banyak rb rb rb,0,0,0.7253694,0.10614246,0.16848823
pemerintah sigap untuk bencana aceh dan sumatra pemerintahhadir acehsumatrabangkit pemerintahbarengwarga acehsumatrapulih,2,2,0.026102081,0.006768118,0.96712977
polri kerahkan belasan ribu personel untuk bantu pemulihan wilayah terdampak banjir dan longsor di aceh sumatera utara dan sumatera barat bukan cuma tanggap darurat tapi total dukung proses pemulihan hingga daerah bangkit lagi keamanan nasional polriuntukmasyarakat,2,2,0.03522858,0.009547328,0.9552241
seorang emakaceh tidak mau nunggu bantuan yang tak kunjung datang tanam padi di atas lumpur di bawa bencana banjir di halaman rumah smart positive thinking tinggal jaga dari tikus dan hama waktu panen tiba rb,1,0,0.89051116,0.039819352,0.069669455
membalas dan perusahaan kayu milik prabowo salah satu penyebab bencana yang timbul di aceh atau sumatera utara pt tusam,0,1,0.11428056,0.8751998,0.010519689
demokrat peduli dan berbagi dipimpin doni harsiva yandra demokrat sumatera barat menyalurkan bantuan kemanusiaan bagi masyarakat korban bencana bantuan ini merupakan bentuk kepedulian dari seluruh kader partai demokrat sumatera barat bersama dpc partai demokrat kota padang,0,2,0.041146,0.011479733,0.9473743
zaskia adya mecca pamit anak korban banjir aceh ke sini lagi kak zaskia adya mecca pamit anak korban banjir aceh ke sini lagi kak dari hot detik com,0,0,0.95008206,0.0248303,0.025087701
sudah tiga pekan banjir sumatra berlalu para penyintas belum bisa kembali ke rumahnya lumpur menggunung di permukiman sungai disesaki jutaan batang kayu ke mana warga pulang saksikan realitasmetrotv tengoklah rumah kami sabtu desember pukul wib di metrotv,1,2,0.055968095,0.01683894,0.927193
membalas tolong orang ini dikirim ke aceh tamiang atau sumut atau sumbar ke wilayah terisolir dan jangan dijemput sampe semua kayu lumpur jenazah beres abaikan kalo teriak tdk ada suplai logistik yg dibutuhkan kita mau lihat apa komen dan action nya si pintar ini,0,2,0.2207189,0.07173186,0.7075492
musim hujan trus kemarin kena air banjir minyak kayu putih sebotol habis dalam hari buat oles ke kaki tangan punggung biar ga gatal hangat terus,0,0,0.78770703,0.12353437,0.088758625
para bedebah yg terlibat penebangan hutan besar besaran skrng lg pd sibuk main drama sedih sedihan smpe ada yg mangku beras ngepel lumpur dll gue kubur jg lu di lumpur banjir,0,0,0.9296249,0.028032178,0.042342894
banjir yang melanda aceh sumatera utara dan sumatera barat tidak hanya menimbulkan kerusakan fisik tetapi juga menekan perekonomian nasional kerugianbencana prayforsumatera,0,0,0.9203249,0.041427746,0.03824734
karena banjir di sumatera kebun sawit dikembalikan jadi hutan prayforsumatera sawitbaik bencanasumatera bencananasional,1,0,0.86621,0.087642305,0.04614775
membalas dan banjir bandung tu banjir tahunan terjadinya saat kdm sudah berangkat ke sumatra skala bencananya jauh lebih kecil dari bencana disumatra heran banget saat orang lagi bantu bencana besar yg lain malah nyinyirin terus liat dong sisi kemanusiannya jangan kaitkan sama politik,1,2,0.31506097,0.07273939,0.61219966
ada polri ada bantuan di sumatera mereka hadir saat banjir terima kasih sudah menjadi penyelamat jangan lelah berbuat baik,2,2,0.037872776,0.010342517,0.95178473
pemerintah mengambil langkah tegas terhadap aktivitas perkebunan dan pertambangan yang dinilai berkontribusi pada bencana banjir besar sumatra pemerintah hadir aceh sumatra bangkit pemerintah bareng warga aceh sumatra pulih pemerintah sigap untuk aceh sumatra,2,2,0.047787994,0.01196081,0.9402512
enegangkan etik etik enyelamatan arga ang erjebak rus anjir di atu usuk momen evakuasi warga yang terjebak banjir di kawasan batu busuk kota padang berlangsung menegangkan pada minggu sore tampilkan lebih banyak,0,0,0.9202303,0.05026646,0.029503291
ada yg tau minta bantuan ke mana ya ini teman kami di lhoksukhon aceh hari ini baru bisa kasih kabar katanya berhari hari belum ada bantuan masuk dan mereka yg di pengungsian pada kelaparan mereka semua mengungsi di masjid karena rumah semuanya hancur terbawa banjir,0,2,0.37974104,0.13972051,0.4805384
yaallah ini beneran makin naik air nya sekarang halaman rumah udah ke rendam dikit lagi airnya masuk ke dapur,0,0,0.9564281,0.023261258,0.020310603
halo mohon dibantu perbaikan modem ibu saya di wilayah banjir aceh belum dilakukan hingga kini laporan sudah dri tgl sdngkan ad yg baru lapor sudah datang teknisi jaringan seluler belum ada saya kesulitan hubungi keluarga ibu saya no pengaduan oxra vj,1,0,0.7744098,0.13345711,0.09213312
membalas setibanya di aceh presiden prabowo diagendakan meninjau titik yang mengalami kerusakan dan dampak signifikan akibat banjir sekaligus menerima laporan terbaru dari pemerintah daerah dan instansi terkait kepala negara juga akan memantau distribusi bantuan,0,0,0.9147977,0.033642646,0.051559605
banjir dan longsor yang melanda aceh sumatera utara dan sumatera barat sejak akhir november tidak hanya memutus akses dan melumpuhkan logistik tetapi juga mengancam layanan kesehatan bagi anak anak kelompok yang paling rentan di situasi darurat untuk memastikan pelayanan tampilkan lebih banyak,0,2,0.108928956,0.032663394,0.8584077
tiap hujan selalu was was takut banjir lagi ya allah semoga ga banjir lagi masih banyak yang belum selesai bebersih nya ya allah masih banyak yang masih di posko dan belum dapat bantuan mohon ya allah semoga hujan kali ini tidak mempersulit keadaan mereka,0,0,0.92108583,0.035457853,0.04345635
zulkifli hasan dengan janji rumah zulhas datang ke tempat bencana sumatera dengan pasokan bantuan yang kali lipat banyaknya meringankan beban saudara kami di sumatera detik com kunjungi padang zulhas janji pasokan pangan kali lipat untuk korban banjir menkop pangan zulkifli hasan kunjungi posko bencana banjir di padang janjikan pasokan pangan dua kali lipat untuk korban dan rencanakan pembangunan rumah,2,0,0.42045948,0.19502677,0.38451377
muhammadiyah terima amanah salurkan bantuan kemanusiaan uea bagi korban banjir gubernur sumatera utara bobby nasution memastikan bantuan kemanusiaan berupa beras sebanyak ton dari uni emirat arab uea tetap disalurkan kepada para korban banjir bantuan tersebut dipastikan,2,2,0.034381807,0.00912427,0.956494
elegi kampung banjir yang hilang disapu banjir elegi kampung banjir yang hilang disapu banjir dari halaman com,0,0,0.9536501,0.027401801,0.018948033
membalas percuma sumbang aceh dan sumbar suara mereka untuk setiap pemilihan legislatif biasanya ditujukan kepada partai agama tertentu seperti buang garam ke laut alias sia sia walaupun partai ikhlas beri sumbangan dan perhatian kepada kedua daerah musibah tsb tapi terasa pahit,0,2,0.21157344,0.054213766,0.7342128
dalam setiap tantangan pemerintah hadir dan sigap mendampingi warga aceh dan sumatra bersama kita pulihkan kondisi dan bangun kembali daerah yang tangguh dan berdaya saing pemerintahhadir acehsumatrabangkit acehsumatrapulih pemerintahbarengwarga,2,2,0.026713341,0.006939302,0.96634746
forkopimda batam bersama pln batam menyalurkan bantuan kemanusiaan bagi warga terdampak bencana di sumatera utara aceh dan sumatera barat sebagai wujud solidaritas batam untuk sumatera,2,2,0.03496513,0.009589581,0.9554454
membalas maaf abang yg harusnya dikritisi bukan masalah kembang api tapi kemenpar negera abang kerja apa ngga sebelum terjadi bencana banjir dan longsor di aceh sumatera wisatawan datanya sudah turun harusnya yg dikritisi kemenpar kerja apa ngga trus apa yg sdh dilakukan,0,0,0.9158424,0.040485464,0.04367221
rumah sakit apung laksamana malahayati akhirnya bersandar di aceh membawa misi kemanusiaan untuk saudara kita yang terdampak banjir bandang dan longsor prayforsumatera rb,2,0,0.5826201,0.09565928,0.32172063
pemerintah memproyeksikan kebutuhan pembangunan infrastruktur pascabencana banjir di sejumlah wilayah sumatera mencapai rp triliun finance detik com infrastruktur aceh rusak paling parah butuh rp t buat perbaikan pemerintah memproyeksikan kebutuhan pembangunan infrastruktur pascabencana banjir di sejumlah wilayah sumatera mencapai rp triliun,0,0,0.8865649,0.07470862,0.03872646
aksi heroik personel bhayangkara polda sumatra barat sigap melaksanakan evakuasi bagi masyarakat yang terdampak bencana alam banjir di wilayah kabupaten agam hal ini merupakan wujud kehadiran polri dalam membantu sesama yang terdampak bencana,2,2,0.030216139,0.00799554,0.9617883
gimana ni pemda rakyatnya teriak minta merdeka karena anggap pemerintah pusat abai tp faktanya yg berpikir logis malah pertanyakan dana pusat ke aceh kemana larinya,0,0,0.9491421,0.025889374,0.02496854
prozis ibnu abbas memberangkatkan relawan ambulans logistik untuk saudara kita yang terdampak banjir di sumatera semoga allah jaga mereka donasi kebaikan muamalat bsi info prayforsumatera aksikemanusiaan prozisibnuabbas bencana aceh,2,2,0.033258844,0.009016193,0.9577249
wamenag romo syafi i serahkan bantuan rp miliar untuk gereja katolik terdampak banjir di sumut senin bantuan disalurkan ke keuskupan agung sibolga rp m medan rp jt aceh rp jt untuk rehabilitasi rumah ibadah pemulihan psikis umat kemenagri rb,2,2,0.12578316,0.05037719,0.82383966
membalas bukan cuma gempa susulan tapi ada banjir bandang susulan juga yauuuuu miris bgt yg kmrn saja blm semua di evakuasi trs dateng lagi yang sabar ya rakyat indonesia pray for sumatra,0,0,0.9209842,0.037344914,0.041670877
pascabanji aceh sumatera warga langkahan aceh utara masih bertahan di meunasah balai desa satu satunya bangunan yang selamat di tengah hamparan kayu dan puing gampong tanah merah desa leubok pusaka menjadi salah satu titik terparah pada ketinggian air tampilkan lebih banyak rb,0,0,0.5043043,0.4243576,0.07133806
breaking news sore tadi di sibolga julu tapteng air meluap kembali ke pemukiman warga insya allah tidak ada korban jiwa prayforsumatera,0,0,0.872224,0.0511452,0.07663078
jaga konektivitas telkomsel terus pulihkan jaringan di aceh jaga konektivitas telkomsel terus pulihkan jaringan di aceh dari inet detik com,2,2,0.029882861,0.007911872,0.96220523
membalas dah lah tiap tahun urus banjir campur acheh perlu urus post bencana tsunami banjir gempa bumi pulak ni bukan kita dapat meringankan beban malah kehadirannya dlm negara menambahkan beban kewangan sebab tu paling pun boleh malaysia buat adalah bagi bantuan,0,0,0.9341422,0.028205315,0.03765252
projo peduli bencana setia digaris rakyat adalah wujud kehadiran nyata organisasi di tengah banjir sumatera dengan dukungan penuh budi arie setiadi bagi warga yang membutuhkan projo ajak publik bersatu hadapi banjir besar di sumatera dari gonews co id,2,2,0.033211045,0.008957775,0.9578312
membalas si dante pasti tidak tau bgmn kerusakan akibat banjir bandang banjir bandang di sumut hanya sekitaran tapteng jangan di banding kan dgn kerusakan yg terjadi di aceh,0,0,0.95157605,0.023230232,0.025193676
person of the year sebulanan ini selalu nyimak any update ttg beliau esp terkait bencana banjir di aceh dan sumatera he deserves more spotlight and highlight biar masyarakat makin teredukasi dan sadar bahwa pemerintah memang tdk menjadikan ini prioritas,0,2,0.14537849,0.07065294,0.7839686
bantu korban banjir di sumatera utara video bantuan logistik dan layanan makin solid bersama kita bisa pulihkan daerah yang terdampak semangat terus,2,2,0.053626005,0.0139168445,0.9324572
pak tambah lagi pasukan tni dan polri untuk mempercepat evakuasi dan menjangkau korban banjir di sumatera bila perlu anggota tni bergerak menjangkau daerah yg terisolir muhammad iqbal instagram reel dari instagram com,0,0,0.67049456,0.09549012,0.23401527
akun parodi desember belum usai duka di sumatera dan jabar kini banjir bandang telah melanda saudara kita yang di kalimantan selatan rb,0,0,0.8491864,0.07541394,0.07539967
tapanuli selatan di tengah duka dan luka akibat bencana alam banjir dan tanah longsor harapan itu hadir melalui kebersamaan kapolda sumatera utara irjen pol whisnu hermawan februanto bersama ibu ketua bhayangkari daerah sumut ny mona whisnu hermawan,0,2,0.4390326,0.090911396,0.47005588
membalas bahas banjir yg di sumatera barat sumatera utara dan aceh aja admiin aku wrga padang disini udah banjir banyak rumah yg kena banjir banyak yg ngungsi air bersih juga ga ada up berita ini aja udah minggu hujan ga henti astaghfirullah ya allah rb,0,0,0.75030667,0.16231538,0.08737789
banjir aceh direspons tuntas bantuan dan hunian langsung sampai ke tangan warga yang membutuhkan gerakcepat,2,2,0.053569768,0.015380773,0.9310495
bantuan kemensos korban banjir sumatera uang harian ratusan ribu hingga perabot rumah gratis jurnallugas com bantuan kemensos korban banjir sumatera uang harian ratusan ribu hingga perabot rumah gratis kemensos menyalurkan bantuan jaminan hidup korban bencana sumatera rp ribu per hari selama bulan plus dana isian rumah rp juta,0,0,0.932762,0.030788638,0.03644931
bencana banjir tanah runtuh di sumatera setakat mlm korban jiwa ribu rumah ratusan jambatan rosak bantuan masih terjejas banjirsumatera prayforsumatera update banjir sumatra desember korban jiwa ribu rumah dan jembatan rusak dari dataindonesia id,0,0,0.94035405,0.026487488,0.033158373
membalas kemaren aku naik gocar serem banget lewat sini air nya sampe masuk ke dalem mobil untung aman yaallah cuman ada yg naik motor sampe keseret motornya juga ikut keseret nangis bgt,0,0,0.9393906,0.034239862,0.026369536
prajurit tni ad berjalan kaki melewati titik lokasi longsor demi mengantar logistik untuk korban bencana di wilayah sumatera utara antaranews com prajurit tni berjalan terobos titik longsor antar logistik di sumut prajurit tni ad berjalan kaki melewati titik lokasi longsor demi mengantar logistik untuk korban bencana di wilayah sumatera utara sumut kepala bidang,0,1,0.40091002,0.47707516,0.12201483
membalas kog narasinya kompak banget sih bajer ya ada lagi bang gerombolan banjir kayu gelondongan dibilang gak ada hutan gundul banjir sumatra hanya serem dimedsos berapa juta rakyat yang hilang dan md di kasus banjir kayu gelondong kog pada diam kocak loe pade,0,0,0.9262797,0.03946545,0.034254793
guna meringankan beban masyarakat dan memulihkan roda ekonomi pemerintah memberikan bantuan uang tunai bagi keluarga korban banjir aceh sumatera update,2,2,0.039654035,0.010920137,0.94942594
lanud smh kirim ton bantuan kemanusiaan korban bencana di aceh sumut dan sumbar jurnallugas com lanud smh kirim ton bantuan kemanusiaan korban bencana di aceh sumut dan sumbar lanud smh kirim ton bantuan kemanusiaan ke aceh sumut dan sumbar untuk dukung korban bencana melalui penerbangan hercules tni au,0,0,0.820625,0.05279635,0.12657861
akun parodi membalas medan kak air hujannya deras bgt skrng dan udh masuk rumah ku lagi skrng,0,0,0.93495816,0.034213476,0.030828413
pemerintah hadir tanpa tunda dari proses evakuasi hingga distribusi bantuan pemerintah memastikan penanganan bencana banjir di sumatera dilakukan secara cepat dan tepat demi meringankan beban masyarakat terdampak satuindonesia,2,2,0.032485362,0.00866059,0.958854
tpl turut bergerak cepat mendukung evakuasi pasca banjir dan longsor di tapanuli,2,2,0.07046935,0.025516514,0.90401417
aceh dan sekitarnya yg terdampak banjir tapi gak dapat apa dari pemerintah bahkan dipukuli bahkan cuma buat pencitraan layak banget buat lepas dari indonesia aseli layak banget gausah kalian berharap sama negara gak jelas ini better bikin negara sendiri,0,0,0.6758243,0.1493815,0.1747942
membalas dahlah indonesia emang kocak banjir banjir macet macet dahlah dah brooo sabar aja mending jalan kaki jempor deh kaki,0,0,0.92995447,0.046106897,0.023938604
menteri koordinator bidang infrastruktur dan pembangunan kewilayahan agus harimurti yudhoyono ahy mengatakan kalkulasi awal kebutuhan anggaran untuk pemulihan bencana hidrometeorologi di sumatera utara sumut sumatera barat sumbar dan aceh diperkirakan menembus angka di tampilkan lebih banyak,1,1,0.20702522,0.76189375,0.031081026
seluruh orderan yang masuk tanggal desember januari nya akan didonasikan kepada penanganan banjir di sumatra dan aceh kerjain tugasmu est,2,1,0.2894281,0.6773896,0.03318225
bantu korban banjir dan longsor tidar sumut dan tapteng turun langsung ke lokasi bantu korban banjir dan longsor tidar sumut dan tapteng turun langsung ke lokasi dari fajar co id,2,0,0.9270014,0.027919678,0.045078944
perjalanan hari ke armada bakti sosial polda sumsel menuju sumatera utara saat melintas kantor bupati labuhan batu jalan lintas sumatra bila ada permasalahan dan butuh bantuan polisi silahkan hubungi call center bebas pulsa kami siap melayani jam musisatu tampilkan lebih banyak,2,0,0.91905856,0.04758842,0.033353
awas gelombang tinggi air laut hingga meter di perairan lampung awas gelombang tinggi air laut hingga meter di perairan lampung dari lampung idntimes com,0,1,0.03054526,0.96689713,0.0025575673
jaksa agung melaporkan kepada presiden prabowo bahwa praktik alih fungsi lahan secara ilegal menjadi salah satu faktor utama penyebab banjir dan longsor di sumatra,1,1,0.03481719,0.96260136,0.002581454
sumbar alami bencana banjir bawang merah jadi langka di sumsel sumsel idntimes com sumbar alami bencana banjir bawang merah jadi langka di sumsel bencana banjir di sumatra barat sumbar akibat curah hujan yang tinggi berdampak terhadap ketersediaan komoditas bawang merah di sumatra selatan sumsel,0,0,0.9102735,0.060192764,0.029533813
membalas sumatera butuh status prayforsumatera alleyesonsumatera bencananasional nationaldisaster,0,1,0.043733902,0.95095414,0.0053119054
pt pindad melalui departemen tjsl menyerahkan berbagai bantuan kemanusiaan berupa sembako obat obatan makanan siap saji logistik perlengkapan kebersihan yang diperuntukkan bagi warga terdampak bencana banjir bandang dan tanah longsor di aceh sumatera utara dan,2,2,0.03805314,0.010474235,0.9514725
pemerintah terus mengerahkan berbagai sumber daya untuk memastikan masyarakat aceh yang terdampak banjir mendapatkan bantuan cepat terukur dan tepat sasaran pemerintahbantuaceh,2,2,0.048799545,0.013899082,0.93730146
terjadi lagi banjir bandang bawa kayu gelondongan terjang bener meriah aceh berut terjadi lagi banjir bandang bawa kayu gelondongan terjang bener meriah aceh berut dari kompas tv,1,1,0.30462903,0.39753097,0.29783994
pray for sumbar kondisi sungai gunung nago sumatera barat hari minggu sekitar pukul beritasumbar rb,2,1,0.051576894,0.94449663,0.0039265533
lapor pak roasting pemerintah laporpak prayforsumatera,0,1,0.23506242,0.7354828,0.029454805
uang buat beli kembang apinya mending di donasikan buat korban banjir bandang sumatra,2,0,0.95792425,0.021220384,0.020855414
ih ya allah jangan ujan terus kasian yg kerja sekolah yg berkegiatan pada kehambat karna banjir udah dulu,0,0,0.8948907,0.04953407,0.055575255
pikap pembawa bantuan logistik terbalik di aceh timur meninggal sumut idntimes com pikap pembawa bantuan logistik terbalik di aceh timur meninggal satu unit mobil pikap mengalami kecelakaan tunggal di jalan teupin batee lhoknibong gampong pante labu kecamatan pante bidari kabupaten aceh timur aceh pada minggu,0,0,0.5721401,0.18407017,0.24378969
akun parodi lewat pesan natal prabowo menyatakan presiden perkuat solidaritas dengan menegaskan bahwa kasih harus diwujudkan dalam tindakan nyata untuk korban banjir dan longsor prabowo selamat natal dan tahun baru antara news jambi dari jambi antaranews com,1,0,0.9117798,0.048152566,0.040067628
bnpb tni polri dan bmkg solid di lapangan upaya penanganan banjir aceh makin cepat penyaluran bantuan dan mitigasi jadi prioritas percepatanpenanganan,2,2,0.030006483,0.007914352,0.96207917
kan listrik masi blom stabil kebanyakan masyarakat masi ngungsi renovasi rumah lebih efisien mereka jaga barang sendiri dan ga nambahin beban macem barang curian kek bayangin ada berita korban banjir bandang ngegondol kulkas tv ngangkatnya aja dah beban cok,0,0,0.9085202,0.04909216,0.042387646
kepedulian polres tapanuli tengah tapteng terus hadir di tengah duka warga terdampak banjir dan longsor di kecamatan tukka kabupaten tapteng sunatera utara wujudkanpemulihansumatera bangkit bantu saudara,0,2,0.06709264,0.018194994,0.9147124
otomatis oleh tolong udahan bahas tumbler ada yang lebih genting kasus bencana besar sekarang ayo up terus berita banjir longsor tapanuli sibolga aceh dan padang udah menelan puluhan korban jiwa jalan akses putus hujan belum reda gak ada sinyal rb rb rb,0,0,0.82851636,0.073380254,0.09810343
membalas bagi rejeki koh buat sodara saya yg kena bnjir di sibolga,0,0,0.90534,0.05293611,0.041723855
di temukan barcode kayu yang hanyut milik siapa prayforsumatera iko uwais amanda zahra jorji senin aktor film timur bnpb live update jahatnya siti nurbaya bencana lingkungan hidup,1,0,0.9302246,0.04198943,0.027785972
membalas dan semoga harapan kita bersama aceh bangkit,2,2,0.027721113,0.007235037,0.96504384
luar biasa polri selalu setia membantu korban banjir di sumatera semoga bantuan ini meringankan beban mereka,0,2,0.07116275,0.020889929,0.9079473
siaran pers amir nasional sampaikan duka untuk sumatera jalsah salanah tunjukan kepedulian dan persatuan umat prayforsumatera,0,0,0.9516126,0.02513316,0.023254177
membalas ah masa prov gua di sumatra harga bahan pokok masih mahal jalan pada rusak padahal di kota apalagi jalan lintas nya jalan tol yg dibangga bangga kan bakal memperbaiki ekonomi provinsi tertentu nyata nya tidak ada perubahan,0,0,0.9413601,0.030159282,0.02848064
membalas dan jancok ordeomonomon prayforsumatera,0,1,0.21306019,0.7338647,0.053075124
bupati tapanuli selatan mengungkap penyebab banjir bandang di sumatera selanjutnya klik foto untuk baca artikel berita cermindemokrasi com bupati tapanuli selatan mengungkap penyebab banjir bandang di sumatera bupati tapanuli selatan gus irawan pasaribu akhirnya buka suara mengenai dugaan penyebab banjir bandang di wilayahnya ia menyesalkan kementerian kehutanan kemenhut yang selama dua tahun terakhir,1,0,0.5472016,0.3521292,0.100669265
banjir parah akibat hujan lebat di dubai uea,0,0,0.95733285,0.02130677,0.021360401
otomatis oleh turut berduka cita untuk korban jiwa md dan ribuan korban banjir aceh sumut sumbar innalillahi wa innalillahi rajiun atas musibah kebakaran di kemayoran korban perempuan sedang hamil korban laki laki orang meninggal dunia jogja,0,0,0.96048796,0.019824147,0.019687874
menkes ngeluh harga tiket pesawat ke aceh mahal relawan harus muter ke malaysia dulu rb,0,0,0.9357565,0.030775681,0.03346782
duta besar uni eropa menyampaikan simpati dan solidaritas kepada aceh dan wilayah sumatra yang terdampak banjir dan longsor dalam pertemuan dengan wali nanggroe pada desember pertemuan ini juga membahas penguatan kerja sama pendidikan budaya dan kemitraan kemanusiaan,1,2,0.036628008,0.010146769,0.95322526
trauma healing polri dukungan psikologis bagi anak korban banjir bandang di padang pariaman padang pariaman sebagai bentuk kepedulian terhadap pemulihan psikologis korban bencana alam anggota bidang psikologi sdm polda sumatera barat melaksanakan kegiatan polisi,0,2,0.40223348,0.077266455,0.52050006
info peringatan dini hujan januari,1,1,0.030425716,0.9674348,0.0021395124
projo peduli bencana terus bergerak untuk sumatera budi arie setiadi memimpin setia digaris rakyat menyalurkan harapan bagi korban banjir projo ajak publik bersatu hadapi banjir besar di sumatera dari gonews co id,0,2,0.102753446,0.030461065,0.8667855
membalas pemerintah siapkan skema bantuan korban banjir di aceh,2,0,0.946663,0.02749314,0.025843883
personel polda sumsel salurkan bantuan kepada masyarakat yang terdampak banjir di tapanuli selatan polda sumatera selatan bersama bhayangkari daerah sumsel kembali menunjukkan kepeduliannya terhadap masyarakat terdampak bencana di kabupaten tapanuli selatan pada jumat tampilkan lebih banyak,2,2,0.28770062,0.28178492,0.43051445
gerak cepat bank aceh pasca banjir dirut tinjau langsung pacu normalisasi layanan di lhokseumawe dan aceh timur distori id gerak cepat bank aceh pasca banjir dirut tinjau langsung pacu normalisasi layanan di lhokseumawe komitmen bank aceh syariah bas untuk selalu hadir melayani masyarakat terutama di masa sulit kembali dibuktikan,2,2,0.028775027,0.009219605,0.9620054
akun parodi membalas dan kak sabar ya kami putus jaringan lampu gaada tp di bireuen kami bisa ke pln karna lampu mreka dah nyala udh ha banjir udh dibuka posko ngungsi jd kami dkasi wifi bs akses,0,0,0.8715539,0.065325,0.06312103
apa cuma segini harga sumatera di mata pak presiden prayforsumatera rb,0,0,0.94773287,0.029029677,0.023237389
hallo sahabattangguh pemerintah mengoptimalkan distribusi air bersih bagi masyarakat terdampak banjir dan longsor di kabupaten padang pariaman provinsi sumatera barat upaya ini dilakukan bersama,2,1,0.16317649,0.77030617,0.066517286
akses vital di desa garoga batang toru kabupaten tapanuli selatan sumatera utara sedang dipulihkan melalui pembangunan jembatan darurat bailey,1,1,0.078985594,0.90948474,0.011529684
membalas mangapul purba menjelaskan kondisi desa batu nagodang siatas kecamatan onan ganjang rumah warga rusak parah jembatan putus dan hampir hektar lahan persawahan hancur pdi perjuangan sumatera utara menegaskan komitmennya untuk terus bergerak hadir di tengah tengah masyarakat tampilkan lebih banyak,0,0,0.94394743,0.026487939,0.029564597
membalas ciyeee buzzer nya anies eh lupa ciir buzzer sm pengikut hrs idiot banjir aceh di samain sm jakarta jabat thn di samain sm yg jabat ga ada thn,0,0,0.94533366,0.026970476,0.02769585
membalas coba masu ke daerah langkat disana belum ada sama sekali bantuan dari pemerintah setempat dan masih banyak rumah yang masih terendam banjir serta warga kesulitan mengevakuasi diri krn tak tau mau mengungsi kemana,0,2,0.28341544,0.10690999,0.60967463
pemerintah hadir dan terus berkomitmen mendampingi aceh dan sumatra hingga benar benar pulih dan bangkit kembali,2,2,0.02700578,0.0069969036,0.96599734
membalas mulai lagi ngangkat isu hti khilafah an radikalisme buat ngalihin bencana sumatera udah basi gak mempan lebih radikal pemerintah di banding hti gus pemerintah bunuh ratusan orang merusak lingkungan,0,0,0.77473104,0.09180073,0.1334682
akun parodi pemulihan pascabencana di pulau sumatra khususnya aceh tamiang salah satunya membangun hunian sementara untuk masyarakat terdampak banjir yang terjadi pada akhir november targetkan membangun ribu hunian sementara pada akhir desember diharapkan sudah tersedia tampilkan lebih banyak rb,2,2,0.041107487,0.011896234,0.94699633
polda sumsel lepas bantuan kemanusiaan untuk korban bencana di provinsi sumatera utara musisatu kapoldasumsel humaspoldasumsel poldasumsel listyosigitprabowo kapolri polisiindonesia polripresisi divisihumaspolri,0,0,0.9260772,0.03184939,0.04207337
hektare kebun kopi di bener meriah rusak parah akibat banjir bandang banjir bandang bener meriah hantam sentra kopi gayo dari punca co,0,0,0.9506344,0.023954106,0.02541151
dari depok sleman siap meluncur ke sumatera pkspeduli pksdekat prayforsumatera,2,1,0.21973932,0.6108874,0.16937326
indikator indikator di sumatera barat relatif kami kira cukup menggembirakan kenapa karena semua pemerintahannya dari yang terdampak ini kita lihat hampir semuanya hijau pemerintah kabupatennya jelasnya satgaspascabencanasumatera,1,0,0.81215805,0.13057457,0.057267405
tim gabungan masih terus melakukan pencarian korban banjir dan longsor yang melanda aceh sumatra utara sumut dan sumatra barat sumbar hingga kamis tiga jasad tambahan ditemukan di aceh utara kepala pusat data informasi dan komunikasi kebencanaan bnpb abdul tampilkan lebih banyak,1,0,0.88125676,0.075169,0.04357429
saya teringat sekitar tahunan sampai tahunan yg lalu dari ujung lampung sampai sumatera utara banyak hutan yg ditebang lalu digantikan dengan tanaman sawit tebu karet dan pisang mungkin bencana saat ini adalah efek dari penggundulan hutan tahun yg lalu,0,0,0.92795694,0.036222246,0.035820913
badan nasional penanggulangan bencana bnpb terus memperbarui total korban banjir bandang dan tanah longsor di aceh sumatera utara dan sumatera barat lewat dashboard penanganan darurat banjir dan longsor sumatera tahun hingga sabtu pukul wib tercatat tampilkan lebih banyak rb,0,0,0.6469979,0.28308985,0.06991226
duka dari utara sumatera kunjungi padang pak zulkifli hasan janji rumah zulhas dan pasokan pangan kali lipat untuk korban banjir makasih pak,0,0,0.95272183,0.023032729,0.024245415
hujan deras mengakibatkan jebolnya irigasi kali cisereh dan tersumbatnya aliran drainase sehingga air meluap ke pemukiman warga ujar ajat hujan deras puluhan rumah kantor desa di baros serang terendam banjir dari antaranews com,0,0,0.94901145,0.026642924,0.024345715
berdasarkan laporan bpbd bireuen bertanggung jawab atas gudang bantuan yang ditimbun tni dan polri terlibat dalam penanganan bencana banjir longesor di aceh termasuk distribusi bantuan dan keamanan dalam video terlihat personel berseragam mungkin polisi di lokasi saat,2,0,0.9397056,0.027735576,0.032558814
oknum asn puskesmas cambai prabumulih sumsel ngamuk tpp telat dibayar hampir tusuk bendahara suasana kerja di puskesmas cambai kota prabumulih sumatera selatan mendadak berubah menjadi mencekam seorang bendahara puskesmas nyaris menjadi korban penusukan oleh rekan kerjanya tampilkan lebih banyak,0,0,0.93925494,0.04123694,0.019508114
justin barki sumbangkan bonus emas sea games untuk korban banjir sumatra atlet tenis indonesia justin barki akan menyumbangkan seluruh bonus yang diterimanya usai meraih medali emas sea games untuk korban bencana banjir dan longsor di sumatra bonus tersebut diperolehnya tampilkan lebih banyak,0,0,0.93326056,0.031817306,0.034922086
membalas bantuan yang diberikan berupa paket sembako serta dukungan uang tunai untuk meringankan beban masyarakat bantuan disalurkan ke beberapa titik terdampak yaitu nagari koto sawah kec lembah melintang nagari ranah koto tinggi kec koto balingka serta nagari sinuruik kec talamau,0,2,0.06899034,0.022758232,0.9082514
korban bencana sibolga jarah bulog dan minimarket indikasi terjadi kelaparan dan bantuan pemerintah belum turun ironi nya bantuan beras ke palestina ribu ton sudah terkirim,0,0,0.94563043,0.022602178,0.03176746
sudah tiga minggu ya pengungsi masih lebih dari setengah juta jiwa huntara mulai dibangun untuk keluarga selebihnya baru sekedar usulan mungkin karena bangsa ini terlalu besar jadi agak lambat untuk bergerak hunian sementara korban banjir longsor aceh mulai dibangun bnpb carikan lokasi aman dari inilah com,0,0,0.7944492,0.1356131,0.069937736
video mensos soal penanganan korban banjir sumatera yang kehilangan rumah detik com video mensos soal penanganan korban banjir sumatera yang kehilangan rumah menteri sosial saifullah yusuf mengungkap rencana pemerintah soal penanganan para korban banjir sumatera yang kehilangan tempat tinggal mensos menjamin akan memberikan pelatihan hingga hunian,0,0,0.9526393,0.0245108,0.022849862
pemprov sumut dan kementan percepat identifikasi lahan pertanian terdampak banjir dan longsor teritorial com pemprov sumut dan kementan percepat identifikasi lahan pertanian terdampak banjir dan longsor teritorial com deliserdang pemerintah provinsi sumatera utara sumut,1,0,0.8102585,0.14091896,0.048822545
innalillahi longsor bikin pengendara panik di kelok sumatera barat negara lain juga banjir parah akibat hujan lebat di petro polis negara bagian rio de janeiro brasil rb,0,0,0.9372818,0.035147477,0.027570734
banjir rob di tarakan mulai masuk rumah warga detik com banjir rob di tarakan mulai masuk rumah warga kelurahan selumit pantai kecamatan tarakan barat kota tarakan kalimantan utara menjadi salah satu wilayah yang terdampak banjir rob cukup parah,2,0,0.8212732,0.14579569,0.032931104
beredar video pria berseragam mencegat kapal yang mengangkut bantuan untuk korban banjir di aceh kepala pusat penerangan kapuspen tni mayjen tni freddy ardianzah menegaskan bahwa pria tersebut bukan anggota gam banjir sumatera ormas gam pantaupolitik norakplay,0,0,0.9342837,0.03422858,0.031487755
otw aceh tamiang sinyal hp dan lampu pln di kota kuala simpang mulai hidup lampu di aceh mati sejak november wartawan asing termasuk mulai masuk aceh lihat masif kehancuran dan penderitaan di aceh tamiang dan daerah lainnya di pedalaman tampilkan lebih banyak rb,2,0,0.52003115,0.25100532,0.2289635
maaf dengar pengalamanmu kritik seperti itu memang bisa bikin sakit hati lama yang penting anakmu dapat asupan bergizi meski buru buru kalau butuh saran parenting atau info bencana sumatera bilang aja,0,0,0.9488465,0.0243832,0.026770335
coba ngomong di depan warga yg rumah nya ancur kebanjiran sana bang ga di timpukin tai juga sukur loe enak aja ngomongin angka rakyat mah susah gara kebijakan pejabat korup,0,0,0.950468,0.028728785,0.020803194
hujan sempat berhenti hari trus semalam hujan lagi gue bersyukur masih dikasih hujan tapi gue trauma lebih ke trust issue takut hujan panjang kayak kemarin sampe bikin banjir prayforsumatera aceh,1,0,0.9344757,0.029265989,0.036258273
membalas dan iya benar tapi tau gak klo di daerah ini saat padam listrik sinyal edge aja hilang saat air banjir mulai naik sedangkan ada provider lain yg masi bisa nyala internet nya bisa tolong bantu jelaskan kenapa ada perbedaan seperti itu,0,0,0.8816053,0.0885168,0.02987784
kemenhut bersihkan gelondongan kayu supaya aceh sumatra bangkit dari bencna,2,2,0.034257956,0.009382386,0.9563596
kami melelang vinyl test press milledenials it s terrifying and it s a shame hasil sepenuhnya akan kami donasikan untuk saudara saudara kita di aceh sumatera utara sumatera barat yang terdampak bencana detail selengkapnya di kolom reply prayforsumatera bojakrama press rb,2,0,0.68910164,0.23054081,0.080357574
mantap seskab cepat tanggap bgt pemerintah di sumut sumbar dan aceh,2,2,0.08804538,0.034982298,0.8769724
mau nangis liat hewan di sumatra yg kena dampak banjir,0,1,0.11665842,0.8645654,0.018776204
semalam mimpi berada diaceh kondisi nya sangat memprihatinkan kuatkan saudara kami di aceh sumbar dan sumut ya allah,1,0,0.9505312,0.02606985,0.023398902
badan nasional dan penanggulangan bencana bnpb memperbarui jumlah korban akibat banjir sumatra pada kamis,0,1,0.38533202,0.58881766,0.025850322
akun penggemar ya allah lagi pada banjir ya stay safe buat yg terdampak banjir dan semoga cepet surut,0,1,0.3561423,0.5209417,0.12291599
akun komentar tim sar hadapi medan berat di sumatera kabasarnas menyebut anggota sar sudah ekstra kelelahan pada hari ketiga evakuasi korban banjir bandang dan longsor prayforsumatra,0,0,0.95063215,0.02642616,0.02294174
siapa yang paling bertanggung jawab atas tragedi banjir bandang bencana banjir bandang yang melanda wilayah aceh sumatra utara dan sumatra barat meninggalkan duka yang sungguh tak terperikan lebih dari orang kehilangan nyawa dan ratusan lainnya hilang soal kerusakan tampilkan lebih banyak,0,0,0.9553996,0.022089068,0.022511283
meureudu kembali banjir aceh sumatra indonesia wilayah terdampak kembali terendam malam ini desember hujan lebat yang turun tanpa henti membuat air naik dengan cepat merendam jalan rumah dan fasilitas publik prayforaceh,1,0,0.5637208,0.2589949,0.17728432
perjalan hari ke tim polda sumsel mengirimkan bantuan sosial ke aceh dan sumut bila ada permasalahan dan butuh bantuan polisi silahkan hubungi call center bebas pulsa kami siap melayani jam musisatu kapoldasumsel humaspoldasumsel poldasumsel tampilkan lebih banyak,2,0,0.9384106,0.028702985,0.032886438
update cuaca untuk tiga hari ke depan yuk cek ikhtisar dulu ya sobat berdasarkan pantauan bmkg pada desember beberapa wilayah akan diguyur hujan dengan kategori waspada hingga siaga dipenghujung tahun ini wilayah banten lampung sumbar kepri bengkulu dan tampilkan lebih banyak rb,1,1,0.055246636,0.9378055,0.006947843
jangan asal tuduh ini fakta di balik banjir sumatra seringkali kita mudah terpancing isu yang menyudutkan industri tertentu tanpa melihat data di lapangan video ini mengungkap fakta penting tentang penyebab banjir di batang toru tapanuli selatan,0,0,0.8066886,0.09213912,0.101172306
membalas dan bg waktu bencana ada dateng ke aceh ga itu wilayah udah ky wilayah zombi org kelaparan ga makan berhari rumah hancur org mati dimana dan pemerintah sangat lambat sampe ada orang mati bkn karna banjir tpi kelaparan kekecewaan itu wajar dan hrusnya bs ditangani lbih baik,0,0,0.8149849,0.07491777,0.11009729
pemerhati bencana memberikan dampak besar bagi kesehatan anak butuh penanganan serius flash news pemerhati kebijakan kesehatan dr arum harjanti menegaskan bahwa bencana banjir akan memberikan dampak besar terhadap anak anak yang menjadi korban kabar pemerhati bencana memberikan dampak besar bagi kesehatan anak butuh penanganan serius dari muslimahnews net,0,2,0.14461184,0.08748618,0.767902
komisi iv dpr memanggil menhut raja juli untuk mengurai penyebab banjir sumatra ketua komisi iv titiek soeharto menyoroti truk truk pengangkut kayu yang masih beroperasi dua hari setelah banjir menhut mengklaim telah mengantongi nama perusahaan yang diduga melanggar tampilkan lebih banyak rb,1,0,0.92687744,0.046929166,0.026193291
akun komentar membalas pengamanan area banjir juga dijalankan biar barang warga dan posko tetep aman sambil evakuasi tetap berjalan polisi tanggap bencana terimakasih polri,2,2,0.118783854,0.043189175,0.83802694
aek godang sungai yg lintas kota sibolga sdh tertutup tanah banjir bandang datar dg jalan yg tadinya m setiap hujan kecil pasti banjir perlu normalisasi,0,0,0.8652346,0.04570448,0.08906088
aksi kemanusiaan projo peduli bencana yang dipimpin budi arie setiadi terus memberikan bantuan sandang dan pangan secara masif kepada korban banjir sumatra sebagai wujud nyata perjuangan setia digaris rakyat projo solidaritas nasional kunci mengatasi banjir sumatera dari rmol id,0,2,0.04255966,0.01169519,0.9457452
sedih bgt dengar semua kabar bencana di sumatra lihat story teman yg kena dampak banjir pun ikut was was semoga selalu dalam lindungan tuhan,0,2,0.057612043,0.016038775,0.9263492
hamparan pantai di desa bawozaua nias selatan tertutup kayu gelondongan dan serpihan batang pohon yang terbawa arus banjir dan longsor dari aceh sumatera barat dan sumatera utara kayu kayu yang diduga hanyut dari sibolga itu memenuhi permukaan air hingga pantai nyaris tak tampilkan lebih banyak rb,1,0,0.8646084,0.06831543,0.0670762
anggaran bencana sumut dipangkas di era bobby nasution respons banjir dinilai lambat pemerintah provinsi sumatera utara sumut di bawah kepemimpinan gubernur bobby nasution menuai kritik tajam setelah memangkas drastis anggaran belanja tidak terduga btt pos dana tampilkan lebih banyak rb,0,0,0.7599892,0.20701127,0.03299949
apa lagi ya omongan pejabat terkait banjir sumatera yg keliatan kesalahan berpikirnya hmzzz,0,0,0.9443206,0.03381217,0.021867229
membalas masyaallah tabarakallah terima kasih untuk bapak kapolda riau dan personil yang selalu gercep dan peduli kepada saudara saudara kita yang lg di timpa musibah aceh sumut dan sumbar sehat selalu jendral amin,2,2,0.035533115,0.0095618,0.9549051
bri respons banjir bandang sumatra dengan langsung turun ke lapangan dan nyiapin bantuan darurat biar warga bisa tetap bertahan di kondisi yang masih serba terbatas csrbri bripeduli qrisbri,2,2,0.030671377,0.008088587,0.96124
kepala pusat data informasi dan komunikasi kebencanaan bnpb abdul muhari aam mengimbau pemerintah daerah dan masyarakat waspada terhadap potensi bencana susulan khususnya di sumatra bencanaalam,1,1,0.05056488,0.9437337,0.0057014357
akses aceh mulai pulih pu intensif pasang jembatan bailey kementerian pekerjaan umum pu terus mempercepat penanganan darurat infrastruktur yang terdampak banjir dan longsor di provinsi aceh upaya difokuskan pada pemulihan konektivitas jalan dan jembatan nasional yang masih tampilkan lebih banyak,2,2,0.034701906,0.009506495,0.9557916
kemenhut bersihkan meter gelondongan kayu aceh sumatra pulih,2,1,0.26761836,0.40090713,0.3314745
sepekan setelah banjir bandang dan longsor yang melanda aceh sumatera utara dan sumatera barat jumlah korban hilang dan meninggal dunia masih terus bertambah per selasa siang badan nasional penanggulangan bencana bnpb melaporkan korban meninggal mencapai tampilkan lebih banyak rb rb rb,0,0,0.9450657,0.030725742,0.024208678
meuolaboh kelurahan desa kabupaten banyuasin yang terletak di provinsi sumatera selatan menghadapi potensi bencana banjir yang cukup besar jika intensitas hujan tinggi pada musim penghujan tahun ini,1,0,0.9367578,0.041010983,0.02223119
perbaikan infrastruktur kelistrikan di daerah terdampak banjir bandang dan longsor di aceh hadapi tantangan berat ekonomi adadikompas kompas id masih banyak lokasi terisolasi pemulihan listrik di aceh lebih lama perbaikan infrastruktur kelistrikan di daerah terdampak banjir bandang dan longsor di aceh hadapi tantangan berat,1,2,0.09016955,0.028694991,0.88113546
aceh dan sumatra bangkit bersama menata kembali kehidupan dengan semangat gotong royong dan solidaritas nasional acehsumatrabangkit bangkitbersama indonesiakuat gotongroyong aceh sumatra pulih,2,2,0.025831053,0.00669316,0.9674758
satgas pkh bahas investigasi awal penyebab banjir dan longsor di sumut aceh dan sumbar jampidsusfebriadriansyah richardtampubolon satgaspkh investigasibencana banjirlongsor sumut aceh sumbar,1,1,0.30847135,0.65091276,0.040615845
banteng lampung selatan kirim bantuan kemanusiaan untuk korban banjir longsor di sumatera gesuri id banteng lampung selatan kirim bantuan kemanusiaan untuk korban banjir longsor di sumatera pengiriman bantuan ini merupakan bentuk kepedulian terhadap warga yang tengah terdampak musibah di berbagai daerah di sumatera,0,0,0.6933133,0.07969887,0.22698776
polda sumsel lakukan loading bantuan logistik untuk bencana banjir dan longsor di sumatera utara polda sumatera selatan kembali menunjukkan kepedulian dan respon cepat terhadap bencana yang terjadi di tanah air pada selasa malam desember personel bidhumas polda sumsel tampilkan lebih banyak,2,2,0.272398,0.12479966,0.6028024
membalas di tengah bencana gas elpiji mengalami kelangkaan prayforaceh prayforsumatera banjir longsor elpiji gas lpg langka pertamina dan lainnya,0,2,0.16154143,0.06353422,0.77492434
setelah gudang timbunan bantuan banjir digerebek anggota dewan puluhan petugas bpbd demo dprk bireun,0,2,0.31687188,0.08433537,0.59879273
banjir lagi bersihinnya pr bgt ya allah,0,0,0.9287415,0.041706212,0.029552294
evakuasi jasad korban banjir bandang di desa geudumbak kecamatan langkahan kabupaten aceh utara,0,0,0.95778704,0.020989595,0.021223396
akhirnya warga terdampak banjir di aceh tamiang mulai menempati huntara setelah lebih dari sebulan tinggal di tenda sekarang warga mulai nempatin huntara dari danantara rika jahara salah satunya yang merasa senang dan bersyukur banget bisa tinggal di huntara tampilkan lebih banyak rb,2,2,0.14334293,0.06358014,0.79307693
membalas rakyat sumatera khususnya aceh sumut n sumbar sabar dulu ya mereka lagi berdansa dan tertawa mereka jg sadar koq menari diatas penderitaan harao maklum rb,0,0,0.68425083,0.20029035,0.115458794
bergerak bersama pulihkan aceh dan sumatra kita semua berharap kehadiran para dapat meringankan beban masyarakat di lokasi terdampak bencana dan mempercepat pemulihan tarunakkp kkpgrowstronger saktiwahyutrenggono kkpgoid kkpterus f p,2,2,0.029024256,0.00759623,0.9633795
aceh beranjak status dari tanggap darurat ke transisi darurat banjirsumatera banjiraceh korbanbanjir transisidarurat bnpb aceh beranjak status dari tanggap darurat ke transisi darurat bongkah id dari bongkah id,0,1,0.2894087,0.4089015,0.30168974
kemarin malem anter paket ke jne dan liat tumpukan paket di depan pintu untuk korban banjir di sumatra hari ini paketnya makin banyak diluar yg lagi proses masukin ke mobil sampe ke dalem pun sebanyak ini jujur gw nahan nangis bgt ya allah,0,2,0.10572133,0.031369414,0.8629092
pemerintah hadir untuk mengatasi pasca bencana di aceh dengan menyiapkan skema bantuan korban banjir,0,0,0.47146022,0.25092968,0.27761006
detik detik banjir bandang menerjang bener meriah aceh di hari pertama viral video amatir yang direkam oleh seorang warga di bener meriah aceh berhasil mengabadikan momen awal terjadinya banjir bandang yang menerjang wilayah tersebut dalam rekaman tampak jelas dahsyatnya tampilkan lebih banyak rb,1,0,0.49818876,0.31996635,0.18184488
membalas sehari hari terasa lebih berat bencana ekologis ini akhirnya tidak hanya soal bangunan yang rusak tapi juga tentang konsumen yang harus menanggung beban sekaligus menegaskan ketimpangan yang ada prayforsumatera deforestasi banjir longsor bencanaalamindonesia ylki,0,0,0.89792085,0.0429965,0.059082713
ini ujian keberanian moral para legislator apakah mereka berpihak pada keselamatan rakyat atau tetap nyaman berada dalam barisan kekuasaan ketika parlemen bungkam yang terendam bukan hanya rumah warga tetapi fungsi representasi rakyat itu sendiri aceh tribunnews com akademisi unimal kritik lambannya penanganan banjir di sumatera dpr kehilangan fungsi pengawasan lambannya penanganan banjir di berbagai daerah di sumatera terutama aceh dinilai sebagai cermin lemahnya keberpihakan,0,0,0.49614757,0.26751834,0.23633409
lu yang mau liburan new year ke bali pikir ulang deh skrng musim hujan di bali yg hujan dikit langsung air naik apalagi dgn sikap pemerintah disana yg kurang gesit ngatasin hal kayak ginian berulang ulang tadi malam udh banjir parah ya allah bali ku kena lagi,0,0,0.8761889,0.073858075,0.04995307
selamat siang wahai para crazy rich owner perusahaan besar dan konglomerat indonesia ini waktu terbaik anda utk tambah amal kebaikan didunia dgn cara sewa bbrp helikopter utk proses pengiriman bantuan evakuasi korban banjir di aceh sumatra utara dan sumatra barat,0,2,0.20652203,0.048736334,0.7447417
membalas apaan boro di aceh di medan aja rumah terendam banjir hari ga ada bantuan teman terjebak banjir di rumah ga bisa keluar ga ada makanan ga ada bantuan perahu karet antar makanan atau cek daerah tsb bisa keluar setelah dijemput saudara pake mobil jeep ban besar,0,0,0.80620956,0.06813425,0.12565616
akun parodi membalas banyak kritik boleh dilontarkan tapi yang adil juga perlu disampaikan polri menjadi tulang utama dalam evakuasi banjir di sumut sumbar aceh polisi tanggap bencana terimakasih polri,0,0,0.81087494,0.052629586,0.13649547
tni terus hadir di garis depan penanggulangan bencana di sumatra dan aceh sebanyak unit alat berat dan kendaraan pendukung dikerahkan tniuntukrakyat tnisiap penanggulanganbencana bencanasumatra bencanaaceh aksinyatatni tanggapdarurat untukindonesia kemanusiaan rb,2,2,0.07810533,0.025431883,0.89646274
membalas beda dengan gubernur sumbar malah menuai pujian karna beliau membatalkan resepsi pernikahan anaknya yg seharusnya berlangsung tgl dan desember padahal undangan telah tersebar tak mungkin kita berbahagia di saat masyarakat berduka kt buya begitu biasa beliau dipanggil,0,0,0.9277761,0.031927343,0.040296577
upaya pemulihan pasca banjir di sumatera makin terlihat hasilnya dukungan relawan dan instansi bikin proses evakuasi serta distribusi bantuan lebih efektif bnpb update tetap memonitor kondisi,2,2,0.02715002,0.0070727416,0.9657773
membalas aceh terkena bencana banjir bandang karena ulah dari pimpinan aceh sendiri yang mengijinkan terjadinya explotasi hutan aceh secara besar besaran tanpa berpikir akan dampak bencana yang akan terjadi,0,0,0.93246853,0.033076975,0.0344545
membalas memang karna iklim dan sialnya penggundulan hutan yg masif memperparah tpi ada benarnya juga kabarnya sumatra lagi di guyur ujan terus an salah satu faktor banjir ya karna intensitas hujan yg tinggi jadi mungkin akan di lakukan rekayasa cuaca untuk mengurangi curah ujan,0,0,0.8592115,0.06754472,0.073243774
siapa yg ngirim air ke rmh gw anjer tiba bgt airnya langsung naik inii pliss jgn banjir lagi trauma berat,0,0,0.94384253,0.030291228,0.025866214
berkasih sayang dalam pemulihan bencana meneladani rasulullah dalam cinta yang memanusiakan duka di pulau sumatera masih begitu terasa bencana alam banjir dan tanah longsor yang terjadi di akhir november lalu telah meluluhlantakkan aceh sumatera utara dan sumatera barat,0,0,0.80065507,0.06603481,0.13331005
membalas mayor jenderal rio firdianto menegaskan bahwa tidak ada penggundulan hutan di sumatera utara setelah meninjau langsung titik titik bencana menggunakan helikopter,1,0,0.9012877,0.068474516,0.030237803
membalas kalian kuat banget yang minta bantuan pbb kerenn banget emang semua harus diviralkan apalagi kalau daerah bukan pusat indo sering terabaikan ini bakal kena penjara apa bagaimana penyebab banjir besar ini tapii siapa yang dipenjara apa ini bakal ditetapkan bencana alam,0,0,0.9114985,0.042144213,0.04635731
sumatera is still struggling to recover sumatra still needs our attention keep all eyes on sumatra the mud left by the disaster has not even dried and today they are struck by flooding again sumatera butuh status bencananasional nationaldisaster tampilkan lebih banyak rb rb rb,1,2,0.19563426,0.090292916,0.7140728
polres aceh tamiang evakuasi truck tangki pasca bencana banjir bandang aceh tamiang banjir bandang yang melanda kabupaten aceh tamiang beberapa pekan lalu yang meluluhlantakan sebagian besar wilayah aceh tamiang baik pemukiman warga perkebunan peternakan,1,1,0.3010806,0.6649624,0.033956937
membalas banjir nya tinggi kah yaampun,0,1,0.059402294,0.9364608,0.0041369307
bencana sumut jadi pengingat agar tpl konsisten mengelola ribu hektar lahan eukaliptusnya industri lestari seperti tpl harus didukung pokoknya terus semangat pelajaran dari banjir sumatera penguatan lanskap dan tata kelola berbasis ilmiah mendesak dilaku dari jawapos com,2,2,0.38256553,0.120752044,0.49668247
pratikno mengatakan fokus pemerintah adalah percepatan pemulihan keselamatan dan pemenuhan kebutuhan dasar warga terdampak bencana banjir dan tanah longsor pratikno pemerintah pastikan pemulihan banjir di aceh sumut dan sumbar terus berjalan tanpa dari aceh tribunnews com,2,2,0.03246862,0.008801316,0.95873004
menteri dalam negeri mendagri tito karnavian mengungkapkan pemulihan wilayah aceh sumatera utara sumut dan sumatera barat sumbar memerlukan anggaran rp triliun taksiran ini mengemuka setelah ia rapat dengan badan nasional penanggulangan bencana bnpb dari tampilkan lebih banyak rb,1,1,0.11476084,0.852965,0.032274123
sebanyak lebih tan bantuan berbentuk makanan ubat ubatan generator penapis air khemah dan pelbagai lagi dari malaysia masih tersekat dan tidak dibenarkan mendarat di wilayah sumatera yang terkena bencana banjir,2,2,0.39656526,0.15402076,0.44941404
pemerintah harus cepat tanggap membantu para korban bencana alam yang ada di seluruh indonesia khususnya di pulau sumatera saat ini prayforsumatera,0,2,0.16910577,0.047957204,0.782937
kejadian dugaan hilangnya kardus air mineral bantuan dari relawan malang untuk aceh ditemukan pada desember saat pemeriksaan di gudang bpbd sumut bantuan tersebut tertahan sejak desember karena masalah administrasi sumber tvonenews,0,2,0.20755988,0.06614946,0.7262907
telkomsel menegaskan keberhasilan pemulihan total infrastruktur jaringan telekomunikasi pascabencana banjir berskala besar di wilayah aceh sumatra utara dan sumatra barat baca selengkapnya,2,2,0.04656112,0.013568854,0.93987006
menko pangan targetkan revitalisasi ribu hektare tambak di aceh pascabencana menko pangan targetkan revitalisasi ribu hektare tambak di aceh pascabencana dari bithe co,1,0,0.63347834,0.13656099,0.2299606
breaking bupati aceh selatan mirwan ms akhirnya minta maaf via video instagram ia minta maaf ke presiden mendagri gubernur aceh seluruh masyarakat alasan umrah saat banjir besar di sumatra bupatiacehselatan mirwanms rajamedia co terancam dicopot bupati aceh selatan minta maaf pergi umrah di tengah bencana rajamedia co jakarta bupati aceh selatan mirwan ms langsung memberikan klarifikasi setelah mendapat sorotan luas karena pergi ke tanah suci untuk,0,0,0.40792778,0.31164393,0.28042832
sumatra masih membutuhkan kita banjir telah merenggut rumah harta dan rasa aman dari saudara saudara kita di aceh sumatera barat dan sumatera utara di saat mereka berjuang dari sisa sisa yang ada kita masih diberi kelapangan untuk memilih berbuat kebaikan,2,0,0.660827,0.15597789,0.1831951
bang poltak wilayah mana sumatra bukan banjir nggak disana bengkulu jambi lampung padang palembang dskt,1,1,0.03177219,0.9655515,0.0026762707
data terbaru mencatat banjir dan longsor di sumatera menelan korban jiwa hilang serta ribuan warga luka dan rumah rusak berat proses evakuasi dan distribusi bantuan terhambat medan sulit sementara ribuan warga masih mengungsi banjirsumatera sumatera wuzzsupdate,0,0,0.9558248,0.021366635,0.022808539
terima kasih kepada universitas bina nusantara yayasan eka budhis indonesia dan seluruh dermawan ehsan yang telah memberikan bantuan pada saudara kita yang terdampak banjir bandang dan tanah longsor di aceh,2,2,0.043900114,0.012428364,0.94367146
komisi v dpr ri menegaskan komitmennya mempercepat penanganan banjir dan longsor di aceh sumut dan sumbar termasuk penyediaan hunian tetap rp juta per unit pembukaan akses evakuasi dan layanan kesehatan warganya,2,2,0.055906724,0.017332423,0.9267608
telkomsel memastikan kesiapan layanan grapari untuk mendukung kebutuhan pelanggan pascabencana yang melanda wilayah aceh dan sumatra utara baca selengkapnya grapari telkomsel di aceh dan sumut siap berikan kemudahan layanan pascabencana dari metrotvnews com,1,2,0.03835173,0.010828675,0.9508196
membalas ya ampun parah bangettt aceh tamiang msh ada area gelap loh ga dapet listrik baunya nyengat lagi udah gitu ini pemerintah mau bikin pemilihan presiden lewat dpr lho balik kaya jaman orba lagiiii serem bangett jangan terkecoh sama pengalihan isu kek gini ya,0,0,0.93428755,0.033248074,0.03246437
membalas mereka ini gak pernah malu yg lain para relawan para prajurit bahu membahu membantu rakyat aceh sumut dan sumbar eeeh elo orang malah main bendera benderaan pake demo bantuin tuh relawan bukan demo aja,2,0,0.55936664,0.06587207,0.37476125
di platform sebelah seorang selebriti yg ngarah ke politik dirujak karena gak posting mengenai banjir sumatera terus entah kenapa nyambung sampe ke beasiswa dia ke ln dulu perihal beasiswa ini keknya beneran subyek tiap tahun ya moga tahun ini gak ada lagi yg kena doxxing,0,0,0.8728742,0.06447821,0.06264758
membalas pemerintah bareng warga aceh sumatra pulih sinergi pemerintah dan masyarakat menjadi kekuatan utama dalam proses pemulihan pasca bencana,2,2,0.02610207,0.0067651514,0.9671328
alfiansyah bustami atau yang lebih dikenal dengan nama komeng mengunjungi posko pengungsian korban bencana di palembayan kabupaten agam sumatera barat selengkapnya di video berikut ini tvone viral komeng pengungsian agam sumbar fyi,0,0,0.93404573,0.039210074,0.026744183
membalas bencana ini sepertinya cara allah membuka mata rakyat indonesia ini lo pemimpin yg kalian pilih kemarin ini lo wakil mu yang kalian pilih kemarin semoga allah memberikan kekuatan kpd sodara kita yg tertimpa bencana prayforsumatera rb,0,0,0.51640725,0.060062286,0.42353046
membalas itu tanah di bukit lunak banget ya diterjang air luluh juga prayforsumatera,0,1,0.038938295,0.9574771,0.0035845654
banjir bandang dan longsor melanda tujuh kabupaten kota di sumatera utara pada november berdasarkan data bnpb dan bpbd sumut per rabu pagi total warga meninggal dunia luka luka dan tiga orang masih hilang di tapanuli selatan bnpb mengimbau tampilkan lebih banyak,0,0,0.865629,0.08704859,0.04732243
polri perkuat penanganan pasca bencana personel diberangkatkan ke aceh sumut dan sumbar eljohnmedia eljohnnews com polri perkuat penanganan pasca bencana personel diberangkatkan ke aceh sumut dan sumbar polri kembali memperkuat penanganan bencana di wilayah sumatera dengan memberangkatkan personel ke aceh sumatera utara dan sumatera barat kegiatan ini dipimpin langsung oleh wakil kepala,2,2,0.07166075,0.03431246,0.8940268
bencana sumatera dianggap remeh jika tak ditetapkan statusnya sebagai bencana nasional ribuan nyawa dan rumah terendam lumpur kering sampai ke ring balok atau rumah hancur total bahkan desa hilang dianggap bencana biasa oleh pemerintah pusat kejam,0,0,0.9516207,0.023177393,0.025201937
diare badan ga enak dah dr malam kemarin cuaca ga jelas belum lagi pusing dapet kabar keluarga di padang kena banjir rumah nenek mo jenguk dan nolong di tempat pun ga bisa ke sana akses dibatasi dan pastinya juga rawan baik kaliaan pemerintah ajg,0,0,0.87824285,0.04432263,0.077434465
membalas negara perizinan bencana kek begini nggak usah mesti izin langsung action yang diperlukan sama saudara saudara kita di aceh sumut dan sumbar,0,0,0.58784145,0.37301943,0.039139118
membalas untuk korban bencana di aceh sumatera utara dan sumatera barat serta peninjauan implementasi kebijakan work from anywhere wfa di pusat perbelanjaan,0,0,0.9510487,0.026100159,0.022851145
banjir bandang dan longsor melanda kabupaten dan kota di sumatera utara sebanyak orang meninggal akibat bencana itu akses jalan menuju tapanuli tengah tapanuli selatan dan kota sibolga masih lumpuh sementara akses internet dan telepon belum tersambung baca di tampilkan lebih banyak rb,0,0,0.514652,0.09558046,0.38976756
banjir susulan sangat mengkhawatirkan mari terus fokus penanganan agar aceh sumatra bangkit,0,2,0.044096407,0.01313831,0.9427653
polda sumbar gelar bakti kesehatan ke warga terdampak bencana masyarakat terbantu dengan cek kesehatan gratis ini wujudkansumaterapulih melakukan upaya perbaikan,2,2,0.033851985,0.009331657,0.9568164
akun parodi menanggapi rangkaian banjir dan longsor di aceh sumut dan sumbar melakukan aksi nyata dengan menyalurkan bantuan berupa pangan makanan instan biskuit obat obatan selimut serta kebutuhan bayi dan wanita ke tiga wilayah terdampak tersebut pdiperjuangan rb,2,2,0.05209683,0.015591519,0.9323116
membalas rawan banjir juga ga enak bgt pokoknya,0,0,0.9055272,0.06647109,0.028001754
kepala badan nasional penanggulangan bencana bnpb letjen tni suharyanto mengaku kaget dengan besarnya bencana banjir di tapanuli selatan sumatera utara permintaan maaf itu ia sampaikan kepada bupati tapanuli selatan saat mengunjungi desa aek garoga kecamatan batang toru,0,1,0.039453976,0.95690376,0.0036422396
kritik bencana banjir sumatra dan utang pln influencer sherly annavita hingga dj donny diteror,0,0,0.948182,0.024479773,0.027338177
membalas jd kalau volumer air meluap yaudah airnya aja yg naik ga sampe setanah nya haduh dikira baru pohon ga ada bisa pake sawit sebagai pengganti oksigen,0,0,0.9529776,0.025149418,0.021873012
presiden dng tegas memerintahkan untuk memecat bupati aceh selatan yg disersi saat warganya di timpa bencana tapi merta melaksanakanperintah presiden karena menurut nya perintah ceroboh tito mau mengbefaluasivdahulu,0,0,0.75583607,0.17118086,0.072983116
salah puan ajak warga gotong royong beli hutan beredar unggahan video dari akun facebook a uvi pada selasa berisi narasi viral puan meminta masyarakat gotong royong membeli hutan untuk banjir sumatra banjirsumatra puanmaharani hingga senin tampilkan lebih banyak,0,0,0.7098109,0.1123419,0.17784724
majelis permusyawaratan ulama mpu aceh dan ulama diaceh menyatakan kekecewaan terhadap pemerintahan pusat terkait penanganan bencana yang melanda aceh terutama banjir besar dan tanah longsor yang terjadi akhir akhir ini rb,0,0,0.84986675,0.07425808,0.07587515
antrean mengular ribuan pengungsi antre makanan di tengah banjir aceh update banjiraceh,1,1,0.034152888,0.9631102,0.002736868
saya memantau situasi di indonesia banjir sumatra desember menewaskan orang ribuan mengungsi respons pemerintah dikritik lambat sumber reuters economist sementara koalisi politik prabowo terus konsolidasi jakarta post scmp untuk fakta terkini cek bnpb,0,0,0.91703814,0.037120536,0.045841325
warung makan di bantul gratiskan makan warga ktp aceh sumut dan sumbar jogja idntimes com warung makan di bantul gratiskan makan warga ktp aceh sumut dan sumbar dua tempat makan di bantul menggratiskan mahasiswa ber ktp aceh sumut dan sumbar yang keluarganya jadi korban bencana,0,0,0.5821601,0.18569097,0.23214884
semoga tuhan melindungi saudara saudara kita yang ada di aceh dan sumatera dan kiranya tuhan menghukum mereka yang menyebabkan bencana ini,0,2,0.053631786,0.015971936,0.93039626
membalas mending dananya digunakan bantu saudara yg terkena bencana banjir di aceh sumut dan sumbar,1,2,0.123730086,0.04414426,0.8321256
menteri lh hanif faisol mengawasi ketat dua perusahaan ar dan nshe pascabanjir di aceh sumut sumbar pantauan udara tunjuk perubahan bentang alam di das batang toru akibat hti proyek plta masif dan tambang emas yang memperparah banjir klh akan review seluruh persetujuan,0,0,0.81650376,0.11658596,0.06691031
akun komentar ada sekitar kabupaten kota yg tdampak bencana banjir longsor sumatera ratusan kecamatan dan kelurahan yg berani buzzer capture or titik yg udah agak mendingan buat kbthn pr kinerja gov pusat agar tkesan kerja maksimal sakit prayforsumatera,0,0,0.9063358,0.04052466,0.053139582
aku mau ngungsi bukan karena banjir tapi karena mati lampu,1,1,0.2999965,0.6744154,0.025588058
bupati aceh timur serahkan data penerima hunian tetap kepada bnpb penyerahan dilakukan secara bertahap untuk mempercepat proses pembangunan hunian bagi korban banjir yang terdampak di wilayah tersebut bupati aceh timur serahkan data penerima hunian tetap kepada bnpb serambinews com dari aceh tribunnews com,2,1,0.14649034,0.82277536,0.030734269
hallo sobatrbpntapsel wamen atr bpn bapak ossy dermawan serahkan bantuan atr bpn peduli bencana untuk warga desa tolang julu kec sayur matinggi kabupaten tapanuli selatan provinsi sumatera utara yang terdampak banjir longsor bantuan disalurkan bersama mui,2,2,0.31228122,0.14872375,0.53899497
gambar peta rilisan bnpb daerah terdampak bencana banjir longsor sumatera yujiem rb rb,1,1,0.056357227,0.9348767,0.008766128
membalas dari point tsb ada brp yang sudah kita dan pemerintah kita terapkan dalam menjaga hutan kita deforestation prayforsumatera prayforaceh prayforsumatra banjirsumatra,1,0,0.86193913,0.049159978,0.088900924
personel satbrimob polda sumatera selatan yang sedang melaksanakan bko di polda aceh terus menunjukkan kepedulian nyata kepada masyarakat prayforsumatra polriuntukmasyarakat brimobuntuknusadanbangsa jiwaragakudemikemanusiaan humaskorbrimobpolri,1,2,0.032592166,0.008775114,0.95863277
bahlil minta maaf pemulihan listrik pasca banjir di aceh belum rampung bahlil minta maaf pemulihan listrik pasca banjir di aceh belum rampung dari liputan com rb,2,1,0.22049138,0.7058038,0.07370485
membalas dengan kondisi hutan yg gundul dan alam yg rusak di aceh berpotensi menjadi ancaman besar saat terjadi hujan lebat lagi berubah manjadi banjir bandang,0,0,0.95606565,0.020535216,0.02339906
banjir yang menggenangi sejumlah ruas jalan arteri di jakarta senin memaksa ditlantas polda metro jaya mengambil langkah darurat dengan mengizinkan pemotor masuk tol banjir parah di jalan arteri ditlantas polda metro jaya arahkan pemotor masuk tol erakini id dari erakini id,1,0,0.89020896,0.06074993,0.049041145
membalas ayo bersatu untuk membantu pemerintah dalam mempercepat pemulihan pasca bencana aceh sumut dan sumbar,2,2,0.027232744,0.0070894486,0.96567786
presiden prabowo subianto memerintahkan jajarannya juga memperhatikan sekolah sekolah rs dan puskesmas puskesmas yang rusak akibat banjir bandang dan longsor di aceh sumatera utara dan sumatera barat tidak hanya rumah prabowo minta rs puskesmas sekolah diperhatikan dari antaranews com,0,0,0.8539199,0.0636298,0.08245019
hai sobatbmkg minkage mau kasih tahu update peringatan dini cuaca desember disimak baik baik ya waspada aceh sumut sumbar riau kep riau jambi sumsel banten dki jakarta diy jabar bali ntb ntt kalbar kalteng kaltim kalut kalsel gorontalo tampilkan lebih banyak rb,1,1,0.06324209,0.92860204,0.008155893
membalas apalagi kayunya tuh byk banget ya liat aja saat banjir longsor di aceh dan sumatera byk kayu gelondongan berserakan ada nomor nya lagi,0,1,0.048061155,0.9476698,0.00426903
pemprov sumatera utara siapkan rp miliar untuk pemulihan pascabencana pemprov sumatera utara siapkan rp miliar untuk pemulihan pascabencana teritorial dari teritorial com,1,1,0.108461425,0.866065,0.025473522
akun parodi budiman sudjatmiko memimpin bp taskin meninjau aceh pasca bencana demi memastikan respons berlanjut ke fase pemulihan warga bptaskinfokuspascabencana ancaman lonjakan kemiskinan sumbar pasca bencana jadi perhatian khusus bp taskin harianhaluan id dari harianhaluan id,0,0,0.78220695,0.07740958,0.14038348
video bupati aceh utara singgung prabowo apa nggak tahu ada banjir detik com video harapan bupati aceh utara agar daerahnya diperhatikan oleh pusat bupati aceh utara ismail jalil berharap agar daeranya mendapat perhatian setelah menjadi korban bencana banjir bandang dan longsor,0,0,0.4837634,0.46902275,0.047213834
membalas wan pun menyoroti jalan dan jembatan yang rusak akibat bencana banjir terlebih kata dia rusaknya jalan dan jembatan itu semakin memperlambat evakuasi dan menghambat layanan medis darurat,0,0,0.8737626,0.03965087,0.0865865
nggak banyak yang tahu gajah punya peran penting dalam penanganan bencana di aceh dulu bantu di tsunami sekarang turun lagi buat bersihin sisa banjir bandang kerja gajah gajah ini ngebantu banget meringankan tugas tim di lapangan salut buat para mahot dan gajah gajah tampilkan lebih banyak,1,0,0.7775466,0.08488479,0.1375686
membalas mungkin thn kedepan aceh sumut setiap musim penghujan akan banjir terus selama belum ada reboisasi,0,0,0.5439669,0.40618697,0.049846154
banjir bandang yang terjadi di pulau sumatra menjadi pukulan tersendiri bagi indonesia di penghujung tahun ini selengkapnya di video berikut ini foryourinformation fyi cariberitaditvone viralmedsos banjirsumatra gelondongankayusumatra rb,2,0,0.87530106,0.0812508,0.043448165
membalas terimakasih sudah berdonasi kaak sketsauntuksumatra prayforsumatera rb,2,2,0.037246563,0.01052345,0.95223
menyeberang jalan di aceh kini mempertaruhkan nyawa pasca banjir dan longsor aceh sumatra ratusan jalan dan jembatan banyak yang rusak dan terputus warga diminta ekstra waspada menugaskan tni dipimpin ksad jenderal maruli simanjuntak untuk percepatan tampilkan lebih banyak rb,0,0,0.82053876,0.07504777,0.10441353
membalas dan aceh punya hukum mencambuk lgbt sehingga turunlah bencana banjir,0,1,0.3265987,0.61869735,0.0547039
baca artikel ini dan share pendapat kalian di kolom komentar,2,0,0.749607,0.10863317,0.14175984
akun parodi presiden ke pak menyampaikan rasa duka yang mendalam pd musibah banjir dan longsor yang menimpa aceh sumut dan sumbar serta mengatakan pentingnya rasa solidaritas dan gotong royong antara pemerintahan pusat daerah dan masyarakat krn akan menjadi semangat dan tampilkan lebih banyak,0,0,0.92926353,0.027289854,0.043446552
akses jalan menjadi salah satu faktor yang menjadi tantangan dalam pendistribusian bantuan diperlukan kendaraan khusus untuk menjangkau lokasi yang terisolir prayforsumatera rumahzakat,2,0,0.652549,0.16098471,0.18646622
itu kalau tentara itu namanya desersi itu dalam keadaan bahaya meninggalkan anak buah waduh itu gak bisa itu kata prabowo prayforsumatera banjiraceh aceh antaranews com presiden prabowo perintahkan mendagri copot bupati aceh selatan yang umrah saat bencana antara presiden prabowo subianto memerintahkan menteri dalam negeri mendagri untuk menjatuhkan sanksi tegas berupa pencopotan jabatan kepada bupati,0,0,0.5680487,0.1819563,0.24999493
alhamdulillah banjir surut sebelum masuk dalam rumah soalnya agak rendah rumahku terima kasih untuk doa dan perhatian dari teman teman banjiraceh,2,1,0.16469376,0.81006336,0.025242904
akun komentar membalas belum ada yg dipenjara sampai detik ini para perusahaan pembuka lahan sbg pemicu bencana besar banjir longsor,0,1,0.41969898,0.52610385,0.0541972
membalas korban banjir aceh dan sumatra gak bahagia tuh stad berarti gak rido dikasi bencana oleh alloh astagfirulloh,0,0,0.94411635,0.024048712,0.03183498
doa dan usaha terbaik terus mengalir agar aceh sumatra pulih dan masyarakat bisa kembali tersenyum bahagia,2,2,0.03041725,0.007960383,0.9616223
status tanggap darurat bencana di sumbar diperpanjang kenapa keputusan ini penting salingkamedia com status tanggap darurat bencana di sumbar diperpanjang kenapa keputusan ini penting gubernur sumbar mahyeldi resmi memperpanjang status tanggap darurat bencana akibat banjir dan longsor di sumatra barat,1,1,0.050185964,0.94404244,0.0057715913
membalas kita ikut berduka bencana alam banjir bandang di sumatra utara sumatera barat dan aceh itu akibat badai siklon tropis pihak yang berwajib bisa mengusut siapa penyebab tapi tidak asal nuduh kita berdoa semoga tidak ada lagi bencana alam yang membahayakan wilayah indonesia,0,0,0.89125985,0.050804056,0.05793609
akun penggemar ya allah ga tau lagi udah banjir banht ini mataaa dari,0,1,0.04341145,0.953329,0.0032595296
banjir dan longsor melanda pemkot padang liburkan siswa sumsel idntimes com banjir dan longsor melanda pemkot padang liburkan siswa pemerintah kota padang meliburkan seluruh siswa yang dimulai hari ini kamis hingga sabtu mendatang,1,1,0.11335003,0.87221307,0.014436878
membalas yg input data itu semua siapa emng ai bisa identifikasi asal telur lalu ngontrol perjalanan dan distribusi siapa yg data terus yg nimbang anak lalu input ke sumber data ai nya siapa orang aneh banjir sumatra noh yg jelas,0,0,0.9343978,0.034334224,0.03126799
ketua mpr ahmad muzani sebut presiden prabowo subianto sudah mengetahui penyebab banjir bandang di aceh sumatera utara dan sumatera barat muzani sebut prabowo sudah tahu penyebab banjir bandang di sumatera dari news detik com rb,1,1,0.22999676,0.7147262,0.055276997
polri hadir di tengah bencana bantuan terus dikirim ke aceh tamiang dan aceh timur jatim news polri nasional bencana banjir aceh sumatra jatim satu news polri hadir di tengah bencana bantuan terus dikirim ke aceh tamiang dan aceh timur dari jatimsatunews com,2,2,0.029159026,0.007921487,0.9629195
pelepasan ambulans dokter dan relawan kesehatan perawat dan paramedis pdi perjuangan ke aceh sumut dan sumbar oleh sekjen pdi perjuangan hasto kristiyanto dan ketua dpp pdi perjuangan bidang kesehatan ribka tjiptaning senin rb,2,2,0.03339469,0.008832758,0.95777255
selain itu kata tito material ini juga akan digunakan untuk membangun sarana konektivitas termasuk jembatan darurat dan perbaikan berbagai fasilitas publik yang terdampak pemamfaatan kayubekasbanjir aceh mendagri izinkan pemanfaatan kayu bekas banjir aceh regulasi akan dikaji serambinews com dari aceh tribunnews com,2,2,0.13929084,0.07518521,0.7855239
air kembali naik lagi rabu di seputaran medan labuhan hingga kemacetan pun terjadi bagaimana tanggapan anda terkiat hal ini silakan komentar anda sumber video kiriman warga kliksumut foryou fyp klik beritaterkini,1,0,0.8849849,0.06582177,0.04919338
hahah lucu saat peraturan dan kebijakan membuatmu terancam kamu turun ke jalan raya sambil berteriak tetapi ketika orang yang di cintai kehilangan segalanya kamu diam dan hanya menyampaikan bela sungkawa kerena itu tidak terjadi kepadamu prayforsumatera prayforindonesia,0,0,0.91902405,0.032081317,0.048894648
banjir telah merenggut banyak hal di sumatra dan aceh rumah terendam aktivitas terhenti dan yang paling mendesak air bersih air yang bagi kita mudah didapat kini menjadi barang langka bagi saudara saudara kita pmiselalubantu,2,0,0.9234217,0.03057894,0.045999445
membalas dan lainnya perhatian presiden prabowo begitu besar pd rakyat aceh sumut sumbar saat ini bencana banjir mengancam semua wilayah namun semua maklum bila presiden fokus pd sumatera,2,0,0.9082204,0.041342966,0.050436553
di tengah duka pascabencana harapan kembali tumbuh di kecamatan batang toru kabupaten tapanuli selatan satuan brimob polda sumatera utara hadir bukan hanya membawa bantuan tetapi juga membangun harapan melalui pembuatan hunian sementara bagi masyarakat terdampak bencana,2,2,0.076310225,0.02289914,0.90079063
bpbd kebumen yang tergabung dalam tim jawa tengah intensifkan penanganan banjir dan longsor di sumatra barat bnpb indonesia dan lainnya,1,0,0.35107252,0.32474396,0.32418355
bantuan terus dikirimkan sebagai upaya pemulihan pembelajaran sobatbelajar dalam kunjungannya ke kabupaten agam sumatra barat mendikdasmen abdul mu ti melihat secara langsung dampak bencana banjir yang menerjang salah satu sekolah yakni smp negeri tanjung raya yang tampilkan lebih banyak rb,2,2,0.036514383,0.010343029,0.9531426
membalas lewat pt tusam hutani lestari prabowo memiliki hutan tanaman industri hti di hulu sungai yg terdampak banjir bandang di aceh sumut sumbar prabowo kontributor kerusakan ekologi everybody knows termasuk semua menteri wamen kepala badan,0,0,0.9133829,0.0488108,0.037806246
sebanyak empat kecamatan di kabupaten aceh barat dilanda banjir dengan ketinggian air mencapai meter rabu bencana yang dipicu hujan deras menyebabkan puluhan desa terendam sejumlah rumah warga rusak dan akses jalan terputus keempat kecamatan yang terdampak adalah tampilkan lebih banyak rb,0,0,0.8994589,0.060049877,0.040491264
dana pemulihan pascabencana sumatra rp triliun dpr minta transparans dan tepat sasaran bencanasumatra aceh sumut sumbar dana pemulihan pascabencana sumatra rp triliun dpr minta transparans dan tepat sasaran dari wanaloka com,2,2,0.03771478,0.01052681,0.9517585
ya allah banjir lagi mau tidur takut air makin naik beberapa hari udah panas tempat ku udh aman tapi di daerah lain masih ada yg banjir di tambah ini hujan lagi dan belum berhenti air makin naik,0,0,0.92843163,0.038905606,0.03266273
membalas gerakan nyata menuju pemulihan awal kebangkitan sumatera harus terus jalan kita dukung evakuasi korban banjir bandang biar semua segera pulih lagi kerjasamauntuksumatera,0,0,0.66009617,0.06731511,0.2725887
aksi tanggap darurat projo peduli bencana pimpinan budi arie setiadi mengutamakan pemenuhan gizi dan air bersih bagi anak anak korban banjir sumatra sebagai wujud kasih sayang yang setia digaris rakyat dpd projo aceh terjunkan mobil tangki air bersih dari punca co,0,2,0.09233319,0.029448189,0.8782187
membalas kalo sdh sampe jd bencana spt ini tapi masih tetap tidak diusut tuntas dan tidak ada yg diseret ke pengadilan berarti pemerintah mmg tidak punya niat untuk melindungi hutan prayforsumatera,0,0,0.92925346,0.032585163,0.0381613
breaking news alhamdulillah terima amanah menyalurkan bantuan kemanusiaan ton beras dari emirates red crescent uea yg sudah sampai di pemko medan untuk korban banjir longsor di aceh sumut sumbar syukron uea syukron muhammadiyah prayforsumatera,0,2,0.029724112,0.007884839,0.962391
membalas dan lainnya para aktifis menyuarakan perlindungan hutan alam jgn dirusak dg dalih apapun menyuarakan fakta dilapangan korban banjir aceh sumut sumbar di intimidasi bahkan ada yg ditangkap koruptor n para pejabat bangsat yg maling duit negara diberi karpet merah makin aneh sj aturanya,0,0,0.930609,0.029978042,0.039412998
sebuah video viral di linimasa yang menyebut presiden prabowo telah menyerahkan hektare lahan pribadi untuk konservasi gajah tahun hal ini sekaligus membantah isu yang menyebut banjir bandang di sumatera khususnya aceh baru baru ini disebabkan oleh keberadaan lahan tampilkan lebih banyak,1,0,0.4898825,0.17704993,0.33306757
yaa allah aceh sudah kehilangan kampung dan aceh tamiang masih rentan bencana susulan yaa allah timpakan azab pada yang memgundang bencana ini pada mereka pelaku perusakan alam,0,0,0.89533037,0.055374324,0.049295343
btw kemensos apa kabar kok gak ada suara atau gebrakannya bagian humasnya diumpetin kah prayforsumatera,0,0,0.93577373,0.03597616,0.028250152
membalas prof ini penyebab banjir bandang di tapanuli ya bener sih kayanya jarang denger bibit siklon melanda sumatra apalagi dekat sekali dengan equator ya rb,1,0,0.917061,0.048770122,0.034168873
akun parodi edunnnn hujan intensitas tinggi n lama buat banjir di bbrp daerah pjabat sptnya lg turun lapang kontrol n turunkan bantuan kasih tau yg dilakukan dah bagus tp bkn sbg solusi jangka panjang infokan prubahan fungsi lahan pnyebab banjir yg mungkin sblmnya tdk trjadi,0,2,0.30634716,0.1739027,0.5197502
hai sahabat wantimpres menjaga lingkungan adalah tanggung jawab bersama menanam pohon menjadi langkah sederhana dengan dampak besar menjaga air mencegah banjir menyerap karbon dan menyejukkan lingkungan menanam hari ini berarti menjaga masa depan generasi mendatang,2,2,0.16098057,0.057327867,0.7816915
di padang dr kmrn hujan gede trus di atas ga di tanamin pohon ya wajar jd banjir longsor bebatuan untung keluarga disana bisa ngungsi ke tmp saudara semoga ini bukan krn ada proyek tp lalai amdal,0,0,0.9092289,0.037253603,0.05351745
dalang pengrusakan alam sebenarnya sudah jelas siapa pelakunya dengan di temukan label kemenhut telah menjelaskan kayu itu mmg resmi milik presiden prabowo sebagai atasan kemenhut pemilik pabrik pulp monster pemakan kayu sumber detikcom ada label kemenhut di kayu gelondongan asal sumbar yang terdampar di lampung dari detik com,0,0,0.6697466,0.19436724,0.13588616
membalas dan eh kunyuk itu kayu gelondongan yg kebawa banjir bandang di sumatra apa masih blm jadi bukti kerusakan yg dibuat oleh pemerintah hah,0,0,0.9332079,0.027488144,0.03930396
akun penggemar membalas ya yaapa lagi mereka kekurangan makanan kelaparan bertahan hidup dengan makanan sisa minum air banjir yang dimana sudah terkontaminasi bakteri dari ratusan orang meninggal bantuan tidak merata cuma bisa berharap bantuan dari warga yg berdonasi pemerintah biadab rb,0,0,0.9263991,0.034209233,0.039391663
pemulihan pasca banjir dan longsor di aceh sumut dan sumbar terus dipercepat pemerintah terus bergerak mendistribusikan logistik mendirikan shelter serta mengoperasikan dapur umum di wilayah terdampak banjir simak selengkapnya di video berikut rb,1,2,0.046429016,0.013972467,0.93959856
curhat relawan tunjukkan gelondongan kayu besar berserakan di aceh tamiang usai terjangan banjir bandang ronajateng com curhat relawan tunjukkan gelondongan kayu besar berserakan di aceh tamiang usai terjangan banjir menyoroti penuturan relawan bencana di aceh tamiang yang menemukan batang kayu super besar yang terbawa arus banjir bandang,2,2,0.32475317,0.13833492,0.5369119
presiden prabowo turun langsung meninjau lokasi banjir besar di sumut kemarin memastikan kebutuhan warga terpenuhi dan jalur evakuasi berjalan aman kehadiran beliau menunjukkan komitmen kuat pada respons cepat negara prabowopedulisumatera,2,2,0.036705986,0.009911539,0.95338243
membalas pratikno menambahkan bencana juga menimbulkan dampak terhadap aktivitas ekonomi di aceh sumatera utara sumut dan sumatera barat sumbar sebanyak pasar tradisional di aceh terdampak dan hingga kini sudah sepenuhnya beroperasi,1,1,0.15569241,0.8154262,0.02888138
benci bgt ama macet tai gue kaga bisa beli padang tai akibat macet gue malesssss,0,0,0.7784396,0.18761109,0.033949282
zigo rolanda desak pemulihan cepat akses jalan padang bukittinggi usai banjir bandang bahlillahadalia kuningkeren golkarindonesia partaigolkar golkarpedia berita golkar zigo rolanda desak pemulihan cepat akses jalan padang bukittinggi usai banjir dari golkarpedia com,1,2,0.03911956,0.01116344,0.949717
dalam upaya menjaga keandalan pasokan listrik pascabencana pln uid riau dan kepulauan riau menurunkan relawan ke aceh langkah ini menjadi bukti nyata komitmen kami dalam memberikan pelayanan terbaik dan memastikan energi tetap hadir untuk seluruh pelanggan melalui pengiriman tampilkan lebih banyak,2,2,0.029978415,0.008067973,0.96195364
membalas anak sekecil itu ngeliat banjir yg besarnya kayak apa juga gue gabisa bayangin dia bilang itu rumah aku kak di bawah pohon yg tumpuk dua gue gabisa dengernya sedih bgt monyet ini kawasan gue biasanya main bareng temen sekarang udah hancur parah,0,0,0.88269174,0.06627479,0.051033553
video masa tanggap darurat banjir bandang sumbar diperpanjang hari detik com video masa tanggap darurat banjir bandang sumbar diperpanjang hari pemerintah provinsi sumatera barat memperpanjang masa status tanggap darurat bencana banjir bandang selama hari atau sampai desember mendatang berdasarkan rekapitulasi data sementara yang,1,1,0.058406536,0.9351574,0.006435995
brimob aceh bersihkan puskesmas pembantu di aceh utara pasca banjir batalyonapeloporaceh instagram photo dari instagram com,2,1,0.04697986,0.9472538,0.005766351
membalas ternak sampah banjir aceh dan sumatra akibat pembalakan hutan kebijakan yg salah dari pemerintah terdahulu lalu sekarang menteri belaga mau jadi sinterklas taiiikkkkl coba tebak itu hutan lahan perusahaan siapa,0,0,0.9233194,0.037921444,0.03875911
wakapolri polri memberangkatkan personel untuk penanggulangan bencana di aceh sumut dan sumbar jatim news polri nasional jakarta banjir aceh sumut sumbar sumatra jatimsatunews com jatim satu news wakapolri polri berangkatkan personel untuk penanggulangan bencana di aceh jakarta wakil kepala kepolisian republik indonesia wakapolri komjen pol prof dr dedi prasetyo memimpin apel pemberangkatan personel po,1,2,0.2504471,0.21377231,0.53578055
bmmf xlykn bmmf xfourth bmmf aksi kemanusiaan ditpolairud polda jambi turun langsung bantu korban banjir bandang di sumatera barat,0,0,0.9008112,0.047333974,0.05185486
bagaimana kalau kesusahan yang kita terima akhir akhir ini bukan semata mata karena bencana alam tapi karena bocornya skandal kebijakan kegagalan pengawasan juga adanya rambut merah penegakan hukum dalam lingkar pemerintah,0,0,0.922705,0.04012891,0.037166063
pln padang salurkan bantuan untuk tad terdampak banjir rakyatterkini com info berita olahraga politik pln padang salurkan bantuan untuk tad terdampak dari rakyatterkini com,2,1,0.18276525,0.76678437,0.0504504
gaes kasih aku semangat salah satu korban banjir aceh tamiang cc pc perthsanta gak ada yang selamat itu semua sebenarnya uda terbelah dua tapi karena basah jadi menyatu lagi aku stress tahun ngumpulin ini semua mana photobook time stopper ku enggak selamat,0,0,0.85782963,0.07502644,0.06714391
membalas presiden prabowo subianto memimpin sidang kabinet paripurna di istana negara jakarta senin membahas perkembangan strategis nasional dan penanganan bencana banjir serta tanah longsor di aceh sumatra utara dan sumatra barat foto bpmi setpres laily rachev,1,0,0.5395772,0.3401477,0.120275095
update resmi bnpb terkait bencana sumatra per desember korban jiwa terbanyak di agam penambahan terbanyak di agam langkat tapsel tapteng orang hilang terbanyak di agam pengurangan terbanyak di tapanuli tengah,0,0,0.9486212,0.028608982,0.022769742
gue lihat banjir di sumut aja bisaa terenyuhh sedih melas eh ini ada lewat di explore ig harimau sumatra pun muncul ikut ngungsi tambah nangiss lah guee,0,0,0.9377187,0.030093929,0.032187402
kakanwil bpn aceh didampingi para kepala bidang melakukan kunjungan ke kantor pertanahan kabupaten aceh tamiang pasca banjir kunjungan ditempuh melalui jalur darat dari sumatera utara mengingat akses banda aceh aceh tamiang masih terputus di wilayah kutablang bireuen,1,1,0.13532722,0.8433356,0.021337153
ketua dewan masjid indonesia dmi jusuf kalla jk mengimbau seluruh masjid di indonesia untuk melaksanakan salat ghaib pada jumat mendatang sebagai bentuk doa dan solidaritas bagi para korban musibah besar yang melanda aceh sumatera utara dan sumatera barat jk mengungkapkan tampilkan lebih banyak,0,0,0.69625944,0.13360974,0.17013086
akun komentar jangan ditonton bagi yg gak kuat prayforsumatera,1,0,0.50245416,0.36685634,0.13068946
membalas ya betol oknum pemimpin daerah itu paling pinter klau sdh bicara politik apalgi klau sudah coba mau korupsi suap kolusi nepotisme yg menguntungkan mereka dn klompoknya tp untuk mikirin nasib warganya bahkan beri solusi agar tdk trjadi banjir dn longsor lagi ngak becus rb,0,0,0.8577655,0.07003152,0.072202966
dari tambang hingga plta walhi ungkap akar bencana tapanuli,0,0,0.9543443,0.025151221,0.020504469
membalas haaaahhh kaget dirjen longsor dirjen banjir bancakan lagi aja mending dimaksimalin pak yg udah ada anggaran untuk penanganan bencana mitigasi bencana recovery pasca bencana itu yang harus dipikirin yaallah nasib jadi wni gini amat rb,0,0,0.9308116,0.0346716,0.034516837
akun parodi membalas banjir sih di atas tapi sekarang aku tiba tiba disuruh ngungsi,0,1,0.057200994,0.937398,0.0054009655
anjing ah motor mogok,0,0,0.95216686,0.025951479,0.021881718
prabowo respon cepat listrik kembali menyala pemerintah prabowo bersama tni polri bnpb dari awal bencana hadir membantu evakuasi warga hingga pemulihan pasca bencana di sumatera sistem kelistrikan pulih listrik menyala di rumah dan fasilitas publik kondisi terkini pasokan bbm lpg listrik ke daerah terdampak banjir sumbar dari finance detik com,2,2,0.031767014,0.010839987,0.95739305
akun parodi prayforindonesia alleyesonsumatera prayforsumatera prayfortapanuli prayforsibolga prayforaceh dampak yang terjadi jika kita tidak mulai sekarang protes atau aware akan masalah ini,0,1,0.10912466,0.8825623,0.008313074
electrizen banjir dan longsor yang terjadi di wilayah sibolga tapanuli selatan tapanuli tengah dan tapanuli utara memutus akses jalan sehingga menjadi tantangan dalam proses pemulihan listrik,0,2,0.46178955,0.06531935,0.47289112
bergerak bersama memulihkan aceh dan sumatra melalui penugasan taruna kkp dalam dua tahap selama hari guna meringankan beban masyarakat terdampak bencana mohon doa dan dukungan agar kegiatan berjalan lancar,2,2,0.110003635,0.041102067,0.8488943
sepekan pasca musibah bencana alam di aceh sumatera utara dan sumatera barat ya allah lindungilah saudara saudara kami disana ringankanlah beban mereka semoga yang belum bertemu dengan keluarganya dapat segera bertemu,2,2,0.23566417,0.11837158,0.6459642
ajaibnya sawit jadi tertuduh padahal yg merusak adalah tambang riau punya juta hektare lahan sawitnya kali lebih besar dari aceh gak ada banjir bandang narasi sawit biang kerok adalah agenda barat yg ingin indonesia tidak merdeka soal energi terbarukan,0,0,0.9512479,0.022788282,0.025963806
qadarullah dah pulang dari aceh sumut sblm bencana kemarin alhamdulilla h prayforsumatera,2,1,0.20504493,0.7635101,0.03144495
pln terus bekerja maksimal memulihkan sistem kelistrikan yang terdampak banjir tanah longsor dan gempa di aceh sumatera utara dan sumatera barat,1,2,0.042168364,0.01223642,0.94559526
membalas gunung muria di kudus aja kena berdampak ke kudus hingfa sekitarnya banjir bandang kek aceh kemarin,0,0,0.5755653,0.10909568,0.3153391
turut berduka atas banjir bandang longsor di aceh sumut sumbar jiwa meninggal hilang hampir ribu mengungsi hormat kepada relawan petugas yang sudah berjuang bersama wujudkan sumatra pulih kembali wujudkansumatrapulih sumatrabangkit,0,0,0.8043693,0.04909167,0.1465391
keluhkan fasilitas yang rusak parah imbas banjir bandang warga aceh tamiang bandingkan kondisi saat tsunami di silam matapersindonesia com keluhkan fasilitas yang rusak parah imbas banjir bandang warga aceh tamiang bandingkan kondisi menyoroti pengakuan korban banjir bandang di aceh tamiang yang membandingkan kerusakan bencana itu dengan tragedi tsunami pada,0,0,0.9387672,0.029985378,0.03124746
akses jalan menuju desa kubu kecamatan sawang aceh utara terputus akibat banjir relawan nurul hayat menempuh perjalanan menggunakan perahu getek untuk menyalurkan bantuan sebanyak kk atau jiwa terdampak di desa ini terima kasih sahabat sejuk atas doa dan dukungannya,2,2,0.13609463,0.033979747,0.8299256
dari point tsb ada brp yang sudah kita dan pemerintah kita terapkan dalam menjaga hutan kita deforestation prayforsumatera prayforaceh prayforsumatra banjirsumatra,1,0,0.8591717,0.04928565,0.091542654
bantuan sandang tersebut meliputi baju koko dan celana panjang pria busana wanita hijab mukena sajadah serta pakaian dalam pria dan wanita yang disiapkan untuk memenuhi kebutuhan dasar para korban banjir fokus kebutuhan dasar pmi kirim ribu pakaian untuk warga terdampak banjir sumatra serambin dari aceh tribunnews com,0,2,0.040341683,0.013113591,0.94654477
membalas dan tega banget lu bilang begini sedangkan warga yang terdampak bencana gak bisa melanjutkan hidup mereka pasca banjir bahkan sekarang sungai di padang udah mulai naik lagi lu gak mikir ekonomi dan hak asasi manusia warga indonesia sendiri apa harus lo yang kena dulu baru paham,0,0,0.77694064,0.11381032,0.10924905
membalas kementerian lingkungan hidup resmi menyegel perusahaan yang diduga menjadi salah satu penyebab utama terjadinya banjir bandang dan longsor yang melanda wilayah sumatra sejak akhir november lalu youtube com perusahaan disegel akibat banjir bandang di sumatra jakarta cnbc indonesia kementerian lingkungan hidup resmi menyegel empat perusahaan yang diduga menjadi salah satu penyebab utama terjadinya banjir bandan,1,0,0.5953304,0.18232551,0.22234406
banjir ditangani bantuan tetap jalan logistik warga garoga jadi prioritas,2,2,0.14804351,0.09388618,0.7580703
membalas bukan berarti mengkultuskan sosok lagi ya keliatan aja kalo kondisi seperti sekarang actions speak louder than words promises and especially excuses so siapa yang tanggung jawab atas banjir kayu ini usut tuntas korporasi sawit dan hti di hulu bukit barisan,0,0,0.9368451,0.035141174,0.028013589
dari bandara internasional sultan iskandar muda presiden prabowo beserta beberapa pejabat negara naik helikopter kepresidenan caracal menuju bireuen prayforsumatera prabowo aceh antaranews com agenda presiden prabowo tinjau bencana aceh untuk kedua kalinya antara news aceh presiden prabowo subianto tiba di bandara internasional sultan iskandar muda kabupaten aceh besar provinsi aceh minggu pagi ini adalah kunjungan,1,1,0.42399874,0.43063363,0.14536762
video party tersebut viral dan menuai kecaman dari warganet sebab dinilai tidak memiliki rasa kemanusiaan atau empati pasalnya video party itu disebut disebut terjadi di tengah banjir di daerah sumatera barat sumbar bikin geram viral video party di tengah bencana banjir tuai kecaman warganet gila banget dari tvonenews com,0,0,0.6187588,0.23225659,0.14898463
membalas pembalakan liar penyebab banjir maut orang tewas kenapa tak belajar tahun banjir parah landa aceh tapanuli korban jiwa koran belanda laporkan di aceh hujan hari di lereng gunung seulawah tanggul jebol banda aceh terendam listrik mati radio tampilkan lebih banyak,0,0,0.9586644,0.02210924,0.019226335
day senin nov hujan deras parah tapi masih ada listrik n jaringan day selasa nov masih hujan parah ga berhenti dari day gabisa pergi ke kampus karna hujan terlalu parah note gara kamar udh banjir jadinya ngungsi di cafe dulu sekalian nugas,0,0,0.95577157,0.02312746,0.021100968
upayaa membantu warga terdampak tim trauma healing polda riau diturunkan untuk bko penanganan banjir bandang di kabupaten agam sumatera barat polri peduli polri berbagi polri polripeduli pedulibencana prayforsumatera,2,2,0.027156716,0.0070785806,0.9657647
sudah ada inisiatif yang lebih terhormat dan manusiawi dari untuk potong gaji lalu disumbangkan kepada korban bencana di sumatera dan aceh dpr usul anggaran mbg belum terserap dialokasikan ke banjir sumatra dpr usul anggaran mbg belum terserap dialokasikan ke banjir sumatra dari cnnindonesia com,0,0,0.9091764,0.044035647,0.046787933
pemprov sumatera barat perpanjang masa tanggap darurat bencana hingga desember masa tanggap darurat yang ditetapkan awalnya pada november berakhir senin desember gubernur sumbar mahyeldi mengatakan ada tujuh nagari atau desa yang masih terisolir di tiga tampilkan lebih banyak,1,1,0.16282307,0.8189297,0.01824726
membalas nomor cantikkkk pi prayforsumatera piaraanmembantu,2,1,0.030590003,0.96696246,0.0024475653
banjir dan longsor yang melanda aceh berdampak pada sejumlah wilayah memicu evakuasi warga serta gangguan akses jalan dan layanan dasar upaya penanganan dan distribusi bantuan terus dilakukan oleh berbagai pihak untuk memastikan kebutuhan mendesak masyarakat dapat terpenuhi tampilkan lebih banyak,1,2,0.099241525,0.031514097,0.8692444
ditengah duka banjir sumatera projo peduli bencana tetap setia digaris rakyat mendampingi warga sesuai visi budi arie setiadi dalam solidaritas sosial projo ajak publik bersatu hadapi banjir besar di sumatera dari gonews co id,2,2,0.09747962,0.025360094,0.87716025
layanan kesehatan di rumah sakit umum daerah rsud muda sedia aceh tamiang lumpuh setelah turut terdampak parah akibat banjir yang melanda kabupaten tersebut sejak november lalu ketinggian banjir mencapai meter menerobos masuk ke dalam setiap ruangan rumah sakit meski tampilkan lebih banyak rb,0,2,0.06960529,0.0243467,0.906048
pemulihan pascabencana banjir di sumatra barat terus dilakukan salah satunya dengan menyediakan hunian sementara huntara di kota padang taruna siaga bencana tagana terlibat aktif di lapangan mendukung proses percepatan pembangunan bersama pihak terkait kehadiran tagana tampilkan lebih banyak,2,2,0.13245729,0.053802997,0.81373966
belanda telah berkomitmen memberikan bantuan darurat pemulihan dampak banjir dan longsor sebesar juta setara dengan rp miliar untuk mendukung masyarakat di sumatera demikian pernyataan kedutaan besar belanda belanda salurkan bantuan darurat sebesar rp miliar untuk korban banjir dan siklon di sumatera dari trtindonesia com,2,2,0.044169825,0.013617458,0.9422127
kemenhut mengatakan pengoptimalan kayu hanyutan banjir terus dilakukan di aceh utara dan sumatera utara sebagai bagian dari strategi pemulihan cepat lingkungan dan penyediaan hunian bagi warga kemenhut terus optimalkan kayu banjir bangun huntara di aceh utara dari antaranews com,2,2,0.04653346,0.013165771,0.9403008
pbnu kerahkan elemen nu bantu penyintas banjir sumatra dari sembako hingga trauma healing pengurus besar nahdlatul ulama pbnu mengerahkan seluruh elemen lembaga dan badan otonom banom untuk terlibat aktif dalam penanggulangan dampak bencana alam yang wilayah aceh sumatra tampilkan lebih banyak,2,2,0.38968942,0.17338337,0.4369272
kunjungan direktur opp bersama pemimpin wilayah ke gudang rawang timur dilakukan dalam rangka monitoring dan evaluasi untuk memastikan ketersediaan stok pangan pascabencana alam di sumatera barat melalui pemantauan langsung ini,1,2,0.0642131,0.0212141,0.9145728
membalas ngeri banjir doang gw mah klo hujan nonstop gini,0,0,0.9279908,0.04039425,0.031614948
tsunami aceh terjadi sekali banjir sumatra bisa jadi terus terusan sepanjang musim penghujan tahun ini dan tahun kemudian,0,0,0.818,0.09983896,0.082161024
pasca banjir aceh singkil prajurit tni mulai rakit jembatan bailey di gosong telaga barat kodim my id pasca banjir aceh singkil prajurit tni mulai rakit jembatan bailey di gosong telaga barat proses perakitan jembatan bailey di desa gosong telaga barat,2,1,0.06230043,0.9285205,0.009179029
dunia kegelisahan banjir susulan terus terjadi,0,0,0.8573604,0.103311785,0.039327823
temanpemilih keluarga besar komisi pemilihan umum kabupaten halmahera selatan turut berduka atas musibah banjir dan longsor yang menimpa halmahera barat desa gamlamo desa tongute ternate asal desa gam ici dan desa tongute ternate kpumelayani kpuhalsel kpuri,1,0,0.9357969,0.031628575,0.032574445
mantap nih pak zulkifli hasan langsung terjun ke daerah dampak bencana di sumatera memasok kali lipat bantuan dari sebelumnya bahkan janji rumah zulhas membantu para korban bencana memiliki hunian lagi kunjungi padang zulhas janji pasokan pangan kali lipat untuk korban banjir dari detik com,2,2,0.11958537,0.043620087,0.8367946
membalas coba pindahkan posisi yg buat aturan itu jadi korban banjir terus disuruh bawa berkasnya gimana responnya minimal mikir dulu kalau buat syarat,0,0,0.910504,0.049944304,0.03955179
akun parodi membangkitkan semangat gotong royong nasional budi arie setiadi jadikan projo peduli bencana garda terdepan penanganan darurat di sumatera mengukuhkan posisi kami sebagai organisasi yang setia digaris rakyat projo ajak publik bersatu hadapi banjir besar di sumatera dari gonews co id,2,2,0.053636003,0.016309518,0.9300545
sinergi polri dan bksda gajah dikerahkan bersihkan material banjir di pidie jaya meureudu empat ekor gajah milik balai konservasi sumber daya alam bksda aceh telah tiba lengkap di kabupaten pidie jaya untuk membantu proses pembersihan material pascabencana banjir,2,2,0.030210122,0.008159954,0.96162987
menteri sosial memastikan percepatan penyaluran bantuan sosial pascabencana di sumatra dengan memanfaatkan sistem satu data guna pemulihan yang tepat sasaran sufmidascoahmad,2,2,0.032771166,0.008731017,0.9584978
akun komentar banjir lagi malam ini ya allah desa kuning i aceh selatan dari volcaholic,0,1,0.11010475,0.8790375,0.010857743
prabowo diminta tetapkan banjir bandang di padang hingga tapanuli jadi bencana nasional prayforsumatera presiden ri prabowo subianto diminta segera menetapkan banjir besar yang melanda berbagai provinsi sebagai bencana nasional sebab kondisi di lapangan sudah sangat tampilkan lebih banyak,0,0,0.8435013,0.091501094,0.06499761
ya benar elon musk mengumumkan di x bahwa starlink memberikan layanan internet gratis untuk korban banjir parah di indonesia termasuk sumatra hingga akhir desember ini kebijakan standar spacex untuk tidak mengambil untung dari bencana,2,0,0.9264376,0.03801305,0.035549443
peduli korban banjir dpp fpi serta dpd hilmi fpi sulteng dan komunitas pemulung amal terus bantu warga aceh tamiang hilmi hilalmerahindonesia acehtamiang pedulibanjir kemanusiaan banjirsulteng banjirbandang hilmi fpi dan komunitas pemulung amal terus bantu warga aceh tamiang dari hilmi news,2,0,0.78249574,0.048526816,0.16897742
membalas apa susahnya bikin kupon sederhana terus minta semua orang antri terima bantuan sih birokrasi ribet itu jangan sampai santunan rp juta orang korban tewas banjir bandang dan longsor sumatera pun minta para korban langsung hadir macam meme pocong datang ke kantor bpjs ini ajg rb,0,0,0.91328293,0.03701873,0.049698386
penyerahan bantuan kemanusiaan polda sumsel dan bhayangkari tiba di polres tapanuli selatan bantuan kemanusiaan dari polda sumatera selatan bersama bhayangkari daerah sumsel untuk korban bencana alam di polsek ilir timur i palembang instagram photo dari instagram com,0,0,0.85283667,0.053005416,0.09415789
membalas jangan kritik pemerintah lagi karsian mereka mereka sudah nyaman dengan ketololan nya gif,0,0,0.9547743,0.025579387,0.019646397
pemerintah keknya emang gapeduli sama sumatera jambi langganan banjir dan pernah surutnya nyampe berminggu gapernah tuh diperhatiin,0,0,0.8664596,0.102668315,0.030872036
warga wargi sumut emg darderdor yah belakangan byk org live banjir daritadi subuh di medan dan literally tinggi poll temen ku yg di aceh ada sampe ngungsi mati lampu seharian mana td sempet gempa jg,0,0,0.87088543,0.06350223,0.06561233
membalas badan nasional penanggulangan bencana bnpb mencatat di aceh ada gampong di bener meriah gampong aceh tengah dan gampong di tamiang masih terisolasi sebagian gampong bahkan tertimbun sepenuhnya oleh material yang tersapu banjir,0,0,0.6678746,0.2872463,0.044879124
mari kita bantu saudara saudari kita di sumatra untuk pulih dan bangkit kembali prayforsumatera,2,2,0.027826065,0.0072297347,0.9649442
pemerintah hadir membantu pembangunan infrastruktur pasca bencana aceh sumatera,2,2,0.03233646,0.008707498,0.95895606
jaksa agung ungkap temuan entitas diduga penyebab banjir sumatra,0,1,0.029068036,0.9687946,0.0021373911
dikomando prabowo penanganan banjir sumatera lebih sigap sukses berat,2,1,0.059329685,0.93114895,0.00952144
rumahku tinggi bahkan ga pernah banjir tapi sekarang kebanjiran sampe masuk ke rumah huhu prayforsumatera staysafe semua yg kebanjiran,0,0,0.9021372,0.043979738,0.05388301
donasi untuk korban banjir terus mengalir penyaluran bantuan tepat sasaran aceh sumatera update,2,0,0.5403666,0.08050135,0.379132
rohta anjulian j akun komentar prayforsumatra alleyesonsumatra sumatra butuh bantuan sibolga padang aceh medan ribuan warga terdampak rumah hancur keluarga terpencar ayo jadi bagian dari penyelamat mereka aksi peduli kemanusiaan donasi via qris sekarang mohon bantu rt,2,2,0.07846144,0.024402106,0.89713645
di balik duka ada harapan melalui janji rumah zulhas yang disampaikan zulkifli hasan kepada warga terdampak banjir sumatera kunjungi padang zulhas janji pasokan pangan kali lipat untuk korban banjir dari detik com,0,0,0.905988,0.057069063,0.036942918
tindakan nyata di lapangan ini mencerminkan komitmen bahwa pemerintah sigap untuk aceh sumatra dalam menghadapi kondisi darurat,2,2,0.029681074,0.007877073,0.9624419
alhamdulillah rumah aku banjir nya ga sampai masuk ke dalam hanya dihalaman depan aja,0,0,0.92488897,0.04286625,0.03224477
membalas iya bg harus ke yg betul amanah karena sy korban banjir aceh tamiang selama seminggu sy dan anak bungsu sy di pengungsian kelaparan gak pernah dapat bantuan apapun dan dari pihak manapun sampai akhirnya saya di evakuasi di jemput sama anak sy dan dibawa plg ke jakarta,0,0,0.76958895,0.059196513,0.17121454
distribusi bantuan dari slog polri untuk masyarakat korban banjir dan longsor di aceh bidhumaspoldaaceh poldaaceh polripresisi poldaacehmeutuah kapoldaaceh poldaacehsiagabencana,0,2,0.08448859,0.023465456,0.8920459
membalas dan masalah perambahan hutan bukan hanya terjadi di aceh seluruh ri terjadi penguasa dan dpr nya dari berbagai partai banjir kemarin saja menghantam sumut dan sumbar kepala daerah di sana kan bukan gam hehe nah harus diselesaikan dari hulu jangan di hilir saja,0,0,0.93179774,0.031791136,0.036411144
sekretaris kabinet seskab teddy indra wijaya menjawab protes dan kritikan sejumlah pihak yang meminta agar bencana banjir bandang dan longsor di sumatera dinaikan statusnya menjadi bencana nasional hal itu dikatakan teddy dalam konferensi pers penanganan bencana sumatra di,0,0,0.71092564,0.24538842,0.043685973
pemerintah siapkan diskon tarif listrik bagi warga terdampak banjir di sumatra pemerintah berencana memberikan diskon tarif listrik kepada pelanggan pt pln persero yang terdampak bencana banjir bandang di aceh sumatra utara dan sumatra barat ini disampaikan menteri energi tampilkan lebih banyak,2,2,0.04500625,0.013216681,0.94177705
perjalanan bko brimob polda sumsel menuju polda aceh untuk penanganan pasca bencana banjir bila ada permasalahan dan butuh bantuan polisi silahkan hubungi call center bebas pulsa kami siap melayani jam musisatu kapoldasumsel humaspoldasumsel poldasumsel,0,0,0.8807743,0.064233586,0.054992158
brimob polda sumatera utara salurkan bantuan kemanusiaan untuk warga terdampak bencana di sibolga dan tapanuli tengah tim produksi humas korps brimob polri prayforsumatra polriuntukmasyarakat brimobuntuknusadanbangsa jiwaragakudemikemanusiaan humaskorbrimobpolri,2,2,0.03187006,0.008526481,0.9596035
bantuan pangan dan sandang dari projo peduli bencana atas instruksi budi arie setiadi telah disalurkan secara merata ke titik pengungsian di sumatra sebagai bukti cinta kami yang setia digaris rakyat dpd projo aceh terjunkan mobil tangki air bersih dari punca co,2,2,0.031023271,0.008443811,0.96053296
otomatis oleh any interactions will be appreciated halo semuanya saya membuka jasa joki game genshin impact honkai star rail yang penghasilannya akan didonasikan untuk korban banjir dan longsor di sumatera check alt scroll down for more information prayforsumatera zonauang rb,0,0,0.5127075,0.16372882,0.32356364
baru baru ini ramai soal anggota komisi i dpr endipat wijaya yang diduga menyindir sejumlah relawan saat membantu korban bencana di aceh sumatera utara dan sumatera barat endipat wijaya meminta pemerintah lebih sigap menyebarkan informasi penanganan bencana sumatra sebab tampilkan lebih banyak rb,0,0,0.79609853,0.07857075,0.12533072
flood watch flash flood e of tanjungpandan bangka belitung indonesia hazard details southeastern asia oceania flash flood guidance saoffg has issued a flood watch for december utc through december utc for e of tampilkan lebih banyak rb,0,1,0.24264564,0.72428846,0.033065915
saya sangat prihatin dengan kondisi masyarakat termasuk keluarga saya yang masih berada di aceh meski sedang berada di luar negeri saya ingin memastikan bantuan ini segera sampai kepada warga terdampak ujar ismail ismailrasyid aceh tribunnews com pt trans continent salurkan rp juta untuk korban banjir di aceh serambinews com bantuan dari perusahaan milik putra aceh ismail rasyid ini disalurkan dan akan didistribusikan melalui yayasan al sumatrani,0,0,0.5953067,0.15142207,0.25327128
banjir melanda utara sumatera termasuk rumah dinas gubernur bobby nasution di medan ketinggian air mencapai selutut orang dewasa di gerbang rumah via penampakan rumah dinas gubsu bobby yang terendam banjir dari detik com rb,1,1,0.38701776,0.5877904,0.025191823
presiden prabowo apresiasi capaian luar biasa dari program mbg yang telah menjangkau juta penerima manfaat serta penanganan bencana di sumatra kerja nyata untuk rakyat indonesia lanjutkanmbg selasa aurelie warga aceh tamiang tgat survivor,2,2,0.32037613,0.15552327,0.52410066
banjir bandang sumatera walhi riau bukan bencana biasa ini akibat deforestasi masif klik untuk baca,0,0,0.5875404,0.3733764,0.039083198
satgas pkh perusahaan diduga jadi penyebab banjir sumatra satgas pkh perusahaan diduga jadi penyebab banjir sumatra dari investor id,0,1,0.06558683,0.92655927,0.007853922
sebelumnya kementerian kehutanan bilang kayu yang berserakan itu cuma kayu lapuk yang kebetulan ikut hanyut dan kita diminta percaya begitu saja mereka bicara dengan tenang karena mereka tahu kita tidak punya ruang untuk melawan prayforsumatera,0,0,0.87612075,0.07264457,0.051234767
aksi tanggap bencana bri terus jalan berkat sinergi luas bantuan disalurkan merata biar warga terdampak banjir bisa bertahan dan mulai bangkit perlahan csrbri bripeduli qrisbri,2,2,0.027113939,0.007044358,0.96584177
bnpb melaporkan jumlah korban meninggal dunia akibat banjir dan longsor di aceh sumatra utara serta sumatra barat bertambah menjadi jiwa berdasarkan data yang diakses pada rabu pukul wib data per tanggal desember total korban meninggal dunia tampilkan lebih banyak rb,0,0,0.94996834,0.026743006,0.023288568
akun komentar banjir bandang yang membawa tumpukan kayu gelondongan besar menerjang damaran baru kabupaten bener meriah provinsi aceh dari weather monitor,1,1,0.036310744,0.9602617,0.003427515
seorang ibu harus memanjat tebing demi membawa bayinya ke puskesmas👶🤱 gampong desa sikundo aceh barat masih terisolasi jalan dan jembatan terputus warga terpaksa berpegangan tali di tepi sungai dan tebing untuk melintas banjir dan longsor acehbangkit akibat siklon,0,0,0.92902696,0.027133955,0.04383906
banjir rob yang melanda pesisir jakarta utara pada kamis menyebabkan banyak sepeda motor tidak mampu melintasi genangan yang mencapai sentimeter sejumlah pengendara tampak nekat menerobos banjir namun sebagian besar akhirnya berhenti karena mesin motor mogok tampilkan lebih banyak,0,0,0.9466896,0.030083882,0.023226501
membalas sejak awal banjir menerjang polri dan tni langsung dikerahkan untuk evakuasi membuka akses jalan hingga membantu dapur umum semua bergerak serentak sebagai bentuk respons cepat negara yang dipimpin langsung presiden prabowopedulisumatera,2,2,0.049481872,0.013594802,0.9369233
budi arie setiadi memfasilitasi gerakan projo peduli bencana untuk berkolaborasi dengan pemerintah dalam memperbaiki infrastruktur rusak di sumatra demi kenyamanan mobilitas warga yang setia digaris rakyat projo serukan persatuan nasional untuk ringankan derita korban banjir sumatera dari news fin co id,0,0,0.8685735,0.05069244,0.080734104
banjir jis,1,1,0.030023018,0.96770144,0.002275528
ada yang ditebang ada yang karena banjir juga karena penggundulan hutan tanahnya menjadi labil ibaratnya longsor yg menumbangkan pohon bisa dilihat dr banjirnya yg keruh krn bercanpur tanah yang jelas semuanya krn penggundulan hutan,0,0,0.9413837,0.027751368,0.030864898
membalas alhamdulillah iyaa ini mertuaku lagi berkunjung ke aceh juga alhamdulillah ga banjir tp ya ngrasain mati listrik mogaa temen kak sirin aman semua segera surut banjirnya,1,0,0.5341986,0.30329725,0.1625042
membalas dan makaasi banyak ya bang infonya bisa buat sedikit lega temanku kalau ada info terbaru terkait banjir dan listriknya boleh banget kasi tau bang kalo gak keberatan ibu temanku namanya yenny pakleknya namanya haris sekali lagi terimakasih banyak,0,0,0.79105586,0.09234457,0.11659957
video tersebut tampak asli menunjukkan banjir dan longsor di aceh tamiang sibolga dan wilayah sumatera lainnya pada desember dikonfirmasi oleh laporan berita dari kompas metrotv dan bnpb semoga bantuan segera tiba,1,2,0.18014577,0.067400135,0.7524541
akun parodi banjir besar rakyat ngungsi presiden prabowo langsung turun tangan dan sikat yang gak hadir hampir juta orang mengungsi akibat banjir sumatera terbanyak di aceh dari tempo co,0,0,0.8916787,0.043584865,0.06473655
anggota gam memaksa meminta jatah bantuan kemanusiaan korban bencana banjir aceh dengan dalih perintah staf khusus gubernur aceh namu anggota tni menghalangi langkah anggota gam tersebut apakah dibenarkan ormas memalak anggota tni,0,0,0.9433982,0.024602987,0.031998824
membalas dan tidak punya kemauan untuk membuat kebijakan yang benar benar untuk rakyat korban bencana di aceh dan sumatera utara contohnya money follow program bagi bagi proyek suplayer makanan sangat berguna untuk patronisasi apbn membesarkan tabungan sirkel penguasa yang kebagian proyek,0,0,0.94526255,0.024808697,0.029928658
presiden prabowo tinjau jalan lembah anai sumbar yang rusak parah akibat banjir sumatra merdeka com presiden prabowo tinjau jalan lembah anai sumbar yang rusak parah akibat banjir sumatra prabowo juga meninjau pembangunan jembatan bailey padang mantuang di padang pariaman,0,0,0.94565004,0.029684035,0.02466593
kerusakan alam hari ini seharusnya sudah lebih dari cukup untuk membuka mata kita banjir besar yg kini melanda sumatra bukan sekadar bencana alam ini adalah cermin dari keserakahan yg dibiarkan tumbuh tanpa kendali lagi rakyat kecil yg harus menanggung luka prayforsumatera,0,0,0.93530893,0.027819656,0.03687141
membalas masih banjir partnerku ngeluh kmaren naek gojek doang slain bbrp kali kena cancel sampe telat krja harganya g ngotak,0,0,0.87659425,0.08790843,0.03549733
alhamdulillah nyampe rumah setelah menerjang banjir baru kali ini ujan deres ga kelar sampe banjir tapi gapapa mending di sini aja banjirnya ga lama langsung surut daripada aceh dan sumatera yg kebanjiran lagi,1,0,0.8396321,0.10273196,0.057635963
pemilu itu ibarat membantu dorong mobil mogok setelah mobil berjalan yg bantu dorong di tinggalkan sama persis spt yg dialami oleh kakek ini yg kehilangan segalanya akibat banjir pemimpin yg dia pilih ketika pemilu diharapkan akan membantunya tp malah menibggalkannya,0,0,0.48219785,0.10555527,0.41224682
membalas dan bayangkan kalau salah satu dirjen terbentuk misal dirjen angin topan terus calon mertua tanya kamu kerja di mana asn di dirjen angin topan om hah bagian apa itu bagian halau badai siklon om prayforsumatera,1,0,0.8428202,0.092473045,0.06470683
membalas adaikan semua orang seperti group band slank pastikan warga aceh sumut dan sumbar mencari para relawan yang bekerja di lapangan dan donatur yang memberikan sumbangan bagi keluarga kita yang terkena bencana banjir bandang bisa segera membaik pasca bencana korban bencana saat ini,0,2,0.26464447,0.06904684,0.66630864
membalas pemerintah wajib buka data koorporasi pemilik serta luas lahan jenis aktifitas pemanfaatan hutan yang dilakukan koorporasi di wilayah hulu sungai daerah aceh sumut dan sumbar yg mengalami banjir bandang,1,0,0.9468054,0.02581806,0.027376467
membalas pjbt negara para donator jgn fokus banjir aceh sumut sumbar aja bencana semeru banjir jabar tempatnya kdm jateng tempat lain atensi juga dong masih indonesia loh rakyat mah hanya mengingatkan saja naga haji dkk kok blm monitor cawe nya kalian andil juga kan perusak hutan sda,0,0,0.57942533,0.12880656,0.29176807
bantuan kemanusiaan polda riau untuk korban bencana alam prov aceh sumut dan sumbar kapoldariaubantusumbar kapoldariiaubantuaceh kapoldariaubantumedan poldariaubantubencana herimenbantuaceh herimenbantusumbar herimenbantumedan prayforsumatera lekaspulihsumatera,0,2,0.12271317,0.027993392,0.8492934
membalas dan selama hutan yg digundul oleh korporasi tidak ditanami kembali selama itu pula setiap musim penghujan aceh sumut dan sumbar akan terus banjir tapi hutan gundul itu harus ditanami pohon kayu ya bukan pohon sawit meskipun sama sama pohon dan sama sama ada daunnya,0,0,0.80845225,0.064426765,0.127121
aceh sumut dan sumbar nggak sendirian ada ribu tni siap bantu pulihkan infrastruktur dengan penuh semangat fokuspenanganan,2,2,0.033991244,0.009129771,0.956879
akun komentar korban bencana butuh tenda makanan dan obat pemerintah butuh waktu rapat dan dokumentasi plus pasukan pendengung fakta prayforsumatera,0,0,0.86987364,0.048901465,0.08122494
jasa raharja serahkan bantuan di lubuk minturun sumatra barat pascabencana banjir bandang dan tanah longsor,2,2,0.40616772,0.17944683,0.41438547
satu bulan paska bencana banjir di aceh kita bisa belajar bahwa lambannya penanganan oleh pemerintah adalah tsunami kedua bagi aceh aceh tsunami banjir sumatera hydrometereologi peradaban bangsa negara akhirtahun status,0,1,0.4402807,0.5084051,0.051314157
di saat banyak pihak sibuk berdebat mbg bekerja tanpa banyak bicara kerja nyata inilah yang layak mendapat apresiasi setinggi tingginya lanjutkanmbg dari timur maju berdaya prayforsumatera,2,2,0.09394741,0.027285712,0.87876695
gubernur aceh mualem menangis melihat dampak banjir bandang yang ia sebut sebagai tsunami kedua beberapa desa hilang seketika di tengah krisis malaysia mengirim obat obatan senilai juta ringgit logistik darurat dan tim medis di aceh,0,0,0.9366374,0.03207647,0.031286057
membalas jalanan di rumahku udah banjir ci kepikiran takut masuk rumah itu air,0,0,0.94431514,0.030519478,0.025165407
warga aceh tengah salihin membuat perahu dari kayu gelondongan yang terbawa banjir dia berujar perahu adalah solusi mencari nafkah karena sawahnya tertimbun material longsor inisiatif salihin ini muncul di tengah polemik pemanfaatan kayu gelondongan banjir sumatra penyintas banjir di aceh tengah manfaatkan kayu gelondongan jadi perahu bbc news dari bbc com rb,2,1,0.28386006,0.5781874,0.1379525
membalas pemerintah hadir dalam penanganan bencana banjir bandang di aceh sungai krueng meudeuru kembali pulih,2,2,0.05447766,0.016506452,0.92901593
aceh dan sumatera makin ceria penanganan bencana udah nunjukin kemajuan signifikan yuk terus dukung upaya ini biar makin maju,2,2,0.17908615,0.119576424,0.7013374
pks jambi turunkan relawan ke lokasi longsor dan banjir sumatra pks jambi turunkan relawan ke lokasi longsor dan banjir sumatra dari infojambi com,2,2,0.030249551,0.007908621,0.9618419
ketua komisi i dpr ri utut adianto mengungkapkan rasa duka yang mendalam terkait bencana banjir yang melanda aceh sumatera utara dan sumatera barat ia menyarankan agar ke depan dibentuk kementerian khusus yang akan fokus menangani masalah bencana nawabineka com dpr usul kementerian khusus bencana ada dirjen longsor dirjen banjir dan dirjen angin topan ketua komisi i dpr ri utut adianto mengungkapkan rasa duka yang mendalam terkait bencana banjir ya,0,0,0.8546764,0.06491694,0.08040662
membalas sempat lewat video para korban bencana di aceh tamiang yg rumahnya terendam tanah itu gimana ya nasibnya mereka gabisa kembali ke rumah apalagi dengan pergerakan pemerintah yg seperti ini butuh alat berat dll bukan hanya sekadar dikasih makan dan baju rb,0,0,0.91422576,0.036643486,0.049130894
membalas dan nyatanya program mbg tidak memakai dana penanggulangan bencana dan justru lebih dulu hadir menghantar makanan kepada korban banjir di aceh sebagai kerja nyata yang dirasakan langsung masyarakat lanjutkanmbg,0,2,0.0474665,0.012890722,0.93964285
membalas dan lainnya terus kenapa rakyat sumatera dijanjiin dibangun rumah untuk korban banjir rakyatnya sendiri korban jadi korban banjir janji belum dipenuhi,0,0,0.96022093,0.019910153,0.019868908
kementerian esdm dan pln menyalurkan genset untuk wilayah aceh yang masih terisolasi akibat banjir membantu warga tetap mendapatkan penerangan sementara,0,2,0.036017578,0.009732385,0.95425004
membalas smg hasil lid yg dilakukan satgas pkh tersangkanya bukan pengawas dan operator alat berat tp yg harus bertanggung jawab adanya bencana di aceh sumut sumbar direktur perusahaan dan pemberi ijin,0,0,0.8385847,0.07503861,0.08637664
akun komentar potret banjir ini perlu terus diangkat agar tak ada lagi yang mengiranya cukup dihadapi dgn cara biasa jangan sampai masalah seserius ini pun tenggelam oleh berita gosip artis dan tumbler prayforsumatera prayforsumatra prayforindonesia prayforaceh,0,0,0.8989169,0.057478055,0.043605
membalas dan ya begitulah ketololan mereka relawan dan buzer mulyono begitu banjir bandang bencana yg makan korban banyak mereka jd diam bisu lumpuh tidak berbuat apa apa giliran jis banjir sedengkol bebek seolah olah bencana nasional jd kegoblokan mn lagi yg kau dustakan,0,0,0.9295323,0.038357,0.032110643
banjir di cupak tengah pauh kota padang minggu,1,1,0.032515656,0.96484673,0.0026375982
temen temen di medan dan wilayah sumatera yang lagi kena banjir jaga diri baik baik ya stay safe semuanya,1,2,0.4202266,0.15677857,0.42299476
membalas cek sumsel kiri kanan sepanjang sungai musi kebun sawit kabehh bisa dibayangin kalo banjir mana rumah rumah berada di pinggir musi dem lah rb,0,0,0.9492285,0.03051507,0.020256283
❤️‍🩹pemulihan pascabencana di aceh sumatera barat dan sumatera utara terus berlanjut berikut update proses pemulihan yang sedang berlangsung di lapangan pemulihanpascabencana kemendagri bersamapulih aceh sumbar sumut negarahadir,2,2,0.04208859,0.011997055,0.9459144
akibat menebang pohon peradaban prayforsumatera bencanasumatera banjirsumatera deforestasi rb,0,0,0.8693841,0.09507426,0.03554159
bantuan dari laut mulai berlabuh ke lhokseumawe dan langsa kita bergerak cepat agar masyarakat yang masih terjebak banjir tidak kekurangan logistik semua ini akan segera kita salurkan ke titik titik terdampak muzakir manaf gubernur aceh aceh tribunnews com bantuan dari laut mulai berlabuh ke lhokseumawe dan langsa serambinews com bantuan logistik untuk korban bencana banjir yang dikirim melalui laut mulai berlabuh di lhokseumawe dan langsa,2,2,0.14424792,0.08322997,0.7725221
pemerintah menyatakan jaringan listrik di sebagian besar kabupaten dan kota terdampak bencana banjir di provinsi aceh sumatera utara dan sumatera barat berangsur pulih meski demikian di sejumlah wilayah terpencil masih terjadi gangguan sehingga pelayanan listrik dan tampilkan lebih banyak,2,0,0.43198082,0.41673017,0.15128899
memang bangsat pemilik kayu gelondongan disaat banjir bandang melanda aceh sumut sumbar truk pembawa kayu tsb seakan meledek negara sungguh menyakitkan yg mendiamkan bisa diduga dpt setoran dr bajingan itu,0,0,0.93378294,0.03349447,0.032722704
pause dulu foto makan cantik banyak saudara kita sedang berjuang menghadapi banjir empati dulu gaya belakangan doa solidaritas untuk semua yang terdampak bencana stay safe sumatra prayforsumatera prayfortapanuli prayforaceh prayforsibolga prayforindonesia,2,1,0.16303603,0.8177647,0.01919931
membalas kita tahu akhir akhir ini provinsi nad dan provinsi lainnya di sumatera tengah berduka atas tragedi banjir yang telah merenggut banyak korban jiwa namun jika kita bandingkan hal ini jumlah ini sangatlah kecil dibanding jumlah korban tsunami desember,0,0,0.94963527,0.027472422,0.022892246
dewan dprk temui tumpukan bantuan korban banjir di gudang bpbd bireuen,0,0,0.9587789,0.020358795,0.020862281
akun parodi projo peduli bencana bersama budi arie setiadi setia digaris rakyat hadir di sumatera mengalirkan bantuan untuk warga terdampak banjir dan mendukung langkah pemerintah presiden prabowo membangun kembali rumah dan masa depan rakyat projo ajak publik bersatu hadapi banjir besar di sumatera dari gonews co id,2,2,0.033985604,0.010614514,0.9553998
