[{"stream_name":"stderr","time":7.391096199,"data":"0.00s - Debugger warning: It seems that frozen modules are being used, which may\n"}
,{"stream_name":"stderr","time":7.391927877,"data":"0.00s - make the debugger miss breakpoints. Please pass -Xfrozen_modules=off\n"}
,{"stream_name":"stderr","time":7.391932909,"data":"0.00s - to python to disable frozen modules.\n"}
,{"stream_name":"stderr","time":7.391935536,"data":"0.00s - Note: Debugging will proceed. Set PYDEVD_DISABLE_FILE_VALIDATION=1 to disable this validation.\n"}
,{"stream_name":"stderr","time":8.039015869,"data":"0.00s - Debugger warning: It seems that frozen modules are being used, which may\n"}
,{"stream_name":"stderr","time":8.039065277,"data":"0.00s - make the debugger miss breakpoints. Please pass -Xfrozen_modules=off\n"}
,{"stream_name":"stderr","time":8.039071923,"data":"0.00s - to python to disable frozen modules.\n"}
,{"stream_name":"stderr","time":8.039076009,"data":"0.00s - Note: Debugging will proceed. Set PYDEVD_DISABLE_FILE_VALIDATION=1 to disable this validation.\n"}
,{"stream_name":"stdout","time":27.467777924,"data":"Checking /kaggle/input structure:\n"}
,{"stream_name":"stdout","time":27.467840111,"data":"  /kaggle/input -\u003e []\n"}
,{"stream_name":"stdout","time":27.467848186,"data":"  /kaggle/input/datasets -\u003e []\n"}
,{"stream_name":"stdout","time":27.467853827,"data":"  /kaggle/input/datasets/emanuelembuaijdak -\u003e []\n"}
,{"stream_name":"stdout","time":27.467859201,"data":"  /kaggle/input/datasets/emanuelembuaijdak/thesis-indobert-processed-data -\u003e ['data_preprocessed_with_emoticon.csv', 'split_data.pkl']\n"}
,{"stream_name":"stdout","time":27.467864931,"data":"Memuat split data dari /kaggle/input/datasets/emanuelembuaijdak/thesis-indobert-processed-data/split_data.pkl...\n"}
,{"stream_name":"stdout","time":27.4678704,"data":"Data split berhasil dimuat!\n"}
,{"stream_name":"stdout","time":27.467876882,"data":"Train size: 6226, Val size: 692, Test size: 1730\n"}
,{"stream_name":"stdout","time":29.353689683,"data":"Total strategi imbalance: 5\n"}
,{"stream_name":"stdout","time":29.353728707,"data":"Total kombinasi hyperparameter: 24\n"}
,{"stream_name":"stdout","time":29.353735728,"data":"Total seluruh eksperimen yang akan diuji: 120\n"}
,{"stream_name":"stdout","time":29.353741358,"data":"\n"}
,{"stream_name":"stdout","time":29.353746509,"data":"\n"}
,{"stream_name":"stdout","time":29.353751708,"data":"============================================================\n"}
,{"stream_name":"stdout","time":29.353757168,"data":" STRATEGI IMBALANCED DATA: Baseline\n"}
,{"stream_name":"stdout","time":29.35376241,"data":"============================================================\n"}
,{"stream_name":"stdout","time":29.353767663,"data":"Jumlah data training setelah penanganan: 6226 sampel\n"}
,{"stream_name":"stdout","time":29.353772911,"data":"\n"}
,{"stream_name":"stdout","time":29.353777929,"data":"--- Eksperimen 1/120 | Strategi: Baseline | Config #1 ---\n"}
,{"stream_name":"stdout","time":29.353783323,"data":"{'batch_size': 16, 'dropout': 0.2, 'learning_rate': 5e-05, 'units': 32}\n"}
,{"stream_name":"stderr","time":30.432765792,"data":"WARNING: All log messages before absl::InitializeLog() is called are written to STDERR\n"}
,{"stream_name":"stderr","time":30.43281116,"data":"I0000 00:00:1788282399.257609      23 gpu_device.cc:2020] Created device /job:localhost/replica:0/task:0/device:GPU:0 with 15511 MB memory:  -\u003e device: 0, name: Tesla P100-PCIE-16GB, pci bus id: 0000:00:04.0, compute capability: 6.0\n"}
,{"stream_name":"stderr","time":30.457065494,"data":"/usr/local/lib/python3.12/dist-packages/keras/src/layers/core/embedding.py:100: UserWarning: Argument `input_length` is deprecated. Just remove it.\n"}
,{"stream_name":"stderr","time":30.457153995,"data":"  warnings.warn(\n"}
,{"stream_name":"stderr","time":30.457159823,"data":"\n"}
,{"stream_name":"stderr","time":30.45716326,"data":"/usr/local/lib/python3.12/dist-packages/keras/src/layers/core/embedding.py:100: UserWarning: Argument `input_length` is deprecated. Just remove it.\n"}
,{"stream_name":"stderr","time":30.457166964,"data":"  warnings.warn(\n"}
,{"stream_name":"stderr","time":30.660505603,"data":"WARNING: All log messages before absl::InitializeLog() is called are written to STDERR\n"}
,{"stream_name":"stderr","time":30.660577229,"data":"I0000 00:00:1788282399.257609      23 gpu_device.cc:2020] Created device /job:localhost/replica:0/task:0/device:GPU:0 with 15511 MB memory:  -\u003e device: 0, name: Tesla P100-PCIE-16GB, pci bus id: 0000:00:04.0, compute capability: 6.0\n"}
,{"stream_name":"stderr","time":30.660593787,"data":"\n"}
,{"stream_name":"stderr","time":30.660601623,"data":"WARNING: All log messages before absl::InitializeLog() is called are written to STDERR\n"}
,{"stream_name":"stderr","time":30.660604674,"data":"I0000 00:00:1788282399.257609      23 gpu_device.cc:2020] Created device /job:localhost/replica:0/task:0/device:GPU:0 with 15511 MB memory:  -\u003e device: 0, name: Tesla P100-PCIE-16GB, pci bus id: 0000:00:04.0, compute capability: 6.0\n"}
,{"stream_name":"stdout","time":78.941694565,"data":"Validation Macro F1: 0.4902\n"}
,{"stream_name":"stdout","time":78.9417508,"data":"  Dist. prediksi val : {0: 430, 2: 262}\n"}
,{"stream_name":"stdout","time":78.941758348,"data":"  Baseline mayoritas : acc=0.5419 macro_f1=0.2343\n"}
,{"stream_name":"stdout","time":78.941763587,"data":"  STATUS: OK\n"}
,{"stream_name":"stdout","time":78.941768352,"data":"  Dist. prediksi val : {0: 430, 2: 262}\n"}
,{"stream_name":"stdout","time":78.94177363,"data":"  Baseline mayoritas : acc=0.5419 macro_f1=0.2343\n"}
,{"stream_name":"stdout","time":78.941778735,"data":"  STATUS: OK\n"}
,{"stream_name":"stdout","time":78.941783493,"data":"\n"}
,{"stream_name":"stdout","time":78.941788454,"data":"--- Eksperimen 2/120 | Strategi: Baseline | Config #2 ---\n"}
,{"stream_name":"stdout","time":78.941793534,"data":"{'batch_size': 16, 'dropout': 0.2, 'learning_rate': 5e-05, 'units': 64}\n"}
,{"stream_name":"stderr","time":79.104656213,"data":"/usr/local/lib/python3.12/dist-packages/keras/src/layers/core/embedding.py:100: UserWarning: Argument `input_length` is deprecated. Just remove it.\n"}
,{"stream_name":"stderr","time":79.10469642,"data":"  warnings.warn(\n"}
,{"stream_name":"stderr","time":79.104703779,"data":"\n"}
,{"stream_name":"stderr","time":79.104709954,"data":"/usr/local/lib/python3.12/dist-packages/keras/src/layers/core/embedding.py:100: UserWarning: Argument `input_length` is deprecated. Just remove it.\n"}
,{"stream_name":"stderr","time":79.104716105,"data":"  warnings.warn(\n"}
,{"stream_name":"stdout","time":114.733339966,"data":"Validation Macro F1: 0.5013\n"}
,{"stream_name":"stdout","time":114.733378791,"data":"  Dist. prediksi val : {0: 471, 2: 221}\n"}
,{"stream_name":"stdout","time":114.73338606,"data":"  Baseline mayoritas : acc=0.5419 macro_f1=0.2343\n"}
,{"stream_name":"stdout","time":114.733391182,"data":"  STATUS: OK\n"}
,{"stream_name":"stdout","time":114.733398117,"data":"  Dist. prediksi val : {0: 471, 2: 221}\n"}
,{"stream_name":"stdout","time":114.733408636,"data":"  Baseline mayoritas : acc=0.5419 macro_f1=0.2343\n"}
,{"stream_name":"stdout","time":114.733412462,"data":"  STATUS: OK\n"}
,{"stream_name":"stdout","time":114.733415825,"data":"\n"}
,{"stream_name":"stdout","time":114.733419242,"data":"--- Eksperimen 3/120 | Strategi: Baseline | Config #3 ---\n"}
,{"stream_name":"stdout","time":114.733431703,"data":"{'batch_size': 16, 'dropout': 0.2, 'learning_rate': 0.0001, 'units': 32}\n"}
,{"stream_name":"stderr","time":114.923564088,"data":"/usr/local/lib/python3.12/dist-packages/keras/src/layers/core/embedding.py:100: UserWarning: Argument `input_length` is deprecated. Just remove it.\n"}
,{"stream_name":"stderr","time":114.923605999,"data":"  warnings.warn(\n"}
,{"stream_name":"stderr","time":114.923610943,"data":"\n"}
,{"stream_name":"stderr","time":114.923614903,"data":"/usr/local/lib/python3.12/dist-packages/keras/src/layers/core/embedding.py:100: UserWarning: Argument `input_length` is deprecated. Just remove it.\n"}
,{"stream_name":"stderr","time":114.923619293,"data":"  warnings.warn(\n"}
,{"stream_name":"stdout","time":147.13174969,"data":"Validation Macro F1: 0.4883\n"}
,{"stream_name":"stdout","time":147.131795096,"data":"  Dist. prediksi val : {0: 415, 1: 2, 2: 275}\n"}
,{"stream_name":"stdout","time":147.131802837,"data":"  Baseline mayoritas : acc=0.5419 macro_f1=0.2343\n"}
,{"stream_name":"stdout","time":147.131808952,"data":"  STATUS: OK\n"}
,{"stream_name":"stdout","time":147.13181468,"data":"  Dist. prediksi val : {0: 415, 1: 2, 2: 275}\n"}
,{"stream_name":"stdout","time":147.131821268,"data":"  Baseline mayoritas : acc=0.5419 macro_f1=0.2343\n"}
,{"stream_name":"stdout","time":147.131827078,"data":"  STATUS: OK\n"}
,{"stream_name":"stdout","time":147.131832825,"data":"\n"}
,{"stream_name":"stdout","time":147.131838339,"data":"--- Eksperimen 4/120 | Strategi: Baseline | Config #4 ---\n"}
,{"stream_name":"stdout","time":147.131844429,"data":"{'batch_size': 16, 'dropout': 0.2, 'learning_rate': 0.0001, 'units': 64}\n"}
,{"stream_name":"stderr","time":147.293837629,"data":"/usr/local/lib/python3.12/dist-packages/keras/src/layers/core/embedding.py:100: UserWarning: Argument `input_length` is deprecated. Just remove it.\n"}
,{"stream_name":"stderr","time":147.2938845,"data":"  warnings.warn(\n"}
,{"stream_name":"stderr","time":147.293891339,"data":"\n"}
,{"stream_name":"stderr","time":147.293913982,"data":"/usr/local/lib/python3.12/dist-packages/keras/src/layers/core/embedding.py:100: UserWarning: Argument `input_length` is deprecated. Just remove it.\n"}
,{"stream_name":"stderr","time":147.293919756,"data":"  warnings.warn(\n"}
,{"stream_name":"stdout","time":173.208119863,"data":"Validation Macro F1: 0.5024\n"}
,{"stream_name":"stdout","time":173.208169178,"data":"  Dist. prediksi val : {0: 440, 2: 252}\n"}
,{"stream_name":"stdout","time":173.208188414,"data":"  Baseline mayoritas : acc=0.5419 macro_f1=0.2343\n"}
,{"stream_name":"stdout","time":173.20819473,"data":"  STATUS: OK\n"}
,{"stream_name":"stdout","time":173.208200351,"data":"  Dist. prediksi val : {0: 440, 2: 252}\n"}
,{"stream_name":"stdout","time":173.208205918,"data":"  Baseline mayoritas : acc=0.5419 macro_f1=0.2343\n"}
,{"stream_name":"stdout","time":173.208211368,"data":"  STATUS: OK\n"}
,{"stream_name":"stdout","time":173.208215929,"data":"\n"}
,{"stream_name":"stdout","time":173.208220412,"data":"--- Eksperimen 5/120 | Strategi: Baseline | Config #5 ---\n"}
,{"stream_name":"stdout","time":173.208225236,"data":"{'batch_size': 16, 'dropout': 0.2, 'learning_rate': 0.0002, 'units': 32}\n"}
,{"stream_name":"stderr","time":173.445741315,"data":"/usr/local/lib/python3.12/dist-packages/keras/src/layers/core/embedding.py:100: UserWarning: Argument `input_length` is deprecated. Just remove it.\n"}
,{"stream_name":"stderr","time":173.445783315,"data":"  warnings.warn(\n"}
,{"stream_name":"stderr","time":173.44578832,"data":"\n"}
,{"stream_name":"stderr","time":173.445826249,"data":"/usr/local/lib/python3.12/dist-packages/keras/src/layers/core/embedding.py:100: UserWarning: Argument `input_length` is deprecated. Just remove it.\n"}
,{"stream_name":"stderr","time":173.445832251,"data":"  warnings.warn(\n"}
,{"stream_name":"stdout","time":199.716262129,"data":"Validation Macro F1: 0.5829\n"}
,{"stream_name":"stdout","time":199.716301053,"data":"  Dist. prediksi val : {0: 399, 1: 77, 2: 216}\n"}
,{"stream_name":"stdout","time":199.716307486,"data":"  Baseline mayoritas : acc=0.5419 macro_f1=0.2343\n"}
,{"stream_name":"stdout","time":199.71631238,"data":"  STATUS: OK\n"}
,{"stream_name":"stdout","time":199.716316807,"data":"  Dist. prediksi val : {0: 399, 1: 77, 2: 216}\n"}
,{"stream_name":"stdout","time":199.716321329,"data":"  Baseline mayoritas : acc=0.5419 macro_f1=0.2343\n"}
,{"stream_name":"stdout","time":199.716325819,"data":"  STATUS: OK\n"}
,{"stream_name":"stdout","time":199.716330021,"data":"\n"}
,{"stream_name":"stdout","time":199.716334335,"data":"--- Eksperimen 6/120 | Strategi: Baseline | Config #6 ---\n"}
,{"stream_name":"stdout","time":199.716339153,"data":"{'batch_size': 16, 'dropout': 0.2, 'learning_rate': 0.0002, 'units': 64}\n"}
,{"stream_name":"stderr","time":199.901854109,"data":"/usr/local/lib/python3.12/dist-packages/keras/src/layers/core/embedding.py:100: UserWarning: Argument `input_length` is deprecated. Just remove it.\n"}
,{"stream_name":"stderr","time":199.901910304,"data":"  warnings.warn(\n"}
,{"stream_name":"stderr","time":199.901918331,"data":"\n"}
,{"stream_name":"stderr","time":199.901924061,"data":"/usr/local/lib/python3.12/dist-packages/keras/src/layers/core/embedding.py:100: UserWarning: Argument `input_length` is deprecated. Just remove it.\n"}
,{"stream_name":"stderr","time":199.901929743,"data":"  warnings.warn(\n"}
,{"stream_name":"stdout","time":220.112122032,"data":"Validation Macro F1: 0.4866\n"}
,{"stream_name":"stdout","time":220.112176529,"data":"  Dist. prediksi val : {0: 378, 2: 314}\n"}
,{"stream_name":"stdout","time":220.112182014,"data":"  Baseline mayoritas : acc=0.5419 macro_f1=0.2343\n"}
,{"stream_name":"stdout","time":220.11220075,"data":"  STATUS: OK\n"}
,{"stream_name":"stdout","time":220.112205922,"data":"  Dist. prediksi val : {0: 378, 2: 314}\n"}
,{"stream_name":"stdout","time":220.112211113,"data":"  Baseline mayoritas : acc=0.5419 macro_f1=0.2343\n"}
,{"stream_name":"stdout","time":220.112216641,"data":"  STATUS: OK\n"}
,{"stream_name":"stdout","time":220.112221172,"data":"\n"}
,{"stream_name":"stdout","time":220.112225446,"data":"--- Eksperimen 7/120 | Strategi: Baseline | Config #7 ---\n"}
,{"stream_name":"stdout","time":220.112229936,"data":"{'batch_size': 16, 'dropout': 0.3, 'learning_rate': 5e-05, 'units': 32}\n"}
,{"stream_name":"stderr","time":220.314243202,"data":"/usr/local/lib/python3.12/dist-packages/keras/src/layers/core/embedding.py:100: UserWarning: Argument `input_length` is deprecated. Just remove it.\n"}
,{"stream_name":"stderr","time":220.314286122,"data":"  warnings.warn(\n"}
,{"stream_name":"stderr","time":220.314290715,"data":"\n"}
,{"stream_name":"stderr","time":220.314294401,"data":"/usr/local/lib/python3.12/dist-packages/keras/src/layers/core/embedding.py:100: UserWarning: Argument `input_length` is deprecated. Just remove it.\n"}
,{"stream_name":"stderr","time":220.314298802,"data":"  warnings.warn(\n"}
,{"stream_name":"stdout","time":272.390459333,"data":"Validation Macro F1: 0.4969\n"}
,{"stream_name":"stdout","time":272.390498619,"data":"  Dist. prediksi val : {0: 446, 2: 246}\n"}
,{"stream_name":"stdout","time":272.390505744,"data":"  Baseline mayoritas : acc=0.5419 macro_f1=0.2343\n"}
,{"stream_name":"stdout","time":272.390542901,"data":"  STATUS: OK\n"}
,{"stream_name":"stdout","time":272.390547933,"data":"  Dist. prediksi val : {0: 446, 2: 246}\n"}
,{"stream_name":"stdout","time":272.390554042,"data":"  Baseline mayoritas : acc=0.5419 macro_f1=0.2343\n"}
,{"stream_name":"stdout","time":272.390558166,"data":"  STATUS: OK\n"}
,{"stream_name":"stdout","time":272.390561696,"data":"\n"}
,{"stream_name":"stdout","time":272.390565223,"data":"--- Eksperimen 8/120 | Strategi: Baseline | Config #8 ---\n"}
,{"stream_name":"stdout","time":272.390569088,"data":"{'batch_size': 16, 'dropout': 0.3, 'learning_rate': 5e-05, 'units': 64}\n"}
,{"stream_name":"stderr","time":272.57871294,"data":"/usr/local/lib/python3.12/dist-packages/keras/src/layers/core/embedding.py:100: UserWarning: Argument `input_length` is deprecated. Just remove it.\n"}
,{"stream_name":"stderr","time":272.578789401,"data":"  warnings.warn(\n"}
,{"stream_name":"stderr","time":272.578794187,"data":"\n"}
,{"stream_name":"stderr","time":272.578797766,"data":"/usr/local/lib/python3.12/dist-packages/keras/src/layers/core/embedding.py:100: UserWarning: Argument `input_length` is deprecated. Just remove it.\n"}
,{"stream_name":"stderr","time":272.57880159,"data":"  warnings.warn(\n"}
,{"stream_name":"stdout","time":307.826139391,"data":"Validation Macro F1: 0.4992\n"}
,{"stream_name":"stdout","time":307.826175008,"data":"  Dist. prediksi val : {0: 465, 2: 227}\n"}
,{"stream_name":"stdout","time":307.826181703,"data":"  Baseline mayoritas : acc=0.5419 macro_f1=0.2343\n"}
,{"stream_name":"stdout","time":307.826187221,"data":"  STATUS: OK\n"}
,{"stream_name":"stdout","time":307.826192538,"data":"  Dist. prediksi val : {0: 465, 2: 227}\n"}
,{"stream_name":"stdout","time":307.826197705,"data":"  Baseline mayoritas : acc=0.5419 macro_f1=0.2343\n"}
,{"stream_name":"stdout","time":307.826202777,"data":"  STATUS: OK\n"}
,{"stream_name":"stdout","time":307.826208103,"data":"\n"}
,{"stream_name":"stdout","time":307.826213078,"data":"--- Eksperimen 9/120 | Strategi: Baseline | Config #9 ---\n"}
,{"stream_name":"stdout","time":307.826218413,"data":"{'batch_size': 16, 'dropout': 0.3, 'learning_rate': 0.0001, 'units': 32}\n"}
,{"stream_name":"stderr","time":308.019336267,"data":"/usr/local/lib/python3.12/dist-packages/keras/src/layers/core/embedding.py:100: UserWarning: Argument `input_length` is deprecated. Just remove it.\n"}
,{"stream_name":"stderr","time":308.019378865,"data":"  warnings.warn(\n"}
,{"stream_name":"stderr","time":308.019386693,"data":"\n"}
,{"stream_name":"stderr","time":308.019392308,"data":"/usr/local/lib/python3.12/dist-packages/keras/src/layers/core/embedding.py:100: UserWarning: Argument `input_length` is deprecated. Just remove it.\n"}
,{"stream_name":"stderr","time":308.019398123,"data":"  warnings.warn(\n"}
,{"stream_name":"stdout","time":342.827441498,"data":"Validation Macro F1: 0.5362\n"}
,{"stream_name":"stdout","time":342.82748286,"data":"  Dist. prediksi val : {0: 433, 1: 23, 2: 236}\n"}
,{"stream_name":"stdout","time":342.827489392,"data":"  Baseline mayoritas : acc=0.5419 macro_f1=0.2343\n"}
,{"stream_name":"stdout","time":342.827495044,"data":"  STATUS: OK\n"}
,{"stream_name":"stdout","time":342.827500212,"data":"  Dist. prediksi val : {0: 433, 1: 23, 2: 236}\n"}
,{"stream_name":"stdout","time":342.827505305,"data":"  Baseline mayoritas : acc=0.5419 macro_f1=0.2343\n"}
,{"stream_name":"stdout","time":342.827510028,"data":"  STATUS: OK\n"}
,{"stream_name":"stdout","time":342.827514631,"data":"\n"}
,{"stream_name":"stdout","time":342.827518988,"data":"--- Eksperimen 10/120 | Strategi: Baseline | Config #10 ---\n"}
,{"stream_name":"stdout","time":342.827575446,"data":"{'batch_size': 16, 'dropout': 0.3, 'learning_rate': 0.0001, 'units': 64}\n"}
,{"stream_name":"stderr","time":343.01192655,"data":"/usr/local/lib/python3.12/dist-packages/keras/src/layers/core/embedding.py:100: UserWarning: Argument `input_length` is deprecated. Just remove it.\n"}
,{"stream_name":"stderr","time":343.011992927,"data":"  warnings.warn(\n"}
,{"stream_name":"stderr","time":343.011999884,"data":"\n"}
,{"stream_name":"stderr","time":343.012004203,"data":"/usr/local/lib/python3.12/dist-packages/keras/src/layers/core/embedding.py:100: UserWarning: Argument `input_length` is deprecated. Just remove it.\n"}
,{"stream_name":"stderr","time":343.012008634,"data":"  warnings.warn(\n"}
,{"stream_name":"stdout","time":368.771729397,"data":"Validation Macro F1: 0.4993\n"}
,{"stream_name":"stdout","time":368.771805576,"data":"  Dist. prediksi val : {0: 424, 2: 268}\n"}
,{"stream_name":"stdout","time":368.771813847,"data":"  Baseline mayoritas : acc=0.5419 macro_f1=0.2343\n"}
,{"stream_name":"stdout","time":368.771819722,"data":"  STATUS: OK\n"}
,{"stream_name":"stdout","time":368.7718246,"data":"  Dist. prediksi val : {0: 424, 2: 268}\n"}
,{"stream_name":"stdout","time":368.771829427,"data":"  Baseline mayoritas : acc=0.5419 macro_f1=0.2343\n"}
,{"stream_name":"stdout","time":368.771834073,"data":"  STATUS: OK\n"}
,{"stream_name":"stdout","time":368.771838603,"data":"\n"}
,{"stream_name":"stdout","time":368.771843287,"data":"--- Eksperimen 11/120 | Strategi: Baseline | Config #11 ---\n"}
,{"stream_name":"stdout","time":368.771853112,"data":"{'batch_size': 16, 'dropout': 0.3, 'learning_rate': 0.0002, 'units': 32}\n"}
,{"stream_name":"stderr","time":368.997477844,"data":"/usr/local/lib/python3.12/dist-packages/keras/src/layers/core/embedding.py:100: UserWarning: Argument `input_length` is deprecated. Just remove it.\n"}
,{"stream_name":"stderr","time":368.997548595,"data":"  warnings.warn(\n"}
,{"stream_name":"stderr","time":368.997559665,"data":"\n"}
,{"stream_name":"stderr","time":368.9975661,"data":"/usr/local/lib/python3.12/dist-packages/keras/src/layers/core/embedding.py:100: UserWarning: Argument `input_length` is deprecated. Just remove it.\n"}
,{"stream_name":"stderr","time":368.997572389,"data":"  warnings.warn(\n"}
,{"stream_name":"stdout","time":389.102018547,"data":"Validation Macro F1: 0.4810\n"}
,{"stream_name":"stdout","time":389.102066588,"data":"  Dist. prediksi val : {0: 421, 2: 271}\n"}
,{"stream_name":"stdout","time":389.102073719,"data":"  Baseline mayoritas : acc=0.5419 macro_f1=0.2343\n"}
,{"stream_name":"stdout","time":389.102079006,"data":"  STATUS: OK\n"}
,{"stream_name":"stdout","time":389.102083768,"data":"  Dist. prediksi val : {0: 421, 2: 271}\n"}
,{"stream_name":"stdout","time":389.102088644,"data":"  Baseline mayoritas : acc=0.5419 macro_f1=0.2343\n"}
,{"stream_name":"stdout","time":389.102093602,"data":"  STATUS: OK\n"}
,{"stream_name":"stdout","time":389.102098517,"data":"\n"}
,{"stream_name":"stdout","time":389.102105326,"data":"--- Eksperimen 12/120 | Strategi: Baseline | Config #12 ---\n"}
,{"stream_name":"stdout","time":389.102114341,"data":"{'batch_size': 16, 'dropout': 0.3, 'learning_rate': 0.0002, 'units': 64}\n"}
,{"stream_name":"stderr","time":389.320831554,"data":"/usr/local/lib/python3.12/dist-packages/keras/src/layers/core/embedding.py:100: UserWarning: Argument `input_length` is deprecated. Just remove it.\n"}
,{"stream_name":"stderr","time":389.320876644,"data":"  warnings.warn(\n"}
,{"stream_name":"stderr","time":389.320883667,"data":"\n"}
,{"stream_name":"stderr","time":389.320905062,"data":"/usr/local/lib/python3.12/dist-packages/keras/src/layers/core/embedding.py:100: UserWarning: Argument `input_length` is deprecated. Just remove it.\n"}
,{"stream_name":"stderr","time":389.320909833,"data":"  warnings.warn(\n"}
,{"stream_name":"stdout","time":412.803991839,"data":"Validation Macro F1: 0.5504\n"}
,{"stream_name":"stdout","time":412.80404658,"data":"  Dist. prediksi val : {0: 375, 1: 49, 2: 268}\n"}
,{"stream_name":"stdout","time":412.804052598,"data":"  Baseline mayoritas : acc=0.5419 macro_f1=0.2343\n"}
,{"stream_name":"stdout","time":412.804056954,"data":"  STATUS: OK\n"}
,{"stream_name":"stdout","time":412.8040615,"data":"  Dist. prediksi val : {0: 375, 1: 49, 2: 268}\n"}
,{"stream_name":"stdout","time":412.804065694,"data":"  Baseline mayoritas : acc=0.5419 macro_f1=0.2343\n"}
,{"stream_name":"stdout","time":412.804069801,"data":"  STATUS: OK\n"}
,{"stream_name":"stdout","time":412.804073687,"data":"\n"}
,{"stream_name":"stdout","time":412.80407765,"data":"--- Eksperimen 13/120 | Strategi: Baseline | Config #13 ---\n"}
,{"stream_name":"stdout","time":412.804081808,"data":"{'batch_size': 32, 'dropout': 0.2, 'learning_rate': 5e-05, 'units': 32}\n"}
,{"stream_name":"stderr","time":413.023177149,"data":"/usr/local/lib/python3.12/dist-packages/keras/src/layers/core/embedding.py:100: UserWarning: Argument `input_length` is deprecated. Just remove it.\n"}
,{"stream_name":"stderr","time":413.023240407,"data":"  warnings.warn(\n"}
,{"stream_name":"stderr","time":413.023249068,"data":"\n"}
,{"stream_name":"stderr","time":413.023255004,"data":"/usr/local/lib/python3.12/dist-packages/keras/src/layers/core/embedding.py:100: UserWarning: Argument `input_length` is deprecated. Just remove it.\n"}
,{"stream_name":"stderr","time":413.023261449,"data":"  warnings.warn(\n"}
,{"stream_name":"stdout","time":441.342454777,"data":"Validation Macro F1: 0.4663\n"}
,{"stream_name":"stdout","time":441.34338693,"data":"  Dist. prediksi val : {0: 384, 2: 308}\n"}
,{"stream_name":"stdout","time":441.34341538,"data":"  Baseline mayoritas : acc=0.5419 macro_f1=0.2343\n"}
,{"stream_name":"stdout","time":441.343422085,"data":"  STATUS: OK\n"}
,{"stream_name":"stdout","time":441.343427145,"data":"  Dist. prediksi val : {0: 384, 2: 308}\n"}
,{"stream_name":"stdout","time":441.343431794,"data":"  Baseline mayoritas : acc=0.5419 macro_f1=0.2343\n"}
,{"stream_name":"stdout","time":441.343436296,"data":"  STATUS: OK\n"}
,{"stream_name":"stdout","time":441.343441035,"data":"\n"}
,{"stream_name":"stdout","time":441.343446345,"data":"--- Eksperimen 14/120 | Strategi: Baseline | Config #14 ---\n"}
,{"stream_name":"stdout","time":441.343451557,"data":"{'batch_size': 32, 'dropout': 0.2, 'learning_rate': 5e-05, 'units': 64}\n"}
,{"stream_name":"stderr","time":441.540111805,"data":"/usr/local/lib/python3.12/dist-packages/keras/src/layers/core/embedding.py:100: UserWarning: Argument `input_length` is deprecated. Just remove it.\n"}
,{"stream_name":"stderr","time":441.540176411,"data":"  warnings.warn(\n"}
,{"stream_name":"stderr","time":441.540184341,"data":"\n"}
,{"stream_name":"stderr","time":441.540190625,"data":"/usr/local/lib/python3.12/dist-packages/keras/src/layers/core/embedding.py:100: UserWarning: Argument `input_length` is deprecated. Just remove it.\n"}
,{"stream_name":"stderr","time":441.540197128,"data":"  warnings.warn(\n"}
,{"stream_name":"stdout","time":465.744173569,"data":"Validation Macro F1: 0.5021\n"}
,{"stream_name":"stdout","time":465.744232033,"data":"  Dist. prediksi val : {0: 460, 2: 232}\n"}
,{"stream_name":"stdout","time":465.744239029,"data":"  Baseline mayoritas : acc=0.5419 macro_f1=0.2343\n"}
,{"stream_name":"stdout","time":465.744285376,"data":"  STATUS: OK\n"}
,{"stream_name":"stdout","time":465.744290586,"data":"  Dist. prediksi val : {0: 460, 2: 232}\n"}
,{"stream_name":"stdout","time":465.744294993,"data":"  Baseline mayoritas : acc=0.5419 macro_f1=0.2343\n"}
,{"stream_name":"stdout","time":465.744298961,"data":"  STATUS: OK\n"}
,{"stream_name":"stdout","time":465.744302275,"data":"\n"}
,{"stream_name":"stdout","time":465.744305973,"data":"--- Eksperimen 15/120 | Strategi: Baseline | Config #15 ---\n"}
,{"stream_name":"stdout","time":465.744310588,"data":"{'batch_size': 32, 'dropout': 0.2, 'learning_rate': 0.0001, 'units': 32}\n"}
,{"stream_name":"stderr","time":465.969460191,"data":"/usr/local/lib/python3.12/dist-packages/keras/src/layers/core/embedding.py:100: UserWarning: Argument `input_length` is deprecated. Just remove it.\n"}
,{"stream_name":"stderr","time":465.9695085,"data":"  warnings.warn(\n"}
,{"stream_name":"stderr","time":465.96951445,"data":"\n"}
,{"stream_name":"stderr","time":465.969518471,"data":"/usr/local/lib/python3.12/dist-packages/keras/src/layers/core/embedding.py:100: UserWarning: Argument `input_length` is deprecated. Just remove it.\n"}
,{"stream_name":"stderr","time":465.969523204,"data":"  warnings.warn(\n"}
,{"stream_name":"stdout","time":488.785478497,"data":"Validation Macro F1: 0.4904\n"}
,{"stream_name":"stdout","time":488.785569107,"data":"  Dist. prediksi val : {0: 444, 2: 248}\n"}
,{"stream_name":"stdout","time":488.785578348,"data":"  Baseline mayoritas : acc=0.5419 macro_f1=0.2343\n"}
,{"stream_name":"stdout","time":488.78558514,"data":"  STATUS: OK\n"}
,{"stream_name":"stdout","time":488.78559092,"data":"  Dist. prediksi val : {0: 444, 2: 248}\n"}
,{"stream_name":"stdout","time":488.785596306,"data":"  Baseline mayoritas : acc=0.5419 macro_f1=0.2343\n"}
,{"stream_name":"stdout","time":488.785601505,"data":"  STATUS: OK\n"}
,{"stream_name":"stdout","time":488.785607135,"data":"\n"}
,{"stream_name":"stdout","time":488.785612414,"data":"--- Eksperimen 16/120 | Strategi: Baseline | Config #16 ---\n"}
,{"stream_name":"stdout","time":488.785617975,"data":"{'batch_size': 32, 'dropout': 0.2, 'learning_rate': 0.0001, 'units': 64}\n"}
,{"stream_name":"stderr","time":488.978197133,"data":"/usr/local/lib/python3.12/dist-packages/keras/src/layers/core/embedding.py:100: UserWarning: Argument `input_length` is deprecated. Just remove it.\n"}
,{"stream_name":"stderr","time":488.978252228,"data":"  warnings.warn(\n"}
,{"stream_name":"stderr","time":488.978259999,"data":"\n"}
,{"stream_name":"stderr","time":488.978265659,"data":"/usr/local/lib/python3.12/dist-packages/keras/src/layers/core/embedding.py:100: UserWarning: Argument `input_length` is deprecated. Just remove it.\n"}
,{"stream_name":"stderr","time":488.978270892,"data":"  warnings.warn(\n"}
,{"stream_name":"stdout","time":505.508752373,"data":"Validation Macro F1: 0.4976\n"}
,{"stream_name":"stdout","time":505.508823795,"data":"  Dist. prediksi val : {0: 461, 2: 231}\n"}
,{"stream_name":"stdout","time":505.508828469,"data":"  Baseline mayoritas : acc=0.5419 macro_f1=0.2343\n"}
,{"stream_name":"stdout","time":505.508832143,"data":"  STATUS: OK\n"}
,{"stream_name":"stdout","time":505.508835186,"data":"  Dist. prediksi val : {0: 461, 2: 231}\n"}
,{"stream_name":"stdout","time":505.508838368,"data":"  Baseline mayoritas : acc=0.5419 macro_f1=0.2343\n"}
,{"stream_name":"stdout","time":505.508856281,"data":"  STATUS: OK\n"}
,{"stream_name":"stdout","time":505.508861582,"data":"\n"}
,{"stream_name":"stdout","time":505.508866783,"data":"--- Eksperimen 17/120 | Strategi: Baseline | Config #17 ---\n"}
,{"stream_name":"stdout","time":505.508890046,"data":"{'batch_size': 32, 'dropout': 0.2, 'learning_rate': 0.0002, 'units': 32}\n"}
,{"stream_name":"stderr","time":505.762147656,"data":"/usr/local/lib/python3.12/dist-packages/keras/src/layers/core/embedding.py:100: UserWarning: Argument `input_length` is deprecated. Just remove it.\n"}
,{"stream_name":"stderr","time":505.762187144,"data":"  warnings.warn(\n"}
,{"stream_name":"stderr","time":505.7621923,"data":"\n"}
,{"stream_name":"stderr","time":505.762196214,"data":"/usr/local/lib/python3.12/dist-packages/keras/src/layers/core/embedding.py:100: UserWarning: Argument `input_length` is deprecated. Just remove it.\n"}
,{"stream_name":"stderr","time":505.762200511,"data":"  warnings.warn(\n"}
,{"stream_name":"stdout","time":522.769373447,"data":"Validation Macro F1: 0.4950\n"}
,{"stream_name":"stdout","time":522.769410753,"data":"  Dist. prediksi val : {0: 443, 2: 249}\n"}
,{"stream_name":"stdout","time":522.76941701,"data":"  Baseline mayoritas : acc=0.5419 macro_f1=0.2343\n"}
,{"stream_name":"stdout","time":522.769422247,"data":"  STATUS: OK\n"}
,{"stream_name":"stdout","time":522.769427164,"data":"  Dist. prediksi val : {0: 443, 2: 249}\n"}
,{"stream_name":"stdout","time":522.769432428,"data":"  Baseline mayoritas : acc=0.5419 macro_f1=0.2343\n"}
,{"stream_name":"stdout","time":522.769437428,"data":"  STATUS: OK\n"}
,{"stream_name":"stdout","time":522.769442306,"data":"\n"}
,{"stream_name":"stdout","time":522.769447128,"data":"--- Eksperimen 18/120 | Strategi: Baseline | Config #18 ---\n"}
,{"stream_name":"stdout","time":522.769452239,"data":"{'batch_size': 32, 'dropout': 0.2, 'learning_rate': 0.0002, 'units': 64}\n"}
,{"stream_name":"stderr","time":522.95776927,"data":"/usr/local/lib/python3.12/dist-packages/keras/src/layers/core/embedding.py:100: UserWarning: Argument `input_length` is deprecated. Just remove it.\n"}
,{"stream_name":"stderr","time":522.957808629,"data":"  warnings.warn(\n"}
,{"stream_name":"stderr","time":522.957815372,"data":"\n"}
,{"stream_name":"stderr","time":522.957821283,"data":"/usr/local/lib/python3.12/dist-packages/keras/src/layers/core/embedding.py:100: UserWarning: Argument `input_length` is deprecated. Just remove it.\n"}
,{"stream_name":"stderr","time":522.957827407,"data":"  warnings.warn(\n"}
,{"stream_name":"stdout","time":536.532089436,"data":"Validation Macro F1: 0.4884\n"}
,{"stream_name":"stdout","time":536.532141901,"data":"  Dist. prediksi val : {0: 421, 2: 271}\n"}
,{"stream_name":"stdout","time":536.532162975,"data":"  Baseline mayoritas : acc=0.5419 macro_f1=0.2343\n"}
,{"stream_name":"stdout","time":536.53216939,"data":"  STATUS: OK\n"}
,{"stream_name":"stdout","time":536.532175329,"data":"  Dist. prediksi val : {0: 421, 2: 271}\n"}
,{"stream_name":"stdout","time":536.532180871,"data":"  Baseline mayoritas : acc=0.5419 macro_f1=0.2343\n"}
,{"stream_name":"stdout","time":536.532186481,"data":"  STATUS: OK\n"}
,{"stream_name":"stdout","time":536.532191948,"data":"\n"}
,{"stream_name":"stdout","time":536.532196812,"data":"--- Eksperimen 19/120 | Strategi: Baseline | Config #19 ---\n"}
,{"stream_name":"stdout","time":536.532202243,"data":"{'batch_size': 32, 'dropout': 0.3, 'learning_rate': 5e-05, 'units': 32}\n"}
,{"stream_name":"stderr","time":536.756722979,"data":"/usr/local/lib/python3.12/dist-packages/keras/src/layers/core/embedding.py:100: UserWarning: Argument `input_length` is deprecated. Just remove it.\n"}
,{"stream_name":"stderr","time":536.75676924,"data":"  warnings.warn(\n"}
,{"stream_name":"stderr","time":536.756773655,"data":"\n"}
,{"stream_name":"stderr","time":536.756777109,"data":"/usr/local/lib/python3.12/dist-packages/keras/src/layers/core/embedding.py:100: UserWarning: Argument `input_length` is deprecated. Just remove it.\n"}
,{"stream_name":"stderr","time":536.756813092,"data":"  warnings.warn(\n"}
,{"stream_name":"stdout","time":569.63247637,"data":"Validation Macro F1: 0.4762\n"}
,{"stream_name":"stdout","time":569.632512445,"data":"  Dist. prediksi val : {0: 394, 2: 298}\n"}
,{"stream_name":"stdout","time":569.632518705,"data":"  Baseline mayoritas : acc=0.5419 macro_f1=0.2343\n"}
,{"stream_name":"stdout","time":569.632523307,"data":"  STATUS: OK\n"}
,{"stream_name":"stdout","time":569.632549485,"data":"  Dist. prediksi val : {0: 394, 2: 298}\n"}
,{"stream_name":"stdout","time":569.632555747,"data":"  Baseline mayoritas : acc=0.5419 macro_f1=0.2343\n"}
,{"stream_name":"stdout","time":569.632561113,"data":"  STATUS: OK\n"}
,{"stream_name":"stdout","time":569.63256603,"data":"\n"}
,{"stream_name":"stdout","time":569.632571007,"data":"--- Eksperimen 20/120 | Strategi: Baseline | Config #20 ---\n"}
,{"stream_name":"stdout","time":569.632575817,"data":"{'batch_size': 32, 'dropout': 0.3, 'learning_rate': 5e-05, 'units': 64}\n"}
,{"stream_name":"stderr","time":569.826071868,"data":"/usr/local/lib/python3.12/dist-packages/keras/src/layers/core/embedding.py:100: UserWarning: Argument `input_length` is deprecated. Just remove it.\n"}
,{"stream_name":"stderr","time":569.826118063,"data":"  warnings.warn(\n"}
,{"stream_name":"stderr","time":569.826125836,"data":"\n"}
,{"stream_name":"stderr","time":569.826131866,"data":"/usr/local/lib/python3.12/dist-packages/keras/src/layers/core/embedding.py:100: UserWarning: Argument `input_length` is deprecated. Just remove it.\n"}
,{"stream_name":"stderr","time":569.826138631,"data":"  warnings.warn(\n"}
,{"stream_name":"stdout","time":594.224355671,"data":"Validation Macro F1: 0.5004\n"}
,{"stream_name":"stdout","time":594.224409257,"data":"  Dist. prediksi val : {0: 456, 2: 236}\n"}
,{"stream_name":"stdout","time":594.224417261,"data":"  Baseline mayoritas : acc=0.5419 macro_f1=0.2343\n"}
,{"stream_name":"stdout","time":594.224422753,"data":"  STATUS: OK\n"}
,{"stream_name":"stdout","time":594.224427935,"data":"  Dist. prediksi val : {0: 456, 2: 236}\n"}
,{"stream_name":"stdout","time":594.224432703,"data":"  Baseline mayoritas : acc=0.5419 macro_f1=0.2343\n"}
,{"stream_name":"stdout","time":594.224444056,"data":"  STATUS: OK\n"}
,{"stream_name":"stdout","time":594.224448155,"data":"\n"}
,{"stream_name":"stdout","time":594.224451267,"data":"--- Eksperimen 21/120 | Strategi: Baseline | Config #21 ---\n"}
,{"stream_name":"stdout","time":594.224454706,"data":"{'batch_size': 32, 'dropout': 0.3, 'learning_rate': 0.0001, 'units': 32}\n"}
,{"stream_name":"stderr","time":594.452401709,"data":"/usr/local/lib/python3.12/dist-packages/keras/src/layers/core/embedding.py:100: UserWarning: Argument `input_length` is deprecated. Just remove it.\n"}
,{"stream_name":"stderr","time":594.452474997,"data":"  warnings.warn(\n"}
,{"stream_name":"stderr","time":594.452482984,"data":"\n"}
,{"stream_name":"stderr","time":594.452488212,"data":"/usr/local/lib/python3.12/dist-packages/keras/src/layers/core/embedding.py:100: UserWarning: Argument `input_length` is deprecated. Just remove it.\n"}
,{"stream_name":"stderr","time":594.452493986,"data":"  warnings.warn(\n"}
,{"stream_name":"stdout","time":618.772039842,"data":"Validation Macro F1: 0.5454\n"}
,{"stream_name":"stdout","time":618.772100768,"data":"  Dist. prediksi val : {0: 438, 1: 21, 2: 233}\n"}
,{"stream_name":"stdout","time":618.772107272,"data":"  Baseline mayoritas : acc=0.5419 macro_f1=0.2343\n"}
,{"stream_name":"stdout","time":618.772124128,"data":"  STATUS: OK\n"}
,{"stream_name":"stdout","time":618.772128085,"data":"  Dist. prediksi val : {0: 438, 1: 21, 2: 233}\n"}
,{"stream_name":"stdout","time":618.772131637,"data":"  Baseline mayoritas : acc=0.5419 macro_f1=0.2343\n"}
,{"stream_name":"stdout","time":618.772135402,"data":"  STATUS: OK\n"}
,{"stream_name":"stdout","time":618.772138839,"data":"\n"}
,{"stream_name":"stdout","time":618.772142201,"data":"--- Eksperimen 22/120 | Strategi: Baseline | Config #22 ---\n"}
,{"stream_name":"stdout","time":618.772145755,"data":"{'batch_size': 32, 'dropout': 0.3, 'learning_rate': 0.0001, 'units': 64}\n"}
,{"stream_name":"stderr","time":618.963952002,"data":"/usr/local/lib/python3.12/dist-packages/keras/src/layers/core/embedding.py:100: UserWarning: Argument `input_length` is deprecated. Just remove it.\n"}
,{"stream_name":"stderr","time":618.96400083,"data":"  warnings.warn(\n"}
,{"stream_name":"stderr","time":618.964007024,"data":"\n"}
,{"stream_name":"stderr","time":618.964011559,"data":"/usr/local/lib/python3.12/dist-packages/keras/src/layers/core/embedding.py:100: UserWarning: Argument `input_length` is deprecated. Just remove it.\n"}
,{"stream_name":"stderr","time":618.964016538,"data":"  warnings.warn(\n"}
,{"stream_name":"stdout","time":637.021209757,"data":"Validation Macro F1: 0.4998\n"}
,{"stream_name":"stdout","time":637.021262597,"data":"  Dist. prediksi val : {0: 475, 2: 217}\n"}
,{"stream_name":"stdout","time":637.021269454,"data":"  Baseline mayoritas : acc=0.5419 macro_f1=0.2343\n"}
,{"stream_name":"stdout","time":637.021274739,"data":"  STATUS: OK\n"}
,{"stream_name":"stdout","time":637.021279388,"data":"  Dist. prediksi val : {0: 475, 2: 217}\n"}
,{"stream_name":"stdout","time":637.021284314,"data":"  Baseline mayoritas : acc=0.5419 macro_f1=0.2343\n"}
,{"stream_name":"stdout","time":637.021289381,"data":"  STATUS: OK\n"}
,{"stream_name":"stdout","time":637.021294231,"data":"\n"}
,{"stream_name":"stdout","time":637.021298805,"data":"--- Eksperimen 23/120 | Strategi: Baseline | Config #23 ---\n"}
,{"stream_name":"stdout","time":637.021303854,"data":"{'batch_size': 32, 'dropout': 0.3, 'learning_rate': 0.0002, 'units': 32}\n"}
,{"stream_name":"stderr","time":637.261458792,"data":"/usr/local/lib/python3.12/dist-packages/keras/src/layers/core/embedding.py:100: UserWarning: Argument `input_length` is deprecated. Just remove it.\n"}
,{"stream_name":"stderr","time":637.261502319,"data":"  warnings.warn(\n"}
,{"stream_name":"stderr","time":637.261509072,"data":"\n"}
,{"stream_name":"stderr","time":637.261514174,"data":"/usr/local/lib/python3.12/dist-packages/keras/src/layers/core/embedding.py:100: UserWarning: Argument `input_length` is deprecated. Just remove it.\n"}
,{"stream_name":"stderr","time":637.261519136,"data":"  warnings.warn(\n"}
,{"stream_name":"stdout","time":653.969383264,"data":"Validation Macro F1: 0.5246\n"}
,{"stream_name":"stdout","time":653.969430806,"data":"  Dist. prediksi val : {0: 454, 1: 9, 2: 229}\n"}
,{"stream_name":"stdout","time":653.969438671,"data":"  Baseline mayoritas : acc=0.5419 macro_f1=0.2343\n"}
,{"stream_name":"stdout","time":653.96944429,"data":"  STATUS: OK\n"}
,{"stream_name":"stdout","time":653.969449192,"data":"  Dist. prediksi val : {0: 454, 1: 9, 2: 229}\n"}
,{"stream_name":"stdout","time":653.969453796,"data":"  Baseline mayoritas : acc=0.5419 macro_f1=0.2343\n"}
,{"stream_name":"stdout","time":653.969470598,"data":"  STATUS: OK\n"}
,{"stream_name":"stdout","time":653.969474708,"data":"\n"}
,{"stream_name":"stdout","time":653.969478909,"data":"--- Eksperimen 24/120 | Strategi: Baseline | Config #24 ---\n"}
,{"stream_name":"stdout","time":653.969496394,"data":"{'batch_size': 32, 'dropout': 0.3, 'learning_rate': 0.0002, 'units': 64}\n"}
,{"stream_name":"stderr","time":654.162513368,"data":"/usr/local/lib/python3.12/dist-packages/keras/src/layers/core/embedding.py:100: UserWarning: Argument `input_length` is deprecated. Just remove it.\n"}
,{"stream_name":"stderr","time":654.162582352,"data":"  warnings.warn(\n"}
,{"stream_name":"stderr","time":654.162591123,"data":"\n"}
,{"stream_name":"stderr","time":654.162595317,"data":"/usr/local/lib/python3.12/dist-packages/keras/src/layers/core/embedding.py:100: UserWarning: Argument `input_length` is deprecated. Just remove it.\n"}
,{"stream_name":"stderr","time":654.16259952,"data":"  warnings.warn(\n"}
,{"stream_name":"stdout","time":670.268854987,"data":"Validation Macro F1: 0.5207\n"}
,{"stream_name":"stdout","time":670.268915691,"data":"  Dist. prediksi val : {0: 434, 1: 20, 2: 238}\n"}
,{"stream_name":"stdout","time":670.268923542,"data":"  Baseline mayoritas : acc=0.5419 macro_f1=0.2343\n"}
,{"stream_name":"stdout","time":670.268929637,"data":"  STATUS: OK\n"}
,{"stream_name":"stdout","time":670.268934878,"data":"  Dist. prediksi val : {0: 434, 1: 20, 2: 238}\n"}
,{"stream_name":"stdout","time":670.26894056,"data":"  Baseline mayoritas : acc=0.5419 macro_f1=0.2343\n"}
,{"stream_name":"stdout","time":670.268946108,"data":"  STATUS: OK\n"}
,{"stream_name":"stdout","time":670.268951134,"data":"\n"}
,{"stream_name":"stdout","time":670.268956611,"data":"============================================================\n"}
,{"stream_name":"stdout","time":670.268962258,"data":" STRATEGI IMBALANCED DATA: Class Weight\n"}
,{"stream_name":"stdout","time":670.268968456,"data":"============================================================\n"}
,{"stream_name":"stdout","time":670.268974153,"data":"Class Weights Calculated: {0: np.float64(0.6150958308634658), 1: np.float64(1.9092302974547686), 2: np.float64(1.1758262511803588)}\n"}
,{"stream_name":"stdout","time":670.268980103,"data":"Jumlah data training setelah penanganan: 6226 sampel\n"}
,{"stream_name":"stdout","time":670.268986109,"data":"\n"}
,{"stream_name":"stdout","time":670.268991323,"data":"--- Eksperimen 25/120 | Strategi: Class Weight | Config #1 ---\n"}
,{"stream_name":"stdout","time":670.26899653,"data":"{'batch_size': 16, 'dropout': 0.2, 'learning_rate': 5e-05, 'units': 32}\n"}
,{"stream_name":"stderr","time":670.525382344,"data":"/usr/local/lib/python3.12/dist-packages/keras/src/layers/core/embedding.py:100: UserWarning: Argument `input_length` is deprecated. Just remove it.\n"}
,{"stream_name":"stderr","time":670.525439009,"data":"  warnings.warn(\n"}
,{"stream_name":"stderr","time":670.525447735,"data":"\n"}
,{"stream_name":"stderr","time":670.5254539,"data":"/usr/local/lib/python3.12/dist-packages/keras/src/layers/core/embedding.py:100: UserWarning: Argument `input_length` is deprecated. Just remove it.\n"}
,{"stream_name":"stderr","time":670.525460535,"data":"  warnings.warn(\n"}
,{"stream_name":"stdout","time":708.659583178,"data":"Validation Macro F1: 0.6260\n"}
,{"stream_name":"stdout","time":708.659623268,"data":"  Dist. prediksi val : {0: 323, 1: 172, 2: 197}\n"}
,{"stream_name":"stdout","time":708.659629937,"data":"  Baseline mayoritas : acc=0.5419 macro_f1=0.2343\n"}
,{"stream_name":"stdout","time":708.659634685,"data":"  STATUS: OK\n"}
,{"stream_name":"stdout","time":708.659639158,"data":"  Dist. prediksi val : {0: 323, 1: 172, 2: 197}\n"}
,{"stream_name":"stdout","time":708.659643874,"data":"  Baseline mayoritas : acc=0.5419 macro_f1=0.2343\n"}
,{"stream_name":"stdout","time":708.659649161,"data":"  STATUS: OK\n"}
,{"stream_name":"stdout","time":708.659664,"data":"\n"}
,{"stream_name":"stdout","time":708.659667898,"data":"--- Eksperimen 26/120 | Strategi: Class Weight | Config #2 ---\n"}
,{"stream_name":"stdout","time":708.65967174,"data":"{'batch_size': 16, 'dropout': 0.2, 'learning_rate': 5e-05, 'units': 64}\n"}
,{"stream_name":"stderr","time":708.876930756,"data":"/usr/local/lib/python3.12/dist-packages/keras/src/layers/core/embedding.py:100: UserWarning: Argument `input_length` is deprecated. Just remove it.\n"}
,{"stream_name":"stderr","time":708.876979927,"data":"  warnings.warn(\n"}
,{"stream_name":"stderr","time":708.876985697,"data":"\n"}
,{"stream_name":"stderr","time":708.876990003,"data":"/usr/local/lib/python3.12/dist-packages/keras/src/layers/core/embedding.py:100: UserWarning: Argument `input_length` is deprecated. Just remove it.\n"}
,{"stream_name":"stderr","time":708.876994616,"data":"  warnings.warn(\n"}
,{"stream_name":"stdout","time":749.604523681,"data":"Validation Macro F1: 0.6011\n"}
,{"stream_name":"stdout","time":749.604577728,"data":"  Dist. prediksi val : {0: 333, 1: 129, 2: 230}\n"}
,{"stream_name":"stdout","time":749.604583946,"data":"  Baseline mayoritas : acc=0.5419 macro_f1=0.2343\n"}
,{"stream_name":"stdout","time":749.604588986,"data":"  STATUS: OK\n"}
,{"stream_name":"stdout","time":749.604593644,"data":"  Dist. prediksi val : {0: 333, 1: 129, 2: 230}\n"}
,{"stream_name":"stdout","time":749.604598184,"data":"  Baseline mayoritas : acc=0.5419 macro_f1=0.2343\n"}
,{"stream_name":"stdout","time":749.60460252,"data":"  STATUS: OK\n"}
,{"stream_name":"stdout","time":749.60460703,"data":"\n"}
,{"stream_name":"stdout","time":749.604612943,"data":"--- Eksperimen 27/120 | Strategi: Class Weight | Config #3 ---\n"}
,{"stream_name":"stdout","time":749.60461736,"data":"{'batch_size': 16, 'dropout': 0.2, 'learning_rate': 0.0001, 'units': 32}\n"}
,{"stream_name":"stderr","time":749.768547593,"data":"/usr/local/lib/python3.12/dist-packages/keras/src/layers/core/embedding.py:100: UserWarning: Argument `input_length` is deprecated. Just remove it.\n"}
,{"stream_name":"stderr","time":749.768595649,"data":"  warnings.warn(\n"}
,{"stream_name":"stderr","time":749.768602151,"data":"\n"}
,{"stream_name":"stderr","time":749.76860666,"data":"/usr/local/lib/python3.12/dist-packages/keras/src/layers/core/embedding.py:100: UserWarning: Argument `input_length` is deprecated. Just remove it.\n"}
,{"stream_name":"stderr","time":749.768611574,"data":"  warnings.warn(\n"}
,{"stream_name":"stdout","time":777.445363604,"data":"Validation Macro F1: 0.6259\n"}
,{"stream_name":"stdout","time":777.44542389,"data":"  Dist. prediksi val : {0: 317, 1: 181, 2: 194}\n"}
,{"stream_name":"stdout","time":777.445431095,"data":"  Baseline mayoritas : acc=0.5419 macro_f1=0.2343\n"}
,{"stream_name":"stdout","time":777.445436648,"data":"  STATUS: OK\n"}
,{"stream_name":"stdout","time":777.445441688,"data":"  Dist. prediksi val : {0: 317, 1: 181, 2: 194}\n"}
,{"stream_name":"stdout","time":777.445446877,"data":"  Baseline mayoritas : acc=0.5419 macro_f1=0.2343\n"}
,{"stream_name":"stdout","time":777.445451985,"data":"  STATUS: OK\n"}
,{"stream_name":"stdout","time":777.445457256,"data":"\n"}
,{"stream_name":"stdout","time":777.445462108,"data":"--- Eksperimen 28/120 | Strategi: Class Weight | Config #4 ---\n"}
,{"stream_name":"stdout","time":777.445467527,"data":"{'batch_size': 16, 'dropout': 0.2, 'learning_rate': 0.0001, 'units': 64}\n"}
,{"stream_name":"stderr","time":777.67635192,"data":"/usr/local/lib/python3.12/dist-packages/keras/src/layers/core/embedding.py:100: UserWarning: Argument `input_length` is deprecated. Just remove it.\n"}
,{"stream_name":"stderr","time":777.676423256,"data":"  warnings.warn(\n"}
,{"stream_name":"stderr","time":777.676434191,"data":"\n"}
,{"stream_name":"stderr","time":777.676437043,"data":"/usr/local/lib/python3.12/dist-packages/keras/src/layers/core/embedding.py:100: UserWarning: Argument `input_length` is deprecated. Just remove it.\n"}
,{"stream_name":"stderr","time":777.676463778,"data":"  warnings.warn(\n"}
,{"stream_name":"stdout","time":808.753004581,"data":"Validation Macro F1: 0.6218\n"}
,{"stream_name":"stdout","time":808.753067036,"data":"  Dist. prediksi val : {0: 325, 1: 166, 2: 201}\n"}
,{"stream_name":"stdout","time":808.753075159,"data":"  Baseline mayoritas : acc=0.5419 macro_f1=0.2343\n"}
,{"stream_name":"stdout","time":808.753080491,"data":"  STATUS: OK\n"}
,{"stream_name":"stdout","time":808.75308522,"data":"  Dist. prediksi val : {0: 325, 1: 166, 2: 201}\n"}
,{"stream_name":"stdout","time":808.753089796,"data":"  Baseline mayoritas : acc=0.5419 macro_f1=0.2343\n"}
,{"stream_name":"stdout","time":808.753094905,"data":"  STATUS: OK\n"}
,{"stream_name":"stdout","time":808.753099595,"data":"\n"}
,{"stream_name":"stdout","time":808.753104305,"data":"--- Eksperimen 29/120 | Strategi: Class Weight | Config #5 ---\n"}
,{"stream_name":"stdout","time":808.753109285,"data":"{'batch_size': 16, 'dropout': 0.2, 'learning_rate': 0.0002, 'units': 32}\n"}
,{"stream_name":"stderr","time":808.937891091,"data":"/usr/local/lib/python3.12/dist-packages/keras/src/layers/core/embedding.py:100: UserWarning: Argument `input_length` is deprecated. Just remove it.\n"}
,{"stream_name":"stderr","time":808.937948776,"data":"  warnings.warn(\n"}
,{"stream_name":"stderr","time":808.937958077,"data":"\n"}
,{"stream_name":"stderr","time":808.937964274,"data":"/usr/local/lib/python3.12/dist-packages/keras/src/layers/core/embedding.py:100: UserWarning: Argument `input_length` is deprecated. Just remove it.\n"}
,{"stream_name":"stderr","time":808.937970561,"data":"  warnings.warn(\n"}
,{"stream_name":"stdout","time":837.295267544,"data":"Validation Macro F1: 0.6151\n"}
,{"stream_name":"stdout","time":837.295329883,"data":"  Dist. prediksi val : {0: 291, 1: 222, 2: 179}\n"}
,{"stream_name":"stdout","time":837.295336933,"data":"  Baseline mayoritas : acc=0.5419 macro_f1=0.2343\n"}
,{"stream_name":"stdout","time":837.295342295,"data":"  STATUS: OK\n"}
,{"stream_name":"stdout","time":837.295346943,"data":"  Dist. prediksi val : {0: 291, 1: 222, 2: 179}\n"}
,{"stream_name":"stdout","time":837.295351679,"data":"  Baseline mayoritas : acc=0.5419 macro_f1=0.2343\n"}
,{"stream_name":"stdout","time":837.295356636,"data":"  STATUS: OK\n"}
,{"stream_name":"stdout","time":837.29536123,"data":"\n"}
,{"stream_name":"stdout","time":837.295365987,"data":"--- Eksperimen 30/120 | Strategi: Class Weight | Config #6 ---\n"}
,{"stream_name":"stdout","time":837.29537094,"data":"{'batch_size': 16, 'dropout': 0.2, 'learning_rate': 0.0002, 'units': 64}\n"}
,{"stream_name":"stderr","time":837.542879515,"data":"/usr/local/lib/python3.12/dist-packages/keras/src/layers/core/embedding.py:100: UserWarning: Argument `input_length` is deprecated. Just remove it.\n"}
,{"stream_name":"stderr","time":837.542935689,"data":"  warnings.warn(\n"}
,{"stream_name":"stderr","time":837.542942692,"data":"\n"}
,{"stream_name":"stderr","time":837.542948236,"data":"/usr/local/lib/python3.12/dist-packages/keras/src/layers/core/embedding.py:100: UserWarning: Argument `input_length` is deprecated. Just remove it.\n"}
,{"stream_name":"stderr","time":837.54295395,"data":"  warnings.warn(\n"}
,{"stream_name":"stdout","time":865.65927084,"data":"Validation Macro F1: 0.6820\n"}
,{"stream_name":"stdout","time":865.659325789,"data":"  Dist. prediksi val : {0: 343, 1: 139, 2: 210}\n"}
,{"stream_name":"stdout","time":865.659330367,"data":"  Baseline mayoritas : acc=0.5419 macro_f1=0.2343\n"}
,{"stream_name":"stdout","time":865.659332891,"data":"  STATUS: OK\n"}
,{"stream_name":"stdout","time":865.659335316,"data":"  Dist. prediksi val : {0: 343, 1: 139, 2: 210}\n"}
,{"stream_name":"stdout","time":865.659337653,"data":"  Baseline mayoritas : acc=0.5419 macro_f1=0.2343\n"}
,{"stream_name":"stdout","time":865.659340012,"data":"  STATUS: OK\n"}
,{"stream_name":"stdout","time":865.659342344,"data":"\n"}
,{"stream_name":"stdout","time":865.659344783,"data":"--- Eksperimen 31/120 | Strategi: Class Weight | Config #7 ---\n"}
,{"stream_name":"stdout","time":865.659347277,"data":"{'batch_size': 16, 'dropout': 0.3, 'learning_rate': 5e-05, 'units': 32}\n"}
,{"stream_name":"stderr","time":865.90094828,"data":"/usr/local/lib/python3.12/dist-packages/keras/src/layers/core/embedding.py:100: UserWarning: Argument `input_length` is deprecated. Just remove it.\n"}
,{"stream_name":"stderr","time":865.900992989,"data":"  warnings.warn(\n"}
,{"stream_name":"stderr","time":865.900998392,"data":"\n"}
,{"stream_name":"stderr","time":865.9010029,"data":"/usr/local/lib/python3.12/dist-packages/keras/src/layers/core/embedding.py:100: UserWarning: Argument `input_length` is deprecated. Just remove it.\n"}
,{"stream_name":"stderr","time":865.901008078,"data":"  warnings.warn(\n"}
,{"stream_name":"stdout","time":901.284646908,"data":"Validation Macro F1: 0.6087\n"}
,{"stream_name":"stdout","time":901.284689828,"data":"  Dist. prediksi val : {0: 383, 1: 87, 2: 222}\n"}
,{"stream_name":"stdout","time":901.284697194,"data":"  Baseline mayoritas : acc=0.5419 macro_f1=0.2343\n"}
,{"stream_name":"stdout","time":901.284703769,"data":"  STATUS: OK\n"}
,{"stream_name":"stdout","time":901.284709979,"data":"  Dist. prediksi val : {0: 383, 1: 87, 2: 222}\n"}
,{"stream_name":"stdout","time":901.284716672,"data":"  Baseline mayoritas : acc=0.5419 macro_f1=0.2343\n"}
,{"stream_name":"stdout","time":901.284722725,"data":"  STATUS: OK\n"}
,{"stream_name":"stdout","time":901.284728904,"data":"\n"}
,{"stream_name":"stdout","time":901.28473464,"data":"--- Eksperimen 32/120 | Strategi: Class Weight | Config #8 ---\n"}
,{"stream_name":"stdout","time":901.284741365,"data":"{'batch_size': 16, 'dropout': 0.3, 'learning_rate': 5e-05, 'units': 64}\n"}
,{"stream_name":"stderr","time":901.445251766,"data":"/usr/local/lib/python3.12/dist-packages/keras/src/layers/core/embedding.py:100: UserWarning: Argument `input_length` is deprecated. Just remove it.\n"}
,{"stream_name":"stderr","time":901.445313184,"data":"  warnings.warn(\n"}
,{"stream_name":"stderr","time":901.445321804,"data":"\n"}
,{"stream_name":"stderr","time":901.445328008,"data":"/usr/local/lib/python3.12/dist-packages/keras/src/layers/core/embedding.py:100: UserWarning: Argument `input_length` is deprecated. Just remove it.\n"}
,{"stream_name":"stderr","time":901.445334752,"data":"  warnings.warn(\n"}
,{"stream_name":"stdout","time":924.052829148,"data":"Validation Macro F1: 0.1525\n"}
,{"stream_name":"stdout","time":924.052889008,"data":"  Dist. prediksi val : {0: 5, 2: 687}\n"}
,{"stream_name":"stdout","time":924.05289761,"data":"  Baseline mayoritas : acc=0.5419 macro_f1=0.2343\n"}
,{"stream_name":"stdout","time":924.052903658,"data":"  STATUS: COLLAPSE (F1 \u003c= baseline)\n"}
,{"stream_name":"stdout","time":924.052909432,"data":"  Dist. prediksi val : {0: 5, 2: 687}\n"}
,{"stream_name":"stdout","time":924.052915128,"data":"  Baseline mayoritas : acc=0.5419 macro_f1=0.2343\n"}
,{"stream_name":"stdout","time":924.052946447,"data":"  STATUS: COLLAPSE (F1 \u003c= baseline)\n"}
,{"stream_name":"stdout","time":924.052949933,"data":"\n"}
,{"stream_name":"stdout","time":924.052953623,"data":"--- Eksperimen 33/120 | Strategi: Class Weight | Config #9 ---\n"}
,{"stream_name":"stdout","time":924.052978524,"data":"{'batch_size': 16, 'dropout': 0.3, 'learning_rate': 0.0001, 'units': 32}\n"}
,{"stream_name":"stderr","time":924.29447591,"data":"/usr/local/lib/python3.12/dist-packages/keras/src/layers/core/embedding.py:100: UserWarning: Argument `input_length` is deprecated. Just remove it.\n"}
,{"stream_name":"stderr","time":924.294521379,"data":"  warnings.warn(\n"}
,{"stream_name":"stderr","time":924.294551746,"data":"\n"}
,{"stream_name":"stderr","time":924.294560217,"data":"/usr/local/lib/python3.12/dist-packages/keras/src/layers/core/embedding.py:100: UserWarning: Argument `input_length` is deprecated. Just remove it.\n"}
,{"stream_name":"stderr","time":924.294566308,"data":"  warnings.warn(\n"}
,{"stream_name":"stdout","time":953.915237465,"data":"Validation Macro F1: 0.6208\n"}
,{"stream_name":"stdout","time":953.915282731,"data":"  Dist. prediksi val : {0: 360, 1: 116, 2: 216}\n"}
,{"stream_name":"stdout","time":953.915290091,"data":"  Baseline mayoritas : acc=0.5419 macro_f1=0.2343\n"}
,{"stream_name":"stdout","time":953.915295338,"data":"  STATUS: OK\n"}
,{"stream_name":"stdout","time":953.915300338,"data":"  Dist. prediksi val : {0: 360, 1: 116, 2: 216}\n"}
,{"stream_name":"stdout","time":953.915305199,"data":"  Baseline mayoritas : acc=0.5419 macro_f1=0.2343\n"}
,{"stream_name":"stdout","time":953.915310098,"data":"  STATUS: OK\n"}
,{"stream_name":"stdout","time":953.915314798,"data":"\n"}
,{"stream_name":"stdout","time":953.915319573,"data":"--- Eksperimen 34/120 | Strategi: Class Weight | Config #10 ---\n"}
,{"stream_name":"stdout","time":953.915324993,"data":"{'batch_size': 16, 'dropout': 0.3, 'learning_rate': 0.0001, 'units': 64}\n"}
,{"stream_name":"stderr","time":954.107397841,"data":"/usr/local/lib/python3.12/dist-packages/keras/src/layers/core/embedding.py:100: UserWarning: Argument `input_length` is deprecated. Just remove it.\n"}
,{"stream_name":"stderr","time":954.107453668,"data":"  warnings.warn(\n"}
,{"stream_name":"stderr","time":954.10746299,"data":"\n"}
,{"stream_name":"stderr","time":954.107469778,"data":"/usr/local/lib/python3.12/dist-packages/keras/src/layers/core/embedding.py:100: UserWarning: Argument `input_length` is deprecated. Just remove it.\n"}
,{"stream_name":"stderr","time":954.107476753,"data":"  warnings.warn(\n"}
,{"stream_name":"stdout","time":983.123616439,"data":"Validation Macro F1: 0.5839\n"}
,{"stream_name":"stdout","time":983.123674621,"data":"  Dist. prediksi val : {0: 340, 1: 123, 2: 229}\n"}
,{"stream_name":"stdout","time":983.123680224,"data":"  Baseline mayoritas : acc=0.5419 macro_f1=0.2343\n"}
,{"stream_name":"stdout","time":983.123684015,"data":"  STATUS: OK\n"}
,{"stream_name":"stdout","time":983.123688076,"data":"  Dist. prediksi val : {0: 340, 1: 123, 2: 229}\n"}
,{"stream_name":"stdout","time":983.123691626,"data":"  Baseline mayoritas : acc=0.5419 macro_f1=0.2343\n"}
,{"stream_name":"stdout","time":983.123695121,"data":"  STATUS: OK\n"}
,{"stream_name":"stdout","time":983.123698872,"data":"\n"}
,{"stream_name":"stdout","time":983.123702398,"data":"--- Eksperimen 35/120 | Strategi: Class Weight | Config #11 ---\n"}
,{"stream_name":"stdout","time":983.12370606,"data":"{'batch_size': 16, 'dropout': 0.3, 'learning_rate': 0.0002, 'units': 32}\n"}
,{"stream_name":"stderr","time":983.354248588,"data":"/usr/local/lib/python3.12/dist-packages/keras/src/layers/core/embedding.py:100: UserWarning: Argument `input_length` is deprecated. Just remove it.\n"}
,{"stream_name":"stderr","time":983.35430849,"data":"  warnings.warn(\n"}
,{"stream_name":"stderr","time":983.354315982,"data":"\n"}
,{"stream_name":"stderr","time":983.354320916,"data":"/usr/local/lib/python3.12/dist-packages/keras/src/layers/core/embedding.py:100: UserWarning: Argument `input_length` is deprecated. Just remove it.\n"}
,{"stream_name":"stderr","time":983.354325679,"data":"  warnings.warn(\n"}
,{"stream_name":"stdout","time":1005.807790783,"data":"Validation Macro F1: 0.5914\n"}
,{"stream_name":"stdout","time":1005.807831315,"data":"  Dist. prediksi val : {0: 336, 1: 102, 2: 254}\n"}
,{"stream_name":"stdout","time":1005.80783819,"data":"  Baseline mayoritas : acc=0.5419 macro_f1=0.2343\n"}
,{"stream_name":"stdout","time":1005.80784403,"data":"  STATUS: OK\n"}
,{"stream_name":"stdout","time":1005.807849545,"data":"  Dist. prediksi val : {0: 336, 1: 102, 2: 254}\n"}
,{"stream_name":"stdout","time":1005.807854531,"data":"  Baseline mayoritas : acc=0.5419 macro_f1=0.2343\n"}
,{"stream_name":"stdout","time":1005.807859611,"data":"  STATUS: OK\n"}
,{"stream_name":"stdout","time":1005.807866081,"data":"\n"}
,{"stream_name":"stdout","time":1005.80788085,"data":"--- Eksperimen 36/120 | Strategi: Class Weight | Config #12 ---\n"}
,{"stream_name":"stdout","time":1005.807884713,"data":"{'batch_size': 16, 'dropout': 0.3, 'learning_rate': 0.0002, 'units': 64}\n"}
,{"stream_name":"stderr","time":1005.996476748,"data":"/usr/local/lib/python3.12/dist-packages/keras/src/layers/core/embedding.py:100: UserWarning: Argument `input_length` is deprecated. Just remove it.\n"}
,{"stream_name":"stderr","time":1005.996574992,"data":"  warnings.warn(\n"}
,{"stream_name":"stderr","time":1005.996586182,"data":"\n"}
,{"stream_name":"stderr","time":1005.996592528,"data":"/usr/local/lib/python3.12/dist-packages/keras/src/layers/core/embedding.py:100: UserWarning: Argument `input_length` is deprecated. Just remove it.\n"}
,{"stream_name":"stderr","time":1005.996598423,"data":"  warnings.warn(\n"}
,{"stream_name":"stdout","time":1031.449209768,"data":"Validation Macro F1: 0.5514\n"}
,{"stream_name":"stdout","time":1031.449268078,"data":"  Dist. prediksi val : {0: 349, 1: 91, 2: 252}\n"}
,{"stream_name":"stdout","time":1031.449275186,"data":"  Baseline mayoritas : acc=0.5419 macro_f1=0.2343\n"}
,{"stream_name":"stdout","time":1031.449280597,"data":"  STATUS: OK\n"}
,{"stream_name":"stdout","time":1031.449286034,"data":"  Dist. prediksi val : {0: 349, 1: 91, 2: 252}\n"}
,{"stream_name":"stdout","time":1031.44929112,"data":"  Baseline mayoritas : acc=0.5419 macro_f1=0.2343\n"}
,{"stream_name":"stdout","time":1031.449296381,"data":"  STATUS: OK\n"}
,{"stream_name":"stdout","time":1031.449301423,"data":"\n"}
,{"stream_name":"stdout","time":1031.449306768,"data":"--- Eksperimen 37/120 | Strategi: Class Weight | Config #13 ---\n"}
,{"stream_name":"stdout","time":1031.449311878,"data":"{'batch_size': 32, 'dropout': 0.2, 'learning_rate': 5e-05, 'units': 32}\n"}
,{"stream_name":"stderr","time":1031.68342236,"data":"/usr/local/lib/python3.12/dist-packages/keras/src/layers/core/embedding.py:100: UserWarning: Argument `input_length` is deprecated. Just remove it.\n"}
,{"stream_name":"stderr","time":1031.683474511,"data":"  warnings.warn(\n"}
,{"stream_name":"stderr","time":1031.683482657,"data":"\n"}
,{"stream_name":"stderr","time":1031.683488598,"data":"/usr/local/lib/python3.12/dist-packages/keras/src/layers/core/embedding.py:100: UserWarning: Argument `input_length` is deprecated. Just remove it.\n"}
,{"stream_name":"stderr","time":1031.683494938,"data":"  warnings.warn(\n"}
,{"stream_name":"stdout","time":1041.115258873,"data":"Validation Macro F1: 0.1524\n"}
,{"stream_name":"stdout","time":1041.115294624,"data":"  Dist. prediksi val : {0: 1, 1: 3, 2: 688}\n"}
,{"stream_name":"stdout","time":1041.115301936,"data":"  Baseline mayoritas : acc=0.5419 macro_f1=0.2343\n"}
,{"stream_name":"stdout","time":1041.115374581,"data":"  STATUS: COLLAPSE (F1 \u003c= baseline)\n"}
,{"stream_name":"stdout","time":1041.115386497,"data":"  Dist. prediksi val : {0: 1, 1: 3, 2: 688}\n"}
,{"stream_name":"stdout","time":1041.115391111,"data":"  Baseline mayoritas : acc=0.5419 macro_f1=0.2343\n"}
,{"stream_name":"stdout","time":1041.115395868,"data":"  STATUS: COLLAPSE (F1 \u003c= baseline)\n"}
,{"stream_name":"stdout","time":1041.115413124,"data":"\n"}
,{"stream_name":"stdout","time":1041.115418268,"data":"--- Eksperimen 38/120 | Strategi: Class Weight | Config #14 ---\n"}
,{"stream_name":"stdout","time":1041.115423868,"data":"{'batch_size': 32, 'dropout': 0.2, 'learning_rate': 5e-05, 'units': 64}\n"}
,{"stream_name":"stderr","time":1041.312429241,"data":"/usr/local/lib/python3.12/dist-packages/keras/src/layers/core/embedding.py:100: UserWarning: Argument `input_length` is deprecated. Just remove it.\n"}
,{"stream_name":"stderr","time":1041.312514377,"data":"  warnings.warn(\n"}
,{"stream_name":"stderr","time":1041.312523176,"data":"\n"}
,{"stream_name":"stderr","time":1041.312545909,"data":"/usr/local/lib/python3.12/dist-packages/keras/src/layers/core/embedding.py:100: UserWarning: Argument `input_length` is deprecated. Just remove it.\n"}
,{"stream_name":"stderr","time":1041.312552068,"data":"  warnings.warn(\n"}
,{"stream_name":"stdout","time":1067.245425538,"data":"Validation Macro F1: 0.6127\n"}
,{"stream_name":"stdout","time":1067.245482673,"data":"  Dist. prediksi val : {0: 384, 1: 142, 2: 166}\n"}
,{"stream_name":"stdout","time":1067.245489325,"data":"  Baseline mayoritas : acc=0.5419 macro_f1=0.2343\n"}
,{"stream_name":"stdout","time":1067.24549453,"data":"  STATUS: OK\n"}
,{"stream_name":"stdout","time":1067.245499618,"data":"  Dist. prediksi val : {0: 384, 1: 142, 2: 166}\n"}
,{"stream_name":"stdout","time":1067.245504841,"data":"  Baseline mayoritas : acc=0.5419 macro_f1=0.2343\n"}
,{"stream_name":"stdout","time":1067.245509845,"data":"  STATUS: OK\n"}
,{"stream_name":"stdout","time":1067.245514715,"data":"\n"}
,{"stream_name":"stdout","time":1067.245519824,"data":"--- Eksperimen 39/120 | Strategi: Class Weight | Config #15 ---\n"}
,{"stream_name":"stdout","time":1067.245546187,"data":"{'batch_size': 32, 'dropout': 0.2, 'learning_rate': 0.0001, 'units': 32}\n"}
,{"stream_name":"stderr","time":1067.495108624,"data":"/usr/local/lib/python3.12/dist-packages/keras/src/layers/core/embedding.py:100: UserWarning: Argument `input_length` is deprecated. Just remove it.\n"}
,{"stream_name":"stderr","time":1067.495180168,"data":"  warnings.warn(\n"}
,{"stream_name":"stderr","time":1067.495188478,"data":"\n"}
,{"stream_name":"stderr","time":1067.495193526,"data":"/usr/local/lib/python3.12/dist-packages/keras/src/layers/core/embedding.py:100: UserWarning: Argument `input_length` is deprecated. Just remove it.\n"}
,{"stream_name":"stderr","time":1067.495199135,"data":"  warnings.warn(\n"}
,{"stream_name":"stdout","time":1089.103305589,"data":"Validation Macro F1: 0.6098\n"}
,{"stream_name":"stdout","time":1089.103345917,"data":"  Dist. prediksi val : {0: 337, 1: 125, 2: 230}\n"}
,{"stream_name":"stdout","time":1089.103352498,"data":"  Baseline mayoritas : acc=0.5419 macro_f1=0.2343\n"}
,{"stream_name":"stdout","time":1089.103357408,"data":"  STATUS: OK\n"}
,{"stream_name":"stdout","time":1089.103362238,"data":"  Dist. prediksi val : {0: 337, 1: 125, 2: 230}\n"}
,{"stream_name":"stdout","time":1089.103378892,"data":"  Baseline mayoritas : acc=0.5419 macro_f1=0.2343\n"}
,{"stream_name":"stdout","time":1089.103383287,"data":"  STATUS: OK\n"}
,{"stream_name":"stdout","time":1089.103386765,"data":"\n"}
,{"stream_name":"stdout","time":1089.103390349,"data":"--- Eksperimen 40/120 | Strategi: Class Weight | Config #16 ---\n"}
,{"stream_name":"stdout","time":1089.103394172,"data":"{'batch_size': 32, 'dropout': 0.2, 'learning_rate': 0.0001, 'units': 64}\n"}
,{"stream_name":"stderr","time":1089.292516939,"data":"/usr/local/lib/python3.12/dist-packages/keras/src/layers/core/embedding.py:100: UserWarning: Argument `input_length` is deprecated. Just remove it.\n"}
,{"stream_name":"stderr","time":1089.292591901,"data":"  warnings.warn(\n"}
,{"stream_name":"stderr","time":1089.292599011,"data":"\n"}
,{"stream_name":"stderr","time":1089.292603487,"data":"/usr/local/lib/python3.12/dist-packages/keras/src/layers/core/embedding.py:100: UserWarning: Argument `input_length` is deprecated. Just remove it.\n"}
,{"stream_name":"stderr","time":1089.292608322,"data":"  warnings.warn(\n"}
,{"stream_name":"stdout","time":1099.301928368,"data":"Validation Macro F1: 0.1593\n"}
,{"stream_name":"stdout","time":1099.302000508,"data":"  Dist. prediksi val : {0: 6, 1: 1, 2: 685}\n"}
,{"stream_name":"stdout","time":1099.302007577,"data":"  Baseline mayoritas : acc=0.5419 macro_f1=0.2343\n"}
,{"stream_name":"stdout","time":1099.302012616,"data":"  STATUS: COLLAPSE (F1 \u003c= baseline)\n"}
,{"stream_name":"stdout","time":1099.302017545,"data":"  Dist. prediksi val : {0: 6, 1: 1, 2: 685}\n"}
,{"stream_name":"stdout","time":1099.302022433,"data":"  Baseline mayoritas : acc=0.5419 macro_f1=0.2343\n"}
,{"stream_name":"stdout","time":1099.302027277,"data":"  STATUS: COLLAPSE (F1 \u003c= baseline)\n"}
,{"stream_name":"stdout","time":1099.302031989,"data":"\n"}
,{"stream_name":"stdout","time":1099.302036631,"data":"--- Eksperimen 41/120 | Strategi: Class Weight | Config #17 ---\n"}
,{"stream_name":"stdout","time":1099.302041377,"data":"{'batch_size': 32, 'dropout': 0.2, 'learning_rate': 0.0002, 'units': 32}\n"}
,{"stream_name":"stderr","time":1099.526345317,"data":"/usr/local/lib/python3.12/dist-packages/keras/src/layers/core/embedding.py:100: UserWarning: Argument `input_length` is deprecated. Just remove it.\n"}
,{"stream_name":"stderr","time":1099.526399184,"data":"  warnings.warn(\n"}
,{"stream_name":"stderr","time":1099.526408133,"data":"\n"}
,{"stream_name":"stderr","time":1099.526414564,"data":"/usr/local/lib/python3.12/dist-packages/keras/src/layers/core/embedding.py:100: UserWarning: Argument `input_length` is deprecated. Just remove it.\n"}
,{"stream_name":"stderr","time":1099.526421146,"data":"  warnings.warn(\n"}
,{"stream_name":"stdout","time":1114.18929625,"data":"Validation Macro F1: 0.6226\n"}
,{"stream_name":"stdout","time":1114.189370953,"data":"  Dist. prediksi val : {0: 325, 1: 152, 2: 215}\n"}
,{"stream_name":"stdout","time":1114.189379667,"data":"  Baseline mayoritas : acc=0.5419 macro_f1=0.2343\n"}
,{"stream_name":"stdout","time":1114.189385579,"data":"  STATUS: OK\n"}
,{"stream_name":"stdout","time":1114.189391344,"data":"  Dist. prediksi val : {0: 325, 1: 152, 2: 215}\n"}
,{"stream_name":"stdout","time":1114.189396997,"data":"  Baseline mayoritas : acc=0.5419 macro_f1=0.2343\n"}
,{"stream_name":"stdout","time":1114.18940286,"data":"  STATUS: OK\n"}
,{"stream_name":"stdout","time":1114.189408388,"data":"\n"}
,{"stream_name":"stdout","time":1114.189413501,"data":"--- Eksperimen 42/120 | Strategi: Class Weight | Config #18 ---\n"}
,{"stream_name":"stdout","time":1114.189418984,"data":"{'batch_size': 32, 'dropout': 0.2, 'learning_rate': 0.0002, 'units': 64}\n"}
,{"stream_name":"stderr","time":1114.427977834,"data":"/usr/local/lib/python3.12/dist-packages/keras/src/layers/core/embedding.py:100: UserWarning: Argument `input_length` is deprecated. Just remove it.\n"}
,{"stream_name":"stderr","time":1114.428028904,"data":"  warnings.warn(\n"}
,{"stream_name":"stderr","time":1114.428036226,"data":"\n"}
,{"stream_name":"stderr","time":1114.428040688,"data":"/usr/local/lib/python3.12/dist-packages/keras/src/layers/core/embedding.py:100: UserWarning: Argument `input_length` is deprecated. Just remove it.\n"}
,{"stream_name":"stderr","time":1114.428045819,"data":"  warnings.warn(\n"}
,{"stream_name":"stdout","time":1131.027763845,"data":"Validation Macro F1: 0.6252\n"}
,{"stream_name":"stdout","time":1131.028601962,"data":"  Dist. prediksi val : {0: 315, 1: 217, 2: 160}\n"}
,{"stream_name":"stdout","time":1131.028624252,"data":"  Baseline mayoritas : acc=0.5419 macro_f1=0.2343\n"}
,{"stream_name":"stdout","time":1131.028631101,"data":"  STATUS: OK\n"}
,{"stream_name":"stdout","time":1131.028636197,"data":"  Dist. prediksi val : {0: 315, 1: 217, 2: 160}\n"}
,{"stream_name":"stdout","time":1131.0286615,"data":"  Baseline mayoritas : acc=0.5419 macro_f1=0.2343\n"}
,{"stream_name":"stdout","time":1131.028666837,"data":"  STATUS: OK\n"}
,{"stream_name":"stdout","time":1131.028671437,"data":"\n"}
,{"stream_name":"stdout","time":1131.028676185,"data":"--- Eksperimen 43/120 | Strategi: Class Weight | Config #19 ---\n"}
,{"stream_name":"stdout","time":1131.028680899,"data":"{'batch_size': 32, 'dropout': 0.3, 'learning_rate': 5e-05, 'units': 32}\n"}
,{"stream_name":"stderr","time":1131.21961066,"data":"/usr/local/lib/python3.12/dist-packages/keras/src/layers/core/embedding.py:100: UserWarning: Argument `input_length` is deprecated. Just remove it.\n"}
,{"stream_name":"stderr","time":1131.219653116,"data":"  warnings.warn(\n"}
,{"stream_name":"stderr","time":1131.219660674,"data":"\n"}
,{"stream_name":"stderr","time":1131.2196668,"data":"/usr/local/lib/python3.12/dist-packages/keras/src/layers/core/embedding.py:100: UserWarning: Argument `input_length` is deprecated. Just remove it.\n"}
,{"stream_name":"stderr","time":1131.219673144,"data":"  warnings.warn(\n"}
,{"stream_name":"stdout","time":1140.903278495,"data":"Validation Macro F1: 0.1526\n"}
,{"stream_name":"stdout","time":1140.903337478,"data":"  Dist. prediksi val : {0: 2, 1: 3, 2: 687}\n"}
,{"stream_name":"stdout","time":1140.903344614,"data":"  Baseline mayoritas : acc=0.5419 macro_f1=0.2343\n"}
,{"stream_name":"stdout","time":1140.903350019,"data":"  STATUS: COLLAPSE (F1 \u003c= baseline)\n"}
,{"stream_name":"stdout","time":1140.903355558,"data":"  Dist. prediksi val : {0: 2, 1: 3, 2: 687}\n"}
,{"stream_name":"stdout","time":1140.903361069,"data":"  Baseline mayoritas : acc=0.5419 macro_f1=0.2343\n"}
,{"stream_name":"stdout","time":1140.903366746,"data":"  STATUS: COLLAPSE (F1 \u003c= baseline)\n"}
,{"stream_name":"stdout","time":1140.903371855,"data":"\n"}
,{"stream_name":"stdout","time":1140.903377252,"data":"--- Eksperimen 44/120 | Strategi: Class Weight | Config #20 ---\n"}
,{"stream_name":"stdout","time":1140.90338266,"data":"{'batch_size': 32, 'dropout': 0.3, 'learning_rate': 5e-05, 'units': 64}\n"}
,{"stream_name":"stderr","time":1141.139742548,"data":"/usr/local/lib/python3.12/dist-packages/keras/src/layers/core/embedding.py:100: UserWarning: Argument `input_length` is deprecated. Just remove it.\n"}
,{"stream_name":"stderr","time":1141.139792468,"data":"  warnings.warn(\n"}
,{"stream_name":"stderr","time":1141.139800296,"data":"\n"}
,{"stream_name":"stderr","time":1141.139806303,"data":"/usr/local/lib/python3.12/dist-packages/keras/src/layers/core/embedding.py:100: UserWarning: Argument `input_length` is deprecated. Just remove it.\n"}
,{"stream_name":"stderr","time":1141.13983379,"data":"  warnings.warn(\n"}
,{"stream_name":"stdout","time":1154.176888184,"data":"Validation Macro F1: 0.2333\n"}
,{"stream_name":"stdout","time":1154.176956849,"data":"  Dist. prediksi val : {0: 688, 2: 4}\n"}
,{"stream_name":"stdout","time":1154.176964194,"data":"  Baseline mayoritas : acc=0.5419 macro_f1=0.2343\n"}
,{"stream_name":"stdout","time":1154.176970256,"data":"  STATUS: COLLAPSE (F1 \u003c= baseline)\n"}
,{"stream_name":"stdout","time":1154.176975941,"data":"  Dist. prediksi val : {0: 688, 2: 4}\n"}
,{"stream_name":"stdout","time":1154.176980917,"data":"  Baseline mayoritas : acc=0.5419 macro_f1=0.2343\n"}
,{"stream_name":"stdout","time":1154.176986367,"data":"  STATUS: COLLAPSE (F1 \u003c= baseline)\n"}
,{"stream_name":"stdout","time":1154.17699147,"data":"\n"}
,{"stream_name":"stdout","time":1154.176996307,"data":"--- Eksperimen 45/120 | Strategi: Class Weight | Config #21 ---\n"}
,{"stream_name":"stdout","time":1154.177001599,"data":"{'batch_size': 32, 'dropout': 0.3, 'learning_rate': 0.0001, 'units': 32}\n"}
,{"stream_name":"stderr","time":1154.408187428,"data":"/usr/local/lib/python3.12/dist-packages/keras/src/layers/core/embedding.py:100: UserWarning: Argument `input_length` is deprecated. Just remove it.\n"}
,{"stream_name":"stderr","time":1154.408237012,"data":"  warnings.warn(\n"}
,{"stream_name":"stderr","time":1154.408244521,"data":"\n"}
,{"stream_name":"stderr","time":1154.4082502,"data":"/usr/local/lib/python3.12/dist-packages/keras/src/layers/core/embedding.py:100: UserWarning: Argument `input_length` is deprecated. Just remove it.\n"}
,{"stream_name":"stderr","time":1154.408255936,"data":"  warnings.warn(\n"}
,{"stream_name":"stdout","time":1163.934111075,"data":"Validation Macro F1: 0.1522\n"}
,{"stream_name":"stdout","time":1163.934152396,"data":"  Dist. prediksi val : {0: 1, 1: 1, 2: 690}\n"}
,{"stream_name":"stdout","time":1163.934158935,"data":"  Baseline mayoritas : acc=0.5419 macro_f1=0.2343\n"}
,{"stream_name":"stdout","time":1163.934164299,"data":"  STATUS: COLLAPSE (F1 \u003c= baseline)\n"}
,{"stream_name":"stdout","time":1163.934170106,"data":"  Dist. prediksi val : {0: 1, 1: 1, 2: 690}\n"}
,{"stream_name":"stdout","time":1163.934175235,"data":"  Baseline mayoritas : acc=0.5419 macro_f1=0.2343\n"}
,{"stream_name":"stdout","time":1163.934179755,"data":"  STATUS: COLLAPSE (F1 \u003c= baseline)\n"}
,{"stream_name":"stdout","time":1163.934184626,"data":"\n"}
,{"stream_name":"stdout","time":1163.934189087,"data":"--- Eksperimen 46/120 | Strategi: Class Weight | Config #22 ---\n"}
,{"stream_name":"stdout","time":1163.934193976,"data":"{'batch_size': 32, 'dropout': 0.3, 'learning_rate': 0.0001, 'units': 64}\n"}
,{"stream_name":"stderr","time":1164.127583251,"data":"/usr/local/lib/python3.12/dist-packages/keras/src/layers/core/embedding.py:100: UserWarning: Argument `input_length` is deprecated. Just remove it.\n"}
,{"stream_name":"stderr","time":1164.127630834,"data":"  warnings.warn(\n"}
,{"stream_name":"stderr","time":1164.127637696,"data":"\n"}
,{"stream_name":"stderr","time":1164.127643195,"data":"/usr/local/lib/python3.12/dist-packages/keras/src/layers/core/embedding.py:100: UserWarning: Argument `input_length` is deprecated. Just remove it.\n"}
,{"stream_name":"stderr","time":1164.127648943,"data":"  warnings.warn(\n"}
,{"stream_name":"stdout","time":1183.819303391,"data":"Validation Macro F1: 0.6011\n"}
,{"stream_name":"stdout","time":1183.81936507,"data":"  Dist. prediksi val : {0: 343, 1: 189, 2: 160}\n"}
,{"stream_name":"stdout","time":1183.819391502,"data":"  Baseline mayoritas : acc=0.5419 macro_f1=0.2343\n"}
,{"stream_name":"stdout","time":1183.819396648,"data":"  STATUS: OK\n"}
,{"stream_name":"stdout","time":1183.819401018,"data":"  Dist. prediksi val : {0: 343, 1: 189, 2: 160}\n"}
,{"stream_name":"stdout","time":1183.81940526,"data":"  Baseline mayoritas : acc=0.5419 macro_f1=0.2343\n"}
,{"stream_name":"stdout","time":1183.819409758,"data":"  STATUS: OK\n"}
,{"stream_name":"stdout","time":1183.819414144,"data":"\n"}
,{"stream_name":"stdout","time":1183.819418729,"data":"--- Eksperimen 47/120 | Strategi: Class Weight | Config #23 ---\n"}
,{"stream_name":"stdout","time":1183.819422892,"data":"{'batch_size': 32, 'dropout': 0.3, 'learning_rate': 0.0002, 'units': 32}\n"}
,{"stream_name":"stderr","time":1184.053104604,"data":"/usr/local/lib/python3.12/dist-packages/keras/src/layers/core/embedding.py:100: UserWarning: Argument `input_length` is deprecated. Just remove it.\n"}
,{"stream_name":"stderr","time":1184.053158272,"data":"  warnings.warn(\n"}
,{"stream_name":"stderr","time":1184.053178089,"data":"\n"}
,{"stream_name":"stderr","time":1184.053182916,"data":"/usr/local/lib/python3.12/dist-packages/keras/src/layers/core/embedding.py:100: UserWarning: Argument `input_length` is deprecated. Just remove it.\n"}
,{"stream_name":"stderr","time":1184.053188178,"data":"  warnings.warn(\n"}
,{"stream_name":"stdout","time":1200.058198775,"data":"Validation Macro F1: 0.6139\n"}
,{"stream_name":"stdout","time":1200.058237493,"data":"  Dist. prediksi val : {0: 272, 1: 207, 2: 213}\n"}
,{"stream_name":"stdout","time":1200.058244223,"data":"  Baseline mayoritas : acc=0.5419 macro_f1=0.2343\n"}
,{"stream_name":"stdout","time":1200.058250272,"data":"  STATUS: OK\n"}
,{"stream_name":"stdout","time":1200.058255756,"data":"  Dist. prediksi val : {0: 272, 1: 207, 2: 213}\n"}
,{"stream_name":"stdout","time":1200.058261171,"data":"  Baseline mayoritas : acc=0.5419 macro_f1=0.2343\n"}
,{"stream_name":"stdout","time":1200.058266696,"data":"  STATUS: OK\n"}
,{"stream_name":"stdout","time":1200.058272196,"data":"\n"}
,{"stream_name":"stdout","time":1200.058277359,"data":"--- Eksperimen 48/120 | Strategi: Class Weight | Config #24 ---\n"}
,{"stream_name":"stdout","time":1200.058282577,"data":"{'batch_size': 32, 'dropout': 0.3, 'learning_rate': 0.0002, 'units': 64}\n"}
,{"stream_name":"stderr","time":1200.256708741,"data":"/usr/local/lib/python3.12/dist-packages/keras/src/layers/core/embedding.py:100: UserWarning: Argument `input_length` is deprecated. Just remove it.\n"}
,{"stream_name":"stderr","time":1200.256777487,"data":"  warnings.warn(\n"}
,{"stream_name":"stderr","time":1200.256790921,"data":"\n"}
,{"stream_name":"stderr","time":1200.256794849,"data":"/usr/local/lib/python3.12/dist-packages/keras/src/layers/core/embedding.py:100: UserWarning: Argument `input_length` is deprecated. Just remove it.\n"}
,{"stream_name":"stderr","time":1200.256798673,"data":"  warnings.warn(\n"}
,{"stream_name":"stdout","time":1214.697980279,"data":"Validation Macro F1: 0.6237\n"}
,{"stream_name":"stdout","time":1214.698042425,"data":"  Dist. prediksi val : {0: 340, 1: 181, 2: 171}\n"}
,{"stream_name":"stdout","time":1214.698053255,"data":"  Baseline mayoritas : acc=0.5419 macro_f1=0.2343\n"}
,{"stream_name":"stdout","time":1214.698060787,"data":"  STATUS: OK\n"}
,{"stream_name":"stdout","time":1214.698065907,"data":"  Dist. prediksi val : {0: 340, 1: 181, 2: 171}\n"}
,{"stream_name":"stdout","time":1214.698072305,"data":"  Baseline mayoritas : acc=0.5419 macro_f1=0.2343\n"}
,{"stream_name":"stdout","time":1214.698078118,"data":"  STATUS: OK\n"}
,{"stream_name":"stdout","time":1214.698083344,"data":"\n"}
,{"stream_name":"stdout","time":1214.69810949,"data":"============================================================\n"}
,{"stream_name":"stdout","time":1214.698113796,"data":" STRATEGI IMBALANCED DATA: Random Oversampling\n"}
,{"stream_name":"stdout","time":1214.698118472,"data":"============================================================\n"}
,{"stream_name":"stdout","time":1214.698123077,"data":"Jumlah data training setelah penanganan: 10122 sampel\n"}
,{"stream_name":"stdout","time":1214.698126758,"data":"\n"}
,{"stream_name":"stdout","time":1214.698130049,"data":"--- Eksperimen 49/120 | Strategi: Random Oversampling | Config #1 ---\n"}
,{"stream_name":"stdout","time":1214.698134212,"data":"{'batch_size': 16, 'dropout': 0.2, 'learning_rate': 5e-05, 'units': 32}\n"}
,{"stream_name":"stderr","time":1214.93599533,"data":"/usr/local/lib/python3.12/dist-packages/keras/src/layers/core/embedding.py:100: UserWarning: Argument `input_length` is deprecated. Just remove it.\n"}
,{"stream_name":"stderr","time":1214.936041856,"data":"  warnings.warn(\n"}
,{"stream_name":"stderr","time":1214.936047913,"data":"\n"}
,{"stream_name":"stderr","time":1214.936053191,"data":"/usr/local/lib/python3.12/dist-packages/keras/src/layers/core/embedding.py:100: UserWarning: Argument `input_length` is deprecated. Just remove it.\n"}
,{"stream_name":"stderr","time":1214.936057589,"data":"  warnings.warn(\n"}
,{"stream_name":"stdout","time":1257.510584342,"data":"Validation Macro F1: 0.5958\n"}
,{"stream_name":"stdout","time":1257.51063072,"data":"  Dist. prediksi val : {0: 366, 1: 129, 2: 197}\n"}
,{"stream_name":"stdout","time":1257.510638196,"data":"  Baseline mayoritas : acc=0.5419 macro_f1=0.2343\n"}
,{"stream_name":"stdout","time":1257.51064331,"data":"  STATUS: OK\n"}
,{"stream_name":"stdout","time":1257.510648095,"data":"  Dist. prediksi val : {0: 366, 1: 129, 2: 197}\n"}
,{"stream_name":"stdout","time":1257.510652743,"data":"  Baseline mayoritas : acc=0.5419 macro_f1=0.2343\n"}
,{"stream_name":"stdout","time":1257.510657713,"data":"  STATUS: OK\n"}
,{"stream_name":"stdout","time":1257.510662457,"data":"\n"}
,{"stream_name":"stdout","time":1257.510667111,"data":"--- Eksperimen 50/120 | Strategi: Random Oversampling | Config #2 ---\n"}
,{"stream_name":"stdout","time":1257.510671897,"data":"{'batch_size': 16, 'dropout': 0.2, 'learning_rate': 5e-05, 'units': 64}\n"}
,{"stream_name":"stderr","time":1257.707944254,"data":"/usr/local/lib/python3.12/dist-packages/keras/src/layers/core/embedding.py:100: UserWarning: Argument `input_length` is deprecated. Just remove it.\n"}
,{"stream_name":"stderr","time":1257.707995603,"data":"  warnings.warn(\n"}
,{"stream_name":"stderr","time":1257.708002586,"data":"\n"}
,{"stream_name":"stderr","time":1257.708008346,"data":"/usr/local/lib/python3.12/dist-packages/keras/src/layers/core/embedding.py:100: UserWarning: Argument `input_length` is deprecated. Just remove it.\n"}
,{"stream_name":"stderr","time":1257.708014127,"data":"  warnings.warn(\n"}
,{"stream_name":"stdout","time":1299.65474599,"data":"Validation Macro F1: 0.6441\n"}
,{"stream_name":"stdout","time":1299.654790741,"data":"  Dist. prediksi val : {0: 335, 1: 165, 2: 192}\n"}
,{"stream_name":"stdout","time":1299.654797269,"data":"  Baseline mayoritas : acc=0.5419 macro_f1=0.2343\n"}
,{"stream_name":"stdout","time":1299.654801675,"data":"  STATUS: OK\n"}
,{"stream_name":"stdout","time":1299.654806098,"data":"  Dist. prediksi val : {0: 335, 1: 165, 2: 192}\n"}
,{"stream_name":"stdout","time":1299.65481039,"data":"  Baseline mayoritas : acc=0.5419 macro_f1=0.2343\n"}
,{"stream_name":"stdout","time":1299.654815189,"data":"  STATUS: OK\n"}
,{"stream_name":"stdout","time":1299.654819841,"data":"\n"}
,{"stream_name":"stdout","time":1299.654834324,"data":"--- Eksperimen 51/120 | Strategi: Random Oversampling | Config #3 ---\n"}
,{"stream_name":"stdout","time":1299.654837953,"data":"{'batch_size': 16, 'dropout': 0.2, 'learning_rate': 0.0001, 'units': 32}\n"}
,{"stream_name":"stderr","time":1299.850230857,"data":"/usr/local/lib/python3.12/dist-packages/keras/src/layers/core/embedding.py:100: UserWarning: Argument `input_length` is deprecated. Just remove it.\n"}
,{"stream_name":"stderr","time":1299.85027405,"data":"  warnings.warn(\n"}
,{"stream_name":"stderr","time":1299.850280695,"data":"\n"}
,{"stream_name":"stderr","time":1299.850284476,"data":"/usr/local/lib/python3.12/dist-packages/keras/src/layers/core/embedding.py:100: UserWarning: Argument `input_length` is deprecated. Just remove it.\n"}
,{"stream_name":"stderr","time":1299.850288753,"data":"  warnings.warn(\n"}
,{"stream_name":"stdout","time":1327.933242456,"data":"Validation Macro F1: 0.5066\n"}
,{"stream_name":"stdout","time":1327.933331412,"data":"  Dist. prediksi val : {0: 477, 1: 28, 2: 187}\n"}
,{"stream_name":"stdout","time":1327.933340444,"data":"  Baseline mayoritas : acc=0.5419 macro_f1=0.2343\n"}
,{"stream_name":"stdout","time":1327.933363485,"data":"  STATUS: OK\n"}
,{"stream_name":"stdout","time":1327.933369981,"data":"  Dist. prediksi val : {0: 477, 1: 28, 2: 187}\n"}
,{"stream_name":"stdout","time":1327.933375392,"data":"  Baseline mayoritas : acc=0.5419 macro_f1=0.2343\n"}
,{"stream_name":"stdout","time":1327.933380807,"data":"  STATUS: OK\n"}
,{"stream_name":"stdout","time":1327.933385842,"data":"\n"}
,{"stream_name":"stdout","time":1327.933390867,"data":"--- Eksperimen 52/120 | Strategi: Random Oversampling | Config #4 ---\n"}
,{"stream_name":"stdout","time":1327.933396386,"data":"{'batch_size': 16, 'dropout': 0.2, 'learning_rate': 0.0001, 'units': 64}\n"}
,{"stream_name":"stderr","time":1328.201150312,"data":"/usr/local/lib/python3.12/dist-packages/keras/src/layers/core/embedding.py:100: UserWarning: Argument `input_length` is deprecated. Just remove it.\n"}
,{"stream_name":"stderr","time":1328.201192975,"data":"  warnings.warn(\n"}
,{"stream_name":"stderr","time":1328.20120061,"data":"\n"}
,{"stream_name":"stderr","time":1328.201206353,"data":"/usr/local/lib/python3.12/dist-packages/keras/src/layers/core/embedding.py:100: UserWarning: Argument `input_length` is deprecated. Just remove it.\n"}
,{"stream_name":"stderr","time":1328.20121254,"data":"  warnings.warn(\n"}
,{"stream_name":"stdout","time":1366.576932858,"data":"Validation Macro F1: 0.6232\n"}
,{"stream_name":"stdout","time":1366.576983375,"data":"  Dist. prediksi val : {0: 338, 1: 135, 2: 219}\n"}
,{"stream_name":"stdout","time":1366.57699105,"data":"  Baseline mayoritas : acc=0.5419 macro_f1=0.2343\n"}
,{"stream_name":"stdout","time":1366.576996407,"data":"  STATUS: OK\n"}
,{"stream_name":"stdout","time":1366.577001467,"data":"  Dist. prediksi val : {0: 338, 1: 135, 2: 219}\n"}
,{"stream_name":"stdout","time":1366.577006495,"data":"  Baseline mayoritas : acc=0.5419 macro_f1=0.2343\n"}
,{"stream_name":"stdout","time":1366.577013132,"data":"  STATUS: OK\n"}
,{"stream_name":"stdout","time":1366.577022785,"data":"\n"}
,{"stream_name":"stdout","time":1366.577026682,"data":"--- Eksperimen 53/120 | Strategi: Random Oversampling | Config #5 ---\n"}
,{"stream_name":"stdout","time":1366.577030346,"data":"{'batch_size': 16, 'dropout': 0.2, 'learning_rate': 0.0002, 'units': 32}\n"}
,{"stream_name":"stderr","time":1366.773552817,"data":"/usr/local/lib/python3.12/dist-packages/keras/src/layers/core/embedding.py:100: UserWarning: Argument `input_length` is deprecated. Just remove it.\n"}
,{"stream_name":"stderr","time":1366.773645551,"data":"  warnings.warn(\n"}
,{"stream_name":"stderr","time":1366.773655225,"data":"\n"}
,{"stream_name":"stderr","time":1366.773660246,"data":"/usr/local/lib/python3.12/dist-packages/keras/src/layers/core/embedding.py:100: UserWarning: Argument `input_length` is deprecated. Just remove it.\n"}
,{"stream_name":"stderr","time":1366.773665469,"data":"  warnings.warn(\n"}
,{"stream_name":"stdout","time":1394.161150611,"data":"Validation Macro F1: 0.5333\n"}
,{"stream_name":"stdout","time":1394.161216313,"data":"  Dist. prediksi val : {0: 402, 1: 58, 2: 232}\n"}
,{"stream_name":"stdout","time":1394.161226818,"data":"  Baseline mayoritas : acc=0.5419 macro_f1=0.2343\n"}
,{"stream_name":"stdout","time":1394.161232384,"data":"  STATUS: OK\n"}
,{"stream_name":"stdout","time":1394.161238391,"data":"  Dist. prediksi val : {0: 402, 1: 58, 2: 232}\n"}
,{"stream_name":"stdout","time":1394.161244492,"data":"  Baseline mayoritas : acc=0.5419 macro_f1=0.2343\n"}
,{"stream_name":"stdout","time":1394.161250631,"data":"  STATUS: OK\n"}
,{"stream_name":"stdout","time":1394.161256752,"data":"\n"}
,{"stream_name":"stdout","time":1394.161274397,"data":"--- Eksperimen 54/120 | Strategi: Random Oversampling | Config #6 ---\n"}
,{"stream_name":"stdout","time":1394.161279167,"data":"{'batch_size': 16, 'dropout': 0.2, 'learning_rate': 0.0002, 'units': 64}\n"}
,{"stream_name":"stderr","time":1394.39634049,"data":"/usr/local/lib/python3.12/dist-packages/keras/src/layers/core/embedding.py:100: UserWarning: Argument `input_length` is deprecated. Just remove it.\n"}
,{"stream_name":"stderr","time":1394.396380174,"data":"  warnings.warn(\n"}
,{"stream_name":"stderr","time":1394.396387723,"data":"\n"}
,{"stream_name":"stderr","time":1394.396393125,"data":"/usr/local/lib/python3.12/dist-packages/keras/src/layers/core/embedding.py:100: UserWarning: Argument `input_length` is deprecated. Just remove it.\n"}
,{"stream_name":"stderr","time":1394.396399486,"data":"  warnings.warn(\n"}
,{"stream_name":"stdout","time":1422.282101246,"data":"Validation Macro F1: 0.5061\n"}
,{"stream_name":"stdout","time":1422.282141779,"data":"  Dist. prediksi val : {0: 431, 1: 16, 2: 245}\n"}
,{"stream_name":"stdout","time":1422.28214844,"data":"  Baseline mayoritas : acc=0.5419 macro_f1=0.2343\n"}
,{"stream_name":"stdout","time":1422.282153398,"data":"  STATUS: OK\n"}
,{"stream_name":"stdout","time":1422.282158,"data":"  Dist. prediksi val : {0: 431, 1: 16, 2: 245}\n"}
,{"stream_name":"stdout","time":1422.282162749,"data":"  Baseline mayoritas : acc=0.5419 macro_f1=0.2343\n"}
,{"stream_name":"stdout","time":1422.282167424,"data":"  STATUS: OK\n"}
,{"stream_name":"stdout","time":1422.282172194,"data":"\n"}
,{"stream_name":"stdout","time":1422.282176936,"data":"--- Eksperimen 55/120 | Strategi: Random Oversampling | Config #7 ---\n"}
,{"stream_name":"stdout","time":1422.28218191,"data":"{'batch_size': 16, 'dropout': 0.3, 'learning_rate': 5e-05, 'units': 32}\n"}
,{"stream_name":"stderr","time":1422.468545737,"data":"/usr/local/lib/python3.12/dist-packages/keras/src/layers/core/embedding.py:100: UserWarning: Argument `input_length` is deprecated. Just remove it.\n"}
,{"stream_name":"stderr","time":1422.468610171,"data":"  warnings.warn(\n"}
,{"stream_name":"stderr","time":1422.468618412,"data":"\n"}
,{"stream_name":"stderr","time":1422.46862836,"data":"/usr/local/lib/python3.12/dist-packages/keras/src/layers/core/embedding.py:100: UserWarning: Argument `input_length` is deprecated. Just remove it.\n"}
,{"stream_name":"stderr","time":1422.468634472,"data":"  warnings.warn(\n"}
,{"stream_name":"stdout","time":1459.58369516,"data":"Validation Macro F1: 0.5342\n"}
,{"stream_name":"stdout","time":1459.583764231,"data":"  Dist. prediksi val : {0: 412, 1: 68, 2: 212}\n"}
,{"stream_name":"stdout","time":1459.583770462,"data":"  Baseline mayoritas : acc=0.5419 macro_f1=0.2343\n"}
,{"stream_name":"stdout","time":1459.58377461,"data":"  STATUS: OK\n"}
,{"stream_name":"stdout","time":1459.58377866,"data":"  Dist. prediksi val : {0: 412, 1: 68, 2: 212}\n"}
,{"stream_name":"stdout","time":1459.583782543,"data":"  Baseline mayoritas : acc=0.5419 macro_f1=0.2343\n"}
,{"stream_name":"stdout","time":1459.583786197,"data":"  STATUS: OK\n"}
,{"stream_name":"stdout","time":1459.583789692,"data":"\n"}
,{"stream_name":"stdout","time":1459.583793392,"data":"--- Eksperimen 56/120 | Strategi: Random Oversampling | Config #8 ---\n"}
,{"stream_name":"stdout","time":1459.583797257,"data":"{'batch_size': 16, 'dropout': 0.3, 'learning_rate': 5e-05, 'units': 64}\n"}
,{"stream_name":"stderr","time":1459.775730305,"data":"/usr/local/lib/python3.12/dist-packages/keras/src/layers/core/embedding.py:100: UserWarning: Argument `input_length` is deprecated. Just remove it.\n"}
,{"stream_name":"stderr","time":1459.775781073,"data":"  warnings.warn(\n"}
,{"stream_name":"stderr","time":1459.775787292,"data":"\n"}
,{"stream_name":"stderr","time":1459.775792076,"data":"/usr/local/lib/python3.12/dist-packages/keras/src/layers/core/embedding.py:100: UserWarning: Argument `input_length` is deprecated. Just remove it.\n"}
,{"stream_name":"stderr","time":1459.775797356,"data":"  warnings.warn(\n"}
,{"stream_name":"stdout","time":1502.12425526,"data":"Validation Macro F1: 0.3765\n"}
,{"stream_name":"stdout","time":1502.124311083,"data":"  Dist. prediksi val : {0: 42, 1: 429, 2: 221}\n"}
,{"stream_name":"stdout","time":1502.124322966,"data":"  Baseline mayoritas : acc=0.5419 macro_f1=0.2343\n"}
,{"stream_name":"stdout","time":1502.124327609,"data":"  STATUS: OK\n"}
,{"stream_name":"stdout","time":1502.124332567,"data":"  Dist. prediksi val : {0: 42, 1: 429, 2: 221}\n"}
,{"stream_name":"stdout","time":1502.124337663,"data":"  Baseline mayoritas : acc=0.5419 macro_f1=0.2343\n"}
,{"stream_name":"stdout","time":1502.124342293,"data":"  STATUS: OK\n"}
,{"stream_name":"stdout","time":1502.124346635,"data":"\n"}
,{"stream_name":"stdout","time":1502.124351274,"data":"--- Eksperimen 57/120 | Strategi: Random Oversampling | Config #9 ---\n"}
,{"stream_name":"stdout","time":1502.124356389,"data":"{'batch_size': 16, 'dropout': 0.3, 'learning_rate': 0.0001, 'units': 32}\n"}
,{"stream_name":"stderr","time":1502.313673604,"data":"/usr/local/lib/python3.12/dist-packages/keras/src/layers/core/embedding.py:100: UserWarning: Argument `input_length` is deprecated. Just remove it.\n"}
,{"stream_name":"stderr","time":1502.313735344,"data":"  warnings.warn(\n"}
,{"stream_name":"stderr","time":1502.313744389,"data":"\n"}
,{"stream_name":"stderr","time":1502.313750007,"data":"/usr/local/lib/python3.12/dist-packages/keras/src/layers/core/embedding.py:100: UserWarning: Argument `input_length` is deprecated. Just remove it.\n"}
,{"stream_name":"stderr","time":1502.313756037,"data":"  warnings.warn(\n"}
,{"stream_name":"stdout","time":1539.459593955,"data":"Validation Macro F1: 0.5830\n"}
,{"stream_name":"stdout","time":1539.459644134,"data":"  Dist. prediksi val : {0: 223, 1: 260, 2: 209}\n"}
,{"stream_name":"stdout","time":1539.459652408,"data":"  Baseline mayoritas : acc=0.5419 macro_f1=0.2343\n"}
,{"stream_name":"stdout","time":1539.45965776,"data":"  STATUS: OK\n"}
,{"stream_name":"stdout","time":1539.459662736,"data":"  Dist. prediksi val : {0: 223, 1: 260, 2: 209}\n"}
,{"stream_name":"stdout","time":1539.459667692,"data":"  Baseline mayoritas : acc=0.5419 macro_f1=0.2343\n"}
,{"stream_name":"stdout","time":1539.459687546,"data":"  STATUS: OK\n"}
,{"stream_name":"stdout","time":1539.45969112,"data":"\n"}
,{"stream_name":"stdout","time":1539.459715365,"data":"--- Eksperimen 58/120 | Strategi: Random Oversampling | Config #10 ---\n"}
,{"stream_name":"stdout","time":1539.459720049,"data":"{'batch_size': 16, 'dropout': 0.3, 'learning_rate': 0.0001, 'units': 64}\n"}
,{"stream_name":"stderr","time":1539.650109503,"data":"/usr/local/lib/python3.12/dist-packages/keras/src/layers/core/embedding.py:100: UserWarning: Argument `input_length` is deprecated. Just remove it.\n"}
,{"stream_name":"stderr","time":1539.650163579,"data":"  warnings.warn(\n"}
,{"stream_name":"stderr","time":1539.650171821,"data":"\n"}
,{"stream_name":"stderr","time":1539.650176142,"data":"/usr/local/lib/python3.12/dist-packages/keras/src/layers/core/embedding.py:100: UserWarning: Argument `input_length` is deprecated. Just remove it.\n"}
,{"stream_name":"stderr","time":1539.650182043,"data":"  warnings.warn(\n"}
,{"stream_name":"stdout","time":1577.041619344,"data":"Validation Macro F1: 0.6475\n"}
,{"stream_name":"stdout","time":1577.041665109,"data":"  Dist. prediksi val : {0: 359, 1: 124, 2: 209}\n"}
,{"stream_name":"stdout","time":1577.041672165,"data":"  Baseline mayoritas : acc=0.5419 macro_f1=0.2343\n"}
,{"stream_name":"stdout","time":1577.041677285,"data":"  STATUS: OK\n"}
,{"stream_name":"stdout","time":1577.041681849,"data":"  Dist. prediksi val : {0: 359, 1: 124, 2: 209}\n"}
,{"stream_name":"stdout","time":1577.041687074,"data":"  Baseline mayoritas : acc=0.5419 macro_f1=0.2343\n"}
,{"stream_name":"stdout","time":1577.041692249,"data":"  STATUS: OK\n"}
,{"stream_name":"stdout","time":1577.0416975,"data":"\n"}
,{"stream_name":"stdout","time":1577.041702751,"data":"--- Eksperimen 59/120 | Strategi: Random Oversampling | Config #11 ---\n"}
,{"stream_name":"stdout","time":1577.041708296,"data":"{'batch_size': 16, 'dropout': 0.3, 'learning_rate': 0.0002, 'units': 32}\n"}
,{"stream_name":"stderr","time":1577.233708606,"data":"/usr/local/lib/python3.12/dist-packages/keras/src/layers/core/embedding.py:100: UserWarning: Argument `input_length` is deprecated. Just remove it.\n"}
,{"stream_name":"stderr","time":1577.233764849,"data":"  warnings.warn(\n"}
,{"stream_name":"stderr","time":1577.23377303,"data":"\n"}
,{"stream_name":"stderr","time":1577.233778619,"data":"/usr/local/lib/python3.12/dist-packages/keras/src/layers/core/embedding.py:100: UserWarning: Argument `input_length` is deprecated. Just remove it.\n"}
,{"stream_name":"stderr","time":1577.233784999,"data":"  warnings.warn(\n"}
,{"stream_name":"stdout","time":1614.87676239,"data":"Validation Macro F1: 0.6282\n"}
,{"stream_name":"stdout","time":1614.876818068,"data":"  Dist. prediksi val : {0: 361, 1: 113, 2: 218}\n"}
,{"stream_name":"stdout","time":1614.876825517,"data":"  Baseline mayoritas : acc=0.5419 macro_f1=0.2343\n"}
,{"stream_name":"stdout","time":1614.87683117,"data":"  STATUS: OK\n"}
,{"stream_name":"stdout","time":1614.876836403,"data":"  Dist. prediksi val : {0: 361, 1: 113, 2: 218}\n"}
,{"stream_name":"stdout","time":1614.87684151,"data":"  Baseline mayoritas : acc=0.5419 macro_f1=0.2343\n"}
,{"stream_name":"stdout","time":1614.876846587,"data":"  STATUS: OK\n"}
,{"stream_name":"stdout","time":1614.876851664,"data":"\n"}
,{"stream_name":"stdout","time":1614.876856548,"data":"--- Eksperimen 60/120 | Strategi: Random Oversampling | Config #12 ---\n"}
,{"stream_name":"stdout","time":1614.876861865,"data":"{'batch_size': 16, 'dropout': 0.3, 'learning_rate': 0.0002, 'units': 64}\n"}
,{"stream_name":"stderr","time":1615.064576614,"data":"/usr/local/lib/python3.12/dist-packages/keras/src/layers/core/embedding.py:100: UserWarning: Argument `input_length` is deprecated. Just remove it.\n"}
,{"stream_name":"stderr","time":1615.064652362,"data":"  warnings.warn(\n"}
,{"stream_name":"stderr","time":1615.064660203,"data":"\n"}
,{"stream_name":"stderr","time":1615.064664518,"data":"/usr/local/lib/python3.12/dist-packages/keras/src/layers/core/embedding.py:100: UserWarning: Argument `input_length` is deprecated. Just remove it.\n"}
,{"stream_name":"stderr","time":1615.06466935,"data":"  warnings.warn(\n"}
,{"stream_name":"stdout","time":1648.528713743,"data":"Validation Macro F1: 0.6301\n"}
,{"stream_name":"stdout","time":1648.528767918,"data":"  Dist. prediksi val : {0: 328, 1: 122, 2: 242}\n"}
,{"stream_name":"stdout","time":1648.528775884,"data":"  Baseline mayoritas : acc=0.5419 macro_f1=0.2343\n"}
,{"stream_name":"stdout","time":1648.528781135,"data":"  STATUS: OK\n"}
,{"stream_name":"stdout","time":1648.528785728,"data":"  Dist. prediksi val : {0: 328, 1: 122, 2: 242}\n"}
,{"stream_name":"stdout","time":1648.528790639,"data":"  Baseline mayoritas : acc=0.5419 macro_f1=0.2343\n"}
,{"stream_name":"stdout","time":1648.528795285,"data":"  STATUS: OK\n"}
,{"stream_name":"stdout","time":1648.528799659,"data":"\n"}
,{"stream_name":"stdout","time":1648.528804524,"data":"--- Eksperimen 61/120 | Strategi: Random Oversampling | Config #13 ---\n"}
,{"stream_name":"stdout","time":1648.52880919,"data":"{'batch_size': 32, 'dropout': 0.2, 'learning_rate': 5e-05, 'units': 32}\n"}
,{"stream_name":"stderr","time":1648.731657631,"data":"/usr/local/lib/python3.12/dist-packages/keras/src/layers/core/embedding.py:100: UserWarning: Argument `input_length` is deprecated. Just remove it.\n"}
,{"stream_name":"stderr","time":1648.73170532,"data":"  warnings.warn(\n"}
,{"stream_name":"stderr","time":1648.731713171,"data":"\n"}
,{"stream_name":"stderr","time":1648.731718448,"data":"/usr/local/lib/python3.12/dist-packages/keras/src/layers/core/embedding.py:100: UserWarning: Argument `input_length` is deprecated. Just remove it.\n"}
,{"stream_name":"stderr","time":1648.73172448,"data":"  warnings.warn(\n"}
,{"stream_name":"stdout","time":1673.044551911,"data":"Validation Macro F1: 0.5173\n"}
,{"stream_name":"stdout","time":1673.044638029,"data":"  Dist. prediksi val : {0: 442, 1: 53, 2: 197}\n"}
,{"stream_name":"stdout","time":1673.044647601,"data":"  Baseline mayoritas : acc=0.5419 macro_f1=0.2343\n"}
,{"stream_name":"stdout","time":1673.04465332,"data":"  STATUS: OK\n"}
,{"stream_name":"stdout","time":1673.044659264,"data":"  Dist. prediksi val : {0: 442, 1: 53, 2: 197}\n"}
,{"stream_name":"stdout","time":1673.044665085,"data":"  Baseline mayoritas : acc=0.5419 macro_f1=0.2343\n"}
,{"stream_name":"stdout","time":1673.044679204,"data":"  STATUS: OK\n"}
,{"stream_name":"stdout","time":1673.044684507,"data":"\n"}
,{"stream_name":"stdout","time":1673.044689992,"data":"--- Eksperimen 62/120 | Strategi: Random Oversampling | Config #14 ---\n"}
,{"stream_name":"stdout","time":1673.044696324,"data":"{'batch_size': 32, 'dropout': 0.2, 'learning_rate': 5e-05, 'units': 64}\n"}
,{"stream_name":"stderr","time":1673.307732547,"data":"/usr/local/lib/python3.12/dist-packages/keras/src/layers/core/embedding.py:100: UserWarning: Argument `input_length` is deprecated. Just remove it.\n"}
,{"stream_name":"stderr","time":1673.307821671,"data":"  warnings.warn(\n"}
,{"stream_name":"stderr","time":1673.307831218,"data":"\n"}
,{"stream_name":"stderr","time":1673.307838004,"data":"/usr/local/lib/python3.12/dist-packages/keras/src/layers/core/embedding.py:100: UserWarning: Argument `input_length` is deprecated. Just remove it.\n"}
,{"stream_name":"stderr","time":1673.307843401,"data":"  warnings.warn(\n"}
,{"stream_name":"stdout","time":1697.657123605,"data":"Validation Macro F1: 0.3710\n"}
,{"stream_name":"stdout","time":1697.657164285,"data":"  Dist. prediksi val : {0: 30, 1: 436, 2: 226}\n"}
,{"stream_name":"stdout","time":1697.65717103,"data":"  Baseline mayoritas : acc=0.5419 macro_f1=0.2343\n"}
,{"stream_name":"stdout","time":1697.657175978,"data":"  STATUS: OK\n"}
,{"stream_name":"stdout","time":1697.657181315,"data":"  Dist. prediksi val : {0: 30, 1: 436, 2: 226}\n"}
,{"stream_name":"stdout","time":1697.657191526,"data":"  Baseline mayoritas : acc=0.5419 macro_f1=0.2343\n"}
,{"stream_name":"stdout","time":1697.657196823,"data":"  STATUS: OK\n"}
,{"stream_name":"stdout","time":1697.65720217,"data":"\n"}
,{"stream_name":"stdout","time":1697.657207225,"data":"--- Eksperimen 63/120 | Strategi: Random Oversampling | Config #15 ---\n"}
,{"stream_name":"stdout","time":1697.65721242,"data":"{'batch_size': 32, 'dropout': 0.2, 'learning_rate': 0.0001, 'units': 32}\n"}
,{"stream_name":"stderr","time":1697.836368837,"data":"/usr/local/lib/python3.12/dist-packages/keras/src/layers/core/embedding.py:100: UserWarning: Argument `input_length` is deprecated. Just remove it.\n"}
,{"stream_name":"stderr","time":1697.836425411,"data":"  warnings.warn(\n"}
,{"stream_name":"stderr","time":1697.836433532,"data":"\n"}
,{"stream_name":"stderr","time":1697.836439138,"data":"/usr/local/lib/python3.12/dist-packages/keras/src/layers/core/embedding.py:100: UserWarning: Argument `input_length` is deprecated. Just remove it.\n"}
,{"stream_name":"stderr","time":1697.836445133,"data":"  warnings.warn(\n"}
,{"stream_name":"stdout","time":1716.392376058,"data":"Validation Macro F1: 0.5249\n"}
,{"stream_name":"stdout","time":1716.392439393,"data":"  Dist. prediksi val : {0: 416, 1: 55, 2: 221}\n"}
,{"stream_name":"stdout","time":1716.392446233,"data":"  Baseline mayoritas : acc=0.5419 macro_f1=0.2343\n"}
,{"stream_name":"stdout","time":1716.392451719,"data":"  STATUS: OK\n"}
,{"stream_name":"stdout","time":1716.392456902,"data":"  Dist. prediksi val : {0: 416, 1: 55, 2: 221}\n"}
,{"stream_name":"stdout","time":1716.392461893,"data":"  Baseline mayoritas : acc=0.5419 macro_f1=0.2343\n"}
,{"stream_name":"stdout","time":1716.392467234,"data":"  STATUS: OK\n"}
,{"stream_name":"stdout","time":1716.392472666,"data":"\n"}
,{"stream_name":"stdout","time":1716.392477443,"data":"--- Eksperimen 64/120 | Strategi: Random Oversampling | Config #16 ---\n"}
,{"stream_name":"stdout","time":1716.392482386,"data":"{'batch_size': 32, 'dropout': 0.2, 'learning_rate': 0.0001, 'units': 64}\n"}
,{"stream_name":"stderr","time":1716.623624069,"data":"/usr/local/lib/python3.12/dist-packages/keras/src/layers/core/embedding.py:100: UserWarning: Argument `input_length` is deprecated. Just remove it.\n"}
,{"stream_name":"stderr","time":1716.623674763,"data":"  warnings.warn(\n"}
,{"stream_name":"stderr","time":1716.623682161,"data":"\n"}
,{"stream_name":"stderr","time":1716.623688172,"data":"/usr/local/lib/python3.12/dist-packages/keras/src/layers/core/embedding.py:100: UserWarning: Argument `input_length` is deprecated. Just remove it.\n"}
,{"stream_name":"stderr","time":1716.623694406,"data":"  warnings.warn(\n"}
,{"stream_name":"stdout","time":1734.575469002,"data":"Validation Macro F1: 0.4069\n"}
,{"stream_name":"stdout","time":1734.57551375,"data":"  Dist. prediksi val : {0: 66, 1: 362, 2: 264}\n"}
,{"stream_name":"stdout","time":1734.57552043,"data":"  Baseline mayoritas : acc=0.5419 macro_f1=0.2343\n"}
,{"stream_name":"stdout","time":1734.575541827,"data":"  STATUS: OK\n"}
,{"stream_name":"stdout","time":1734.575547475,"data":"  Dist. prediksi val : {0: 66, 1: 362, 2: 264}\n"}
,{"stream_name":"stdout","time":1734.575565218,"data":"  Baseline mayoritas : acc=0.5419 macro_f1=0.2343\n"}
,{"stream_name":"stdout","time":1734.57557051,"data":"  STATUS: OK\n"}
,{"stream_name":"stdout","time":1734.57557638,"data":"\n"}
,{"stream_name":"stdout","time":1734.5755809,"data":"--- Eksperimen 65/120 | Strategi: Random Oversampling | Config #17 ---\n"}
,{"stream_name":"stdout","time":1734.575585056,"data":"{'batch_size': 32, 'dropout': 0.2, 'learning_rate': 0.0002, 'units': 32}\n"}
,{"stream_name":"stderr","time":1734.774437639,"data":"/usr/local/lib/python3.12/dist-packages/keras/src/layers/core/embedding.py:100: UserWarning: Argument `input_length` is deprecated. Just remove it.\n"}
,{"stream_name":"stderr","time":1734.774481811,"data":"  warnings.warn(\n"}
,{"stream_name":"stderr","time":1734.774485101,"data":"\n"}
,{"stream_name":"stderr","time":1734.774487608,"data":"/usr/local/lib/python3.12/dist-packages/keras/src/layers/core/embedding.py:100: UserWarning: Argument `input_length` is deprecated. Just remove it.\n"}
,{"stream_name":"stderr","time":1734.774490818,"data":"  warnings.warn(\n"}
,{"stream_name":"stdout","time":1752.65965144,"data":"Validation Macro F1: 0.4710\n"}
,{"stream_name":"stdout","time":1752.65971348,"data":"  Dist. prediksi val : {0: 175, 1: 284, 2: 233}\n"}
,{"stream_name":"stdout","time":1752.659719678,"data":"  Baseline mayoritas : acc=0.5419 macro_f1=0.2343\n"}
,{"stream_name":"stdout","time":1752.659724408,"data":"  STATUS: OK\n"}
,{"stream_name":"stdout","time":1752.659729435,"data":"  Dist. prediksi val : {0: 175, 1: 284, 2: 233}\n"}
,{"stream_name":"stdout","time":1752.65973511,"data":"  Baseline mayoritas : acc=0.5419 macro_f1=0.2343\n"}
,{"stream_name":"stdout","time":1752.659739909,"data":"  STATUS: OK\n"}
,{"stream_name":"stdout","time":1752.6597448,"data":"\n"}
,{"stream_name":"stdout","time":1752.659749699,"data":"--- Eksperimen 66/120 | Strategi: Random Oversampling | Config #18 ---\n"}
,{"stream_name":"stdout","time":1752.659754685,"data":"{'batch_size': 32, 'dropout': 0.2, 'learning_rate': 0.0002, 'units': 64}\n"}
,{"stream_name":"stderr","time":1752.886383988,"data":"/usr/local/lib/python3.12/dist-packages/keras/src/layers/core/embedding.py:100: UserWarning: Argument `input_length` is deprecated. Just remove it.\n"}
,{"stream_name":"stderr","time":1752.886470243,"data":"  warnings.warn(\n"}
,{"stream_name":"stderr","time":1752.886478664,"data":"\n"}
,{"stream_name":"stderr","time":1752.886485188,"data":"/usr/local/lib/python3.12/dist-packages/keras/src/layers/core/embedding.py:100: UserWarning: Argument `input_length` is deprecated. Just remove it.\n"}
,{"stream_name":"stderr","time":1752.886491669,"data":"  warnings.warn(\n"}
,{"stream_name":"stdout","time":1770.402873424,"data":"Validation Macro F1: 0.6647\n"}
,{"stream_name":"stdout","time":1770.402922294,"data":"  Dist. prediksi val : {0: 389, 1: 110, 2: 193}\n"}
,{"stream_name":"stdout","time":1770.402929413,"data":"  Baseline mayoritas : acc=0.5419 macro_f1=0.2343\n"}
,{"stream_name":"stdout","time":1770.402935284,"data":"  STATUS: OK\n"}
,{"stream_name":"stdout","time":1770.402941119,"data":"  Dist. prediksi val : {0: 389, 1: 110, 2: 193}\n"}
,{"stream_name":"stdout","time":1770.402946694,"data":"  Baseline mayoritas : acc=0.5419 macro_f1=0.2343\n"}
,{"stream_name":"stdout","time":1770.402952364,"data":"  STATUS: OK\n"}
,{"stream_name":"stdout","time":1770.402957496,"data":"\n"}
,{"stream_name":"stdout","time":1770.402962251,"data":"--- Eksperimen 67/120 | Strategi: Random Oversampling | Config #19 ---\n"}
,{"stream_name":"stdout","time":1770.402969534,"data":"{'batch_size': 32, 'dropout': 0.3, 'learning_rate': 5e-05, 'units': 32}\n"}
,{"stream_name":"stderr","time":1770.592027029,"data":"/usr/local/lib/python3.12/dist-packages/keras/src/layers/core/embedding.py:100: UserWarning: Argument `input_length` is deprecated. Just remove it.\n"}
,{"stream_name":"stderr","time":1770.592108969,"data":"  warnings.warn(\n"}
,{"stream_name":"stderr","time":1770.592115099,"data":"\n"}
,{"stream_name":"stderr","time":1770.592119059,"data":"/usr/local/lib/python3.12/dist-packages/keras/src/layers/core/embedding.py:100: UserWarning: Argument `input_length` is deprecated. Just remove it.\n"}
,{"stream_name":"stderr","time":1770.592123475,"data":"  warnings.warn(\n"}
,{"stream_name":"stdout","time":1793.364771015,"data":"Validation Macro F1: 0.5012\n"}
,{"stream_name":"stdout","time":1793.364821697,"data":"  Dist. prediksi val : {0: 450, 1: 26, 2: 216}\n"}
,{"stream_name":"stdout","time":1793.36482648,"data":"  Baseline mayoritas : acc=0.5419 macro_f1=0.2343\n"}
,{"stream_name":"stdout","time":1793.364841872,"data":"  STATUS: OK\n"}
,{"stream_name":"stdout","time":1793.364848036,"data":"  Dist. prediksi val : {0: 450, 1: 26, 2: 216}\n"}
,{"stream_name":"stdout","time":1793.364853217,"data":"  Baseline mayoritas : acc=0.5419 macro_f1=0.2343\n"}
,{"stream_name":"stdout","time":1793.364858713,"data":"  STATUS: OK\n"}
,{"stream_name":"stdout","time":1793.364863922,"data":"\n"}
,{"stream_name":"stdout","time":1793.364868509,"data":"--- Eksperimen 68/120 | Strategi: Random Oversampling | Config #20 ---\n"}
,{"stream_name":"stdout","time":1793.364873354,"data":"{'batch_size': 32, 'dropout': 0.3, 'learning_rate': 5e-05, 'units': 64}\n"}
,{"stream_name":"stderr","time":1793.604094898,"data":"/usr/local/lib/python3.12/dist-packages/keras/src/layers/core/embedding.py:100: UserWarning: Argument `input_length` is deprecated. Just remove it.\n"}
,{"stream_name":"stderr","time":1793.604164442,"data":"  warnings.warn(\n"}
,{"stream_name":"stderr","time":1793.604172099,"data":"\n"}
,{"stream_name":"stderr","time":1793.60417715,"data":"/usr/local/lib/python3.12/dist-packages/keras/src/layers/core/embedding.py:100: UserWarning: Argument `input_length` is deprecated. Just remove it.\n"}
,{"stream_name":"stderr","time":1793.604182612,"data":"  warnings.warn(\n"}
,{"stream_name":"stdout","time":1816.260042839,"data":"Validation Macro F1: 0.3778\n"}
,{"stream_name":"stdout","time":1816.2600905,"data":"  Dist. prediksi val : {0: 44, 1: 419, 2: 229}\n"}
,{"stream_name":"stdout","time":1816.260097255,"data":"  Baseline mayoritas : acc=0.5419 macro_f1=0.2343\n"}
,{"stream_name":"stdout","time":1816.26010211,"data":"  STATUS: OK\n"}
,{"stream_name":"stdout","time":1816.260106701,"data":"  Dist. prediksi val : {0: 44, 1: 419, 2: 229}\n"}
,{"stream_name":"stdout","time":1816.26011117,"data":"  Baseline mayoritas : acc=0.5419 macro_f1=0.2343\n"}
,{"stream_name":"stdout","time":1816.26011619,"data":"  STATUS: OK\n"}
,{"stream_name":"stdout","time":1816.260120829,"data":"\n"}
,{"stream_name":"stdout","time":1816.260125819,"data":"--- Eksperimen 69/120 | Strategi: Random Oversampling | Config #21 ---\n"}
,{"stream_name":"stdout","time":1816.260130476,"data":"{'batch_size': 32, 'dropout': 0.3, 'learning_rate': 0.0001, 'units': 32}\n"}
,{"stream_name":"stderr","time":1816.450882518,"data":"/usr/local/lib/python3.12/dist-packages/keras/src/layers/core/embedding.py:100: UserWarning: Argument `input_length` is deprecated. Just remove it.\n"}
,{"stream_name":"stderr","time":1816.45094329,"data":"  warnings.warn(\n"}
,{"stream_name":"stderr","time":1816.450948096,"data":"\n"}
,{"stream_name":"stderr","time":1816.450951495,"data":"/usr/local/lib/python3.12/dist-packages/keras/src/layers/core/embedding.py:100: UserWarning: Argument `input_length` is deprecated. Just remove it.\n"}
,{"stream_name":"stderr","time":1816.45098795,"data":"  warnings.warn(\n"}
,{"stream_name":"stdout","time":1834.277126819,"data":"Validation Macro F1: 0.4924\n"}
,{"stream_name":"stdout","time":1834.277185654,"data":"  Dist. prediksi val : {0: 456, 1: 11, 2: 225}\n"}
,{"stream_name":"stdout","time":1834.277194255,"data":"  Baseline mayoritas : acc=0.5419 macro_f1=0.2343\n"}
,{"stream_name":"stdout","time":1834.277200427,"data":"  STATUS: OK\n"}
,{"stream_name":"stdout","time":1834.277205549,"data":"  Dist. prediksi val : {0: 456, 1: 11, 2: 225}\n"}
,{"stream_name":"stdout","time":1834.277210987,"data":"  Baseline mayoritas : acc=0.5419 macro_f1=0.2343\n"}
,{"stream_name":"stdout","time":1834.277216,"data":"  STATUS: OK\n"}
,{"stream_name":"stdout","time":1834.277222692,"data":"\n"}
,{"stream_name":"stdout","time":1834.277232398,"data":"--- Eksperimen 70/120 | Strategi: Random Oversampling | Config #22 ---\n"}
,{"stream_name":"stdout","time":1834.277236526,"data":"{'batch_size': 32, 'dropout': 0.3, 'learning_rate': 0.0001, 'units': 64}\n"}
,{"stream_name":"stderr","time":1834.506805494,"data":"/usr/local/lib/python3.12/dist-packages/keras/src/layers/core/embedding.py:100: UserWarning: Argument `input_length` is deprecated. Just remove it.\n"}
,{"stream_name":"stderr","time":1834.506856346,"data":"  warnings.warn(\n"}
,{"stream_name":"stderr","time":1834.506864383,"data":"\n"}
,{"stream_name":"stderr","time":1834.50687037,"data":"/usr/local/lib/python3.12/dist-packages/keras/src/layers/core/embedding.py:100: UserWarning: Argument `input_length` is deprecated. Just remove it.\n"}
,{"stream_name":"stderr","time":1834.506876051,"data":"  warnings.warn(\n"}
,{"stream_name":"stdout","time":1857.230345287,"data":"Validation Macro F1: 0.6112\n"}
,{"stream_name":"stdout","time":1857.230399173,"data":"  Dist. prediksi val : {0: 462, 1: 62, 2: 168}\n"}
,{"stream_name":"stdout","time":1857.230405689,"data":"  Baseline mayoritas : acc=0.5419 macro_f1=0.2343\n"}
,{"stream_name":"stdout","time":1857.230410771,"data":"  STATUS: OK\n"}
,{"stream_name":"stdout","time":1857.230415441,"data":"  Dist. prediksi val : {0: 462, 1: 62, 2: 168}\n"}
,{"stream_name":"stdout","time":1857.230420596,"data":"  Baseline mayoritas : acc=0.5419 macro_f1=0.2343\n"}
,{"stream_name":"stdout","time":1857.230425328,"data":"  STATUS: OK\n"}
,{"stream_name":"stdout","time":1857.230430287,"data":"\n"}
,{"stream_name":"stdout","time":1857.230435204,"data":"--- Eksperimen 71/120 | Strategi: Random Oversampling | Config #23 ---\n"}
,{"stream_name":"stdout","time":1857.230440134,"data":"{'batch_size': 32, 'dropout': 0.3, 'learning_rate': 0.0002, 'units': 32}\n"}
,{"stream_name":"stderr","time":1857.452510621,"data":"/usr/local/lib/python3.12/dist-packages/keras/src/layers/core/embedding.py:100: UserWarning: Argument `input_length` is deprecated. Just remove it.\n"}
,{"stream_name":"stderr","time":1857.452591521,"data":"  warnings.warn(\n"}
,{"stream_name":"stderr","time":1857.45259936,"data":"\n"}
,{"stream_name":"stderr","time":1857.452604278,"data":"/usr/local/lib/python3.12/dist-packages/keras/src/layers/core/embedding.py:100: UserWarning: Argument `input_length` is deprecated. Just remove it.\n"}
,{"stream_name":"stderr","time":1857.45261457,"data":"  warnings.warn(\n"}
,{"stream_name":"stdout","time":1875.037311004,"data":"Validation Macro F1: 0.3622\n"}
,{"stream_name":"stdout","time":1875.037370477,"data":"  Dist. prediksi val : {0: 33, 1: 422, 2: 237}\n"}
,{"stream_name":"stdout","time":1875.037377417,"data":"  Baseline mayoritas : acc=0.5419 macro_f1=0.2343\n"}
,{"stream_name":"stdout","time":1875.037382705,"data":"  STATUS: OK\n"}
,{"stream_name":"stdout","time":1875.03740562,"data":"  Dist. prediksi val : {0: 33, 1: 422, 2: 237}\n"}
,{"stream_name":"stdout","time":1875.037409651,"data":"  Baseline mayoritas : acc=0.5419 macro_f1=0.2343\n"}
,{"stream_name":"stdout","time":1875.037413331,"data":"  STATUS: OK\n"}
,{"stream_name":"stdout","time":1875.037417358,"data":"\n"}
,{"stream_name":"stdout","time":1875.037421485,"data":"--- Eksperimen 72/120 | Strategi: Random Oversampling | Config #24 ---\n"}
,{"stream_name":"stdout","time":1875.037425584,"data":"{'batch_size': 32, 'dropout': 0.3, 'learning_rate': 0.0002, 'units': 64}\n"}
,{"stream_name":"stderr","time":1875.272830894,"data":"/usr/local/lib/python3.12/dist-packages/keras/src/layers/core/embedding.py:100: UserWarning: Argument `input_length` is deprecated. Just remove it.\n"}
,{"stream_name":"stderr","time":1875.272887787,"data":"  warnings.warn(\n"}
,{"stream_name":"stderr","time":1875.272893849,"data":"\n"}
,{"stream_name":"stderr","time":1875.272898239,"data":"/usr/local/lib/python3.12/dist-packages/keras/src/layers/core/embedding.py:100: UserWarning: Argument `input_length` is deprecated. Just remove it.\n"}
,{"stream_name":"stderr","time":1875.272902724,"data":"  warnings.warn(\n"}
,{"stream_name":"stdout","time":1892.838323376,"data":"Validation Macro F1: 0.5589\n"}
,{"stream_name":"stdout","time":1892.838374078,"data":"  Dist. prediksi val : {0: 226, 1: 259, 2: 207}\n"}
,{"stream_name":"stdout","time":1892.838381492,"data":"  Baseline mayoritas : acc=0.5419 macro_f1=0.2343\n"}
,{"stream_name":"stdout","time":1892.838386276,"data":"  STATUS: OK\n"}
,{"stream_name":"stdout","time":1892.8383915,"data":"  Dist. prediksi val : {0: 226, 1: 259, 2: 207}\n"}
,{"stream_name":"stdout","time":1892.838396144,"data":"  Baseline mayoritas : acc=0.5419 macro_f1=0.2343\n"}
,{"stream_name":"stdout","time":1892.83840054,"data":"  STATUS: OK\n"}
,{"stream_name":"stdout","time":1892.838405128,"data":"\n"}
,{"stream_name":"stdout","time":1892.83840944,"data":"============================================================\n"}
,{"stream_name":"stdout","time":1892.838413945,"data":" STRATEGI IMBALANCED DATA: Random Undersampling\n"}
,{"stream_name":"stdout","time":1892.838418678,"data":"============================================================\n"}
,{"stream_name":"stdout","time":1892.838423432,"data":"Jumlah data training setelah penanganan: 3261 sampel\n"}
,{"stream_name":"stdout","time":1892.838430216,"data":"\n"}
,{"stream_name":"stdout","time":1892.83843486,"data":"--- Eksperimen 73/120 | Strategi: Random Undersampling | Config #1 ---\n"}
,{"stream_name":"stdout","time":1892.838439834,"data":"{'batch_size': 16, 'dropout': 0.2, 'learning_rate': 5e-05, 'units': 32}\n"}
,{"stream_name":"stderr","time":1893.027798509,"data":"/usr/local/lib/python3.12/dist-packages/keras/src/layers/core/embedding.py:100: UserWarning: Argument `input_length` is deprecated. Just remove it.\n"}
,{"stream_name":"stderr","time":1893.027852527,"data":"  warnings.warn(\n"}
,{"stream_name":"stderr","time":1893.02785977,"data":"\n"}
,{"stream_name":"stderr","time":1893.027865379,"data":"/usr/local/lib/python3.12/dist-packages/keras/src/layers/core/embedding.py:100: UserWarning: Argument `input_length` is deprecated. Just remove it.\n"}
,{"stream_name":"stderr","time":1893.027871763,"data":"  warnings.warn(\n"}
,{"stream_name":"stdout","time":1902.935159139,"data":"Validation Macro F1: 0.2491\n"}
,{"stream_name":"stdout","time":1902.935211882,"data":"  Dist. prediksi val : {0: 672, 1: 6, 2: 14}\n"}
,{"stream_name":"stdout","time":1902.935217804,"data":"  Baseline mayoritas : acc=0.5419 macro_f1=0.2343\n"}
,{"stream_name":"stdout","time":1902.935222439,"data":"  STATUS: OK\n"}
,{"stream_name":"stdout","time":1902.935243155,"data":"  Dist. prediksi val : {0: 672, 1: 6, 2: 14}\n"}
,{"stream_name":"stdout","time":1902.935252705,"data":"  Baseline mayoritas : acc=0.5419 macro_f1=0.2343\n"}
,{"stream_name":"stdout","time":1902.935255956,"data":"  STATUS: OK\n"}
,{"stream_name":"stdout","time":1902.935259305,"data":"\n"}
,{"stream_name":"stdout","time":1902.935262624,"data":"--- Eksperimen 74/120 | Strategi: Random Undersampling | Config #2 ---\n"}
,{"stream_name":"stdout","time":1902.935265979,"data":"{'batch_size': 16, 'dropout': 0.2, 'learning_rate': 5e-05, 'units': 64}\n"}
,{"stream_name":"stderr","time":1903.155452519,"data":"/usr/local/lib/python3.12/dist-packages/keras/src/layers/core/embedding.py:100: UserWarning: Argument `input_length` is deprecated. Just remove it.\n"}
,{"stream_name":"stderr","time":1903.155502379,"data":"  warnings.warn(\n"}
,{"stream_name":"stderr","time":1903.155510231,"data":"\n"}
,{"stream_name":"stderr","time":1903.155515162,"data":"/usr/local/lib/python3.12/dist-packages/keras/src/layers/core/embedding.py:100: UserWarning: Argument `input_length` is deprecated. Just remove it.\n"}
,{"stream_name":"stderr","time":1903.155520013,"data":"  warnings.warn(\n"}
,{"stream_name":"stdout","time":1918.257882349,"data":"Validation Macro F1: 0.1077\n"}
,{"stream_name":"stdout","time":1918.257946831,"data":"  Dist. prediksi val : {0: 11, 1: 680, 2: 1}\n"}
,{"stream_name":"stdout","time":1918.257955964,"data":"  Baseline mayoritas : acc=0.5419 macro_f1=0.2343\n"}
,{"stream_name":"stdout","time":1918.257961984,"data":"  STATUS: COLLAPSE (F1 \u003c= baseline)\n"}
,{"stream_name":"stdout","time":1918.257967911,"data":"  Dist. prediksi val : {0: 11, 1: 680, 2: 1}\n"}
,{"stream_name":"stdout","time":1918.257973649,"data":"  Baseline mayoritas : acc=0.5419 macro_f1=0.2343\n"}
,{"stream_name":"stdout","time":1918.25797948,"data":"  STATUS: COLLAPSE (F1 \u003c= baseline)\n"}
,{"stream_name":"stdout","time":1918.257985607,"data":"\n"}
,{"stream_name":"stdout","time":1918.257991242,"data":"--- Eksperimen 75/120 | Strategi: Random Undersampling | Config #3 ---\n"}
,{"stream_name":"stdout","time":1918.257996607,"data":"{'batch_size': 16, 'dropout': 0.2, 'learning_rate': 0.0001, 'units': 32}\n"}
,{"stream_name":"stderr","time":1918.485948556,"data":"/usr/local/lib/python3.12/dist-packages/keras/src/layers/core/embedding.py:100: UserWarning: Argument `input_length` is deprecated. Just remove it.\n"}
,{"stream_name":"stderr","time":1918.486006422,"data":"  warnings.warn(\n"}
,{"stream_name":"stderr","time":1918.486014144,"data":"\n"}
,{"stream_name":"stderr","time":1918.486019361,"data":"/usr/local/lib/python3.12/dist-packages/keras/src/layers/core/embedding.py:100: UserWarning: Argument `input_length` is deprecated. Just remove it.\n"}
,{"stream_name":"stderr","time":1918.48602515,"data":"  warnings.warn(\n"}
,{"stream_name":"stdout","time":1928.379231048,"data":"Validation Macro F1: 0.2380\n"}
,{"stream_name":"stdout","time":1928.379287768,"data":"  Dist. prediksi val : {0: 685, 1: 4, 2: 3}\n"}
,{"stream_name":"stdout","time":1928.379296511,"data":"  Baseline mayoritas : acc=0.5419 macro_f1=0.2343\n"}
,{"stream_name":"stdout","time":1928.379302581,"data":"  STATUS: OK\n"}
,{"stream_name":"stdout","time":1928.379308878,"data":"  Dist. prediksi val : {0: 685, 1: 4, 2: 3}\n"}
,{"stream_name":"stdout","time":1928.379325669,"data":"  Baseline mayoritas : acc=0.5419 macro_f1=0.2343\n"}
,{"stream_name":"stdout","time":1928.379331553,"data":"  STATUS: OK\n"}
,{"stream_name":"stdout","time":1928.379336768,"data":"\n"}
,{"stream_name":"stdout","time":1928.379341842,"data":"--- Eksperimen 76/120 | Strategi: Random Undersampling | Config #4 ---\n"}
,{"stream_name":"stdout","time":1928.379359319,"data":"{'batch_size': 16, 'dropout': 0.2, 'learning_rate': 0.0001, 'units': 64}\n"}
,{"stream_name":"stderr","time":1928.458515397,"data":"/usr/local/lib/python3.12/dist-packages/keras/src/layers/core/embedding.py:100: UserWarning: Argument `input_length` is deprecated. Just remove it.\n"}
,{"stream_name":"stderr","time":1928.458595422,"data":"  warnings.warn(\n"}
,{"stream_name":"stderr","time":1928.458602161,"data":"\n"}
,{"stream_name":"stderr","time":1928.458606041,"data":"/usr/local/lib/python3.12/dist-packages/keras/src/layers/core/embedding.py:100: UserWarning: Argument `input_length` is deprecated. Just remove it.\n"}
,{"stream_name":"stderr","time":1928.458610441,"data":"  warnings.warn(\n"}
,{"stream_name":"stdout","time":1937.956684103,"data":"Validation Macro F1: 0.1747\n"}
,{"stream_name":"stdout","time":1937.956743334,"data":"  Dist. prediksi val : {0: 74, 1: 618}\n"}
,{"stream_name":"stdout","time":1937.95674999,"data":"  Baseline mayoritas : acc=0.5419 macro_f1=0.2343\n"}
,{"stream_name":"stdout","time":1937.956755219,"data":"  STATUS: COLLAPSE (F1 \u003c= baseline)\n"}
,{"stream_name":"stdout","time":1937.95676071,"data":"  Dist. prediksi val : {0: 74, 1: 618}\n"}
,{"stream_name":"stdout","time":1937.956765288,"data":"  Baseline mayoritas : acc=0.5419 macro_f1=0.2343\n"}
,{"stream_name":"stdout","time":1937.956769831,"data":"  STATUS: COLLAPSE (F1 \u003c= baseline)\n"}
,{"stream_name":"stdout","time":1937.956774454,"data":"\n"}
,{"stream_name":"stdout","time":1937.956778936,"data":"--- Eksperimen 77/120 | Strategi: Random Undersampling | Config #5 ---\n"}
,{"stream_name":"stdout","time":1937.956783539,"data":"{'batch_size': 16, 'dropout': 0.2, 'learning_rate': 0.0002, 'units': 32}\n"}
,{"stream_name":"stderr","time":1938.181601861,"data":"/usr/local/lib/python3.12/dist-packages/keras/src/layers/core/embedding.py:100: UserWarning: Argument `input_length` is deprecated. Just remove it.\n"}
,{"stream_name":"stderr","time":1938.181648195,"data":"  warnings.warn(\n"}
,{"stream_name":"stderr","time":1938.181655078,"data":"\n"}
,{"stream_name":"stderr","time":1938.181659995,"data":"/usr/local/lib/python3.12/dist-packages/keras/src/layers/core/embedding.py:100: UserWarning: Argument `input_length` is deprecated. Just remove it.\n"}
,{"stream_name":"stderr","time":1938.18166529,"data":"  warnings.warn(\n"}
,{"stream_name":"stdout","time":1955.158719388,"data":"Validation Macro F1: 0.5539\n"}
,{"stream_name":"stdout","time":1955.158802376,"data":"  Dist. prediksi val : {0: 370, 1: 117, 2: 205}\n"}
,{"stream_name":"stdout","time":1955.158810706,"data":"  Baseline mayoritas : acc=0.5419 macro_f1=0.2343\n"}
,{"stream_name":"stdout","time":1955.15881584,"data":"  STATUS: OK\n"}
,{"stream_name":"stdout","time":1955.158820431,"data":"  Dist. prediksi val : {0: 370, 1: 117, 2: 205}\n"}
,{"stream_name":"stdout","time":1955.158825058,"data":"  Baseline mayoritas : acc=0.5419 macro_f1=0.2343\n"}
,{"stream_name":"stdout","time":1955.158829887,"data":"  STATUS: OK\n"}
,{"stream_name":"stdout","time":1955.158840454,"data":"\n"}
,{"stream_name":"stdout","time":1955.15884432,"data":"--- Eksperimen 78/120 | Strategi: Random Undersampling | Config #6 ---\n"}
,{"stream_name":"stdout","time":1955.158847739,"data":"{'batch_size': 16, 'dropout': 0.2, 'learning_rate': 0.0002, 'units': 64}\n"}
,{"stream_name":"stderr","time":1955.39508024,"data":"/usr/local/lib/python3.12/dist-packages/keras/src/layers/core/embedding.py:100: UserWarning: Argument `input_length` is deprecated. Just remove it.\n"}
,{"stream_name":"stderr","time":1955.395125498,"data":"  warnings.warn(\n"}
,{"stream_name":"stderr","time":1955.395160542,"data":"\n"}
,{"stream_name":"stderr","time":1955.395165813,"data":"/usr/local/lib/python3.12/dist-packages/keras/src/layers/core/embedding.py:100: UserWarning: Argument `input_length` is deprecated. Just remove it.\n"}
,{"stream_name":"stderr","time":1955.395170639,"data":"  warnings.warn(\n"}
,{"stream_name":"stdout","time":1970.262244869,"data":"Validation Macro F1: 0.5005\n"}
,{"stream_name":"stdout","time":1970.262283256,"data":"  Dist. prediksi val : {0: 315, 1: 76, 2: 301}\n"}
,{"stream_name":"stdout","time":1970.262289817,"data":"  Baseline mayoritas : acc=0.5419 macro_f1=0.2343\n"}
,{"stream_name":"stdout","time":1970.262295227,"data":"  STATUS: OK\n"}
,{"stream_name":"stdout","time":1970.262300555,"data":"  Dist. prediksi val : {0: 315, 1: 76, 2: 301}\n"}
,{"stream_name":"stdout","time":1970.262305996,"data":"  Baseline mayoritas : acc=0.5419 macro_f1=0.2343\n"}
,{"stream_name":"stdout","time":1970.262311059,"data":"  STATUS: OK\n"}
,{"stream_name":"stdout","time":1970.262315574,"data":"\n"}
,{"stream_name":"stdout","time":1970.262320811,"data":"--- Eksperimen 79/120 | Strategi: Random Undersampling | Config #7 ---\n"}
,{"stream_name":"stdout","time":1970.262326026,"data":"{'batch_size': 16, 'dropout': 0.3, 'learning_rate': 5e-05, 'units': 32}\n"}
,{"stream_name":"stderr","time":1970.450250089,"data":"/usr/local/lib/python3.12/dist-packages/keras/src/layers/core/embedding.py:100: UserWarning: Argument `input_length` is deprecated. Just remove it.\n"}
,{"stream_name":"stderr","time":1970.450305981,"data":"  warnings.warn(\n"}
,{"stream_name":"stderr","time":1970.450314423,"data":"\n"}
,{"stream_name":"stderr","time":1970.450319784,"data":"/usr/local/lib/python3.12/dist-packages/keras/src/layers/core/embedding.py:100: UserWarning: Argument `input_length` is deprecated. Just remove it.\n"}
,{"stream_name":"stderr","time":1970.45032588,"data":"  warnings.warn(\n"}
,{"stream_name":"stdout","time":1979.937994928,"data":"Validation Macro F1: 0.2478\n"}
,{"stream_name":"stdout","time":1979.938071072,"data":"  Dist. prediksi val : {0: 679, 1: 3, 2: 10}\n"}
,{"stream_name":"stdout","time":1979.938076989,"data":"  Baseline mayoritas : acc=0.5419 macro_f1=0.2343\n"}
,{"stream_name":"stdout","time":1979.938080472,"data":"  STATUS: OK\n"}
,{"stream_name":"stdout","time":1979.938083669,"data":"  Dist. prediksi val : {0: 679, 1: 3, 2: 10}\n"}
,{"stream_name":"stdout","time":1979.938086904,"data":"  Baseline mayoritas : acc=0.5419 macro_f1=0.2343\n"}
,{"stream_name":"stdout","time":1979.938090271,"data":"  STATUS: OK\n"}
,{"stream_name":"stdout","time":1979.938093423,"data":"\n"}
,{"stream_name":"stdout","time":1979.938096491,"data":"--- Eksperimen 80/120 | Strategi: Random Undersampling | Config #8 ---\n"}
,{"stream_name":"stdout","time":1979.93809973,"data":"{'batch_size': 16, 'dropout': 0.3, 'learning_rate': 5e-05, 'units': 64}\n"}
,{"stream_name":"stderr","time":1980.165122249,"data":"/usr/local/lib/python3.12/dist-packages/keras/src/layers/core/embedding.py:100: UserWarning: Argument `input_length` is deprecated. Just remove it.\n"}
,{"stream_name":"stderr","time":1980.165179162,"data":"  warnings.warn(\n"}
,{"stream_name":"stderr","time":1980.165187398,"data":"\n"}
,{"stream_name":"stderr","time":1980.165192835,"data":"/usr/local/lib/python3.12/dist-packages/keras/src/layers/core/embedding.py:100: UserWarning: Argument `input_length` is deprecated. Just remove it.\n"}
,{"stream_name":"stderr","time":1980.165198918,"data":"  warnings.warn(\n"}
,{"stream_name":"stdout","time":1989.588033324,"data":"Validation Macro F1: 0.1122\n"}
,{"stream_name":"stdout","time":1989.588095038,"data":"  Dist. prediksi val : {0: 12, 1: 678, 2: 2}\n"}
,{"stream_name":"stdout","time":1989.58812624,"data":"  Baseline mayoritas : acc=0.5419 macro_f1=0.2343\n"}
,{"stream_name":"stdout","time":1989.588132133,"data":"  STATUS: COLLAPSE (F1 \u003c= baseline)\n"}
,{"stream_name":"stdout","time":1989.588136516,"data":"  Dist. prediksi val : {0: 12, 1: 678, 2: 2}\n"}
,{"stream_name":"stdout","time":1989.588140066,"data":"  Baseline mayoritas : acc=0.5419 macro_f1=0.2343\n"}
,{"stream_name":"stdout","time":1989.588144205,"data":"  STATUS: COLLAPSE (F1 \u003c= baseline)\n"}
,{"stream_name":"stdout","time":1989.588148996,"data":"\n"}
,{"stream_name":"stdout","time":1989.58815228,"data":"--- Eksperimen 81/120 | Strategi: Random Undersampling | Config #9 ---\n"}
,{"stream_name":"stdout","time":1989.588156349,"data":"{'batch_size': 16, 'dropout': 0.3, 'learning_rate': 0.0001, 'units': 32}\n"}
,{"stream_name":"stderr","time":1989.819826823,"data":"/usr/local/lib/python3.12/dist-packages/keras/src/layers/core/embedding.py:100: UserWarning: Argument `input_length` is deprecated. Just remove it.\n"}
,{"stream_name":"stderr","time":1989.819883547,"data":"  warnings.warn(\n"}
,{"stream_name":"stderr","time":1989.819901994,"data":"\n"}
,{"stream_name":"stderr","time":1989.819906494,"data":"/usr/local/lib/python3.12/dist-packages/keras/src/layers/core/embedding.py:100: UserWarning: Argument `input_length` is deprecated. Just remove it.\n"}
,{"stream_name":"stderr","time":1989.819911328,"data":"  warnings.warn(\n"}
,{"stream_name":"stdout","time":1999.206178544,"data":"Validation Macro F1: 0.2470\n"}
,{"stream_name":"stdout","time":1999.20622799,"data":"  Dist. prediksi val : {0: 677, 1: 12, 2: 3}\n"}
,{"stream_name":"stdout","time":1999.206233449,"data":"  Baseline mayoritas : acc=0.5419 macro_f1=0.2343\n"}
,{"stream_name":"stdout","time":1999.206237105,"data":"  STATUS: OK\n"}
,{"stream_name":"stdout","time":1999.206241195,"data":"  Dist. prediksi val : {0: 677, 1: 12, 2: 3}\n"}
,{"stream_name":"stdout","time":1999.206261082,"data":"  Baseline mayoritas : acc=0.5419 macro_f1=0.2343\n"}
,{"stream_name":"stdout","time":1999.206266961,"data":"  STATUS: OK\n"}
,{"stream_name":"stdout","time":1999.206272045,"data":"\n"}
,{"stream_name":"stdout","time":1999.206277453,"data":"--- Eksperimen 82/120 | Strategi: Random Undersampling | Config #10 ---\n"}
,{"stream_name":"stdout","time":1999.206283058,"data":"{'batch_size': 16, 'dropout': 0.3, 'learning_rate': 0.0001, 'units': 64}\n"}
,{"stream_name":"stderr","time":1999.43422408,"data":"/usr/local/lib/python3.12/dist-packages/keras/src/layers/core/embedding.py:100: UserWarning: Argument `input_length` is deprecated. Just remove it.\n"}
,{"stream_name":"stderr","time":1999.434267574,"data":"  warnings.warn(\n"}
,{"stream_name":"stderr","time":1999.434272114,"data":"\n"}
,{"stream_name":"stderr","time":1999.43427576,"data":"/usr/local/lib/python3.12/dist-packages/keras/src/layers/core/embedding.py:100: UserWarning: Argument `input_length` is deprecated. Just remove it.\n"}
,{"stream_name":"stderr","time":1999.434279264,"data":"  warnings.warn(\n"}
,{"stream_name":"stdout","time":2009.102637575,"data":"Validation Macro F1: 0.2393\n"}
,{"stream_name":"stdout","time":2009.102681629,"data":"  Dist. prediksi val : {0: 688, 1: 2, 2: 2}\n"}
,{"stream_name":"stdout","time":2009.102688513,"data":"  Baseline mayoritas : acc=0.5419 macro_f1=0.2343\n"}
,{"stream_name":"stdout","time":2009.102693413,"data":"  STATUS: OK\n"}
,{"stream_name":"stdout","time":2009.10269799,"data":"  Dist. prediksi val : {0: 688, 1: 2, 2: 2}\n"}
,{"stream_name":"stdout","time":2009.102702289,"data":"  Baseline mayoritas : acc=0.5419 macro_f1=0.2343\n"}
,{"stream_name":"stdout","time":2009.102706674,"data":"  STATUS: OK\n"}
,{"stream_name":"stdout","time":2009.102723524,"data":"\n"}
,{"stream_name":"stdout","time":2009.102727433,"data":"--- Eksperimen 83/120 | Strategi: Random Undersampling | Config #11 ---\n"}
,{"stream_name":"stdout","time":2009.10273135,"data":"{'batch_size': 16, 'dropout': 0.3, 'learning_rate': 0.0002, 'units': 32}\n"}
,{"stream_name":"stderr","time":2009.288396855,"data":"/usr/local/lib/python3.12/dist-packages/keras/src/layers/core/embedding.py:100: UserWarning: Argument `input_length` is deprecated. Just remove it.\n"}
,{"stream_name":"stderr","time":2009.288437912,"data":"  warnings.warn(\n"}
,{"stream_name":"stderr","time":2009.288444033,"data":"\n"}
,{"stream_name":"stderr","time":2009.288447834,"data":"/usr/local/lib/python3.12/dist-packages/keras/src/layers/core/embedding.py:100: UserWarning: Argument `input_length` is deprecated. Just remove it.\n"}
,{"stream_name":"stderr","time":2009.288452606,"data":"  warnings.warn(\n"}
,{"stream_name":"stdout","time":2025.81678378,"data":"Validation Macro F1: 0.5520\n"}
,{"stream_name":"stdout","time":2025.816838843,"data":"  Dist. prediksi val : {0: 335, 1: 137, 2: 220}\n"}
,{"stream_name":"stdout","time":2025.816844933,"data":"  Baseline mayoritas : acc=0.5419 macro_f1=0.2343\n"}
,{"stream_name":"stdout","time":2025.816849789,"data":"  STATUS: OK\n"}
,{"stream_name":"stdout","time":2025.816854474,"data":"  Dist. prediksi val : {0: 335, 1: 137, 2: 220}\n"}
,{"stream_name":"stdout","time":2025.816858868,"data":"  Baseline mayoritas : acc=0.5419 macro_f1=0.2343\n"}
,{"stream_name":"stdout","time":2025.81686377,"data":"  STATUS: OK\n"}
,{"stream_name":"stdout","time":2025.816868406,"data":"\n"}
,{"stream_name":"stdout","time":2025.816873203,"data":"--- Eksperimen 84/120 | Strategi: Random Undersampling | Config #12 ---\n"}
,{"stream_name":"stdout","time":2025.816877929,"data":"{'batch_size': 16, 'dropout': 0.3, 'learning_rate': 0.0002, 'units': 64}\n"}
,{"stream_name":"stderr","time":2026.071248041,"data":"/usr/local/lib/python3.12/dist-packages/keras/src/layers/core/embedding.py:100: UserWarning: Argument `input_length` is deprecated. Just remove it.\n"}
,{"stream_name":"stderr","time":2026.071291012,"data":"  warnings.warn(\n"}
,{"stream_name":"stderr","time":2026.071297941,"data":"\n"}
,{"stream_name":"stderr","time":2026.071303205,"data":"/usr/local/lib/python3.12/dist-packages/keras/src/layers/core/embedding.py:100: UserWarning: Argument `input_length` is deprecated. Just remove it.\n"}
,{"stream_name":"stderr","time":2026.071308719,"data":"  warnings.warn(\n"}
,{"stream_name":"stdout","time":2035.691791292,"data":"Validation Macro F1: 0.2395\n"}
,{"stream_name":"stdout","time":2035.69184918,"data":"  Dist. prediksi val : {0: 690, 1: 2}\n"}
,{"stream_name":"stdout","time":2035.691856148,"data":"  Baseline mayoritas : acc=0.5419 macro_f1=0.2343\n"}
,{"stream_name":"stdout","time":2035.691861417,"data":"  STATUS: OK\n"}
,{"stream_name":"stdout","time":2035.691866305,"data":"  Dist. prediksi val : {0: 690, 1: 2}\n"}
,{"stream_name":"stdout","time":2035.691870836,"data":"  Baseline mayoritas : acc=0.5419 macro_f1=0.2343\n"}
,{"stream_name":"stdout","time":2035.691875533,"data":"  STATUS: OK\n"}
,{"stream_name":"stdout","time":2035.691879997,"data":"\n"}
,{"stream_name":"stdout","time":2035.691884943,"data":"--- Eksperimen 85/120 | Strategi: Random Undersampling | Config #13 ---\n"}
,{"stream_name":"stdout","time":2035.691889668,"data":"{'batch_size': 32, 'dropout': 0.2, 'learning_rate': 5e-05, 'units': 32}\n"}
,{"stream_name":"stderr","time":2035.921467937,"data":"/usr/local/lib/python3.12/dist-packages/keras/src/layers/core/embedding.py:100: UserWarning: Argument `input_length` is deprecated. Just remove it.\n"}
,{"stream_name":"stderr","time":2035.921556141,"data":"  warnings.warn(\n"}
,{"stream_name":"stderr","time":2035.921566242,"data":"\n"}
,{"stream_name":"stderr","time":2035.921570999,"data":"/usr/local/lib/python3.12/dist-packages/keras/src/layers/core/embedding.py:100: UserWarning: Argument `input_length` is deprecated. Just remove it.\n"}
,{"stream_name":"stderr","time":2035.921575482,"data":"  warnings.warn(\n"}
,{"stream_name":"stdout","time":2042.495979131,"data":"Validation Macro F1: 0.2707\n"}
,{"stream_name":"stdout","time":2042.496027727,"data":"  Dist. prediksi val : {0: 629, 1: 2, 2: 61}\n"}
,{"stream_name":"stdout","time":2042.496034859,"data":"  Baseline mayoritas : acc=0.5419 macro_f1=0.2343\n"}
,{"stream_name":"stdout","time":2042.496040213,"data":"  STATUS: OK\n"}
,{"stream_name":"stdout","time":2042.496044857,"data":"  Dist. prediksi val : {0: 629, 1: 2, 2: 61}\n"}
,{"stream_name":"stdout","time":2042.496049709,"data":"  Baseline mayoritas : acc=0.5419 macro_f1=0.2343\n"}
,{"stream_name":"stdout","time":2042.496054561,"data":"  STATUS: OK\n"}
,{"stream_name":"stdout","time":2042.496059609,"data":"\n"}
,{"stream_name":"stdout","time":2042.496064702,"data":"--- Eksperimen 86/120 | Strategi: Random Undersampling | Config #14 ---\n"}
,{"stream_name":"stdout","time":2042.496070089,"data":"{'batch_size': 32, 'dropout': 0.2, 'learning_rate': 5e-05, 'units': 64}\n"}
,{"stream_name":"stderr","time":2042.680654912,"data":"/usr/local/lib/python3.12/dist-packages/keras/src/layers/core/embedding.py:100: UserWarning: Argument `input_length` is deprecated. Just remove it.\n"}
,{"stream_name":"stderr","time":2042.680699967,"data":"  warnings.warn(\n"}
,{"stream_name":"stderr","time":2042.680707915,"data":"\n"}
,{"stream_name":"stderr","time":2042.680713312,"data":"/usr/local/lib/python3.12/dist-packages/keras/src/layers/core/embedding.py:100: UserWarning: Argument `input_length` is deprecated. Just remove it.\n"}
,{"stream_name":"stderr","time":2042.680719789,"data":"  warnings.warn(\n"}
,{"stream_name":"stdout","time":2052.156070861,"data":"Validation Macro F1: 0.1086\n"}
,{"stream_name":"stdout","time":2052.156126625,"data":"  Dist. prediksi val : {0: 11, 1: 679, 2: 2}\n"}
,{"stream_name":"stdout","time":2052.156131236,"data":"  Baseline mayoritas : acc=0.5419 macro_f1=0.2343\n"}
,{"stream_name":"stdout","time":2052.156134678,"data":"  STATUS: COLLAPSE (F1 \u003c= baseline)\n"}
,{"stream_name":"stdout","time":2052.156138289,"data":"  Dist. prediksi val : {0: 11, 1: 679, 2: 2}\n"}
,{"stream_name":"stdout","time":2052.156141788,"data":"  Baseline mayoritas : acc=0.5419 macro_f1=0.2343\n"}
,{"stream_name":"stdout","time":2052.156145101,"data":"  STATUS: COLLAPSE (F1 \u003c= baseline)\n"}
,{"stream_name":"stdout","time":2052.156148403,"data":"\n"}
,{"stream_name":"stdout","time":2052.156151583,"data":"--- Eksperimen 87/120 | Strategi: Random Undersampling | Config #15 ---\n"}
,{"stream_name":"stdout","time":2052.156154784,"data":"{'batch_size': 32, 'dropout': 0.2, 'learning_rate': 0.0001, 'units': 32}\n"}
,{"stream_name":"stderr","time":2052.394460931,"data":"/usr/local/lib/python3.12/dist-packages/keras/src/layers/core/embedding.py:100: UserWarning: Argument `input_length` is deprecated. Just remove it.\n"}
,{"stream_name":"stderr","time":2052.394540284,"data":"  warnings.warn(\n"}
,{"stream_name":"stderr","time":2052.394548408,"data":"\n"}
,{"stream_name":"stderr","time":2052.394554489,"data":"/usr/local/lib/python3.12/dist-packages/keras/src/layers/core/embedding.py:100: UserWarning: Argument `input_length` is deprecated. Just remove it.\n"}
,{"stream_name":"stderr","time":2052.394576483,"data":"  warnings.warn(\n"}
,{"stream_name":"stdout","time":2058.874499754,"data":"Validation Macro F1: 0.2723\n"}
,{"stream_name":"stdout","time":2058.874574558,"data":"  Dist. prediksi val : {0: 646, 1: 3, 2: 43}\n"}
,{"stream_name":"stdout","time":2058.874584742,"data":"  Baseline mayoritas : acc=0.5419 macro_f1=0.2343\n"}
,{"stream_name":"stdout","time":2058.874591178,"data":"  STATUS: OK\n"}
,{"stream_name":"stdout","time":2058.874596711,"data":"  Dist. prediksi val : {0: 646, 1: 3, 2: 43}\n"}
,{"stream_name":"stdout","time":2058.874602185,"data":"  Baseline mayoritas : acc=0.5419 macro_f1=0.2343\n"}
,{"stream_name":"stdout","time":2058.874607767,"data":"  STATUS: OK\n"}
,{"stream_name":"stdout","time":2058.874613237,"data":"\n"}
,{"stream_name":"stdout","time":2058.874618695,"data":"--- Eksperimen 88/120 | Strategi: Random Undersampling | Config #16 ---\n"}
,{"stream_name":"stdout","time":2058.874624398,"data":"{'batch_size': 32, 'dropout': 0.2, 'learning_rate': 0.0001, 'units': 64}\n"}
,{"stream_name":"stderr","time":2059.100867033,"data":"/usr/local/lib/python3.12/dist-packages/keras/src/layers/core/embedding.py:100: UserWarning: Argument `input_length` is deprecated. Just remove it.\n"}
,{"stream_name":"stderr","time":2059.100939128,"data":"  warnings.warn(\n"}
,{"stream_name":"stderr","time":2059.100948061,"data":"\n"}
,{"stream_name":"stderr","time":2059.100953832,"data":"/usr/local/lib/python3.12/dist-packages/keras/src/layers/core/embedding.py:100: UserWarning: Argument `input_length` is deprecated. Just remove it.\n"}
,{"stream_name":"stderr","time":2059.100960127,"data":"  warnings.warn(\n"}
,{"stream_name":"stdout","time":2072.165272697,"data":"Validation Macro F1: 0.5663\n"}
,{"stream_name":"stdout","time":2072.165337441,"data":"  Dist. prediksi val : {0: 369, 1: 74, 2: 249}\n"}
,{"stream_name":"stdout","time":2072.165344547,"data":"  Baseline mayoritas : acc=0.5419 macro_f1=0.2343\n"}
,{"stream_name":"stdout","time":2072.165350238,"data":"  STATUS: OK\n"}
,{"stream_name":"stdout","time":2072.165354997,"data":"  Dist. prediksi val : {0: 369, 1: 74, 2: 249}\n"}
,{"stream_name":"stdout","time":2072.165359737,"data":"  Baseline mayoritas : acc=0.5419 macro_f1=0.2343\n"}
,{"stream_name":"stdout","time":2072.165364371,"data":"  STATUS: OK\n"}
,{"stream_name":"stdout","time":2072.165369173,"data":"\n"}
,{"stream_name":"stdout","time":2072.165373524,"data":"--- Eksperimen 89/120 | Strategi: Random Undersampling | Config #17 ---\n"}
,{"stream_name":"stdout","time":2072.165377973,"data":"{'batch_size': 32, 'dropout': 0.2, 'learning_rate': 0.0002, 'units': 32}\n"}
,{"stream_name":"stderr","time":2072.388693608,"data":"/usr/local/lib/python3.12/dist-packages/keras/src/layers/core/embedding.py:100: UserWarning: Argument `input_length` is deprecated. Just remove it.\n"}
,{"stream_name":"stderr","time":2072.388768857,"data":"  warnings.warn(\n"}
,{"stream_name":"stderr","time":2072.388776739,"data":"\n"}
,{"stream_name":"stderr","time":2072.388781838,"data":"/usr/local/lib/python3.12/dist-packages/keras/src/layers/core/embedding.py:100: UserWarning: Argument `input_length` is deprecated. Just remove it.\n"}
,{"stream_name":"stderr","time":2072.388787341,"data":"  warnings.warn(\n"}
,{"stream_name":"stdout","time":2082.653066361,"data":"Validation Macro F1: 0.4979\n"}
,{"stream_name":"stdout","time":2082.653138543,"data":"  Dist. prediksi val : {0: 505, 1: 41, 2: 146}\n"}
,{"stream_name":"stdout","time":2082.653146493,"data":"  Baseline mayoritas : acc=0.5419 macro_f1=0.2343\n"}
,{"stream_name":"stdout","time":2082.653151753,"data":"  STATUS: OK\n"}
,{"stream_name":"stdout","time":2082.653156968,"data":"  Dist. prediksi val : {0: 505, 1: 41, 2: 146}\n"}
,{"stream_name":"stdout","time":2082.653176154,"data":"  Baseline mayoritas : acc=0.5419 macro_f1=0.2343\n"}
,{"stream_name":"stdout","time":2082.653180412,"data":"  STATUS: OK\n"}
,{"stream_name":"stdout","time":2082.653184426,"data":"\n"}
,{"stream_name":"stdout","time":2082.653188273,"data":"--- Eksperimen 90/120 | Strategi: Random Undersampling | Config #18 ---\n"}
,{"stream_name":"stdout","time":2082.653192388,"data":"{'batch_size': 32, 'dropout': 0.2, 'learning_rate': 0.0002, 'units': 64}\n"}
,{"stream_name":"stderr","time":2082.83877937,"data":"/usr/local/lib/python3.12/dist-packages/keras/src/layers/core/embedding.py:100: UserWarning: Argument `input_length` is deprecated. Just remove it.\n"}
,{"stream_name":"stderr","time":2082.838830683,"data":"  warnings.warn(\n"}
,{"stream_name":"stderr","time":2082.838837792,"data":"\n"}
,{"stream_name":"stderr","time":2082.838842702,"data":"/usr/local/lib/python3.12/dist-packages/keras/src/layers/core/embedding.py:100: UserWarning: Argument `input_length` is deprecated. Just remove it.\n"}
,{"stream_name":"stderr","time":2082.838847556,"data":"  warnings.warn(\n"}
,{"stream_name":"stdout","time":2095.787877319,"data":"Validation Macro F1: 0.6276\n"}
,{"stream_name":"stdout","time":2095.787967341,"data":"  Dist. prediksi val : {0: 369, 1: 181, 2: 142}\n"}
,{"stream_name":"stdout","time":2095.787976249,"data":"  Baseline mayoritas : acc=0.5419 macro_f1=0.2343\n"}
,{"stream_name":"stdout","time":2095.787981999,"data":"  STATUS: OK\n"}
,{"stream_name":"stdout","time":2095.787987483,"data":"  Dist. prediksi val : {0: 369, 1: 181, 2: 142}\n"}
,{"stream_name":"stdout","time":2095.787992435,"data":"  Baseline mayoritas : acc=0.5419 macro_f1=0.2343\n"}
,{"stream_name":"stdout","time":2095.787996658,"data":"  STATUS: OK\n"}
,{"stream_name":"stdout","time":2095.788001191,"data":"\n"}
,{"stream_name":"stdout","time":2095.788005471,"data":"--- Eksperimen 91/120 | Strategi: Random Undersampling | Config #19 ---\n"}
,{"stream_name":"stdout","time":2095.788010595,"data":"{'batch_size': 32, 'dropout': 0.3, 'learning_rate': 5e-05, 'units': 32}\n"}
,{"stream_name":"stderr","time":2096.019086756,"data":"/usr/local/lib/python3.12/dist-packages/keras/src/layers/core/embedding.py:100: UserWarning: Argument `input_length` is deprecated. Just remove it.\n"}
,{"stream_name":"stderr","time":2096.019144983,"data":"  warnings.warn(\n"}
,{"stream_name":"stderr","time":2096.019153069,"data":"\n"}
,{"stream_name":"stderr","time":2096.019158855,"data":"/usr/local/lib/python3.12/dist-packages/keras/src/layers/core/embedding.py:100: UserWarning: Argument `input_length` is deprecated. Just remove it.\n"}
,{"stream_name":"stderr","time":2096.019165282,"data":"  warnings.warn(\n"}
,{"stream_name":"stdout","time":2102.606201439,"data":"Validation Macro F1: 0.1636\n"}
,{"stream_name":"stdout","time":2102.606279841,"data":"  Dist. prediksi val : {0: 11, 1: 2, 2: 679}\n"}
,{"stream_name":"stdout","time":2102.606286343,"data":"  Baseline mayoritas : acc=0.5419 macro_f1=0.2343\n"}
,{"stream_name":"stdout","time":2102.606291305,"data":"  STATUS: COLLAPSE (F1 \u003c= baseline)\n"}
,{"stream_name":"stdout","time":2102.606296845,"data":"  Dist. prediksi val : {0: 11, 1: 2, 2: 679}\n"}
,{"stream_name":"stdout","time":2102.606301487,"data":"  Baseline mayoritas : acc=0.5419 macro_f1=0.2343\n"}
,{"stream_name":"stdout","time":2102.606306575,"data":"  STATUS: COLLAPSE (F1 \u003c= baseline)\n"}
,{"stream_name":"stdout","time":2102.606311342,"data":"\n"}
,{"stream_name":"stdout","time":2102.606316162,"data":"--- Eksperimen 92/120 | Strategi: Random Undersampling | Config #20 ---\n"}
,{"stream_name":"stdout","time":2102.606321009,"data":"{'batch_size': 32, 'dropout': 0.3, 'learning_rate': 5e-05, 'units': 64}\n"}
,{"stream_name":"stderr","time":2102.858999976,"data":"/usr/local/lib/python3.12/dist-packages/keras/src/layers/core/embedding.py:100: UserWarning: Argument `input_length` is deprecated. Just remove it.\n"}
,{"stream_name":"stderr","time":2102.859086014,"data":"  warnings.warn(\n"}
,{"stream_name":"stderr","time":2102.859092794,"data":"\n"}
,{"stream_name":"stderr","time":2102.859096437,"data":"/usr/local/lib/python3.12/dist-packages/keras/src/layers/core/embedding.py:100: UserWarning: Argument `input_length` is deprecated. Just remove it.\n"}
,{"stream_name":"stderr","time":2102.859100247,"data":"  warnings.warn(\n"}
,{"stream_name":"stdout","time":2110.300662592,"data":"Validation Macro F1: 0.1071\n"}
,{"stream_name":"stdout","time":2110.300724338,"data":"  Dist. prediksi val : {0: 6, 1: 685, 2: 1}\n"}
,{"stream_name":"stdout","time":2110.300730638,"data":"  Baseline mayoritas : acc=0.5419 macro_f1=0.2343\n"}
,{"stream_name":"stdout","time":2110.30073441,"data":"  STATUS: COLLAPSE (F1 \u003c= baseline)\n"}
,{"stream_name":"stdout","time":2110.30073833,"data":"  Dist. prediksi val : {0: 6, 1: 685, 2: 1}\n"}
,{"stream_name":"stdout","time":2110.300741866,"data":"  Baseline mayoritas : acc=0.5419 macro_f1=0.2343\n"}
,{"stream_name":"stdout","time":2110.300745304,"data":"  STATUS: COLLAPSE (F1 \u003c= baseline)\n"}
,{"stream_name":"stdout","time":2110.300748668,"data":"\n"}
,{"stream_name":"stdout","time":2110.300752028,"data":"--- Eksperimen 93/120 | Strategi: Random Undersampling | Config #21 ---\n"}
,{"stream_name":"stdout","time":2110.300755554,"data":"{'batch_size': 32, 'dropout': 0.3, 'learning_rate': 0.0001, 'units': 32}\n"}
,{"stream_name":"stderr","time":2110.533805543,"data":"/usr/local/lib/python3.12/dist-packages/keras/src/layers/core/embedding.py:100: UserWarning: Argument `input_length` is deprecated. Just remove it.\n"}
,{"stream_name":"stderr","time":2110.533859701,"data":"  warnings.warn(\n"}
,{"stream_name":"stderr","time":2110.533873373,"data":"\n"}
,{"stream_name":"stderr","time":2110.533878955,"data":"/usr/local/lib/python3.12/dist-packages/keras/src/layers/core/embedding.py:100: UserWarning: Argument `input_length` is deprecated. Just remove it.\n"}
,{"stream_name":"stderr","time":2110.533884859,"data":"  warnings.warn(\n"}
,{"stream_name":"stdout","time":2117.012321303,"data":"Validation Macro F1: 0.1525\n"}
,{"stream_name":"stdout","time":2117.012355347,"data":"  Dist. prediksi val : {0: 2, 1: 2, 2: 688}\n"}
,{"stream_name":"stdout","time":2117.01236116,"data":"  Baseline mayoritas : acc=0.5419 macro_f1=0.2343\n"}
,{"stream_name":"stdout","time":2117.012365943,"data":"  STATUS: COLLAPSE (F1 \u003c= baseline)\n"}
,{"stream_name":"stdout","time":2117.012370582,"data":"  Dist. prediksi val : {0: 2, 1: 2, 2: 688}\n"}
,{"stream_name":"stdout","time":2117.012375463,"data":"  Baseline mayoritas : acc=0.5419 macro_f1=0.2343\n"}
,{"stream_name":"stdout","time":2117.012380014,"data":"  STATUS: COLLAPSE (F1 \u003c= baseline)\n"}
,{"stream_name":"stdout","time":2117.012384539,"data":"\n"}
,{"stream_name":"stdout","time":2117.012389087,"data":"--- Eksperimen 94/120 | Strategi: Random Undersampling | Config #22 ---\n"}
,{"stream_name":"stdout","time":2117.012393725,"data":"{'batch_size': 32, 'dropout': 0.3, 'learning_rate': 0.0001, 'units': 64}\n"}
,{"stream_name":"stderr","time":2117.216460813,"data":"/usr/local/lib/python3.12/dist-packages/keras/src/layers/core/embedding.py:100: UserWarning: Argument `input_length` is deprecated. Just remove it.\n"}
,{"stream_name":"stderr","time":2117.216508181,"data":"  warnings.warn(\n"}
,{"stream_name":"stderr","time":2117.216512542,"data":"\n"}
,{"stream_name":"stderr","time":2117.216516312,"data":"/usr/local/lib/python3.12/dist-packages/keras/src/layers/core/embedding.py:100: UserWarning: Argument `input_length` is deprecated. Just remove it.\n"}
,{"stream_name":"stderr","time":2117.216596037,"data":"  warnings.warn(\n"}
,{"stream_name":"stdout","time":2123.764880423,"data":"Validation Macro F1: 0.1031\n"}
,{"stream_name":"stdout","time":2123.764941603,"data":"  Dist. prediksi val : {0: 2, 1: 689, 2: 1}\n"}
,{"stream_name":"stdout","time":2123.764950112,"data":"  Baseline mayoritas : acc=0.5419 macro_f1=0.2343\n"}
,{"stream_name":"stdout","time":2123.764955461,"data":"  STATUS: COLLAPSE (F1 \u003c= baseline)\n"}
,{"stream_name":"stdout","time":2123.764963698,"data":"  Dist. prediksi val : {0: 2, 1: 689, 2: 1}\n"}
,{"stream_name":"stdout","time":2123.76496981,"data":"  Baseline mayoritas : acc=0.5419 macro_f1=0.2343\n"}
,{"stream_name":"stdout","time":2123.764982303,"data":"  STATUS: COLLAPSE (F1 \u003c= baseline)\n"}
,{"stream_name":"stdout","time":2123.764987691,"data":"\n"}
,{"stream_name":"stdout","time":2123.764992847,"data":"--- Eksperimen 95/120 | Strategi: Random Undersampling | Config #23 ---\n"}
,{"stream_name":"stdout","time":2123.764998212,"data":"{'batch_size': 32, 'dropout': 0.3, 'learning_rate': 0.0002, 'units': 32}\n"}
,{"stream_name":"stderr","time":2123.997164195,"data":"/usr/local/lib/python3.12/dist-packages/keras/src/layers/core/embedding.py:100: UserWarning: Argument `input_length` is deprecated. Just remove it.\n"}
,{"stream_name":"stderr","time":2123.997206099,"data":"  warnings.warn(\n"}
,{"stream_name":"stderr","time":2123.997213927,"data":"\n"}
,{"stream_name":"stderr","time":2123.997219178,"data":"/usr/local/lib/python3.12/dist-packages/keras/src/layers/core/embedding.py:100: UserWarning: Argument `input_length` is deprecated. Just remove it.\n"}
,{"stream_name":"stderr","time":2123.997226808,"data":"  warnings.warn(\n"}
,{"stream_name":"stdout","time":2135.229051134,"data":"Validation Macro F1: 0.5595\n"}
,{"stream_name":"stdout","time":2135.229108748,"data":"  Dist. prediksi val : {0: 360, 1: 86, 2: 246}\n"}
,{"stream_name":"stdout","time":2135.229114368,"data":"  Baseline mayoritas : acc=0.5419 macro_f1=0.2343\n"}
,{"stream_name":"stdout","time":2135.229118448,"data":"  STATUS: OK\n"}
,{"stream_name":"stdout","time":2135.229122075,"data":"  Dist. prediksi val : {0: 360, 1: 86, 2: 246}\n"}
,{"stream_name":"stdout","time":2135.229125615,"data":"  Baseline mayoritas : acc=0.5419 macro_f1=0.2343\n"}
,{"stream_name":"stdout","time":2135.229129235,"data":"  STATUS: OK\n"}
,{"stream_name":"stdout","time":2135.229132699,"data":"\n"}
,{"stream_name":"stdout","time":2135.229136166,"data":"--- Eksperimen 96/120 | Strategi: Random Undersampling | Config #24 ---\n"}
,{"stream_name":"stdout","time":2135.229139868,"data":"{'batch_size': 32, 'dropout': 0.3, 'learning_rate': 0.0002, 'units': 64}\n"}
,{"stream_name":"stderr","time":2135.458599925,"data":"/usr/local/lib/python3.12/dist-packages/keras/src/layers/core/embedding.py:100: UserWarning: Argument `input_length` is deprecated. Just remove it.\n"}
,{"stream_name":"stderr","time":2135.458698724,"data":"  warnings.warn(\n"}
,{"stream_name":"stderr","time":2135.458712852,"data":"\n"}
,{"stream_name":"stderr","time":2135.458717002,"data":"/usr/local/lib/python3.12/dist-packages/keras/src/layers/core/embedding.py:100: UserWarning: Argument `input_length` is deprecated. Just remove it.\n"}
,{"stream_name":"stderr","time":2135.458738324,"data":"  warnings.warn(\n"}
,{"stream_name":"stdout","time":2142.303397105,"data":"Validation Macro F1: 0.1031\n"}
,{"stream_name":"stdout","time":2142.303460333,"data":"  Dist. prediksi val : {0: 3, 1: 689}\n"}
,{"stream_name":"stdout","time":2142.303467662,"data":"  Baseline mayoritas : acc=0.5419 macro_f1=0.2343\n"}
,{"stream_name":"stdout","time":2142.30348979,"data":"  STATUS: COLLAPSE (F1 \u003c= baseline)\n"}
,{"stream_name":"stdout","time":2142.303494345,"data":"  Dist. prediksi val : {0: 3, 1: 689}\n"}
,{"stream_name":"stdout","time":2142.303498009,"data":"  Baseline mayoritas : acc=0.5419 macro_f1=0.2343\n"}
,{"stream_name":"stdout","time":2142.303501494,"data":"  STATUS: COLLAPSE (F1 \u003c= baseline)\n"}
,{"stream_name":"stdout","time":2142.303505844,"data":"\n"}
,{"stream_name":"stdout","time":2142.303509392,"data":"============================================================\n"}
,{"stream_name":"stdout","time":2142.303513176,"data":" STRATEGI IMBALANCED DATA: SMOTE\n"}
,{"stream_name":"stdout","time":2142.303516996,"data":"============================================================\n"}
,{"stream_name":"stdout","time":2142.303521483,"data":"Jumlah data training setelah penanganan: 10122 sampel\n"}
,{"stream_name":"stdout","time":2142.303543147,"data":"\n"}
,{"stream_name":"stdout","time":2142.303549262,"data":"--- Eksperimen 97/120 | Strategi: SMOTE | Config #1 ---\n"}
,{"stream_name":"stdout","time":2142.303553162,"data":"{'batch_size': 16, 'dropout': 0.2, 'learning_rate': 5e-05, 'units': 32}\n"}
,{"stream_name":"stderr","time":2142.540440137,"data":"/usr/local/lib/python3.12/dist-packages/keras/src/layers/core/embedding.py:100: UserWarning: Argument `input_length` is deprecated. Just remove it.\n"}
,{"stream_name":"stderr","time":2142.540491617,"data":"  warnings.warn(\n"}
,{"stream_name":"stderr","time":2142.540498349,"data":"\n"}
,{"stream_name":"stderr","time":2142.540502613,"data":"/usr/local/lib/python3.12/dist-packages/keras/src/layers/core/embedding.py:100: UserWarning: Argument `input_length` is deprecated. Just remove it.\n"}
,{"stream_name":"stderr","time":2142.540507113,"data":"  warnings.warn(\n"}
,{"stream_name":"stdout","time":2197.575216769,"data":"Validation Macro F1: 0.5595\n"}
,{"stream_name":"stdout","time":2197.575314224,"data":"  Dist. prediksi val : {0: 316, 1: 148, 2: 228}\n"}
,{"stream_name":"stdout","time":2197.575322307,"data":"  Baseline mayoritas : acc=0.5419 macro_f1=0.2343\n"}
,{"stream_name":"stdout","time":2197.575326072,"data":"  STATUS: OK\n"}
,{"stream_name":"stdout","time":2197.575329547,"data":"  Dist. prediksi val : {0: 316, 1: 148, 2: 228}\n"}
,{"stream_name":"stdout","time":2197.575333149,"data":"  Baseline mayoritas : acc=0.5419 macro_f1=0.2343\n"}
,{"stream_name":"stdout","time":2197.575336606,"data":"  STATUS: OK\n"}
,{"stream_name":"stdout","time":2197.575340166,"data":"\n"}
,{"stream_name":"stdout","time":2197.575343483,"data":"--- Eksperimen 98/120 | Strategi: SMOTE | Config #2 ---\n"}
,{"stream_name":"stdout","time":2197.575346915,"data":"{'batch_size': 16, 'dropout': 0.2, 'learning_rate': 5e-05, 'units': 64}\n"}
,{"stream_name":"stderr","time":2197.768568884,"data":"/usr/local/lib/python3.12/dist-packages/keras/src/layers/core/embedding.py:100: UserWarning: Argument `input_length` is deprecated. Just remove it.\n"}
,{"stream_name":"stderr","time":2197.768621746,"data":"  warnings.warn(\n"}
,{"stream_name":"stderr","time":2197.768628073,"data":"\n"}
,{"stream_name":"stderr","time":2197.768631804,"data":"/usr/local/lib/python3.12/dist-packages/keras/src/layers/core/embedding.py:100: UserWarning: Argument `input_length` is deprecated. Just remove it.\n"}
,{"stream_name":"stderr","time":2197.768635553,"data":"  warnings.warn(\n"}
,{"stream_name":"stdout","time":2253.316698863,"data":"Validation Macro F1: 0.5732\n"}
,{"stream_name":"stdout","time":2253.31675381,"data":"  Dist. prediksi val : {0: 275, 1: 211, 2: 206}\n"}
,{"stream_name":"stdout","time":2253.316774086,"data":"  Baseline mayoritas : acc=0.5419 macro_f1=0.2343\n"}
,{"stream_name":"stdout","time":2253.316778952,"data":"  STATUS: OK\n"}
,{"stream_name":"stdout","time":2253.316782766,"data":"  Dist. prediksi val : {0: 275, 1: 211, 2: 206}\n"}
,{"stream_name":"stdout","time":2253.316786366,"data":"  Baseline mayoritas : acc=0.5419 macro_f1=0.2343\n"}
,{"stream_name":"stdout","time":2253.316789654,"data":"  STATUS: OK\n"}
,{"stream_name":"stdout","time":2253.316793214,"data":"\n"}
,{"stream_name":"stdout","time":2253.316796522,"data":"--- Eksperimen 99/120 | Strategi: SMOTE | Config #3 ---\n"}
,{"stream_name":"stdout","time":2253.316800105,"data":"{'batch_size': 16, 'dropout': 0.2, 'learning_rate': 0.0001, 'units': 32}\n"}
,{"stream_name":"stderr","time":2253.50499018,"data":"/usr/local/lib/python3.12/dist-packages/keras/src/layers/core/embedding.py:100: UserWarning: Argument `input_length` is deprecated. Just remove it.\n"}
,{"stream_name":"stderr","time":2253.505061695,"data":"  warnings.warn(\n"}
,{"stream_name":"stderr","time":2253.505068949,"data":"\n"}
,{"stream_name":"stderr","time":2253.505073093,"data":"/usr/local/lib/python3.12/dist-packages/keras/src/layers/core/embedding.py:100: UserWarning: Argument `input_length` is deprecated. Just remove it.\n"}
,{"stream_name":"stderr","time":2253.505077517,"data":"  warnings.warn(\n"}
,{"stream_name":"stdout","time":2291.421804186,"data":"Validation Macro F1: 0.4818\n"}
,{"stream_name":"stdout","time":2291.421850614,"data":"  Dist. prediksi val : {0: 290, 1: 59, 2: 343}\n"}
,{"stream_name":"stdout","time":2291.421857079,"data":"  Baseline mayoritas : acc=0.5419 macro_f1=0.2343\n"}
,{"stream_name":"stdout","time":2291.421862809,"data":"  STATUS: OK\n"}
,{"stream_name":"stdout","time":2291.421867819,"data":"  Dist. prediksi val : {0: 290, 1: 59, 2: 343}\n"}
,{"stream_name":"stdout","time":2291.421873149,"data":"  Baseline mayoritas : acc=0.5419 macro_f1=0.2343\n"}
,{"stream_name":"stdout","time":2291.421878394,"data":"  STATUS: OK\n"}
,{"stream_name":"stdout","time":2291.421883509,"data":"\n"}
,{"stream_name":"stdout","time":2291.421888191,"data":"--- Eksperimen 100/120 | Strategi: SMOTE | Config #4 ---\n"}
,{"stream_name":"stdout","time":2291.421893654,"data":"{'batch_size': 16, 'dropout': 0.2, 'learning_rate': 0.0001, 'units': 64}\n"}
,{"stream_name":"stderr","time":2291.625898404,"data":"/usr/local/lib/python3.12/dist-packages/keras/src/layers/core/embedding.py:100: UserWarning: Argument `input_length` is deprecated. Just remove it.\n"}
,{"stream_name":"stderr","time":2291.625960295,"data":"  warnings.warn(\n"}
,{"stream_name":"stderr","time":2291.625969614,"data":"\n"}
,{"stream_name":"stderr","time":2291.625974454,"data":"/usr/local/lib/python3.12/dist-packages/keras/src/layers/core/embedding.py:100: UserWarning: Argument `input_length` is deprecated. Just remove it.\n"}
,{"stream_name":"stderr","time":2291.625979998,"data":"  warnings.warn(\n"}
,{"stream_name":"stdout","time":2329.221268793,"data":"Validation Macro F1: 0.4719\n"}
,{"stream_name":"stdout","time":2329.22130812,"data":"  Dist. prediksi val : {0: 297, 1: 55, 2: 340}\n"}
,{"stream_name":"stdout","time":2329.221314977,"data":"  Baseline mayoritas : acc=0.5419 macro_f1=0.2343\n"}
,{"stream_name":"stdout","time":2329.221320735,"data":"  STATUS: OK\n"}
,{"stream_name":"stdout","time":2329.22132576,"data":"  Dist. prediksi val : {0: 297, 1: 55, 2: 340}\n"}
,{"stream_name":"stdout","time":2329.221331227,"data":"  Baseline mayoritas : acc=0.5419 macro_f1=0.2343\n"}
,{"stream_name":"stdout","time":2329.221337408,"data":"  STATUS: OK\n"}
,{"stream_name":"stdout","time":2329.22134262,"data":"\n"}
,{"stream_name":"stdout","time":2329.22135937,"data":"--- Eksperimen 101/120 | Strategi: SMOTE | Config #5 ---\n"}
,{"stream_name":"stdout","time":2329.221364301,"data":"{'batch_size': 16, 'dropout': 0.2, 'learning_rate': 0.0002, 'units': 32}\n"}
,{"stream_name":"stderr","time":2329.420242862,"data":"/usr/local/lib/python3.12/dist-packages/keras/src/layers/core/embedding.py:100: UserWarning: Argument `input_length` is deprecated. Just remove it.\n"}
,{"stream_name":"stderr","time":2329.42029294,"data":"  warnings.warn(\n"}
,{"stream_name":"stderr","time":2329.42029878,"data":"\n"}
,{"stream_name":"stderr","time":2329.420304059,"data":"/usr/local/lib/python3.12/dist-packages/keras/src/layers/core/embedding.py:100: UserWarning: Argument `input_length` is deprecated. Just remove it.\n"}
,{"stream_name":"stderr","time":2329.420307805,"data":"  warnings.warn(\n"}
,{"stream_name":"stdout","time":2366.622336124,"data":"Validation Macro F1: 0.5295\n"}
,{"stream_name":"stdout","time":2366.622380778,"data":"  Dist. prediksi val : {0: 268, 1: 134, 2: 290}\n"}
,{"stream_name":"stdout","time":2366.622387774,"data":"  Baseline mayoritas : acc=0.5419 macro_f1=0.2343\n"}
,{"stream_name":"stdout","time":2366.622393966,"data":"  STATUS: OK\n"}
,{"stream_name":"stdout","time":2366.622399549,"data":"  Dist. prediksi val : {0: 268, 1: 134, 2: 290}\n"}
,{"stream_name":"stdout","time":2366.622405341,"data":"  Baseline mayoritas : acc=0.5419 macro_f1=0.2343\n"}
,{"stream_name":"stdout","time":2366.622410638,"data":"  STATUS: OK\n"}
,{"stream_name":"stdout","time":2366.6224163,"data":"\n"}
,{"stream_name":"stdout","time":2366.622421331,"data":"--- Eksperimen 102/120 | Strategi: SMOTE | Config #6 ---\n"}
,{"stream_name":"stdout","time":2366.622426446,"data":"{'batch_size': 16, 'dropout': 0.2, 'learning_rate': 0.0002, 'units': 64}\n"}
,{"stream_name":"stderr","time":2366.806912848,"data":"/usr/local/lib/python3.12/dist-packages/keras/src/layers/core/embedding.py:100: UserWarning: Argument `input_length` is deprecated. Just remove it.\n"}
,{"stream_name":"stderr","time":2366.80697384,"data":"  warnings.warn(\n"}
,{"stream_name":"stderr","time":2366.806982886,"data":"\n"}
,{"stream_name":"stderr","time":2366.806988997,"data":"/usr/local/lib/python3.12/dist-packages/keras/src/layers/core/embedding.py:100: UserWarning: Argument `input_length` is deprecated. Just remove it.\n"}
,{"stream_name":"stderr","time":2366.806995861,"data":"  warnings.warn(\n"}
,{"stream_name":"stdout","time":2399.379849096,"data":"Validation Macro F1: 0.5381\n"}
,{"stream_name":"stdout","time":2399.379888177,"data":"  Dist. prediksi val : {0: 306, 1: 111, 2: 275}\n"}
,{"stream_name":"stdout","time":2399.379894757,"data":"  Baseline mayoritas : acc=0.5419 macro_f1=0.2343\n"}
,{"stream_name":"stdout","time":2399.379909186,"data":"  STATUS: OK\n"}
,{"stream_name":"stdout","time":2399.379913039,"data":"  Dist. prediksi val : {0: 306, 1: 111, 2: 275}\n"}
,{"stream_name":"stdout","time":2399.379916516,"data":"  Baseline mayoritas : acc=0.5419 macro_f1=0.2343\n"}
,{"stream_name":"stdout","time":2399.379920123,"data":"  STATUS: OK\n"}
,{"stream_name":"stdout","time":2399.379923411,"data":"\n"}
,{"stream_name":"stdout","time":2399.379926798,"data":"--- Eksperimen 103/120 | Strategi: SMOTE | Config #7 ---\n"}
,{"stream_name":"stdout","time":2399.379930501,"data":"{'batch_size': 16, 'dropout': 0.3, 'learning_rate': 5e-05, 'units': 32}\n"}
,{"stream_name":"stderr","time":2399.571966318,"data":"/usr/local/lib/python3.12/dist-packages/keras/src/layers/core/embedding.py:100: UserWarning: Argument `input_length` is deprecated. Just remove it.\n"}
,{"stream_name":"stderr","time":2399.572019928,"data":"  warnings.warn(\n"}
,{"stream_name":"stderr","time":2399.572044579,"data":"\n"}
,{"stream_name":"stderr","time":2399.572049301,"data":"/usr/local/lib/python3.12/dist-packages/keras/src/layers/core/embedding.py:100: UserWarning: Argument `input_length` is deprecated. Just remove it.\n"}
,{"stream_name":"stderr","time":2399.572053301,"data":"  warnings.warn(\n"}
,{"stream_name":"stdout","time":2446.494653897,"data":"Validation Macro F1: 0.4738\n"}
,{"stream_name":"stdout","time":2446.49471421,"data":"  Dist. prediksi val : {0: 320, 1: 35, 2: 337}\n"}
,{"stream_name":"stdout","time":2446.494722175,"data":"  Baseline mayoritas : acc=0.5419 macro_f1=0.2343\n"}
,{"stream_name":"stdout","time":2446.494728141,"data":"  STATUS: OK\n"}
,{"stream_name":"stdout","time":2446.494733341,"data":"  Dist. prediksi val : {0: 320, 1: 35, 2: 337}\n"}
,{"stream_name":"stdout","time":2446.494739351,"data":"  Baseline mayoritas : acc=0.5419 macro_f1=0.2343\n"}
,{"stream_name":"stdout","time":2446.494744148,"data":"  STATUS: OK\n"}
,{"stream_name":"stdout","time":2446.49474898,"data":"\n"}
,{"stream_name":"stdout","time":2446.494753547,"data":"--- Eksperimen 104/120 | Strategi: SMOTE | Config #8 ---\n"}
,{"stream_name":"stdout","time":2446.494758676,"data":"{'batch_size': 16, 'dropout': 0.3, 'learning_rate': 5e-05, 'units': 64}\n"}
,{"stream_name":"stderr","time":2446.683413495,"data":"/usr/local/lib/python3.12/dist-packages/keras/src/layers/core/embedding.py:100: UserWarning: Argument `input_length` is deprecated. Just remove it.\n"}
,{"stream_name":"stderr","time":2446.683488584,"data":"  warnings.warn(\n"}
,{"stream_name":"stderr","time":2446.683497311,"data":"\n"}
,{"stream_name":"stderr","time":2446.683503125,"data":"/usr/local/lib/python3.12/dist-packages/keras/src/layers/core/embedding.py:100: UserWarning: Argument `input_length` is deprecated. Just remove it.\n"}
,{"stream_name":"stderr","time":2446.68350928,"data":"  warnings.warn(\n"}
,{"stream_name":"stdout","time":2502.587753619,"data":"Validation Macro F1: 0.5533\n"}
,{"stream_name":"stdout","time":2502.587804887,"data":"  Dist. prediksi val : {0: 266, 1: 206, 2: 220}\n"}
,{"stream_name":"stdout","time":2502.587812501,"data":"  Baseline mayoritas : acc=0.5419 macro_f1=0.2343\n"}
,{"stream_name":"stdout","time":2502.58781729,"data":"  STATUS: OK\n"}
,{"stream_name":"stdout","time":2502.587822136,"data":"  Dist. prediksi val : {0: 266, 1: 206, 2: 220}\n"}
,{"stream_name":"stdout","time":2502.587827016,"data":"  Baseline mayoritas : acc=0.5419 macro_f1=0.2343\n"}
,{"stream_name":"stdout","time":2502.587832172,"data":"  STATUS: OK\n"}
,{"stream_name":"stdout","time":2502.5878373,"data":"\n"}
,{"stream_name":"stdout","time":2502.587842454,"data":"--- Eksperimen 105/120 | Strategi: SMOTE | Config #9 ---\n"}
,{"stream_name":"stdout","time":2502.587848056,"data":"{'batch_size': 16, 'dropout': 0.3, 'learning_rate': 0.0001, 'units': 32}\n"}
,{"stream_name":"stderr","time":2502.773779177,"data":"/usr/local/lib/python3.12/dist-packages/keras/src/layers/core/embedding.py:100: UserWarning: Argument `input_length` is deprecated. Just remove it.\n"}
,{"stream_name":"stderr","time":2502.773850438,"data":"  warnings.warn(\n"}
,{"stream_name":"stderr","time":2502.773857806,"data":"\n"}
,{"stream_name":"stderr","time":2502.773862624,"data":"/usr/local/lib/python3.12/dist-packages/keras/src/layers/core/embedding.py:100: UserWarning: Argument `input_length` is deprecated. Just remove it.\n"}
,{"stream_name":"stderr","time":2502.773867802,"data":"  warnings.warn(\n"}
,{"stream_name":"stdout","time":2538.974432858,"data":"Validation Macro F1: 0.4918\n"}
,{"stream_name":"stdout","time":2538.974506654,"data":"  Dist. prediksi val : {0: 317, 1: 53, 2: 322}\n"}
,{"stream_name":"stdout","time":2538.974526641,"data":"  Baseline mayoritas : acc=0.5419 macro_f1=0.2343\n"}
,{"stream_name":"stdout","time":2538.974531186,"data":"  STATUS: OK\n"}
,{"stream_name":"stdout","time":2538.974537143,"data":"  Dist. prediksi val : {0: 317, 1: 53, 2: 322}\n"}
,{"stream_name":"stdout","time":2538.974563283,"data":"  Baseline mayoritas : acc=0.5419 macro_f1=0.2343\n"}
,{"stream_name":"stdout","time":2538.974568418,"data":"  STATUS: OK\n"}
,{"stream_name":"stdout","time":2538.974573087,"data":"\n"}
,{"stream_name":"stdout","time":2538.974576836,"data":"--- Eksperimen 106/120 | Strategi: SMOTE | Config #10 ---\n"}
,{"stream_name":"stdout","time":2538.974581073,"data":"{'batch_size': 16, 'dropout': 0.3, 'learning_rate': 0.0001, 'units': 64}\n"}
,{"stream_name":"stderr","time":2539.165037619,"data":"/usr/local/lib/python3.12/dist-packages/keras/src/layers/core/embedding.py:100: UserWarning: Argument `input_length` is deprecated. Just remove it.\n"}
,{"stream_name":"stderr","time":2539.165088745,"data":"  warnings.warn(\n"}
,{"stream_name":"stderr","time":2539.165095377,"data":"\n"}
,{"stream_name":"stderr","time":2539.165100282,"data":"/usr/local/lib/python3.12/dist-packages/keras/src/layers/core/embedding.py:100: UserWarning: Argument `input_length` is deprecated. Just remove it.\n"}
,{"stream_name":"stderr","time":2539.165105237,"data":"  warnings.warn(\n"}
,{"stream_name":"stdout","time":2590.470646509,"data":"Validation Macro F1: 0.5788\n"}
,{"stream_name":"stdout","time":2590.470713757,"data":"  Dist. prediksi val : {0: 278, 1: 225, 2: 189}\n"}
,{"stream_name":"stdout","time":2590.470721766,"data":"  Baseline mayoritas : acc=0.5419 macro_f1=0.2343\n"}
,{"stream_name":"stdout","time":2590.47072697,"data":"  STATUS: OK\n"}
,{"stream_name":"stdout","time":2590.470732547,"data":"  Dist. prediksi val : {0: 278, 1: 225, 2: 189}\n"}
,{"stream_name":"stdout","time":2590.470740031,"data":"  Baseline mayoritas : acc=0.5419 macro_f1=0.2343\n"}
,{"stream_name":"stdout","time":2590.470746557,"data":"  STATUS: OK\n"}
,{"stream_name":"stdout","time":2590.470752207,"data":"\n"}
,{"stream_name":"stdout","time":2590.470756914,"data":"--- Eksperimen 107/120 | Strategi: SMOTE | Config #11 ---\n"}
,{"stream_name":"stdout","time":2590.470762246,"data":"{'batch_size': 16, 'dropout': 0.3, 'learning_rate': 0.0002, 'units': 32}\n"}
,{"stream_name":"stderr","time":2590.656318199,"data":"/usr/local/lib/python3.12/dist-packages/keras/src/layers/core/embedding.py:100: UserWarning: Argument `input_length` is deprecated. Just remove it.\n"}
,{"stream_name":"stderr","time":2590.65637202,"data":"  warnings.warn(\n"}
,{"stream_name":"stderr","time":2590.65637987,"data":"\n"}
,{"stream_name":"stderr","time":2590.656385462,"data":"/usr/local/lib/python3.12/dist-packages/keras/src/layers/core/embedding.py:100: UserWarning: Argument `input_length` is deprecated. Just remove it.\n"}
,{"stream_name":"stderr","time":2590.656391293,"data":"  warnings.warn(\n"}
,{"stream_name":"stdout","time":2636.628187769,"data":"Validation Macro F1: 0.5686\n"}
,{"stream_name":"stdout","time":2636.628237526,"data":"  Dist. prediksi val : {0: 283, 1: 176, 2: 233}\n"}
,{"stream_name":"stdout","time":2636.628244281,"data":"  Baseline mayoritas : acc=0.5419 macro_f1=0.2343\n"}
,{"stream_name":"stdout","time":2636.628249421,"data":"  STATUS: OK\n"}
,{"stream_name":"stdout","time":2636.628254291,"data":"  Dist. prediksi val : {0: 283, 1: 176, 2: 233}\n"}
,{"stream_name":"stdout","time":2636.628259137,"data":"  Baseline mayoritas : acc=0.5419 macro_f1=0.2343\n"}
,{"stream_name":"stdout","time":2636.628263904,"data":"  STATUS: OK\n"}
,{"stream_name":"stdout","time":2636.628282779,"data":"\n"}
,{"stream_name":"stdout","time":2636.628286602,"data":"--- Eksperimen 108/120 | Strategi: SMOTE | Config #12 ---\n"}
,{"stream_name":"stdout","time":2636.628290679,"data":"{'batch_size': 16, 'dropout': 0.3, 'learning_rate': 0.0002, 'units': 64}\n"}
,{"stream_name":"stderr","time":2636.812179894,"data":"/usr/local/lib/python3.12/dist-packages/keras/src/layers/core/embedding.py:100: UserWarning: Argument `input_length` is deprecated. Just remove it.\n"}
,{"stream_name":"stderr","time":2636.812232196,"data":"  warnings.warn(\n"}
,{"stream_name":"stderr","time":2636.812244141,"data":"\n"}
,{"stream_name":"stderr","time":2636.812246873,"data":"/usr/local/lib/python3.12/dist-packages/keras/src/layers/core/embedding.py:100: UserWarning: Argument `input_length` is deprecated. Just remove it.\n"}
,{"stream_name":"stderr","time":2636.812271663,"data":"  warnings.warn(\n"}
,{"stream_name":"stdout","time":2668.392919337,"data":"Validation Macro F1: 0.5060\n"}
,{"stream_name":"stdout","time":2668.392959058,"data":"  Dist. prediksi val : {0: 286, 1: 91, 2: 315}\n"}
,{"stream_name":"stdout","time":2668.392965859,"data":"  Baseline mayoritas : acc=0.5419 macro_f1=0.2343\n"}
,{"stream_name":"stdout","time":2668.392971524,"data":"  STATUS: OK\n"}
,{"stream_name":"stdout","time":2668.392976513,"data":"  Dist. prediksi val : {0: 286, 1: 91, 2: 315}\n"}
,{"stream_name":"stdout","time":2668.392981186,"data":"  Baseline mayoritas : acc=0.5419 macro_f1=0.2343\n"}
,{"stream_name":"stdout","time":2668.392986164,"data":"  STATUS: OK\n"}
,{"stream_name":"stdout","time":2668.392990846,"data":"\n"}
,{"stream_name":"stdout","time":2668.392997036,"data":"--- Eksperimen 109/120 | Strategi: SMOTE | Config #13 ---\n"}
,{"stream_name":"stdout","time":2668.393006374,"data":"{'batch_size': 32, 'dropout': 0.2, 'learning_rate': 5e-05, 'units': 32}\n"}
,{"stream_name":"stderr","time":2668.576917665,"data":"/usr/local/lib/python3.12/dist-packages/keras/src/layers/core/embedding.py:100: UserWarning: Argument `input_length` is deprecated. Just remove it.\n"}
,{"stream_name":"stderr","time":2668.577017061,"data":"  warnings.warn(\n"}
,{"stream_name":"stderr","time":2668.577024886,"data":"\n"}
,{"stream_name":"stderr","time":2668.577029966,"data":"/usr/local/lib/python3.12/dist-packages/keras/src/layers/core/embedding.py:100: UserWarning: Argument `input_length` is deprecated. Just remove it.\n"}
,{"stream_name":"stderr","time":2668.577037563,"data":"  warnings.warn(\n"}
,{"stream_name":"stdout","time":2703.699818379,"data":"Validation Macro F1: 0.5417\n"}
,{"stream_name":"stdout","time":2703.699854974,"data":"  Dist. prediksi val : {0: 324, 1: 147, 2: 221}\n"}
,{"stream_name":"stdout","time":2703.699861271,"data":"  Baseline mayoritas : acc=0.5419 macro_f1=0.2343\n"}
,{"stream_name":"stdout","time":2703.699866968,"data":"  STATUS: OK\n"}
,{"stream_name":"stdout","time":2703.699872104,"data":"  Dist. prediksi val : {0: 324, 1: 147, 2: 221}\n"}
,{"stream_name":"stdout","time":2703.699877287,"data":"  Baseline mayoritas : acc=0.5419 macro_f1=0.2343\n"}
,{"stream_name":"stdout","time":2703.699882578,"data":"  STATUS: OK\n"}
,{"stream_name":"stdout","time":2703.699887624,"data":"\n"}
,{"stream_name":"stdout","time":2703.699891986,"data":"--- Eksperimen 110/120 | Strategi: SMOTE | Config #14 ---\n"}
,{"stream_name":"stdout","time":2703.699897238,"data":"{'batch_size': 32, 'dropout': 0.2, 'learning_rate': 5e-05, 'units': 64}\n"}
,{"stream_name":"stderr","time":2703.883553015,"data":"/usr/local/lib/python3.12/dist-packages/keras/src/layers/core/embedding.py:100: UserWarning: Argument `input_length` is deprecated. Just remove it.\n"}
,{"stream_name":"stderr","time":2703.883608672,"data":"  warnings.warn(\n"}
,{"stream_name":"stderr","time":2703.883634539,"data":"\n"}
,{"stream_name":"stderr","time":2703.883639696,"data":"/usr/local/lib/python3.12/dist-packages/keras/src/layers/core/embedding.py:100: UserWarning: Argument `input_length` is deprecated. Just remove it.\n"}
,{"stream_name":"stderr","time":2703.883644473,"data":"  warnings.warn(\n"}
,{"stream_name":"stdout","time":2734.031057717,"data":"Validation Macro F1: 0.5281\n"}
,{"stream_name":"stdout","time":2734.031100311,"data":"  Dist. prediksi val : {0: 315, 1: 126, 2: 251}\n"}
,{"stream_name":"stdout","time":2734.031107491,"data":"  Baseline mayoritas : acc=0.5419 macro_f1=0.2343\n"}
,{"stream_name":"stdout","time":2734.031112293,"data":"  STATUS: OK\n"}
,{"stream_name":"stdout","time":2734.031116961,"data":"  Dist. prediksi val : {0: 315, 1: 126, 2: 251}\n"}
,{"stream_name":"stdout","time":2734.031121511,"data":"  Baseline mayoritas : acc=0.5419 macro_f1=0.2343\n"}
,{"stream_name":"stdout","time":2734.031126029,"data":"  STATUS: OK\n"}
,{"stream_name":"stdout","time":2734.031130505,"data":"\n"}
,{"stream_name":"stdout","time":2734.031135537,"data":"--- Eksperimen 111/120 | Strategi: SMOTE | Config #15 ---\n"}
,{"stream_name":"stdout","time":2734.031140149,"data":"{'batch_size': 32, 'dropout': 0.2, 'learning_rate': 0.0001, 'units': 32}\n"}
,{"stream_name":"stderr","time":2734.221571351,"data":"/usr/local/lib/python3.12/dist-packages/keras/src/layers/core/embedding.py:100: UserWarning: Argument `input_length` is deprecated. Just remove it.\n"}
,{"stream_name":"stderr","time":2734.221640511,"data":"  warnings.warn(\n"}
,{"stream_name":"stderr","time":2734.221648925,"data":"\n"}
,{"stream_name":"stderr","time":2734.221654458,"data":"/usr/local/lib/python3.12/dist-packages/keras/src/layers/core/embedding.py:100: UserWarning: Argument `input_length` is deprecated. Just remove it.\n"}
,{"stream_name":"stderr","time":2734.221659589,"data":"  warnings.warn(\n"}
,{"stream_name":"stdout","time":2761.969431331,"data":"Validation Macro F1: 0.5649\n"}
,{"stream_name":"stdout","time":2761.96949781,"data":"  Dist. prediksi val : {0: 321, 1: 155, 2: 216}\n"}
,{"stream_name":"stdout","time":2761.969504596,"data":"  Baseline mayoritas : acc=0.5419 macro_f1=0.2343\n"}
,{"stream_name":"stdout","time":2761.969509798,"data":"  STATUS: OK\n"}
,{"stream_name":"stdout","time":2761.969514518,"data":"  Dist. prediksi val : {0: 321, 1: 155, 2: 216}\n"}
,{"stream_name":"stdout","time":2761.969519736,"data":"  Baseline mayoritas : acc=0.5419 macro_f1=0.2343\n"}
,{"stream_name":"stdout","time":2761.969539626,"data":"  STATUS: OK\n"}
,{"stream_name":"stdout","time":2761.9695462,"data":"\n"}
,{"stream_name":"stdout","time":2761.969551516,"data":"--- Eksperimen 112/120 | Strategi: SMOTE | Config #16 ---\n"}
,{"stream_name":"stdout","time":2761.969556395,"data":"{'batch_size': 32, 'dropout': 0.2, 'learning_rate': 0.0001, 'units': 64}\n"}
,{"stream_name":"stderr","time":2762.202824901,"data":"/usr/local/lib/python3.12/dist-packages/keras/src/layers/core/embedding.py:100: UserWarning: Argument `input_length` is deprecated. Just remove it.\n"}
,{"stream_name":"stderr","time":2762.202877507,"data":"  warnings.warn(\n"}
,{"stream_name":"stderr","time":2762.20288662,"data":"\n"}
,{"stream_name":"stderr","time":2762.202918188,"data":"/usr/local/lib/python3.12/dist-packages/keras/src/layers/core/embedding.py:100: UserWarning: Argument `input_length` is deprecated. Just remove it.\n"}
,{"stream_name":"stderr","time":2762.202935779,"data":"  warnings.warn(\n"}
,{"stream_name":"stdout","time":2790.225858521,"data":"Validation Macro F1: 0.5834\n"}
,{"stream_name":"stdout","time":2790.225941946,"data":"  Dist. prediksi val : {0: 295, 1: 199, 2: 198}\n"}
,{"stream_name":"stdout","time":2790.225964826,"data":"  Baseline mayoritas : acc=0.5419 macro_f1=0.2343\n"}
,{"stream_name":"stdout","time":2790.225992268,"data":"  STATUS: OK\n"}
,{"stream_name":"stdout","time":2790.22599679,"data":"  Dist. prediksi val : {0: 295, 1: 199, 2: 198}\n"}
,{"stream_name":"stdout","time":2790.226001195,"data":"  Baseline mayoritas : acc=0.5419 macro_f1=0.2343\n"}
,{"stream_name":"stdout","time":2790.226004688,"data":"  STATUS: OK\n"}
,{"stream_name":"stdout","time":2790.226008823,"data":"\n"}
,{"stream_name":"stdout","time":2790.226013046,"data":"--- Eksperimen 113/120 | Strategi: SMOTE | Config #17 ---\n"}
,{"stream_name":"stdout","time":2790.226016583,"data":"{'batch_size': 32, 'dropout': 0.2, 'learning_rate': 0.0002, 'units': 32}\n"}
,{"stream_name":"stderr","time":2790.41658806,"data":"/usr/local/lib/python3.12/dist-packages/keras/src/layers/core/embedding.py:100: UserWarning: Argument `input_length` is deprecated. Just remove it.\n"}
,{"stream_name":"stderr","time":2790.41663182,"data":"  warnings.warn(\n"}
,{"stream_name":"stderr","time":2790.416638038,"data":"\n"}
,{"stream_name":"stderr","time":2790.416641305,"data":"/usr/local/lib/python3.12/dist-packages/keras/src/layers/core/embedding.py:100: UserWarning: Argument `input_length` is deprecated. Just remove it.\n"}
,{"stream_name":"stderr","time":2790.41664565,"data":"  warnings.warn(\n"}
,{"stream_name":"stdout","time":2810.797365672,"data":"Validation Macro F1: 0.4998\n"}
,{"stream_name":"stdout","time":2810.797427688,"data":"  Dist. prediksi val : {0: 345, 1: 42, 2: 305}\n"}
,{"stream_name":"stdout","time":2810.797436024,"data":"  Baseline mayoritas : acc=0.5419 macro_f1=0.2343\n"}
,{"stream_name":"stdout","time":2810.797442667,"data":"  STATUS: OK\n"}
,{"stream_name":"stdout","time":2810.79744754,"data":"  Dist. prediksi val : {0: 345, 1: 42, 2: 305}\n"}
,{"stream_name":"stdout","time":2810.797452262,"data":"  Baseline mayoritas : acc=0.5419 macro_f1=0.2343\n"}
,{"stream_name":"stdout","time":2810.797457162,"data":"  STATUS: OK\n"}
,{"stream_name":"stdout","time":2810.79746258,"data":"\n"}
,{"stream_name":"stdout","time":2810.797467723,"data":"--- Eksperimen 114/120 | Strategi: SMOTE | Config #18 ---\n"}
,{"stream_name":"stdout","time":2810.797473759,"data":"{'batch_size': 32, 'dropout': 0.2, 'learning_rate': 0.0002, 'units': 64}\n"}
,{"stream_name":"stderr","time":2811.027994562,"data":"/usr/local/lib/python3.12/dist-packages/keras/src/layers/core/embedding.py:100: UserWarning: Argument `input_length` is deprecated. Just remove it.\n"}
,{"stream_name":"stderr","time":2811.02811712,"data":"  warnings.warn(\n"}
,{"stream_name":"stderr","time":2811.02812646,"data":"\n"}
,{"stream_name":"stderr","time":2811.028132669,"data":"/usr/local/lib/python3.12/dist-packages/keras/src/layers/core/embedding.py:100: UserWarning: Argument `input_length` is deprecated. Just remove it.\n"}
,{"stream_name":"stderr","time":2811.028138831,"data":"  warnings.warn(\n"}
,{"stream_name":"stdout","time":2831.575579645,"data":"Validation Macro F1: 0.5608\n"}
,{"stream_name":"stdout","time":2831.575627373,"data":"  Dist. prediksi val : {0: 243, 1: 240, 2: 209}\n"}
,{"stream_name":"stdout","time":2831.575634391,"data":"  Baseline mayoritas : acc=0.5419 macro_f1=0.2343\n"}
,{"stream_name":"stdout","time":2831.575639369,"data":"  STATUS: OK\n"}
,{"stream_name":"stdout","time":2831.575644222,"data":"  Dist. prediksi val : {0: 243, 1: 240, 2: 209}\n"}
,{"stream_name":"stdout","time":2831.575649015,"data":"  Baseline mayoritas : acc=0.5419 macro_f1=0.2343\n"}
,{"stream_name":"stdout","time":2831.57565358,"data":"  STATUS: OK\n"}
,{"stream_name":"stdout","time":2831.575668285,"data":"\n"}
,{"stream_name":"stdout","time":2831.575672252,"data":"--- Eksperimen 115/120 | Strategi: SMOTE | Config #19 ---\n"}
,{"stream_name":"stdout","time":2831.575675748,"data":"{'batch_size': 32, 'dropout': 0.3, 'learning_rate': 5e-05, 'units': 32}\n"}
,{"stream_name":"stderr","time":2831.761786201,"data":"/usr/local/lib/python3.12/dist-packages/keras/src/layers/core/embedding.py:100: UserWarning: Argument `input_length` is deprecated. Just remove it.\n"}
,{"stream_name":"stderr","time":2831.761837528,"data":"  warnings.warn(\n"}
,{"stream_name":"stderr","time":2831.76184333,"data":"\n"}
,{"stream_name":"stderr","time":2831.761847356,"data":"/usr/local/lib/python3.12/dist-packages/keras/src/layers/core/embedding.py:100: UserWarning: Argument `input_length` is deprecated. Just remove it.\n"}
,{"stream_name":"stderr","time":2831.761851779,"data":"  warnings.warn(\n"}
,{"stream_name":"stdout","time":2844.723960189,"data":"Validation Macro F1: 0.1024\n"}
,{"stream_name":"stdout","time":2844.724029953,"data":"  Dist. prediksi val : {0: 2, 1: 687, 2: 3}\n"}
,{"stream_name":"stdout","time":2844.724035888,"data":"  Baseline mayoritas : acc=0.5419 macro_f1=0.2343\n"}
,{"stream_name":"stdout","time":2844.724039578,"data":"  STATUS: COLLAPSE (F1 \u003c= baseline)\n"}
,{"stream_name":"stdout","time":2844.724043394,"data":"  Dist. prediksi val : {0: 2, 1: 687, 2: 3}\n"}
,{"stream_name":"stdout","time":2844.724046863,"data":"  Baseline mayoritas : acc=0.5419 macro_f1=0.2343\n"}
,{"stream_name":"stdout","time":2844.724050727,"data":"  STATUS: COLLAPSE (F1 \u003c= baseline)\n"}
,{"stream_name":"stdout","time":2844.724078257,"data":"\n"}
,{"stream_name":"stdout","time":2844.72408428,"data":"--- Eksperimen 116/120 | Strategi: SMOTE | Config #20 ---\n"}
,{"stream_name":"stdout","time":2844.724090216,"data":"{'batch_size': 32, 'dropout': 0.3, 'learning_rate': 5e-05, 'units': 64}\n"}
,{"stream_name":"stderr","time":2844.958652244,"data":"/usr/local/lib/python3.12/dist-packages/keras/src/layers/core/embedding.py:100: UserWarning: Argument `input_length` is deprecated. Just remove it.\n"}
,{"stream_name":"stderr","time":2844.958718084,"data":"  warnings.warn(\n"}
,{"stream_name":"stderr","time":2844.958728447,"data":"\n"}
,{"stream_name":"stderr","time":2844.95873574,"data":"/usr/local/lib/python3.12/dist-packages/keras/src/layers/core/embedding.py:100: UserWarning: Argument `input_length` is deprecated. Just remove it.\n"}
,{"stream_name":"stderr","time":2844.958742343,"data":"  warnings.warn(\n"}
,{"stream_name":"stdout","time":2880.371967737,"data":"Validation Macro F1: 0.5754\n"}
,{"stream_name":"stdout","time":2880.372015517,"data":"  Dist. prediksi val : {0: 314, 1: 202, 2: 176}\n"}
,{"stream_name":"stdout","time":2880.372022545,"data":"  Baseline mayoritas : acc=0.5419 macro_f1=0.2343\n"}
,{"stream_name":"stdout","time":2880.372027169,"data":"  STATUS: OK\n"}
,{"stream_name":"stdout","time":2880.372031733,"data":"  Dist. prediksi val : {0: 314, 1: 202, 2: 176}\n"}
,{"stream_name":"stdout","time":2880.372036152,"data":"  Baseline mayoritas : acc=0.5419 macro_f1=0.2343\n"}
,{"stream_name":"stdout","time":2880.372043187,"data":"  STATUS: OK\n"}
,{"stream_name":"stdout","time":2880.372047776,"data":"\n"}
,{"stream_name":"stdout","time":2880.372053847,"data":"--- Eksperimen 117/120 | Strategi: SMOTE | Config #21 ---\n"}
,{"stream_name":"stdout","time":2880.372059017,"data":"{'batch_size': 32, 'dropout': 0.3, 'learning_rate': 0.0001, 'units': 32}\n"}
,{"stream_name":"stderr","time":2880.568199316,"data":"/usr/local/lib/python3.12/dist-packages/keras/src/layers/core/embedding.py:100: UserWarning: Argument `input_length` is deprecated. Just remove it.\n"}
,{"stream_name":"stderr","time":2880.568257584,"data":"  warnings.warn(\n"}
,{"stream_name":"stderr","time":2880.568263914,"data":"\n"}
,{"stream_name":"stderr","time":2880.568267655,"data":"/usr/local/lib/python3.12/dist-packages/keras/src/layers/core/embedding.py:100: UserWarning: Argument `input_length` is deprecated. Just remove it.\n"}
,{"stream_name":"stderr","time":2880.568272103,"data":"  warnings.warn(\n"}
,{"stream_name":"stdout","time":2908.731576237,"data":"Validation Macro F1: 0.5619\n"}
,{"stream_name":"stdout","time":2908.731651985,"data":"  Dist. prediksi val : {0: 301, 1: 151, 2: 240}\n"}
,{"stream_name":"stdout","time":2908.73165856,"data":"  Baseline mayoritas : acc=0.5419 macro_f1=0.2343\n"}
,{"stream_name":"stdout","time":2908.731663514,"data":"  STATUS: OK\n"}
,{"stream_name":"stdout","time":2908.731668498,"data":"  Dist. prediksi val : {0: 301, 1: 151, 2: 240}\n"}
,{"stream_name":"stdout","time":2908.731673218,"data":"  Baseline mayoritas : acc=0.5419 macro_f1=0.2343\n"}
,{"stream_name":"stdout","time":2908.731677644,"data":"  STATUS: OK\n"}
,{"stream_name":"stdout","time":2908.731681972,"data":"\n"}
,{"stream_name":"stdout","time":2908.731686223,"data":"--- Eksperimen 118/120 | Strategi: SMOTE | Config #22 ---\n"}
,{"stream_name":"stdout","time":2908.731691031,"data":"{'batch_size': 32, 'dropout': 0.3, 'learning_rate': 0.0001, 'units': 64}\n"}
,{"stream_name":"stderr","time":2908.986339152,"data":"/usr/local/lib/python3.12/dist-packages/keras/src/layers/core/embedding.py:100: UserWarning: Argument `input_length` is deprecated. Just remove it.\n"}
,{"stream_name":"stderr","time":2908.98639655,"data":"  warnings.warn(\n"}
,{"stream_name":"stderr","time":2908.986403765,"data":"\n"}
,{"stream_name":"stderr","time":2908.986409372,"data":"/usr/local/lib/python3.12/dist-packages/keras/src/layers/core/embedding.py:100: UserWarning: Argument `input_length` is deprecated. Just remove it.\n"}
,{"stream_name":"stderr","time":2908.986415508,"data":"  warnings.warn(\n"}
,{"stream_name":"stdout","time":2936.98227377,"data":"Validation Macro F1: 0.5874\n"}
,{"stream_name":"stdout","time":2936.982321155,"data":"  Dist. prediksi val : {0: 294, 1: 212, 2: 186}\n"}
,{"stream_name":"stdout","time":2936.982333935,"data":"  Baseline mayoritas : acc=0.5419 macro_f1=0.2343\n"}
,{"stream_name":"stdout","time":2936.982338939,"data":"  STATUS: OK\n"}
,{"stream_name":"stdout","time":2936.982344479,"data":"  Dist. prediksi val : {0: 294, 1: 212, 2: 186}\n"}
,{"stream_name":"stdout","time":2936.982349323,"data":"  Baseline mayoritas : acc=0.5419 macro_f1=0.2343\n"}
,{"stream_name":"stdout","time":2936.982354212,"data":"  STATUS: OK\n"}
,{"stream_name":"stdout","time":2936.982358874,"data":"\n"}
,{"stream_name":"stdout","time":2936.982362926,"data":"--- Eksperimen 119/120 | Strategi: SMOTE | Config #23 ---\n"}
,{"stream_name":"stdout","time":2936.982367482,"data":"{'batch_size': 32, 'dropout': 0.3, 'learning_rate': 0.0002, 'units': 32}\n"}
,{"stream_name":"stderr","time":2937.175623772,"data":"/usr/local/lib/python3.12/dist-packages/keras/src/layers/core/embedding.py:100: UserWarning: Argument `input_length` is deprecated. Just remove it.\n"}
,{"stream_name":"stderr","time":2937.175676026,"data":"  warnings.warn(\n"}
,{"stream_name":"stderr","time":2937.175684222,"data":"\n"}
,{"stream_name":"stderr","time":2937.17568967,"data":"/usr/local/lib/python3.12/dist-packages/keras/src/layers/core/embedding.py:100: UserWarning: Argument `input_length` is deprecated. Just remove it.\n"}
,{"stream_name":"stderr","time":2937.175696383,"data":"  warnings.warn(\n"}
,{"stream_name":"stdout","time":2965.023469898,"data":"Validation Macro F1: 0.5730\n"}
,{"stream_name":"stdout","time":2965.023587422,"data":"  Dist. prediksi val : {0: 312, 1: 198, 2: 182}\n"}
,{"stream_name":"stdout","time":2965.023599357,"data":"  Baseline mayoritas : acc=0.5419 macro_f1=0.2343\n"}
,{"stream_name":"stdout","time":2965.023603922,"data":"  STATUS: OK\n"}
,{"stream_name":"stdout","time":2965.023607697,"data":"  Dist. prediksi val : {0: 312, 1: 198, 2: 182}\n"}
,{"stream_name":"stdout","time":2965.023611501,"data":"  Baseline mayoritas : acc=0.5419 macro_f1=0.2343\n"}
,{"stream_name":"stdout","time":2965.023615254,"data":"  STATUS: OK\n"}
,{"stream_name":"stdout","time":2965.02361902,"data":"\n"}
,{"stream_name":"stdout","time":2965.023622885,"data":"--- Eksperimen 120/120 | Strategi: SMOTE | Config #24 ---\n"}
,{"stream_name":"stdout","time":2965.023627074,"data":"{'batch_size': 32, 'dropout': 0.3, 'learning_rate': 0.0002, 'units': 64}\n"}
,{"stream_name":"stderr","time":2965.251029674,"data":"/usr/local/lib/python3.12/dist-packages/keras/src/layers/core/embedding.py:100: UserWarning: Argument `input_length` is deprecated. Just remove it.\n"}
,{"stream_name":"stderr","time":2965.251078216,"data":"  warnings.warn(\n"}
,{"stream_name":"stderr","time":2965.251085836,"data":"\n"}
,{"stream_name":"stderr","time":2965.251093883,"data":"/usr/local/lib/python3.12/dist-packages/keras/src/layers/core/embedding.py:100: UserWarning: Argument `input_length` is deprecated. Just remove it.\n"}
,{"stream_name":"stderr","time":2965.251097589,"data":"  warnings.warn(\n"}
,{"stream_name":"stdout","time":2992.688020862,"data":"Validation Macro F1: 0.5877\n"}
,{"stream_name":"stdout","time":2992.688087636,"data":"  Dist. prediksi val : {0: 299, 1: 172, 2: 221}\n"}
,{"stream_name":"stdout","time":2992.688097412,"data":"  Baseline mayoritas : acc=0.5419 macro_f1=0.2343\n"}
,{"stream_name":"stdout","time":2992.688103492,"data":"  STATUS: OK\n"}
,{"stream_name":"stdout","time":2992.688108272,"data":"  Dist. prediksi val : {0: 299, 1: 172, 2: 221}\n"}
,{"stream_name":"stdout","time":2992.688113037,"data":"  Baseline mayoritas : acc=0.5419 macro_f1=0.2343\n"}
,{"stream_name":"stdout","time":2992.688117718,"data":"  STATUS: OK\n"}
,{"stream_name":"stdout","time":2992.883969238,"data":"\n"}
,{"stream_name":"stdout","time":2992.884017165,"data":"============================================================\n"}
,{"stream_name":"stdout","time":2992.884025215,"data":"HASIL TERBAIK KESELURUHAN\n"}
,{"stream_name":"stdout","time":2992.88403123,"data":"============================================================\n"}
,{"stream_name":"stdout","time":2992.884037577,"data":"Strategi Imbalance Terbaik : Class Weight\n"}
,{"stream_name":"stdout","time":2992.884043504,"data":"Hyperparameter Terbaik     : {'batch_size': 16, 'dropout': 0.2, 'learning_rate': 0.0002, 'units': 64}\n"}
,{"stream_name":"stdout","time":2992.884048922,"data":"Best Validation Macro F1   : 0.6820\n"}
,{"stream_name":"stdout","time":2992.8840539,"data":"Catatan (P0): bandingkan dengan baseline mayoritas (macro F1 ~0.239 utk 3 kelas 56/27/17).\n"}
,{"stream_name":"stdout","time":2992.884059259,"data":"Jika best F1 ~= baseline -\u003e model COLLAPSE, jangan dipakai sebagai hasil tuning.\n"}
,{"stream_name":"stdout","time":2992.884064542,"data":"Catatan (P0): bandingkan dengan baseline mayoritas (macro F1 ~0.239 utk 3 kelas 56/27/17).\n"}
,{"stream_name":"stdout","time":2992.884070355,"data":"Jika best F1 ~= baseline -\u003e model COLLAPSE, jangan dipakai sebagai hasil tuning.\n"}
,{"stream_name":"stdout","time":2992.884075447,"data":"\n"}
,{"stream_name":"stdout","time":2992.88408084,"data":"Top 10 Kombinasi Eksperimen Terbaik:\n"}
,{"stream_name":"stdout","time":2992.884086602,"data":"            strategy  batch_size  dropout  learning_rate  units  val_f1_macro\n"}
,{"stream_name":"stdout","time":2992.884105904,"data":"        Class Weight          16      0.2        0.00020     64      0.681998\n"}
,{"stream_name":"stdout","time":2992.884110677,"data":" Random Oversampling          32      0.2        0.00020     64      0.664657\n"}
,{"stream_name":"stdout","time":2992.884115343,"data":" Random Oversampling          16      0.3        0.00010     64      0.647532\n"}
,{"stream_name":"stdout","time":2992.884119368,"data":" Random Oversampling          16      0.2        0.00005     64      0.644115\n"}
,{"stream_name":"stdout","time":2992.884123386,"data":" Random Oversampling          16      0.3        0.00020     64      0.630132\n"}
,{"stream_name":"stdout","time":2992.884127252,"data":" Random Oversampling          16      0.3        0.00020     32      0.628236\n"}
,{"stream_name":"stdout","time":2992.884131118,"data":"Random Undersampling          32      0.2        0.00020     64      0.627645\n"}
,{"stream_name":"stdout","time":2992.884135072,"data":"        Class Weight          16      0.2        0.00005     32      0.626006\n"}
,{"stream_name":"stdout","time":2992.884139268,"data":"        Class Weight          16      0.2        0.00010     32      0.625920\n"}
,{"stream_name":"stdout","time":2992.884143218,"data":"        Class Weight          32      0.2        0.00020     64      0.625210\n"}
,{"stream_name":"stdout","time":2993.509697606,"data":"\n"}
,{"stream_name":"stdout","time":2993.509741789,"data":"============================================================\n"}
,{"stream_name":"stdout","time":2993.509745597,"data":"HASIL TEST SET MODEL TERBAIK\n"}
,{"stream_name":"stdout","time":2993.509748273,"data":"============================================================\n"}
,{"stream_name":"stdout","time":2993.509751037,"data":"Accuracy        : 0.7266\n"}
,{"stream_name":"stdout","time":2993.509754119,"data":"Precision Macro : 0.6812\n"}
,{"stream_name":"stdout","time":2993.509780618,"data":"Recall Macro    : 0.7084\n"}
,{"stream_name":"stdout","time":2993.509785386,"data":"Macro F1        : 0.6900\n"}
,{"stream_name":"stdout","time":2994.407101248,"data":"Artefak B01 berhasil disimpan di /kaggle/working/!\n"}
,{"stream_name":"stderr","time":3000.445200899,"data":"/usr/local/lib/python3.12/dist-packages/mistune.py:435: SyntaxWarning: invalid escape sequence '\\|'\n"}
,{"stream_name":"stderr","time":3000.445256849,"data":"  cells[i][c] = re.sub('\\\\\\\\\\|', '|', cell)\n"}
,{"stream_name":"stderr","time":3000.614949486,"data":"/usr/local/lib/python3.12/dist-packages/nbconvert/filters/filter_links.py:36: SyntaxWarning: invalid escape sequence '\\_'\n"}
,{"stream_name":"stderr","time":3000.614987822,"data":"  text = re.sub(r'_', '\\_', text) # Escape underscores in display text\n"}
,{"stream_name":"stderr","time":3001.328742808,"data":"[NbConvertApp] Converting notebook __notebook__.ipynb to notebook\n"}
,{"stream_name":"stderr","time":3001.849571839,"data":"[NbConvertApp] Writing 490156 bytes to __notebook__.ipynb\n"}
,{"stream_name":"stderr","time":3004.61912957,"data":"[NbConvertApp] Converting notebook __notebook__.ipynb to html\n"}
,{"stream_name":"stderr","time":3005.731983647,"data":"[NbConvertApp] Writing 739270 bytes to __results__.html\n"}
]