text,label_aktual,label_prediksi,prob_negatif,prob_netral,prob_positif
Kondisi pasca bencana banjir bandang di serba jadi Aceh timur PrayForSumatera 4 10 790,1,1,0.045020822,0.863701,0.091278225
"BNPB mengatakan sejumlah jembatan darurat atau bailey mulai dipasang pada beberapa titik di wilayah Sumatra Barat sebagai penghubung akses antar-wilayah antaranews. BNPB: Jembatan bailey dipasang, hubungkan akses terputus di Sumbar Badan Nasional Penanggulangan Bencana (BNPB) mengatakan sejumlah jembatan darurat atau bailey mulai dipasang pada beberapa titik di wilayah Sumatra Barat ... 268",1,1,0.01769408,0.8500545,0.13225141
KMS Aceh menyerahkan donasi kepada 8 (delapan) pegawai Mahkamah Syar’iyah Aceh yang terdampak bencana banjir dan tanah longsor. 25,1,2,0.037171714,0.07965901,0.88316923
"""Menko Pangan Zulhas meminta Bulog gandakan distribusi bantuan pangan ke Sumatera guna bantu korban banjir. Ribuan ton beras dan jutaan liter minyak goreng sudah disalurkan dengan lancar."" 18",0,0,0.69765127,0.08917409,0.21317457
"Ada trauma tersendiri sebagai rakyat tapanuli tengah, tapanuli tengah hancur seketika Pray for tapanuli tengah 30",2,0,0.87299716,0.07912694,0.047875885
"Lucu banget: di Sumatra sawit 'dituduh' biang banjir, ribuan pekerja terancam kehilangan kerja sampai PHK massal, sementara Papua diajak tanam sawit besar-besaran demi energi. Prioritas mana yang bener: lindungi hutan Papua sambil bunuh ekonomi rakyat Sumatra? banjirsumatra 7 8 4",0,0,0.9547536,0.023462385,0.021784088
"Setelah Gudang Timbunan Bantuan Banjir Digerebek Anggota Dewan, Puluhan Petugas BPBD Demo DPRK Bireun Setelah Gudang Timbunan Bantuan Banjir Digerebek Anggota Dewan, Puluhan Petugas BPBD Demo DPRK... 37",0,0,0.6910069,0.19071808,0.118275076
"Polda Sumbar hadir melalui bakti kesehatan bagi warga terdampak bencana sebagai Melakukan Upaya Perbaikan kondisi kesehatan pascabencana, demi masyarakat yang kembali sehat dan beraktivitas dengan aman. WujudkanSumateraPulih 18",2,2,0.011923842,0.044541035,0.94353515
Tim Siaga SAR Satbrimob Polda Kalsel sejak siang hingga malam hari terus sigap dalam membantu evakuasi warga terdampak banjir yang melanda di Sungai Rangas dan Dalam Pagar Kabupaten Banjar PrayForSumatra Polriuntukmasyarakat BrimobUntukNusadanBangsa Jiwaragakudemikemanusiaan,2,2,0.029424215,0.047134694,0.92344105
"Presiden Prabowo Subianto memberikan alokasi Rp 4 miliar kepada 52 kabupaten/kota di wilayah terdampak bencana di Aceh, Sumatera Utara, dan Sumatera Barat, dan dan Rp 20 milyar untuk provinsi, dengan menghitung dampak bencana thd ekonomi. Namun sayangnya tidak dijelaskan apakah 1 779",1,1,0.061079714,0.8875362,0.051384073
Pemerintah Sigap untuk Aceh Sumatra Kemenhut Bersihkan 1.272 Meter Gelondongan Kayu negarahadirpulihkansumatra 10,2,2,0.016990978,0.07770707,0.9053019
"Respons Cepat Bencana, Raffi Ahmad langsung sebar tim untuk salurkan bantuan ke korban banjir & longsor di Bandung, Aceh, Sumbar, hingga Sumut. 269",0,0,0.7570495,0.055108912,0.18784164
"Aku salah satu warga aceh yang rumahnya kebanjiran. Waktu air naik situasi lagi hujan deras, angin kencang, petir, listrik mati, jaringan enggak ada dan sekarang kalau hujan pasti takut 44",0,0,0.8321122,0.15422621,0.013661645
"Aceh Tamiang menjadi wilayah paling parah terdampak banjir bandang. Rumah warga porak-poranda, dan di sejumlah titik seluruh desa rata dengan tanah. Ternak seperti sapi dan kambing mati terkapar di jalan, sementara mayat korban masih tertimbun di bawah lumpur.",0,0,0.9529149,0.022084527,0.02500062
"empat gajah tersebut bernama Abu, Mido, Ajis dan Noni banjirsumatra banjiraceh PrayForSumatera aceh.antaranews. Update Bencana Aceh, Empat gajah jinak bantu bersihkan puing sisa banjir di Pidie Jaya - ANTARA... Balai Konservasi dan Sumber Daya Alam (BKSDA) Aceh mengerahkan empat ekor gajah jinak untuk membantu pembersihan kayu-kayu hutan sisa bencana banjir di ... 1 113",2,2,0.16434895,0.3647131,0.4709379
"Upaya pemulihan listrik pascabanjir di sejumlah wilayah Sumatera Barat terus dilakukan secara maksimal oleh berbagai pihak. Kapolda Sumbar Irjen Pol Gatot menegaskan bahwa Polri memberikan dukungan penuh, termasuk penambahan personel, dalam membantu proses penanganan bencana 17",2,2,0.009318064,0.037424885,0.9532571
banjir besar dan akses putus tapi Polisi Tanggap Bencana tetap maju demi evakuasi warga di titik paling sulit Terimakasih POLRI 23,2,2,0.056994446,0.028982269,0.91402334
Mohon izin disuarakan pak bang Bu dan seluruh Rakyat banyak perusahaan besar yang mengeruk alam Desa kami Belantaraya kec gaung kab Inhil prov Riau Tak satupun pejabat daerah berani bersuara untuk audit perizinannya Banjir sudah terasa 2 7 8,0,0,0.8741283,0.06533168,0.06054006
"Tololll, kui udu nyalahke jowo cok. Iku mek kok bayangke betapa dahsyatnya luas dampak banjir Sumatera. Sing notabene banjire kui sak pulau Jawa, tapi respon pemerintahane enggak sat set karo serius. Sedangkan nek sono kasus"" bencana ng Jowo gercep, ngunu. Kenopo koe malah bengok"" cok",0,0,0.8115905,0.11343415,0.074975386
"Empat gajah dari sebuah pusat pelatihan lokal menggunakan belalainya untuk bantu memindahkan potongan kayu besar dan membuka jalan yang terhalang di Pidie Jaya, sebuah distrik di Aceh yang parah terdampak banjir. 6 12",0,2,0.32192108,0.28021958,0.3978593
"Kemarin BNPB (melalui kepalanya), sekarang Basarnas membuat komentar kontroversial yang bertentangan dengan laporan langsung dari lapangan. Setelah coba iseng cek latar belakang kepala/ketua 2 badan ini langsung bikin manggut-manggut 1 473",0,0,0.7195255,0.2665143,0.013960183
Kehadiran tim dari Polda Riau menjadi wujud nyata kepedulian Polri terhadap korban banjir bandang di Sumatera Barat. polri PolriPeduli PeduliBencana PrayForSumatera 1 53,0,0,0.6681026,0.04342535,0.288472
"Ketika panik malem2 tiba-tiba motor mogok, Mas ini ditolong oleh Marbot Masjid warungmakangratis masjidpemudaindonesia masjidramahsegalanya prayforsumatra 1 10",2,0,0.50519276,0.44670266,0.04810458
deh JADI KENYATAAN... Rakyat Pribumi Jadi Budak di Negeri Sendiri...Bahkan MATI Para Taipan Cina Menguras SDA dan Membabat Habis Hutan Bumi Pertiwi... PrayForSumatera BENCANANASIONAL NATIONALDISASTER 2 123,0,0,0.95096177,0.019698074,0.029340189
"Iya, aksi Dinas Pendidikan Aceh ini memang nyata banget. Mereka lagi rehab sekitar 1.000 kursi dan meja rusak banjir di sekolah-sekolah seperti SMK Negeri Karang Baru. Ini bantu siswa belajar lagi dengan nyaman, plus hemat biaya. Buat siswa dan guru di sana, pasti terbantu ya.",0,2,0.046816107,0.04223292,0.910951
"Akun parodi Oalah tau"" ih kita ternyata sama ya sama-sama sumbar Sejauh ini tempat ku aman bisa dibilang aku ditengah"" tau terkepung maninjau longsor banjir nah disbelah snaa lagi bnjir juga tapi untung aman cuma kemarin itu air di luar gede tapi kamu bagaimana sekarang ??? Okey smua? 2 68",1,0,0.45125726,0.43748033,0.111262366
"Tanggung jawab atas deforestasi penyebab banjir bandang di Sumatra (seperti November 2025) bersifat multifaset. Berdasarkan laporan dari BBC, CNN Indonesia, dan Mongabay, pemerintah bertanggung jawab karena mengeluarkan izin operasi perusahaan. Perusahaan seperti PT Tusam dan",0,1,0.19396228,0.7893645,0.016673261
Banjir bandang jadi peringatan keras pentingnya perlindungan hutan Aceh Sumatera Update 25,0,1,0.03534586,0.81793493,0.14671925
"pemerintah merespon cepat atas bencana banjir di sumatera. Bantuan terus mengalir untuk para korban, evakuasi warga, distribusi logistic dan penjagaan keamanan terus dilakukan SatuIndonesia Pemerintah Hadir Tanpa Tunda 22",0,0,0.8338016,0.036031514,0.13016695
"Halaman masjid yang kini menjadi posko pengungsian tampak riuh oleh aktivitas warga dan relawan yang memasak di dapur umum. Tawa lirih bercampur letih menggambarkan bagaimana warga Desa Blang Panjoe, Kabupaten Bireuen, Aceh, saling menguatkan setelah rumah mereka terendam banjir. 2 9",2,2,0.10095397,0.07837389,0.82067215
"Jakarta, 6 Desember 2025 — Bencana alam banjir bandang yang melanda Aceh, Sumatra Utara, dan Sumatra Barat pada akhir November lalu meninggalkan dampak hebat bagi sejumlah wilayah, termasuk di Kampung Apa di Kelurahan Lubuk Minturun, Kecamatan Koto Tangah, Sumatra Barat. 45",0,1,0.110546134,0.8598023,0.02965157
"kalau enggak ada bukti, enggak usah menuduh macam2. bajer memang gaje. yang banyak buktinya kalau banjir di sumatera (tapanuli selatan) belum lama ini akibat deforestasi yang ijinnya diberikan oleh pada bulan oktober 2025 lalu. Kayu Gelondongan di Balik Banjir Sumut, Bupati Tapsel Bicara Kemenhut Kembali Beri Izin Korporasi -... 149",0,0,0.90544015,0.086237304,0.008322545
Pembangunan bagi warga masyarakat yang terkena bencana banjir sedang di laksanakan yaitu dalam membangun rumah rumah yang rusak dan terbawa banjir dan semoga bisa segera beres Aceh Sumatera Update 16,0,2,0.032492623,0.059646472,0.90786093
"""Mahasiswa terdampak bencana Sumatra dibebas UKT 1-2 semester, keren banget! 6",2,2,0.14555307,0.25232342,0.60212356
"Pemerintah saat ini sepertinya hanya ingin ""hadir ketika ada masalah"" bukan untuk ""menyelesaikan masalah"" PrayForSumatera 1 12",0,0,0.44920295,0.2760037,0.27479342
Akun parodi Lekas Pulih Sumatera AllEyesOnSumatera PrayForSumatera PrayForSibolga PrayForTapanuli PrayForAceh prayforsumbar 1 73,2,2,0.0976353,0.21732187,0.6850428
"Kapolri Telah Kantongi Tersangka Pembalakan Liar Di Tapanuli Selatan, Perparah Banjir Di Sumatera Kapolri Telah Kantongi Tersangka Pembalakan Liar Di Tapanuli Selatan, Perparah Banjir Di Sumatera 53",0,1,0.23471494,0.7142012,0.0510839
"Ini salah satu cara Allah SWT untuk membuat rugi para perusak bumi. Sudah bersusah payah melalukan pembalakan liar tak terkendali, hasilnya ternyata harus hanyut terbawa banjir... Kasihan masyarakat yang tak menahu harus ikut terdampak parah..",0,0,0.9564185,0.013549635,0.03003184
"Yukkk.....dulur2 diseluruh Indonesia menonton Film TIMUR kalo dulur2 menonton Film TIMUR berarti dulur2 sudah membantu korban Banjir di Aceh,Sumut dan Sumbar karena Pernyataan dari Bung Iko Uwais semua pendapatan dari Film TIMUR akan didonasikan unt korban Banjir,Amazing 2 2 13 352",0,0,0.7358489,0.04599643,0.2181547
"Pejabat2 tidak punya urat malu, tidak mungkin mau mundur inanews. . 5-7 Menteri Harus Mundur terkait Bencana Banjir Sumatra INAnews. . , Jakarta- Pengamat politik Rocky Gerung mendesak setidaknya 5 hingga 7 menteri mengundurkan diri menyusul penanganan bencana banjir bandang di Sumatera yang dinilai gagal. Dalam... 9",0,0,0.78678393,0.18755174,0.025664331
"Mendagri memastikan akan berkoordinasi dengan Kementerian Pertanian untuk memulihkan sawah terdampak melalui program optimalisasi lahan, berupa pembersihan lumpur, bantuan benih, pupuk, irigasi, serta alat mesin pertanian BanjirAceh Aceh TitoKarnavian Mendagri Tinjau Lokasi Banjir di Gayo Lues, Fokus Pemulihan Sawah dan Jembatan - Serambinews. 306",2,2,0.020676255,0.13051854,0.84880525
"Banjir dikawasan pulau Sumatra, pejabatnya bilang cuaca extrime, ya betul, saking extrime ya hujannya bukan hujan air, tapi hujan kayu gelondongan. Untuk semua pejabat, bikin saja terus kebijakan yang menyesatkan dan merusak. Kita tinggal sama-sama hukuman dari Allah berupa bencana.",0,0,0.9082205,0.0809339,0.010845528
"Tidak perlu banyak berdebat, mari bantu, gotong royong, berdoa demi saudara kita di Sumatera. PrayForSumatera yukgasss 2 1 1 67",1,2,0.047929797,0.045047868,0.90702236
"Banjir besar Aceh & Sumatra 2025 bukan sekadar ""musibah alam"". Ini adalah Bencana Ekologis Buatan Manusia (Man-made Disaster) yang terstruktur. Sebuah bedah kasus: Mengapa negara gagal mengurus hutan dan kenapa Masyarakat Adat adalah kunci keselamatannya. A Thread 2 1 104",0,0,0.8788946,0.10085531,0.020250048
"ya allah kenapa hujan lagi bukannya enggak bersyukur, tapi yang kemarin saja masih dalam proses evakuasi dan pembersihan lumpur/tumpukan sisa banjir dan longsor semoga enggak kenapa kenapa lagi 1 173",0,0,0.5180376,0.37495488,0.107007556
anjir lagi kerja gue malah menangis gara gara lihat banjir aceh enggak tega banget ya Allah 31,0,0,0.93989426,0.040655836,0.019449819
"Natal adalah panggilan moral untuk peduli. Pesan Natal Prabowo mengajak kita menyentuh hati sesama. Langkah Presiden Perkuat Solidaritas ini menjadi pelipur lara bagi korban banjir bandang. Pesan Natal 2025, Presiden Prabowo Ajak Gotong Royong untuk Sumatra 20",0,0,0.844406,0.03195151,0.12364241
Akun parodi :: Ini foto kenyataan bukan rekayasa AI. PrayForSumatera PrayForTapanuli PrayForAceh PrayForSibolga PrayForPrabowo Kerna ulah Oligarki rakyat banyak yang mati. *kapan revolusi.? [aku bertanya dengan hati-hati] •• 1 11 20 511,0,0,0.93337643,0.054781877,0.011841628
"Di tanah Sumatera lebih banyak perusakan dibanding pembangunan, Sumatera juga Indonesia AllEyesOnSumatera PrayForSumatera 118",0,0,0.74122936,0.17785026,0.08092042
Melalui Pesan Natal Prabowo Presiden Perkuat Solidaritas dengan mengajak rakyat saling membantu korban banjir bandang dan longsor di Sumatera.,0,0,0.7619277,0.049475458,0.1885968
"Tragedi Longsor Tapsel, 22 Korban Ditemukan Meninggal di Desa Batu Godang Sebanyak 22 korban tanah longsor di Kampung Duren, Desa Batu Godang, Tapanuli Selatan, Sumatera Utara, ditemukan dalam kondisi meninggal dunia oleh Tim SAR Gabungan, Senin (1/12/2025). + Banjir 3 38 89",0,0,0.87341255,0.095327675,0.031259704
"""Untuk bantuan pembuatan sumur bor, kami merencanakan pembangunan 436 fasilitas sumur bor di tiga provinsi. 261 di Aceh, 25 di Sumut, dan 150 titik di Sumbar. Saat ini proses sedang berjalan. Belum semua selesai,"" ujar Sigit dalam konferensi pers, Senin. Baca di sini: 3 815",2,1,0.06303162,0.8833957,0.053572655
"guys banjir di aceh dan sumbar memang separah itu, air mata gua keluar terus enggak kuat banget 21",0,0,0.6665392,0.31531236,0.018148415
"day 1 UO ada saja ujiannya, motor mogok lah, kesandung, jatuhh lah tok nak berak tok... gwenchana, topping hidup biar enggak polosan amat sih 1 14",0,0,0.725696,0.2543704,0.019933559
"ya allah hujan lagi sudah trust issues banget sama hujan bukan enggak bersyukur ya allah, tapi jangan sampai ada banjir susulan lagi 3 5 562",0,0,0.69445413,0.22928639,0.07625949
"Potret RSUD Aceh Tamiang yang Sudah Beroperasi dan Kembali Layani Masyarakat Aceh Tamiang — Rumah Sakit Umum Daerah (RSUD) Aceh Tamiang pada Sabtu (20/12) terpantau kembali bersih dan mulai melayani masyarakat, setelah sebelumnya terendam banjir dan tertimbun lumpur akibat 1 947",0,2,0.021444524,0.41788062,0.56067485
"Gelondong kayu memperparah banjir Sumatera di Desa Garoga, Tapanuli Selatan. Tempo melihat sendiri gelondong-gelondong kayu merusak Daerah Aliran Sungai Garoga. Simak selengkapnya dalam program Tukang Kupas Perkara. Tayang setiap Kamis, 25 Desember 2025 pukul 19.30 WIB di 7 168 360",0,1,0.38645756,0.5921617,0.021380745
"Kondisi pilu dialami warga terdampak banjir di Aceh yang terpaksa mengungsi secara darurat di tepi jalan. Tanpa adanya posko utama, mereka telah bertahan di lokasi tersebut selama lebih dari satu minggu. Ketika tim liputan tiba, suasana malam hari terlihat gulita akibat listrik 2 5 8",0,0,0.8719375,0.054343615,0.07371887
"ini ditempat kerjaku juga lumayan banjir semata kaki lebih bahkan ada yang sampai masuk rumah, hujan enggak berhenti2 bagaimana enggak banjir 1 131",0,0,0.7871309,0.18771462,0.025154458
"lu kira bencana nih kayak event goblok ngabisin anggaran aja, pemerintah kalo enggak goblok tolol dungu lu angkut semua 6",0,0,0.87585306,0.062922105,0.06122489
"Guys, ada yang tau info volunteer buat bisa bantu terjung langsung ke saudaraku korban banjir di aceh? Plis let me know. Sedih banget rasanya lihat seliweran foto/video situasi mereka disana, hati ini tergerak buat ikut bantu. volunteer volunteersumatera banjirsumatera 1 8",0,2,0.15503028,0.051098607,0.79387116
"Di tengah duka banjir Sumatera, Gus Yahya terus kerahkan organ NU dari tingkat pusat sampai ranting untuk bantu korban bencana. Kita yakin dengan semangat gotong royong dan ketulusan berkhidmat, kita bisa bangkit bersama. NUPeduliBencanaSumatera Korban Terus Bertambah, Gus Yahya Kerahkan Kekuatan PBNU untuk Bantu Bencana di Sumatera 8 23",0,0,0.61653966,0.033877652,0.3495826
Penanganan banjir di Aceh makin lancar karena respons pemerintah yang solid 19,2,2,0.020354107,0.15702006,0.8226259
SUMATERA BUTUH STATUS BENCANANASIONAL NATIONALDISASTER PrayForSumatera 20 54,1,1,0.09284432,0.8529471,0.054208525
Siapa yang Bayar PrayForSumatera IndonesiaGelap TolakUUTNI SupremasiSipil MariBangunKesadaran TolakOkupasiTanahRakyat Desember2025 1 33,0,0,0.5296414,0.3625977,0.107760906
Seskab Teddy: Pemerintah Kirim 11 Helikopter Logistik untuk Korban Banjir Sumatera - Aceh PrayForSumatera PrayForAceh Teddy Pastikan 11 Helikopter Non-Stop Keliling Lokasi Banjir Longsor Sumatera-Aceh mengirim bantuan terutama ke wilayah yang sulit dijangkau jalur darat 9 32 102,0,0,0.8689313,0.047189813,0.083878845
"Presiden Prabowo Subianto menegaskan pemerintah akan percepat pembangunan hunian dan pemulihan infrastruktur di Aceh, Sumbar dan Sumut pasca bencana banjir dan longsor. Pemerintah memastikan seluruh langkah penanganan darurat hingga pemulihan pascabencana berjalan terkoordinasi 460",2,2,0.012062593,0.14393435,0.8440031
"Menteri Ekraf Motoran dan Blusukan ke Rumah Warga Terdampak Banjir di Pidie Jaya Dalam kunjungan tersebut, awalnya Teuku Riefky berjalan kaki menyusuri rumah-rumah warga yang sebelumnya terendam banjir bandang. Banjiraceh KorbanBanjir MenteriEkref Menteri Ekraf Motoran dan Blusukan ke Rumah Warga Terdampak Banjir di Pidie Jaya - Serambinews. 57",0,0,0.49767148,0.18290438,0.31942412
"Berdasarkan data BMKG & BNPB (3 Des 2025): - Sumatra (Aceh, Sumut, Sumbar, Sumsel): Potensi longsor susulan & banjir baru akibat hujan ekstrem >100mm/hari (siklon tropis Senyar, curah hujan tinggi hingga 8 Des). Korban banjir Sumatra >753 jiwa, waspada daerah perbukitan. - Jawa",0,0,0.5096186,0.47641048,0.013970988
"Perjuangan tanpa henti untuk mengembalikan terang dan harapan masyarakat Aceh. Sudah sebulan lebih pascabencana banjir yang melanda wilayah Aceh, salah satu yang paling parah terdampak adalah Kecamatan Takengon, Kabupaten Aceh Tengah. PetugasPLN24Jam 32",0,2,0.2028609,0.06336913,0.73376995
"sedih banget ya. memang sudah paling benar gua tinggal sendiri aja/ngekost. gua pikir dengan salah satu keluarga gua ada yang mau nampung gua, gua akan dianggep. benaran sedih padahal ini cuma karena banjir kemarin wkwkwk. 1 16",0,0,0.8870946,0.06972052,0.04318489
"Ribuan keluarga korban banjir dan longsor di Aceh, Sumatera Utara, dan Sumatera Barat memilih bertahan di luar hunian sementara dengan menerima Dana Tunggu Hunian (DTH) dari pemerintah. Badan Nasional Penanggulangan Bencana (BNPB) mencatat, hingga kini sebanyak 16.264 kepala 1 1",1,0,0.8762596,0.07903579,0.044704605
"Cukong2 bos kayu dan tambang itu lagi kongkow2 di S'pore, bininya lagi belanja tas di Paris, anaknya lagi menonton NBA di LA.. Kalian para peliharaan lagi menonton tv lihat saudara di Aceh, Sumut dan Sumbar tertimpa bencana.. OTAK KALIAN ADA DIMANA BABIK..?",0,0,0.9374927,0.043868534,0.018638702
"Satgas KKP Peduli Bencana Bantu Normalisasi Sumur Air di Aceh Tamiang Satgas KKP Peduli Bencana Aceh dan Sumatra terus bergerak mendampingi masyarakat pascabencana di Aceh Tamiang, Langkat, hingga Langsa. AcehTamiang PSDKPPantangTercela KKP2026GrowStronger 2 57",1,2,0.011883928,0.037583087,0.95053303
"Susahnya pasca banjir, kayaknya maret tahun lalu di wilayah saya cuma selutut doang sampai masuk dalam rumah 3 hari baru menyusut dan ini baru kejadian banjir pertama kali setelah belasan tahun enggak pernah (terakhir kali katanya paling parah nyaris nyentuh atap rumah) 1 45",0,0,0.81815565,0.16937266,0.01247166
WALHI Desak Pemerintah Evaluasi Pengusaha Nakal Usai Banjir Sumatera WALHI UliArtaSiagian Banjir Longsor Sumatera Sumatra Pengusaha,0,0,0.6190051,0.32963514,0.05135979
"Kalau pemerintah hadir dan cepat tanggap, enggak perlu influencer kumpul donasi . Kalau harus menunggu ijin dari pemerintah keburu habis mereka. 8",0,2,0.21072067,0.102221765,0.6870576
"Ya Allah banjir di mana2,mana bawa kayu2 rapi lagi banjir nya..sesuatu yang berlebihan dan tanpa kendali memang menakutkan. 1 28",0,0,0.91382205,0.0764532,0.009724682
"1/ Ribuan saudara kita di Aceh, Sumut, Sumbar sudah meninggal dan hilang karena banjir+longsor. Tapi sampai hari ini statusnya masih “bencana daerah”, bukan bencana nasional. Kenapa sih kok lama banget dinaikkan? 1 55",0,0,0.913188,0.07029726,0.01651463
"Upaya evakuasi warga terdampak banjir di Kota Langsa kembali dilakukan melalui jalur laut untuk memastikan keselamatan kelompok rentan yang membutuhkan penanganan segera. Sebanyak 36 penumpang, terdiri dari ibu hamil, warga lanjut usia, anak-anak, serta beberapa warga yang 1 6 340",2,2,0.036508076,0.46270242,0.50078946
salut buat Pak Prabowo! Keputusan tepat buat penanganan banjir Sumatera. Semangat terus 18,2,2,0.039464638,0.0891088,0.8714265
banjir susulan yang masih terjadi di sumbar. kini pemerintah masih terus mengupayakan bantuan untuk warga di sumbar 59 3 3 118,1,2,0.02310506,0.06827527,0.9086197
"Sahabat Bahari, dampak banjir bandang di Aceh tentu membawa kerugian besar bagi infrastruktur dan ekonomi masyarakat. Terutama di Dusun Perdamaian, Desa Pondok Kemuning, Langsa dan Desa Sungai Liput, Aceh Tamiang yang seluruhnya terendam banjir pada November lalu 1 5 10 339",0,0,0.8426239,0.13498667,0.022389477
"Sumsel Kirim 52,9 Ton Bantuan untuk 3 Provinsi Terdampak Banjir Sumatra sumsel.idntimes. Sumsel Kirim 52,9 Ton Bantuan untuk 3 Provinsi Terdampak Banjir Sumatra Pemerintah Provinsi Sumatra Selatan menyalurkan bantuan sebanyak 52,9 ton bantuan ketiga wilayah terdampak bencana di Sumatra seperti, Aceh, Sumatra Utara dan Sumatra Barat. 39",2,2,0.020351963,0.06561678,0.91403127
"Keluarga Besar BPKP Banten turut berduka sedalam-dalamnya atas musibah banjir dan longsor yang melanda sejumlah wilayah di Aceh, Sumatera Utara, dan Sumatera Barat. Semoga para korban yang terdampak diberikan kekuatan, perlindungan, dan pemulihan yang cepat. prayforsumatera 115",0,0,0.7846266,0.08880981,0.12656362
"Apalagi di Sumatera macam di Jambi dan Indragiri, seisi kota apalagi di perkampungan dikelilingi kebun kelapa sawit, kalau tak kerana tanah runtuh dan banjir, selalu ada rusuhan rebutan tanah dan kebun atau konflik agraria.",0,0,0.91474223,0.076041296,0.009216415
"Presiden Prabowo Subianto mengucapkan selamat Tahun Baru 2026 kepada para pengungsi korban banjir bandang dan tanah longsor di Tapanuli Selatan, Sumatera Utara (Sumut) PrabowoBersamaRakyat Tahun Baru Di Tapsel 43",1,0,0.8056856,0.08051721,0.113797225
"Di tengah musibah, solidaritas jadi kunci. Pemerintah Bareng Warga turun langsung ke lokasi banjir di Sumatra, bantu dari evakuasi sampai kebutuhan harian. 16",2,2,0.030013286,0.029896274,0.9400904
"Perum Badan Urusan Logistik atau Bulog, memastikan bahwa akan ada penambahan 50 ribu ton beras ke Provinsi Aceh guna memperkuat stok pangan dalam pemulihan pascabencana banjir dan longsor serta untuk pemenuhan kebutuhan Ramadhan hingga Idul Fitri 2026. Selengkapnya 1 963",2,2,0.014131317,0.445664,0.5402047
"Berdasarkan laporan terkini dari BNPB dan berita lokal (28-29 Nov 2025), banjir masih melanda Aceh Utara, termasuk Kec. Dewantara & Krueng Geukuh. Akses jalan nasional di Krueng Geukuh tergenang, tapi Dewantara tidak termasuk daftar kecamatan terisolasi (seperti Langkahan dll.).",0,1,0.07795594,0.91175586,0.010288197
"Kunjungan Presiden Prabowo hari ini di Sumbar mengevaluasi tata ruang rawan banjir. Beliau mengapresiasi kerja keras Polri, TNI, serta berbagai instansi lain di lapangan. PrabowoPeduliSumatera Respons Cepat Negara Prabowo Turun ke Sumatra: Evakuasi Dipercepat, Infrastruktur Dipulihkan, Negara Hadir Sepenuhnya -... 14",2,2,0.01562611,0.05192866,0.93244517
Pemerintah Sigap untuk Aceh Sumatra mempercepat pembangunan infrastruktur pasca bencana 17,1,2,0.007577013,0.041768823,0.9506541
apa yang mau di cek ya bangsat orang sudah jelas PrayForSumatera PrayForTapanuli PrayForSibolga PrayForAceh SaveTessoNilo SaveOrangutans PrayForIndonesia 1 41,0,0,0.8468565,0.07612308,0.0770204
"Tujuh bupati di Aceh sudah menyatakan tidak sanggup menangani banjir dan longsor. Di saat yang sama, warga Aceh, Sumut, dan Sumbar hampir putus asa menanti bantuan. Lantas apa yang membuat pemerintah yakin ""kita bisa menyelesaikan masalah ini""? Banjir Sumatra: Pemerintah tolak bantuan asing, pemulihan wilayah terdampak diprediksi butuh 30... 17 214 373",0,0,0.80196464,0.072440654,0.12559478
memang lagi krisis² nya - Listrik padam - Sinyal hilang timbul - Air enggak ada - Bahan pangan naik drastis Simulasi hidup di djaman dulu 1 45,0,0,0.7772373,0.17427397,0.04848874
Pemerintah kabupaten dan kota serta Pemerintah Aceh juga harus menambah percepatan ekstra dalam penanganan dampak banjir terutama percepatan pembangunan hunian sementara + dapur umum beserta fasilitas MCK. Biasanya setelah bencana banjir akan timbul penyakit ISPA dan sakit diare. 1 106,0,1,0.23067749,0.55566794,0.21365453
"Akun komentar Helikopter terbang rendah angkut bantuan, tim darat menembus jalan yang rusak, tim air menyisir rumah-rumah yang terendam. Kerja besar tanpa banyak bicara. Polisi Tanggap Bencana Terimakasih POLRI 1 7",2,2,0.06388283,0.029795438,0.90632176
"Melihat yang terjadi di sumatera pastinya cukup membuat masyarakat kalimantan waspada, aku lagi tinggal di pelosok kabupaten kalimantan timur yang terkenal hutannya banyak di gunduli… sekarang banjir makin naik airnya, debit air kencang dan beberapa rumah siap untuk mengungsi… 1 36",1,1,0.16915062,0.7399775,0.09087199
salut buat POLRI yang enggak tinggal diam dan selalu siap bantu korban banjir di Sumatera. Kehadiran kalian benar-benar bawa angin segar dan bantuan nyata. Keep the good work 22,0,2,0.43021455,0.03931893,0.5304665
"Beratnya medan bukan pematah semangat ketika nyala listrik harus kembali hadir. Di tengah akses darat yang terputus, kolaborasi PLN, BNPB dan TNI berhasil membawa genset dari Banda Aceh ke Rumah Sakit di Takengon, Aceh Tengah dengan helikopter milik BNPB.",2,2,0.03157766,0.06432033,0.90410197
"PNM Konsisten Dukung Korban Banjir Sumatra, Beri Bantuan dan Semangat PNM Konsisten Dukung Korban Banjir Sumatra, Beri Bantuan dan Semangat 1 2 9",0,2,0.14392689,0.04352838,0.81254476
"Relawan Kita itu diantaranya bawa Sajadah, Quran dan mukena jelang ramadhan di Aceh VL dan 1 lainnya 13",2,1,0.03996399,0.5349734,0.42506263
"Jembatan Darurat yang dibangun oleh warga Reje Payung Linge ambruk. Relawan hanyut Reje Payung Linge - Aceh Tengah Selasa 06/01/2026. Lebih dari 400 jembatan di Aceh hancur atau rusak akibat Bencana Banjir Aceh - Sumatera November 26, 2025. Banjir Aceh cyclone senyar 19 584 801",0,0,0.8939746,0.07773414,0.028291244
"Akun komentar Ketika kritik dianggap ancaman, mungkin yang berkuasa takut pada cermin, bukan pada rakyat. random politik PrayForSumatera 1 46",0,0,0.6863214,0.27615035,0.037528325
"Fenomena banjir bandang hingga longsor melanda Sumatera, termasuk provinsi Sumatera Barat. Seorang warganet membagikan momen ketika rumah dan puluhan kendaraan bermotor terendam lumpur usai banjir bandang di Sumatera Barat Sumber: TikTok Banjir BanjirBandang 5 31 69",0,1,0.093686745,0.89453536,0.011777916
"Akun parodi kami tadi malam telfonan sama nantulang yang ada di sipirok dan yang di batang toru, benaran ikutan menangis banget mereka yang kena banjir pada ngungsi. yang aku lebih kasihan banget sama nantulang (iparnya mamah) karena sudah berumur itu kata nantulang baru kali ini banjir segede itu 99",0,0,0.939525,0.035969775,0.024505313
Mobilitas POLRI dalam menangani dan memberikan bantuan serta evakuasi korban bencana banjir di Sumatera patut di apresiasi Presiden sebagai panglima tertinggi harus bisa kerahkan semua kemampuan Negara untuk menyelamatkan rakyat nya terima kasih Polri 4 10 140,0,2,0.21371238,0.043050844,0.7432368
"""Kepada saudara-saudara kita di Aceh, Sumatera Utara, dan Sumatera Barat: kalian tidak sendiri.""",1,1,0.053173207,0.76701003,0.17981677
"Polri Kerahkan 3 Pesawat, 5 Helikopter, dan 9 Kapal untuk Penanganan Bencana di Aceh, Sumut, dan Sumbar Polda Kaltara fypシ゚viral 1 31",2,1,0.02483893,0.68258613,0.29257488
"dan JNE sementara menutup bantuan pakaian nder. sudah overload. Di Sumbar juga ada laporan bantuan baju malah sia2 karena banyak baju rusak yang dikirim, mereka juga enggak bisa pakai dan malah jadi sumber masalah baru. 1 5 998",0,0,0.9315409,0.035891213,0.032567814
dan Banjir susulan sumbar 1 14,0,1,0.20150353,0.7815473,0.016949205
"Terima kasih koreksinya. Benar, PT Agincourt Resources beroperasi di Tapanuli Selatan, Sumatera Utara, bukan Aceh. Untuk Aceh, laporan terkini sebut perusahaan seperti PT Kinston Mineral Abadi dan PT United Tractors (Astra Group) diselidiki atas operasi selama banjir. Pemiliknya",0,1,0.16631398,0.80674654,0.026939552
"dan Bris ini fase downtren, apalagi diperparah aceh kena banjir. tapi asing sudah mulai masuk, mudah-mudahan sinyal reversal. 56",0,1,0.32921222,0.57258976,0.098198004
"Ya ampun pak oresuden, ada lumbung pangan juga kalau lumbungnya diseret banjir ya percuma. Bukan itu solusinya . Solusinya, jangan sampai banjir bandang seperti ini terjadi lagi. Andaikan banjir bandang kemarin isinya hanya air, tanpa gelondongan kayu dan lumpur tanah dari bukit 1 3 152",0,0,0.8893821,0.09783199,0.012785855
"dan Corporate Secretary Indonesia Re Robbi Yanuar Walid kepada Ketua BAZNAS RI Prof. Dr. KH. Noor Achmad, MA. di kantor Indonesia Re. Bantuan ini sebagai bentuk solidaritas dan kepedulian kepada para korban bencana alam di Sumatera yaitu Aceh, Sumatera Utara dan Sumatera Barat. 1 20",0,0,0.66003436,0.08717153,0.25279406
"polri sumbar terus ada di tengah masyarakat terdampak bencana. mulai dari bakti kesehatan sampai pendampingan warga, semua dilakukan sebagai bentuk Melakukan Upaya Perbaikan agar kondisi cepat membaik. bersama kita bangkitkan kembali sumatera. WujudkanSumateraPulih 7",2,2,0.01005596,0.014043363,0.97590065
"Akses jalan yang masih terputus membuat evakuasi korban longsor dan banjir bandang di sejumlah lokasi di Sumatera Utara belum bisa dilakukan. Hingga Senin (1/12/2025), sudah 240 korban tewas dan 182 korban hilang yang dilaporkan. Lingkungan AdadiKompas Korban Tewas di Sumut Capai 240 Orang, Evakuasi di Sejumlah Lokasi Terhambat 1 1 4 573",0,0,0.91512364,0.06666462,0.01821175
"Sebagai wujud nyata hadirnya Polri di tengah masyarakat, Polri melalui Polda Aceh sukses melampaui target dengan merampungkan 206 unit sumur bor di 18 wil yang terdampak banjir & longsor di seluruh Aceh Polri Terus Berkomitmen Konsisten Salurkan Bantuan BersamaPulihkanSumatera 61",2,2,0.012782618,0.022988643,0.96422875
"Akun komentar Tim Trauma Healing Polda Riau turun ke area bencana banjir bandang di kab. Agam provinsi sumatera barat, selain bantuan logistik korban bencana sangat butuh bantuan psikologis untuk menghilangkan trauma, terutama anak-anak dan ibu2,,, 1 1 104",0,0,0.56751,0.06464398,0.3678461
enggak pernah terbayang banjir bandang dan longsor separah itu.. dulu ngiranya selama enggak dekat pantai bakal aman saja terbebas dari tsunami ternyata sama saja parahnya bahkan enggak ada peringatan.. kalau tsunami kan setidaknya gempa dulu bisa evakuasi.. 1 67,0,0,0.5156717,0.45264092,0.031687412
"Electrizen, pastikan rumah benar-benar aman sebelum menyalakan listrik kembali setelah rumah terendam banjir. Yuk simak tips dari PLN! PLNUntukSemua PLNUntukIndonesia PrayforAceh PrayforSumut PrayforSumbar PLNUIDSulselrabar 1 27",1,1,0.027469572,0.88081914,0.09171127
hasbunallaah wani’mal wakill… ya Rabb tolong saudara2 kami di sumatera PrayForSumatera 1 78,1,2,0.17229956,0.1297414,0.69795907
apa hujaan di riau? 12,1,1,0.47359976,0.49802762,0.028372524
Tim Dokkes Polda Riau Berikan Layanan Pemeriksaan Kesehatan Pada Masyarakat Yang Terdampak Banjir di Sumatera Barat PrayForSumatera LekasPulihSumatera LekasPulihBumiku PrayForAcehSumutSumbar GreenPolicing KapoldaRiau RiauUntukBumi RiauLestari 1 1 50,2,2,0.017011087,0.04050969,0.94247925
"Wakil Panglima TNI Tinjau Wilayah Banjir Sumut dan Sumbar sinurberita. Wakil Panglima TNI Tinjau Wilayah Banjir Sumut dan Sumbar SUMUT, SINURBERITA. – Wakil Panglima TNI, Jenderal TNI Tandyo Budi R. melaksanakan peninjauan langsung ke […] 1 16",1,1,0.011557555,0.9362388,0.052203614
"Perbandingan sementara dampak Tsunami 2004 dan Banjir Sumatra 2025. Dalam hari-hari mendatang mungkin akan bertambah. Sudah tampak jumlah pengungsi yang SANGAT banyak. Kemungkinan rumah hancur/rusak lebih banyak. Data BRR 2009, BNPB, dan Dompet Dhuafa. 3 71 104",0,1,0.2386605,0.73692304,0.024416447
"10 Mayat Diduga Korban Banjir Sumut Ditemukan Nelayan di Perairan Riau riau24. 10 Mayat Diduga Korban Banjir Sumut Ditemukan Nelayan di Perairan Riau - Riau24 Sepuluh mayat yang diduga korban banjir di Sumatera Utara ditemukan nelayan di perairan Panipahan, Kecamatan Pasir Limau Kapas, Kabupaten Rokan Hilir, Riau, dalam sepekan terakhir. 69",0,0,0.9124226,0.06851083,0.01906662
Kapolda Riau Hadiri Karya Bhakti Dalam Rangka Hari Juang TNI ada T.A. 2025 PrayForSumatera LekasPulihSumatera LekasPulihBumiku PrayForAcehSumutSumbar SumateraJugaIndonesia GreenPolicing KapoldaRiau RiauUntukBumi RiauLestari MelindungiTuahMenjagaMarwah PolriUntukMas 4 61,2,2,0.048303146,0.10547802,0.8462188
Kekerasan tentara terhadap pengibar bendera GAM bisa membuka luka lama Aceh. Simbol kekecewaan terhadap penanganan bencana. Editorial TempoPlus Di Bawah Kibaran Bendera GAM 4 18 38,0,0,0.9033516,0.05641157,0.040236868
Ketulusan hadir lewat Projo Peduli Bencana bersama Budi Arie Setiadi yang selalu Setia Digaris Rakyat Bantuan nyata mengalir untuk Sumatera Projo Ajak Publik Bersatu Hadapi Banjir Besar di Sumatera 15,2,2,0.01539749,0.022645174,0.9619574
"Hadirnya pemerintah bersama TNI Polri dan BNPB di Sumatera bukti kepedulian nyata Prabowo respon cepat tangani evakuasi hingga pemulihan infrastruktur kini listrik kembali menyala dan warga beraktivitas normal ​ Kondisi Terkini Pasokan BBM, LPG, Listrik ke Daerah Terdampak Banjir Sumbar 18",2,2,0.0077312374,0.01465699,0.9776118
"pasca tsunami aceh butuh beberapa tahun buat pulih, apalagi ini bencana alam tapi karena ulah manusia. masih banjir pun tebang liar tetap jalan, enggak tau deh mau mengomong apa lagi 61",0,0,0.9477217,0.03349136,0.01878695
Akun parodi Semoga Sumatera segera pulih Alfatihah PrayForSumatera 1 11 15 199,2,2,0.03667123,0.12050481,0.8428239
Aceh Sumatra bangkit 1,2,2,0.018804274,0.13419504,0.84700066
"Pemerintah siapkan skema bantuan untuk korban bencana banjir Aceh Sumatra, bukti Pemerintah Sigap untuk Aceh Sumatra 40",2,0,0.5138206,0.056866266,0.42931318
"Setelah banjir parah, akses listrik jelas jadi tantangan. PLN turun langsung buat pulihin listrik di 34 fasilitas kesehatan di Aceh. Kerja nyata yang dampaknya langsung kerasa. 22",2,2,0.030672964,0.026235975,0.94309103
Anjay pertama kali rumah gua kebanjiran begini euy 11,0,1,0.21849784,0.549706,0.23179613
"Di Jakarta dan beberapa Daerah lain tak ada hutan jika hujan lebat banjir di Pandeglang Banten Banyak SAWIT tak ada BANJIR, Antum perlu belajar lagi PENYEBAB Banjir yang Melanda Aceh dan Padang.",0,1,0.2182731,0.7588778,0.022849085
"Dipo kemudian menyambangi Posko Penanganan Banjir Aceh Tamiang di Desa Paya Bedi untuk melihat lebih dekat bantuan disalurkan, layanan kesehatan diberikan, serta proses evakuasi yang masih terus berlangsung di tengah keterbatasan. Dipo juga bertemu dengan Wakil Bupati Aceh 1 953",2,2,0.016442321,0.051897608,0.9316601
"BKSDA Aceh mengerahkan empat gajah terlatih—Abu, Mido, Ajis, dan Noni—untuk membantu pembersihan material pascabencana di Pidie Jaya. Gajah Aceh BKSDA Banjir Longsor 26",2,1,0.07870726,0.70014143,0.2211513
Akun parodi Personel TNI Polri segera diterjunkan membantu evakuasi dan distribusi logistik ke seluruh titik banjir di tiga provinsi PrabowoPeduliSumatera pengerahan sumber daya penuh adalah bukti Respons Cepat Negara yang tidak tertunda 1 1,2,2,0.020346913,0.11109414,0.86855894
"Akun parodi Tadi sempat mati lampu bentar. Aku di derah agak kota, banjirnya masih semata kaki enggak sampai masuk rumah, tapi untuk yang daerah rumahnya rendah air masuk rumah. Jalanan sepi, banyak motor mogok, angkot enggak beroperasi, kampung lalang jadi titik banjir terparah di medan. UMKM tutup. 2 2 392",0,0,0.79897463,0.17884204,0.022183413
dan Tatauu.. la. tapi dari segi banjir diorg hadapi 3x ganda teruk dari sni. Ribut depression yang landa dekat utara itu yang melemah dah jadi tadi tapi masa dia dekaf indonesia dorng kena masih utuh TS. Kalau di sni rumah masuk air. disana ada yang hilang rumah tertimbus lumpur terus. 16,0,0,0.87670654,0.10147376,0.021819692
"Punya Negara tapi tak ada Peran Untuk Rakyat, lantas apa gunanya Penguasa ? PrayForSumatera 1 1 3 200",0,0,0.6458328,0.14709055,0.20707673
"enggak tega lihat video gajah sama harimau padahal baru kemarin lihat induk sapi yang keseret arus banjir belum lagi kucing yang kedinginan diatas pohon. Manusia itu kenapa serakah banget ya, ulah keserakahan segelintir orang tapi berimbas kesemua 1 29",0,0,0.972047,0.018404724,0.009548244
"Warga lagi kebanjiran, 11 kecamatan masih lumpuh… tapi Bupati Aceh Selatan malah pilih umroh. Padahal dia sendiri yang bilang “nggak mampu tangani banjir” lewat surat resmi. Warga: serius nih pak? beritaterkini banjirsumatera aceh wuzzsupdate fyp",0,0,0.8491665,0.13710801,0.013725499
"Awalnya saya juga berpikir demikian, tapi bantuan swasta/mandiri juga relawan bisa mengusahakan buat sampai ke titik terparah banjir. Menurut saya, sulitnya akses seharusnya bukan jadi alasan mengingat juga bencana sudah kurang lebih seminggu berlalu. Kalo menunggu untuk bisa-",0,2,0.11396566,0.17135444,0.7146799
"Akun parodi Jembatan Bailey di Beutong Ateuh (Krueng Beutong), yang menghubungkan jalur lintas Nagan Raya–Aceh Tengah, sudah selesai dipasang dan kini dibuka/dapat dilintasi setelah putus diterjang banjir bandang akhir November 2025. 2 12 20",2,1,0.06690097,0.8616744,0.071424656
"Geger! Motor Mogok Usai Isi BBM di SPBU Jambi, Pengendara Temukan Bensin Tercampur Air jambi.tribunnews. Geger! Motor Mogok Usai Isi BBM di SPBU Jambi, Pengendara Temukan Bensin Tercampur Air - Tribunja... Seorang pengendara motor mengeluhkan BBM yang mereka isi diduga kuat telah tercampur dengan air, yang berujung pada kerusakan mesin kendaraan. 35",0,0,0.86880475,0.11962124,0.011573976
"Miniatur banjir bandang di Sumatera, semoga Allah mengganti setiap luka dan kehilangan menjadi kekuatan dan digantikan yang lebih baik Semoga lekas membaik prayforsumatera miniature diorama AI 1 4 586",2,2,0.38960537,0.1730975,0.43729714
"Deforestation untuk lahan kelapa sawit datangkan bencana banjir dahsyat, apalagi saat siklon tropis menerjang Footage di bawah jadi saksi… StopDeforestation PrayForSumatera 3 8 390",0,0,0.8387422,0.14021924,0.02103855
Perjuangan Aparat dan Pemerintah dilokasi bencana membuktikan bahwa Pemerintah Sigap untuk Aceh Sumatra BersamaPulihkanSumutAceh 13,2,2,0.022528315,0.04264699,0.93482465
Kak Seto kuatkan psikologis anak-anak terdampak banjir Padang Kak Seto kuatkan psikologis anak-anak terdampak banjir Padang 309,2,2,0.047067713,0.32070845,0.63222384
"BNPB melaporkan banjir di Aceh dan sejumlah wilayah Sumatera mulai surut. Di Tapanuli Selatan, gelondongan kayu besar yang terbawa arus telah mulai dievakuasi. Banjir di Sumatera Berangsur Surut, Gelondongan Kayu Mulai Dievakuasi 2 2",2,1,0.025920574,0.91105866,0.06302079
"Presiden Prabowo juga akan memastikan bahwa langkah-langkah darurat telah dilaksanakan sesuai standar penanganan bencana yang cepat, tepat, dan terkoordinasi. mediaindonesia. Prabowo Tinjau Dampak Banjir Bandang di Sejumlah Provinsi di Sumatra Pemerintah juga tengah menyiapkan langkah pemulihan infrastruktur dasar termasuk akses jalan jembatan energi telekomunikasi serta layanan kesehatan 450",2,2,0.013454901,0.1484099,0.8381351
"Update BNPB: Banjir dan Longsor Berdampak Ribuan Warga di Empat Provinsi, Akses Banyak Terputus Update BNPB: Banjir dan Longsor Berdampak Ribuan Warga di Empat Provinsi, Akses Banyak Terputus -... 34",1,1,0.12045832,0.8614521,0.01808962
TNI menurunkan Yonzipur I/DD untuk memasang Jembatan Bailey yang menjadi akses vital penghubung Kabupaten Tapanuli Selatan dan Tapanuli Tengah setelah jembatan utama terputus akibat banjir bandang. SoliditasPemerintah Aceh AcehTamiang Sumut 1 35,1,1,0.05962838,0.5232224,0.41714925
"Tamiang pedalaman, aceh tengah tempat tanahnya belio, pidie jaya sudah naik air ke jalan raya lagi itu yang wajib dikunjungi dan dikasi bantuan yang layak, sebenarnya ini akibat siapa sih 1 135",0,0,0.44123584,0.15686722,0.40189695
Personel Polri hadir di Sumatera Utara bantu korban banjir longsor jaga Keamanan Nasional PolriUntukMasyarakat 1 28,2,0,0.70055467,0.05129609,0.24814928
"dan Betul penyebab nya cuaca, tapi pembalakan & pertambangan yang mengakibatkan banjir-longsor sedahsyat ini, kalau karena cuaca, sudah dari jutaan tahun yang lalu sumatra tenggelam 373",0,0,0.8329105,0.16013232,0.0069571505
"Pemerintah akan membantu pengungsi yang huniannya rusak ataupun hancur karena bencana longsor dan banjir bandang di Aceh, Sumatera Utara (Sumut), dan Sumatera Barat (Sumbar). 1 35",0,2,0.1398582,0.3984189,0.46172294
"Papa dan mamaku mau kerja enggak bisa karena kehalang banjir, hp pada lowbat karena pln padam, mau menghubungi orang sinyal jelek, teman temenku pada ngungsi semua karena rumahnya kebanjiran, sepupu-sepupuku juga sampai nginap di kantor karena enggak bisa pulang kejebak banjir 73",0,0,0.87043244,0.113640554,0.015926963
Polri gelar bakti kesehatan di Sumbar tangani penyakit pasca bencana WujudkanSumateraPulih Melakukan Upaya Perbaikan 1 12,2,2,0.01592303,0.064944185,0.9191328
"Pemain Persiraja, M. Khadafi terkena dampak banjir dan tanah longsor di Aceh. Ia sudah 5 hari kesulitan menghubungi istri dan anak yang berada di Aceh Timur. ""Saya sudah lima hari tidak bisa komunikasi dengan anak, istri, dan keluarga di kampung. Seluruh Aceh Timur tidak ada 294",0,0,0.78814214,0.17349018,0.03836776
Baguslah pak Triliunan+ milyaran sudah sepantasnya Aceh mendapatkannya.... Sudah sepantasnya Aceh dapat bantuan...Triliunan+ milyaran semoga Aceh cepat pulih... Semoga SUMUT dan SUMBAR pun demikian Semoga SUMUT dan SUMBAR cepatvpilih... 1 9,2,2,0.04518422,0.04014845,0.9146673
Banjir yang cukup tinggi di kawasan Kedawung Kota Malang pada Kamis siang (4/12/25). Banjir yang cukup tinggi masuk ke lantai 1 rumah warga. . . kiriman warga 18 252 472,1,1,0.078867815,0.89425945,0.02687276
Akun parodi Presiden Prabowo Subianto saat meninjau warga terdampak banjir di sejumlah daerah di Provinsi Sumatera Utara. (Dok. Biro Pers Presiden) Prabowo Subianto dan 9 lainnya 1 4 7 748,1,1,0.16230886,0.62615544,0.21153566
"Dukung Pemulihan Pascabencana di Sumbar: Wakapolri Lepas 50 Ton Logistik dan Ratusan Personel ke Jalur Terisolir sakato. . Dukung Pemulihan Pascabencana di Sumbar: Wakapolri Lepas 50 Ton Logistik dan Ratusan Personel ke... Sakato. . - Komitmen percepatan pemulihan pascabencana di Sumatera Barat memasuki babak baru. Pada Minggu (28/12/2025), Wakil Kepala Kepolisian Negara Republik Indonesia (Wakapolri), Komjen Pol.... 5",2,2,0.013463338,0.037137188,0.9493995
"Jalan utama menuju Kampung Batu Busuak, Kecamatan Pauh, Kota Padang, Sumatra Barat, terputus total akibat diterjang banjir bandang susulan pada Minggu (14/12) malam. Akibat putusnya akses ini, ratusan warga kini terisolasi dari bantuan dan posko utama. Tim SAR gabungan segera 1 5",0,0,0.7011467,0.10355673,0.19529651
Gila ya orang-orang lagi susah kena bencana masih saja dipalakin perkara buat antar logistik sama tarik duit ATM. Kok bisa sih enggak keikut hanyut mati kena banjir bandang manusia kayak gini? 235,0,0,0.92012376,0.031087717,0.048788592
"Bupati Aceh Utara Ismail A. Jalil menyampaikan kekecewaannya karena Presiden Prabowo Subianto tidak mengunjungi daerahnya. Padahal, sebagian besar wilayah Aceh Utara, dari hulu ke hilir, terdampak banjir bandang, November 2025 lalu. Keluhan itu disampaikan Ismail A. Jalil dalam",0,0,0.7288204,0.25621504,0.014964566
"Akun parodi Medan hujan deras lagi + petir. Ya Allah lindungi kami ya Allah, jauhkan dari marabahaya. Ya Allah, jangan banjir lagi ya Allah Stay safe semuanya 278",1,0,0.4823763,0.36206684,0.15555677
"Ah baru banjir biasa, Belum bandang ke Sumatra... 6",0,0,0.50858015,0.47497556,0.016444353
"Presiden Prabowo Subianto meninjau progres pembangunan Jembatan Bailey Sungai Garoga, Tapanuli Selatan, Sumatra Utara, Rabu (31/12/2025). Jembatan tersebut dibangun sebagai akses darurat setelah infrastruktur utama terputus akibat banjir bandang. 1 34",1,1,0.018121239,0.918614,0.06326479
Aksi nyata Projo Peduli Bencana di bawah arahan Budi Arie Setiadi terus mendorong solidaritas nasional bantu warga Sumatra melalui bantuan logistik dan dukungan infrastruktur Prabowo Setia Digaris Rakyat Projo: Solidaritas Nasional Kunci Mengatasi Banjir Sumatera 23,2,2,0.021970147,0.023547523,0.9544823
Kerja Nyata Relawan SPPG mbak Tanah Jambo Aye Aceh bekerja keras mendistribusikan paket mbak untuk anak-anak pengungsi banjir di beberapa wilayah Aceh. Bantuan mbak ini untuk memenuhi kebutuhan gizi para pengungsi yang terdampak bencana alam. LanjutkanMBG Pecat Aceh Desember Sumatera 77,2,2,0.020993864,0.028751306,0.9502548
"Akun komentar Ya Allah Banjir lagi di Sumatra! Kejadian ini terjadi sekitar pukul 16.09 WIB hari ini di Desa Goti, Manegen, Kota Padangsidimpuan. 176",0,1,0.45406333,0.53241134,0.013525337
"Kalau air sudah mulai masuk rumah dan arusnya deras, enggak usah pikir lama-lama lagi buat evakuasi. 1 16",1,1,0.25896955,0.66889304,0.07213745
Semoga para korban banjir dan tanah longsor di Aceh dan provinsi lainnya di pulau Sumatera diberikan kesabaran dan solusi segera dari pemerintah. PrayForSumatera PrayForAceh 2 99,2,0,0.82493067,0.05227459,0.12279474
"Momen ketika Presiden Republik Indonesia Prabowo Subianto memberikan apresiasi kepada chef/koki dapur lapangan Brimob Polda Sumsel,saat melaksanakan kunjungan ke korban terdampak banjir di posko jembatan Aceh Tamiang,Jum'at (12/12/2025) Bila ada permasalahan dan butuh bantuan",0,0,0.7428895,0.05308399,0.2040265
"Banjir melanda, pemerintah hadir. Berbagai upaya percepatan penanganan terus ditempuh di Sumatera demi memulihkan kondisi dan memberikan perlindungan bagi masyarakat terdampak 1 29",2,2,0.0129216695,0.030279418,0.9567989
"dan • Prabowo TAHU PERSIS kondisi Aceh Sumut Sumbar yang dilanda bencana! • Dibuat skenario se-akan2 ada laporan anak buah yang 'mengaburkan'. Agar ada yang bisa di kambing-hitam kan. • Buktinya, dia Kunjungan ke LN skrg. • sudah lebih dari 25 negara dikunjungi dalam 1 thn. HASILNYA? 3 6 39",0,0,0.81983644,0.16238405,0.017779572
"Polri mengerahkan belasan ribu personel gabungan untuk membantu penanganan dan pemulihan bencana di Aceh, Sumatera Utara, dan Sumatera Barat. Selain personel, ribuan ton bantuan kemanusiaan disalurkan sebagai wujud komitmen Polri hadir hingga tahap pemulihan masyarakat 303",2,2,0.014231541,0.027218537,0.95855
Seskab Teddy menyampaikan bahwa Satgas PKH sedang menelusuri penyebab banjir dan longsor di Sumatera. Komitmen ini mencerminkan keseriusan pemerintah dalam penanganan bencana dan keberlanjutan lingkungan. 3 3 853,1,1,0.016005198,0.7416303,0.2423645
"Sumatra merdeka saja pls. Baru hari Minggu banjir bandang lagi di Padang, sekarang malah keluar narasi bodoh kayak gini. Sakit hati banget sebagai orang Sumatra. Luka kami belum pulih, seribuan orang meninggal, jutaan mengungsi, masih saja sempat mikir profit :) Dari Jejak digital. 4 1 1 634",0,0,0.9658911,0.012242177,0.021866703
"Dan hari ini banjir semakin parah. Tidak hanya di Sibolga dan Tapanuli Utara/Selatan. Saudara/i di Aceh, Sumatera Barat (tidak hanya padang saja), Kota Medan, Pekanbaru dan mungkin saja kota lain bisa saja terdampak. Semoga bisa naik ke Nasional dan jadi Bencana Luar Biasa. 461",0,0,0.75166726,0.16387442,0.08445836
Rumah Rata di terpa banjir Kamu berteduh diatap atap Pemerintah ku cuma bisa menyengir lihat banjir mengalir Kita hanya bisa tabah menatap 7,0,0,0.66064066,0.21053572,0.12882364
Aceh Tamiang menjadi daerah pertama yang siap memulai pembangunan setelah menyampaikan surat kesiapan kepada pemerintah pusat. Pembangunan Huntap Korban Banjir Aceh Tamiang Dimulai Februari 2026 - Serambinews. 64,1,1,0.39158684,0.513476,0.094937146
"bagaimana tuh kalo bener. benaran bisa terungkap nama2 perusahaan dan para pemilik yang punya ijin pengelolaan hasil hutan di seluruh nusantara, khususnya musibah sekarang di Aceh, Sumut dan Sumbar. 2 110",1,1,0.4484925,0.51823205,0.033275377
"[PEMBERITAHUAN] Karena situasi bencana alam di Sumatera yang masih berlangsung, hati Party untuk ulang tahun Hyeongjun kami batalkan malam ini. Tetap kirim doa terbaik untuk saudara-saudara kita yang terdampak. Terima kasih, LUVITY PrayForSumatera HYEONGJUN CRAVITY 14 40 634",1,2,0.19313875,0.28606844,0.5207928
"Kunjungan Presiden Prabowo Subianto ke Kabupaten Bireuen, Provinsi Aceh, pada Minggu 7 Desember 2025 tak sekedar untuk mengecek pembangunan jembatan yang rusak akibat banjir bandang. Dia juga mengunjungi tenda pengungsian korban bencana serta dapur umumnya. Kedatangan Prabowo 2 17 38",0,0,0.43692,0.35426077,0.20881923
"Subussalam – 3 Desa Subulussalam Aceh dilanda banjir setelah hujan deras yang mengguyur wilayah tersebut sejak Sabtu (25/11/2025) malam. Akibatnya, ratusan rumah warga terendam air setinggi satu hingga dua meter, dan akses jalan menuju desa-desa tersebut terputus. 82",0,1,0.26510665,0.72098655,0.013906807
"Demokrat Hadir untuk Rakyat Ketua Partai Demokrat Sumatera Barat sekaligus Anggota DPR RI Fraksi Partai Demokrat, Ir. H. Mulyadi, menyerahkan bantuan kepada warga terdampak bencana banjir dan longsor di Kabupaten Padang Pariaman. (24/12) 1 51",2,2,0.020758089,0.07477101,0.9044709
"Ketika Sungai Meluap, Nurani Kita Diuji Seruan Kemanusiaan dari Aceh, Sumut dan Sumbar indonesiainvestigasi. Ketika Sungai Meluap, Nurani Kita Diuji Seruan Kemanusiaan dari Aceh, Sumut dan Sumbar - Indonesia... Ketika Sungai Meluap, Nurani Kita DiujiSeruan Kemanusiaan dari Aceh, Sumut dan Sumbar 1 1 18",1,1,0.13577515,0.7058747,0.15835017
"Babinsa kali BNPB: Bukti nyata kehadiran negara hingga ke pelosok desa di Aceh saat masa sulit. youtube. BABINSA kali BNPB COLLAB BANTU ACEH Enjoy the videos and music you love, upload original content, and share itu all with friends, family, and the world on YouTube. 18",2,2,0.022423502,0.04710114,0.9304754
"Proses evakuasi oleh Tim SAR (Search and Rescue) di lokasi terdampak banjir dan tanah longsor Aceh, Sumatera Utara, dan Sumatera Barat. : @/tama_fidi | @/egaprasutiaa | @/madiun.hitz | @/joshua_banjarnahor_ | @/merapi_uncover | @/duf_goetze | @/danilrobi | @/andhikapotu | 2 22 71",1,1,0.07835628,0.87127495,0.050368782
"sempat muncul di tl, estimasi penanganan pasca bencana banjir tembus 50t lebih. semoga jujur deh enggak dikorupsi. 63",1,1,0.3369438,0.5440173,0.11903884
"Pemerintah bergerak cepat dan maksimal menangani musibah banjir di Aceh, Sumatera Barat, dan Sumatera Utara. Evakuasi warga, penyaluran bantuan, layanan kesehatan, hingga pemulihan infrastruktur terus dilakukan secara terpadu bersama TNI, Polri, dan relawan. Pemerintah Hadir 1 38",2,2,0.010989104,0.027424999,0.9615859
"Demokrat Agam Salurkan Bantuan di Palembayan Partai Demokrat Kabupaten Agam menyalurkan bantuan kemanusiaan bagi masyarakat terdampak bencana di Kecamatan Palembayan. Kegiatan ini dipimpin langsung oleh Ketua DPC Agam, Sumatera Barat, Aderia, sebagai wujud kepedulian dan 5 7 326",2,2,0.013459439,0.038342375,0.9481982
polri berupaya untuk WujudkanPemulihanSumatera dengan terus melakukan evakuasi dan perbaikan infrastruktur untuk Bangkit Bantu Saudara terdampak banjir 19,2,2,0.011914896,0.022899376,0.96518576
"Terakhir, kami juga ingin mengucapkan terima kasih kepada Sub Wilayah Aceh, Medan, dan Padang serta Wilayah Pondok Cabe, Kalideres, dan Kebon Jeruk selaku yang menaungi Sub Wilayah tersebut yang dengan tidak lelahnya membantu kelancaran penyaluran donasi kepada yang membutuhkan. 8 26 947",2,2,0.022061784,0.07666554,0.90127265
"Be honest, what di you see? This isn’t the result of a natural disaster. It’s a landscape teetering on the edge of an ecosystem collapse. We have tapi prevent this from happening again. Aceh, Sumatra One month after flash floods and landslides ini November 2025. 40",0,0,0.80047107,0.16636023,0.033168703
"Sebanyak 54 sekolah masih mengalami kerusakan berat di sejumlah wilayah Sumatra akibat banjir bandang dan tanah longsor. Hal itu disampaikan Menteri Pendidikan Dasar dan Menengah (Mendikdasmen) Abdul Mu'ti, Selasa (30/12). Hel",0,1,0.29349422,0.6860696,0.020436188
Pertamina Patra Niaga Pastikan Pasokan Energi Tetap Mengalir di Tengah Banjir dan Longsor Sumatra,1,1,0.026189743,0.696203,0.27760732
"""Bencana"" & ""MBG"" jadi dua kutub percakapan utama. Publik membenturkan urgensi penanganan banjir Aceh-Sumut dengan anggaran Makan Bergizi Gratis (MBG). Desakan realokasi anggaran mbak untuk darurat bencana menggema keras. Tagar apa yang menyatukan gerakan netizen? 1 113",0,1,0.3199316,0.56040186,0.11966652
"Negara hadir untuk Aceh. TNI, pemerintah, BUMN, dan relawan bersatu membuka kembali jalan, membangun jembatan, serta menyalurkan bantuan bagi masyarakat terdampak bencana. PrayForSumatra BencanaAlam Banjir DaruratBencana BNPB 57",2,2,0.016208604,0.018474687,0.9653167
"Sebentar lagi medsos akan sunyi dari perbincangan banjir Sumatra. Pemerintah pusat tepuk dada berhadil menanggulangi. Sekolah yang rysak tetap rusak, jembatan putus tetap putus, jalan yang amblas tetap amblas, rumah yang amblas tercerai berai di dasar sungai. 16",0,0,0.85417515,0.07470992,0.07111487
"PMI hadir dengan layanan call center siap siaga untuk membantu tanggap darurat bencana di Aceh, Sumut, dan Sumbar. pmiselalubantu 28",2,2,0.011406437,0.17634796,0.8122456
"Banjir Menggila di Wanasalam, 17 Rumah Terendam Air Setinggi 1 Meter, Polisi Siagakan Perahu Evakuasi",0,1,0.23644114,0.7375947,0.0259641
"Foto Antrean kendaraan mengular di jalur Lembah Anai, Sumatera Barat, Minggu (11/1), akibat sistem buka-tutup jalan pascabencana banjir bandang. Akses jalan hanya dibuka pukul 17.00 hingga 08.00 WIB guna mendukung percepatan perbaikan infrastruktur dan menjamin keselamatan",1,1,0.056086984,0.8692462,0.07466687
"kiri dr. Soeharso milik TNI telah tiba di Lhokseumawe untuk membantu korban banjir–longsor terparah dalam sejarah Aceh dan Sumatera akibat Cyclone Senyar. Semua layanan medis di kapal diberikan gratis. Kapal ini memiliki fasilitas lengkap—UGD, ICU, ruang operasi, poliklinik, dan 1 41 76",0,0,0.7514596,0.05727125,0.19126917
Sebanyak 100 keluarga korban banjir bandang di Gampong Geunteng diusulkan masuk huntara Pidie Jaya karena rumah rusak berat dan tertimbun lumpur. gta777aceh portalberitaacehterkini 100 Keluarga Korban Banjir Masuk Huntara Pidie Jaya 33,1,0,0.93115014,0.045241125,0.023608712
"Data Korban Bencana di Aceh, Sumbar, Sumut hingga Senin, 1 Desember 2025 Total Korban - 604 orang meninggal dunia - 464 orang hilang - 2.600 korban luka-luka - 1.5 juta warga terdampak - 570 ribu pengungsi Detail korban per wilayah sebagai berikut: Aceh - 156 orang 21",0,0,0.8982773,0.08041081,0.021311948
"Sebenarnya sudah ditetapkan status bencana nasional tapi bukan untuk musibah banjir di Aceh , Sumut & Sumbar tapi untuk pemerintahan negeri ini adalah sebuah bencana nasional bagi rakyat. 1 2 50",0,0,0.8028045,0.18266293,0.014532572
"BANGKALAN, 10 Januari 2026-Satuan Samapta Polres Bangkalan menunjukkan komitmen kuat dalam penanganan bencana. Banjir Merendam Beberapa Desa Di Kec. Blega Kab. Bangkalan serta Mengakibatkan Jalur Utama Penghubung Antar Kabupaten Lumpuh Untuk Sementara 2 5 129",0,2,0.08345246,0.21370248,0.7028451
Polda Sumatra Utara mengevakuasi warga terdampak banjir bandang dengan menyeberangi sungai menggunakan perahu karet darurat. Arus sungai yang deras memaksa personel kepolisian menarik perahu dengan tali agar warga dapat mencapai daratan dengan selamat. Evakuasi jalur sungai 1 11 16,2,1,0.2528352,0.37987506,0.36728972
"Janji politik tak akan pernah bisa mengganti daya serap 1000 akar pohon. Dalam buku-buku mitigasi bencana, dikatakan data R/B Ratio (rasio air lari per air meresap) naik saat hutan terkikis. Ini menunjukkan kalau banjir adalah bencana ekologis, bukan masalah takdir semata. 1 144",0,0,0.6366551,0.34277952,0.020565417
"Akun parodi Krisis belum selesai, banyak desa di Aceh Tengah & benar Meriah masih menghadapi dampak banjir & longsor, meski perhatian publik mulai mereda. . . . . Persebaya Malmingan Mens Rea Ini DM Ciplukan Maling Aurelie Error Baskara TewoTsunaginagaraJKT48 1 15 15 518",0,0,0.7719552,0.16361807,0.0644267
Mereka ini enggak pernah malu yang lain para relawan para prajurit bahu membahu membantu rakyat Aceh Sumut dan Sumbar eeeh lo orang malah main bendera benderaan pakai demo bantuin tuh relawan bukan demo saja,0,2,0.17117944,0.03772957,0.791091
"Padang Diterjang Banjir Lagi, BPBD meminta Warga Sekitar DAS Mengungsi hingga Sebut Rencana Modifikasi Cuaca ronajateng. Padang Diterjang Banjir Lagi, BPBD meminta Warga Sekitar DAS Mengungsi hingga Sebut Rencana Modifik... Banjir Bandang Kembali Terjang Batu Busuk Padang, Debit Air Tinggi dan Arus Deras Jebol Tanggul Sungai Batang Kuranji 1 30",0,0,0.6776415,0.30306002,0.019298445
"Polri Peduli untuk Masyarakat, Polsek Tabang Salurkan Paket Sembako bagi Masyarakat Terdampak Banjir polri divhumas poldakaltim polriuntukmasyarakat 2 2 69",2,2,0.018449396,0.037123505,0.9444271
"Personel Polisi bersama instansi terkait menyalurkan bantuan perlengkapan sekolah kepada siswa di sekolah darurat Kecamatan Tukka, Kabupaten Tapanuli Tengah, Sumatera Utara. Tas, buku,alat tulis,hingga perlengkapan kebersihan menjadi bekal sederhana untuk menjaga semangat belajar 1 27",2,2,0.014067273,0.04214091,0.94379187
"Akun parodi Walaupun keluargaku alhamdulillah aman, tapi tetap sumatra kampung halamanku, semoga sedikit bantuan ini bisa meringankan beban perempuan2 disana yang sedang haid dalam keadaan tertimpa musibah ini PrayForSumatera 35",2,2,0.07384935,0.043882664,0.882268
"I just saw video on Megi's Instagram. Aku menangis banget, ya Allah. Wallahi you will die ini suffer and no one can help you including God's help wahai Prabowo and the entire Indonesian government. Kalian berpesta saat rakyat di Aceh hidup terendam banjir dan tanpa listrik 138",0,0,0.9246329,0.02355822,0.05180884
"Akademi Kepolisian (Akpol) mengirimkan bantuan kepada masyarakat terdampak bencana banjir dan longsor di Provinsi Aceh, Sumatera Utara (Sumut) dan Sumatera Barat (Sumbar), Senin (8/12/2025). Akpol Kirim Bantuan untuk Warga Terdampak Banjir Longsor Aceh, Sumut dan Sumbar | ERAKINI. 70",2,2,0.024291152,0.0632994,0.91240937
"Banjir kembali terjadi di Kota Semarang, Jateng. Kali ini karena jebolnya tanggul Sungai Plumbon. Ribuan orang terdampak. Lingkungan AdadiKompas Tanggul Sungai Plumbon di Semarang Jebol, Ribuan Orang Terdampak 65",0,1,0.47391745,0.4995799,0.026502633
"Evakuasi dramatis berlangsung di tengah banjir bandang yang melanda kawasan Batu Busuak, Padang. Tim SAR bekerja tanpa henti untuk menyelamatkan 8 warga yang terjebak arus deras Follow Akun TikTok Ke-2 Kami banjirpadang viraltwitter RacuninSkincare 1 1 204",0,2,0.21428083,0.11627515,0.6694441
"Akun komentar Banjir kembali terjadi - Pidie Jaya 24 November 2025 Bukan semata karena hujan, tapi karena gunung dan hutan tak lagi jadi pelindung air. Hutan ditebang, resapan hilang. Hujan sedikit saja, masyarakat yang menanggung dampaknya. tiktok\nersprener 1 486",0,0,0.93951803,0.047119707,0.0133623
"dan TAK BISA DIBANTAH! SECARA KEILMUAN MUSIBAH BENCANA BANJIR BANDANG ACEH, SUMUT DAN SUMBAR adalah NYATA PERBUATAN TANGAN' JAHAT MANUSIA. IRONISNYA, PELAKUNYA PEJABAT' PEMERINTAHAN BERKOALISI dengan OLIGARKI' BUSUK. TAK ADA HARAPAN KECUALI sudah KETETAPAN TUHAN BERUPA AZAB' PEDIH. 1 2 127",0,0,0.9302225,0.02643997,0.043337464
"Baru saja kabar dari keponakan di Langsa. Alhamdulillah selamat. Banjir besar bikin listrik, wifi, & akses ke Medan/Banda Aceh putus total sejak Rabu. Kami terisolasi, ATM mati, BBM langka & harga barang naik. Untungnya enggak ngungsi, bertahan di rumah pakai air sumur tetangga. 2 5 3",0,1,0.20727575,0.5175412,0.275183
Toba Pulp Lestari (INRU) Bantah Dituduh Jadi Penyebab Banjir Sumatra Toba Pulp Lestari (INRU) Bantah Dituduh Jadi Penyebab Banjir Sumatra 1 65,1,1,0.24304347,0.714388,0.042568468
"dan Orang baik dipertemukan orang baik. Semoga Allah angkat kesulitan warga Aceh, Sumbar dan sumut. 1 45",2,2,0.066975884,0.13365348,0.7993706
"Kementerian punya bergerak cepat pascabencana banjir di Aceh Tamiang dengan menormalkan SPAM Rantau demi kembalinya akses air bersih untuk masyarakat. Setahun Bekerja, Bergerak, Berdampak. SigapMembangunNegeriUntukRakyat MengelolaAirUntukNegeri setahunberdampak pu608 46",2,2,0.011465136,0.032170475,0.9563644
Akun parodi Stay safe buat mutual saya disini yang tinggal nya di Sumatra ujung. PrayForSumatera PrayForTapanuli PrayForAceh PrayForSibolga PrayForIndonesia 49,2,1,0.03841877,0.6803243,0.28125697
"Relawan Rumah Zakat berhasil melakukan evakuasi korban banjir di Kebun Sawit Salereh Aia Barat, Kecamatan. Palembayan, Kabupaten Agam, Sumatera Barat.Selasa, 09 Desember 2025, pukul 10.15 WIB Lumpur sedalam 1 meter, jadi salah satu kendala ketika proses evakuasi dilakukan. 2 4 270",1,0,0.75690305,0.08467373,0.15842326
"Tapi, kalo dilihat dari efek kerusakannya, masuk akal juga kalo kita mempertanyakan kondisi lingkungan dan sistem mitigasinya. Terlebih adanya tumpukan kayu pada arus banjir dan byknya rumah roboh dan hanyut. Semua masuk akal, jawaban masih misteri. 82",0,0,0.78169644,0.20571785,0.012585687
"Menurut update BNPB pada 6 Desember 2025, korban tewas banjir dan longsor di Sumatera capai 914 jiwa (Aceh 359, Sumut 329, Sumbar 226), hilang 389 orang.",1,0,0.6537059,0.32582763,0.020466518
"Satu tim, satu tujuan! Kerja sama semua pihak membuat penanganan banjir Sumatera semakin terkoordinasi. Jalan-jalan yang tadinya terisolir kini perlahan terbuka lagi. BNPB Update terbaru: fokus berikutnya evakuasi dan rehabilitasi warga terdampak. 47",2,2,0.017523281,0.11220661,0.87027013
"pohon kopi itu tingginya enggak sampai 3 meter, akarnya sedalam apa sih nyerap air. Lebih parah dari sawit malah, pohon kopi juga enggak kuat terendam banjir bisa busuk, jadi otomatis kebunnya didesain aliran hujan dialirkan langsung ke bawah tanpa reservoir 48",1,0,0.8859986,0.103441924,0.01055952
Seorang bapak menggendong anaknya untuk menyelamatkan dari banjir. Ditengah langkahnya. Air bah lebih besar datang dan.. sang anak terlepas. Hingga saat ini sang anak tak ketemu. Bayangkan derita yang dia tanggung saat ini. Doaku untuknya dan korban lainnya. 11 19,0,0,0.91689676,0.033332795,0.04977041
"Baru pertama kali seumur hidup merasai banjir sudah begitu enggak ada siapa siapa di perantauan, benar benar ketakutan PrayForAceh PrayForSumatera 32",2,0,0.7874492,0.17249465,0.040056188
Quick Response Brimob Aceh Personel Batalyon A Pelopor Bersihkan SD Negeri 2 Adan Pasca Banjir di Pidie instagram. Batalyonapeloporaceh () • Instagram photo 18,2,1,0.03849907,0.7793393,0.18216161
"Bencana banjir di Sumatra menimbulkan dampak besar bagi masyarakat, dengan kebutuhan mendesak berupa pangan, obat-obatan, logistik, dan air minum. Menanggapi situasi darurat ini, sebagai bagian dari brand asli Indonesia boleh Minerale bergerak cepat menyalurkan bantuan kemanusiaan. 8 38",2,2,0.046657044,0.07684937,0.8764936
"Buat kamu yang sedang kuliah di Bandar Lampung, yang hari ini kampungmu masih belum kondusif, jangan ragu datang saja ke RM Alas Cobek, mudah-mudahan bisa bikin kamu sedikit happy. aceh sumut sumbar 1 78",1,1,0.1060976,0.6323959,0.2615065
"Kan listrik masih belum stabil, kebanyakan masyarakat masih ngungsi & renovasi rumah. Lebih efisien mereka jaga barang sendiri dan enggak nambahin ""beban"" macam barang curian. kayak bayangkan ada berita korban banjir bandang ngegondol kulkas & TV? Ngangkatnya saja deh beban cok 28",0,0,0.8796026,0.093653515,0.026743894
"Ratusan rumah warga terendam banjir diAtlas, Ulak Karang Utara, Padang, Sumatra Barat (Sumbar) pada Jumat (28/11) sekitar pukul 01.00 WIB. PrayForSumatera Puluhan warga terpaksa harus mengungsi dari tempat tinggal masing-masing, meskipun sebagian warga memilih bertahan di 205",1,0,0.6225334,0.34037146,0.037095096
"Ada yang dibawain durian, kelapa muda, pisang dan lain lainnya. Sebegitu terimakasihnya warga korban banjir bandang di Sumatera. PrayForSumatera wargabantuwarga 1 2 200",0,0,0.50282985,0.04467229,0.45249787
"Ferry Irwandi berhasil menggalang Rp10,3 miliar untuk korban banjir di Sumatera. Ia menggunakan strategi unik untuk menyalurkan bantuan tanpa biaya operasional. Dany Hermawan Sebut Ferry Irwandi 'Nge-Cheat' Dalam Salurkan Bantuan 186",0,0,0.666558,0.056121435,0.27732056
"Kena hujan dikit kami kena banjir lagi, masuk rumah pula. Kalo dirasa teriak meminta tolong sudah enggak di dengar, rakyat harus bagaimana lagi 5 334 680",0,0,0.9467037,0.022264335,0.031031951
"Setuju, normalisasi Sungai Garoga di Sibolga menunjukkan komitmen KemenPU yang cepat dan efektif. Harapan saya: proyek serupa terus diperluas untuk cegah banjir, tingkatkan kesejahteraan masyarakat, dan dukung lingkungan berkelanjutan. Bagaimana denganmu?",2,2,0.019861814,0.13145855,0.84867966
"Kasihan, ngemis ngemis perhatian kinerja. Yaaahhh itu bukan ajang lu ngejelekin suatu pihak yang secara sadar tergerak hati untuk membantu. Tapi lu sadar bahwa rakyat sudah hilang kepercayaan sama pemerintah, wong blundir semua, minimal meminta maaf sama korban bencana dululah. 3",0,0,0.84298545,0.03625094,0.12076355
"Longsor di kawasan PLTA Pakkat, Dusun Nanggumba, Desa Purba Bersatu, Humbang Hasundutan, Sumatera Utara terjadi pada Kamis 4/12/2025. Warga di Kecamatan Andam Dewi & Barus diminta mengungsi ke lokasi aman, jauh dari aliran sungai, karena dikhawatirkan terjadi banjir bandang.",0,1,0.08504984,0.8914477,0.023502449
"Polri mengerahkan personel untuk pemulihan pascabencana banjir bandang dan longsor di Aceh, Sumatera Utara dan Sumatera Barat. Salah satunya dengan layanan psikososial. Selain bagi korban, layanan psikososial juga diberikan bagi petugas dan relawan di lokasi bencana.",0,2,0.3642955,0.06621368,0.56949085
"dan Masyaalloh benar-benar manusia hebat kamu anak muda, kepahlawananmu dalam membantu saudara di aceh dan sumatra ta perlu penghargaan, karena iklasmu membantu sesama adalah bukti kepedulianmu. Salut untukmu kawan.. 91",2,2,0.05080523,0.028194644,0.9210001
"Pekerjaan Umum (PU) menyiapkan anggaran sebesar Rp13,52 triliun untuk penanganan bencana serta rehabilitasi dan rekonstruksi (rehab-rekon) di Provinsi Sumatra Barat (Sumbar) pascagalodo beberapa waktu lalu. 1 1 45",1,1,0.030682448,0.83660734,0.13271026
Terungkap! PT THL yang Dituding Pemicu Banjir Aceh Berelasi dengan Bank BSI - Terungkap! PT THL yang Dituding Pemicu Banjir Aceh Berelasi dengan Bank BSI 46,1,1,0.3300597,0.64182305,0.028117241
dan aku juga keseret banjir untung ditolong tetangga tapi sekarang ngungsi di Pandan tempat sodara. 24,0,0,0.6152624,0.3555653,0.029172331
Upaya pemerintah percepat pemulihan Aceh Tamiang PemerintahHadir Aceh Sumatra AcehSumatraBangkit PemerintahBarengWarga AcehSumatraPulih 4 16,2,2,0.008101564,0.0425945,0.949304
"Kalo sipil turun lapangan itu namanya membantu, kalo pemerintah turun lapangan, itu kan sudah kewajiban mereka. Duit yang dipakai pemerintah juga bukan dari duit pribadi mereka, tapi dari duit rakyat. enggak habis habis nih orang kuliat lihat 108",0,2,0.25638255,0.08475265,0.65886474
"Pemikiran Cerdas Seorang Warga Saat Diwawancarai Mengenai Banjir dan Longsor “Banjir Bandang Bolehlah Datangnya Dari Hujan, Tapi Gelondongan Kayu Ini Tidak Mungkin Datang Dari Awan. Kalau Bukan Dari Gergaji² yang Disebabkan Oleh Tangan² Jahil Manusia”",0,0,0.5937279,0.38899618,0.017275887
Kebenaran tentang banjir Sumatra Siklon Tropis pada Tahun 2025 Sumber: Death toll after tropical cyclones hit Indonesia's Sumatra rises tapi 442 - Nikkei Asia 45,1,1,0.17723729,0.80939597,0.01336678
"NU CARE - LAZISNU salurkan bantuan pada masyarakat terdampak bencana banjir dan tanah longsor di Sumbar, Sumut dan Aceh baca 068 333 1926 an. Yay Lembaga Amil Zakat Infaq & Shadaqah NU BSI 777 9876 777 an. PP LAZIS NU Non Zakat NUPeduliBencanaSumatera 1 30 41",2,2,0.027185632,0.05837273,0.9144416
"dan 4 lainnya Sorry tapi say, banyak dari mereka ngungsi butuh makanan enggak dateng². Bantuan beras dari pemerintah saja disuruh beli loh? kalo enggak percaya cari saja beritanya. Banyak juga yang meninggal karena ngungsi kelaperan gara-gara bantuan telat dateng, minum pakai air banjir keruh. 91",0,0,0.9577978,0.01945594,0.022746298
"JANGAN SEBAR HOAX!!! Kenapa kalian masih tega enggak punya empati di tengah bencana dan kesusahan warga sebar kabar BOHONG??? Ini video di Lubuak Minturun, Padang Sumbar, kan?! 3",0,0,0.8783285,0.05838641,0.06328508
"dan 3 lainnya ""Kalau berlebih bagi keperluan keluarganya"" - Jadi 460 T itu belum berlebih bagi umatnya ? - muslim aceh, sumut, sumbar bukan umatnya? Wahai kont*l jaran... 1 12",0,0,0.5934071,0.36737698,0.03921596
Bukanya partai mikir untuk bantuan banjir Aceh..Sumut ???,0,2,0.23279499,0.19341834,0.57378674
"Presiden Prabowo Subianto menjelaskan alasan pemerintah tidak menetapkan banjir dan longsor di Aceh, Sumatera Utara, dan Sumatera Barat sebagai bencana nasional. Menurut Prabowo, dampak bencana yang terjadi di tiga provinsi tersebut masih dapat ditangani oleh negara tanpa harus 1 236",1,1,0.024529826,0.929508,0.04596221
"Yang penting Hutan jangan di rusak, mau ada dirjen longsor ataupun dirjen banjir percuma, kecuali memperbanyak ladang korupsi lagi. Tata tuh Hutan, jangan terus di gunduli GUNDUL! 250",0,0,0.87442124,0.09635081,0.029227931
"Ceban nuat beli apesi, mengasih tuh yang ngotak dikit anj. Jaman sekarang serba mahal,.apalagi ini buat korban banjir. Silit"" utek e kok ya indak di nggo 14",0,0,0.8974956,0.065460324,0.03704407
"Woi Otak kau pakai! Sudah lah lamban kau koordinasi Mitigasi Bencana, jangan kau korbankan Tentara Republik ini dengan abai dukungan logistik dan kesejahteraan nya. Banyak yang sudah kelelahan siang malam enggak berhenti kerja cuma dikasih anggaran makan!",0,0,0.9312081,0.021814534,0.046977386
"BENCANA banjir dan longsor yang terjadi di Sumatera tak hanya menelan ratusan korban jiwa, namun juga merusak habitat dari satwa dan menewaskannya Gajah jadi Korban Banjir di Aceh, Guru Besar UGM Sebut Habitat Satwa Liar Tergusur oleh Alih Fungsi... 1 250",0,0,0.9487065,0.027658781,0.023634715
Akun parodi Keluarga Nenek di kreung geukuh sana baru tau bakal ada badai habis aku kasih tau kak. Nenek usia 83 tahun terpaksa ngungsi karena banjir sudah se lutut sampai tergenang rumah. 1 26,0,0,0.87117594,0.11399476,0.014829253
"Pratikno tenggelamkan saja ke sisa lumpur bekas banjir bandang aceh, dasar anjing Jokowi kurap 23",0,0,0.7665137,0.18529157,0.048194792
dan Gue di ujung sumatera monyet. Bacot lu kedaluarsa baru lu hadir. StarLink ada juga di Tamiang -Bireuen Aceh beli Pribadi. Bnpb ada gak? 1 minggu pasca banjir? belum lagi Takengon Aceh Tengah. Paling parah. Sampai² Presiden 3x ke Aceh. Pnpb kocar kacir. Dasar ANJINK menggongong. 1 60,0,0,0.9617272,0.027043367,0.011229402
Ribuan warga Aceh menderita akibat banjir bandang. Sekarang kita tahu ada 12 perusahaan yang diduga berkontribusi di balik duka itu. Sedih dan geram. 42,0,0,0.92563397,0.033096388,0.04126965
"dan Banjir ,tanah longsor di Sumatera ini perperjelas kualitas pemerintahan pusat, Negara ini mampu menggaji dan memfasilitasi jutaaan pejabatnya, tapi MISKIN alat² evakuasi bencana entah tidak mampu beli atau ...pdhl semua kebijakan pejabatnya berpotensi menimbulkan bencana alam... 1 3 10 766",0,0,0.9323082,0.038014073,0.029677758
"Presiden RI Prabowo Subianto kini memfokuskan pemerintahannya untuk mengatasi dampak bencana banjir dan longsor yang terjadi di Sumatra Utara, Sumatra Barat, dan Aceh. presiden prabowosubianto bantuan bencanaalam aceh sumut sumbat radio idola semoga indonesia 45",2,2,0.01584703,0.055908937,0.928244
"enggak kuat lihat semua ini depan mata, bau amis dari mayat sepanjang jalan dinetralkan jadi bau alkohol. Btw di foto ini tadinya jalan raya besar penyambung BatangToru dan Sibolga, dan ada rumah-rumah juga padat. Kayak yang dilihat, terbelah jadi 2, air banjir sampai naik ke atas. 1 3",0,0,0.86122006,0.12691976,0.011860266
"Cepat pulih Sumut ,Sumbar dan Aceh 196",2,2,0.02045904,0.115526974,0.86401397
"Ini asli. Video ini menunjukkan gajah-gajah terseret banjir di Sumatra, sesuai laporan berita terkini tentang banjir di Indonesia November 2025. Korban jiwa sudah lebih dari 300 orang.",0,0,0.869472,0.11241202,0.018115945
Apa bakal kejadian lagi tahun baru banjir?,0,1,0.44255686,0.5294127,0.028030457
"Koordinasi di lapangan antara Babinsa dan tim reaksi cepat BNPB patut diacungi jempol. Responsif terhadap situasi di Aceh. youtube. BABINSA kali BNPB COLLAB BANTU ACEH Enjoy the videos and music you love, upload original content, and share itu all with friends, family, and the world on YouTube. 9",2,2,0.017999457,0.056095768,0.92590475
"senin yang chaoss, ujan gede dari semalem sampai pagi + laut pasang banjir 468",0,0,0.73649144,0.2420995,0.021409005
"can't hype the gmmtv2026, air masuk rumah lagi 3 1 326",0,0,0.6986055,0.2621355,0.039258968
"Bergerak Bersama, Pulihkan Aceh dan Sumatra Kita semua berharap, kehadiran para dapat meringankan beban masyarakat di lokasi terdampak bencana dan mempercepat pemulihan. 2026KKPGrowStronger kkpterus5F9UQ 1 9",2,2,0.01535284,0.021725105,0.96292204
"Senyar pada 26Nov2025 menjadi bencana terparah dalam sejarah Aceh & Sumatera Gubernur Aceh menyebutnya sebagai “Tsunami Kedua” Sebanyak 22 gampong hilang disapu banjir bandang,sekitar 50% wilayah Aceh terdampak, ratusan ribu rumah hancur,dan ratusan ribu warga menjadi pengungsi",0,0,0.914418,0.064076945,0.021505048
POLDA SUMSEL LEPAS BANTUAN KEMANUSIAAN UNTUK KORBAN BENCANA DI PROVINSI SUMATERA UTARA Polda Sumatera Selatan menggelar kegiatan pelepasan bantuan kemanusiaan untuk korban bencana alam di Provinsi Sumatera Utara pada Rabu (3/12/2025). 39,0,0,0.83335435,0.06007394,0.10657174
"Jujur, respect sama postingan Terakhir Ferry Irwandi Di saat banyak yang sibuk pamer atau larut dalam drama yang enggak ada habisnya Bang Ferry justru turun langsung ke Aceh, Sumut, dan Sumbar selama lebih dari 20 hari. Bukan hadir sebentar lalu pergi, tapi benar-benar 1 222",2,2,0.31377885,0.108141646,0.5780795
"Banjir besar melanda Domasan, Desa Prawoto, Sukolilo, Pati, Jateng malam ini Warga diminta tetap waspada.Banjir Pati JawaTengah Sukolilo PresidentZelenskyy InformationYoloBet66 OfficialChannel registerlink HOSEOK APANStarAwards2025 72",1,1,0.05595738,0.9061984,0.037844174
Netizen Geram Usai Tahu Empat Gajah Dikerahkan Untuk Bantu Bersihkan Tumpukan Kayu Pasca Banjir di Aceh Netizen Geram Usai Tahu Empat Gajah Dikerahkan Untuk Bantu Bersihkan Tumpukan Kayu Pasca Banjir di... 1 1,0,1,0.44346726,0.45089096,0.10564175
"*Pemerintah Hadir*, *Aceh Sumatra Bangkit*, *Pemerintah Bareng Warga*, *Aceh Sumatra Pulih*, *Pemerintah Sigap untuk Aceh Sumatra* 1 11",2,2,0.0153182475,0.025803993,0.9588778
"dan 2 lainnya tadi konteksnya kan bandingkan dengan sumut dan sumbar, ya jelas penanganannya harus beda lah, karena dampaknya beda, daya rusaknya beda, dan medannya juga beda. apa salahnya mereka ""berisik"", kan negara berkata mampu sendiri tanpa bantuan asing, jadi harus maksimal dong penanganannya 10",0,0,0.54458874,0.35715005,0.09826113
"Kunjungan ini diterima langsung oleh Asisten Pemerintahan, Kepala Dinas Pekerjaan Umum, dan Kepala Biro Pemerintahan Provinsi Sumatera Utara. Bantuan ini merupakan Donasi Pasca Bencana Banjir di Sumatera Utara. Diketahui sebelumnya mengunjungi Sumatera Utara. . dbmbksulsel 42",2,2,0.015221745,0.082650386,0.90212786
"Periksa 8 Korporasi Besar di Sumut, KLH Temukan Indikasi Kelalaian hingga Sebabkan Banjir Sumatera Periksa 8 Korporasi Besar di Sumut, KLH Temukan Indikasi Kelalaian hingga Sebabkan Banjir Sumatera... 298",1,1,0.36368564,0.6063882,0.029926106
"Bergerak Bersama, Pulihkan Aceh dan Sumatra Penugasan dilaksanakan dalam dua tahap, 595 Taruna pada Tahap I dan 547 Taruna pada Tahap II, selama 45 hari untuk setiap tahap. TarunaKKP 2026KKPGrowStronger SaktiWahyuTrenggono KKPGOID kkpterus5F4W2 1",2,2,0.021718625,0.05116746,0.9271139
"Turut berduka cita atas musibah yang menimpa saudara-saudara kita di Sumatera. Semoga mereka yang terdampak diberikan kekuatan, ketabahan, dan perlindungan. Mari kita bersama mendoakan yang terbaik untuk Sumatera. prayforsumatera KanwilDitjenimMaluku 18",0,2,0.3841335,0.13966845,0.47619808
"PT PLN (Persero) terus mengupayakan pemulihan jaringan distribusi listrik di wilayah Aceh Tengah, khususnya Kota Takengon, pascabencana banjir bandang dan tanah longsor yang mengakibatkan kerusakan infrastruktur ketenagalistrikan. Akses Jalan ke Aceh Tengah Masih Terkendala, PLN Tetap Upayakan Pemulihan Jaringan Demi Pulihkan... 1 80",0,2,0.02101432,0.044378836,0.9346069
Akun parodi kagak banjir lagi deh ya 23,1,1,0.27754736,0.6284474,0.0940052
capek banget nangisin yang di brandan Nangisin makam papa Nangisin mama yang lost kontek enggak tau dia kayak mana disana Nangisin kakek yang sudah enggak bisa jalan sudah pakai kateter tapi ngungsi di lantai 2 puskesmas Nangisin brandan yang hancur separah itu banjir 1 174,0,0,0.9628175,0.025973346,0.011209245
"Update kondisi terkini Pemukiman warga masih tergenang banjir serta akses jalan masih terputus. Mohon doanya Desa Blangcut, Pidie Jaya, Aceh",1,1,0.23941389,0.60846114,0.152125
"Keadaan terkini banjir di Sumatera (sekitar jam petang): Banyak wilayah di Sumatera — terutama Aceh, Sumatera Utara dan Sumatera Barat — masih dilanda banjir bandang dan tanah longsor. # PrayForSumatera cnnindonesia. Kondisi Terkini Daerah Terdampak Bencana Sumatra Ribuan orang terdampak bencana banjir bandang dan tanah longsor melanda tiga provinsi di Pulau Sumatra. Berikut update terbaru kondisi bencana tersebut. 77",1,1,0.109913774,0.8607479,0.029338347
"Iklim itu memang fakta ada. Kita tidak bisa memungkiri. Kayu gelondongan juga , kita tidak bisa cegah. Antara iklim yang menyebabkan banjir bandang dan kayu gelondongan itu yang bisa menghancurkan rumah dan membunuh manusia. Beda banjir bandang di jawa dan sumatra itu pada gelondong",1,0,0.85667473,0.13452365,0.008801599
Akun parodi dan Masyaa Allah Tabarakallah.. ormas yang paling radikal masih saja ngambil pahala keberkahan dari bencana yang ada..pasti bahagia sekali dulu bubarin ormas yang paling ringan tangan tersebut PrayForSumatera 9 58,0,2,0.20681503,0.09643656,0.69674844
"Kemenhut izinkan pemanfaatan terbatas kayu yang terbawa banjir di Aceh, Sumut & Sumbar oleh masyarakat terdampak untuk rehabilitasi & rekonstruksi pascabencana. banjirsumatra BencanaSumatera aceh 1 19",1,1,0.037244156,0.7429726,0.21978322
"Warga Desa Pante Lhong, Aceh, menyampaikan apresiasi kepada Perdana Menteri (PM) Malaysia Anwar Ibrahim dan masyarakat Negeri Jiran atas kepedulian serta bantuan kemanusiaan yang diberikan pascabencana banjir besar yang melanda wilayah tersebut. Baca di sini: 50 720",2,2,0.022928009,0.046793208,0.9302787
"BANJIR susulan masih menjadi kekhawatiran masyarakat di sejumlah wilayah terdampak bencana di Sumatra. Bahkan di penghujung 2025, Selasa (30/12), hujan deras kembali mengguyur Kabupaten benar Meriah, Aceh. ugm ews meriahbener aceh pkm",1,1,0.03784617,0.9451119,0.017041957
"Perusak lingkungan hidup dan pejabat pemerintah/daerah yang memberi ijin untuk merusak lingkungan hidup betul-betul bajingan tanpa kapok WALHI WALHI Jawa Barat WALHI Riau WALHI Sumsel DPR RI DPRD CNN Indonesia Tribunjabar Kang Dedi Mulyadi Peringatan Keras Walhi: Perusakan Kebun Teh Pangalengan Kejahatan Serius, Bisa Picu Banjir Bandang... 103",0,0,0.91463304,0.041766606,0.043600377
"Siapa bilang tidak? Desember 2025 ini, sejumlah daerah di Riau berada dalam status siaga bencana banjir. Lahan sawit di Siak & Bengkalis dilaporkan masih tergenang air. Media nasional saja yang enggak expose, atau beritanya tenggelam oleh bencana Aceh, Sumbar, Sumut yang lebih besar. 1 73",1,1,0.4916944,0.49846295,0.009842646
"Kemenhut Hentikan Sementara Pemanfaatan Kayu Bulat di Aceh, Sumut dan Sumbar suarasurabaya. Kemenhut Hentikan Sementara Pemanfaatan Kayu Bulat di Aceh, Sumut dan Sumbar Kementerian Kehutanan (Kemenhut) menghentikan sementara seluruh kegiatan pemanfaatan dan pengangkutan kayu bulat di tiga provinsi terdampak banjir dan longsor di Aceh, Sumatra Utara, dan Sumatra...",1,1,0.1116303,0.8416246,0.04674508
"Amarah Farah, seorang perempuan Aceh yang sejak gadisnya sudah mewakafkan hidup untuk tanah kelahirannya. Dulu ia pernah menghadapi peluru tanpa pernah menangis. Kini ia tak kuasa menahan sedihnya setelah sebulan berkubang lumpur membantu dan melihat korban banjir di sana. 4 108 228",0,0,0.90516037,0.037396938,0.057442695
"Melihat video Najwa dan Mualem, sesak dan sedihnya berasa sekali Ya Allah, kuatkanlah aceh dan seluruh warga indonesia yang terdampak dari banjir atau bencana lainya 85",2,0,0.6825346,0.056245133,0.26122025
"Update Aceh Sumatra, semoga lekas pulih 6",2,2,0.026074965,0.108752675,0.8651723
tanem terus woo. babat terus itu hutan.‍ kena banjir lagi juga enggak papa. ya kan? 477,0,0,0.5150721,0.3968525,0.08807544
akses informasi terpercaya seputar bencana hidrometeorologi di indonesia melalui BNPB Live Update Bencana di youtube youtube. BNPB Indonesia The Indonesia National Disaster Management Authority 17,1,1,0.010281956,0.9530691,0.036649015
"Banjir dan Longsor Kembali Terjang Padang Pariaman Sumbar news.okezone. Banjir dan Longsor Kembali Terjang Padang Pariaman Sumbar : Okezone News Banjir dan tanah longsor kembali terjadi di daerah Pasie Laweh dan Lubuk Alung, Kabupaten Padang Pariaman, Sumatera Barat, pada Kamis 25 12 2025 . 288",1,1,0.05693319,0.9233527,0.019714052
"Kami membawa serta doa yang tak pernah putus: Semoga Aceh, Sumatera Utara, dan Sumatera Barat segera pulih, kembali kuat, dan berdiri lebih teguh dari sebelumnya. Karena ketika satu hati terluka, kita semua merasakannya. PMTPeduli PelindoGroup SPTPGroup 23",2,2,0.14335291,0.07856051,0.7780866
"Respons TNI memang cepat dan efektif, kayak kirim kiri Banda Aceh buat bantu material rekonstruksi pasca banjir di Sumatera. Instalasi jembatan Bailey di Tapanuli Selatan bikin akses transportasi pulih, kurangi dampak ekonomi warga. Impact positifnya nyata dari sumber berita",2,2,0.018613646,0.03596644,0.9454199
"Bergerak Bersama, Pulihkan Aceh dan Sumatra Kita semua berharap, kehadiran para dapat meringankan beban masyarakat di lokasi terdampak bencana dan mempercepat pemulihan. TarunaKKP 2026KKPGrowStronger SaktiWahyuTrenggono KKPGOID kkpterus5F5BA 2 6 9 131",2,2,0.016438402,0.022556571,0.96100503
Bantuan BRI juga masuk ke area Pariaman yang banyak rumah rusak berat akibat banjir bandang CSRBRI BRIPeduli qrisbri,1,2,0.0731888,0.060085993,0.86672527
"Siklus 10th Bencana Besar di Indonesia : 1. 2004-2005 Tsunami Aceh-Nias 2. 2015 Kebakaran Hutan dan Lahan dahsyat (Sumatera-Kalimantan) 3. 2025 Bencana Banjir dan Longsor Sumatera, Semoga Kita belajar dari siklus ini, dan Bangsa Indonesia semakin tangguh. prayforsumatera 90",2,1,0.14452171,0.6876254,0.16785291
"Kemenkop mengatakan siap terlibat dalam upaya pemulihan dan pemberdayaan masyarakat khususnya anggota koperasi di Aceh, Sumatera Barat dan Sumatera Utara setelah masa tanggap darurat bencana dinyatakan berakhir. Kemenkop siap dampingi pemulihan koperasi di Sumatera pascabencana 190",2,2,0.0083082365,0.029512841,0.96217895
"Usai Bantu Sumut, Pemko Pekanbaru Kirim Bantuan Rp1,5 Miliar ke Aceh Terdampak Banjir dan Longsor suaraaktual. Usai Bantu Sumut, Pemko Pekanbaru Kirim Bantuan Rp1,5 Miliar ke Aceh SUARAAKTUAL. - Sumber informasi berita teraktual. 54",2,2,0.021371916,0.07958096,0.89904714
"Status bencana nasional Status peduli nasional • Terimkasih bang ferry Irwandi, & turun langsung kirim bantuan sampai ke tangan warga. Lokasi : Pegunungan kampung gayo Aceh sekitarnya. Sc Ig Irwandiferry PrayForSumatera 6 78 120",2,2,0.018340856,0.03172112,0.949938
"Aku di Tapanuli. Sejak banjir enggak bisa lagi pakai spx. pakai JNE kayaknya masih bisa tapi ya begitu harus ambil sendiri, enggak diantar ke rumah 1 43",0,0,0.5852236,0.34673354,0.068042904
Banjir Bandang dan Longsor Terjang 6 Daerah di Sumatera Utara Banjir bandang dan tanah longsor melanda enam wilayah di Sumatera Utara yaitu Tapanuli Utara Tapanuli Tengah Tapanuli Selatan Sibolga Mandailing Natal dan Nias Laporan sementara menyebutkan adanya warga terdampak 1 1 458,1,1,0.08163495,0.90353084,0.014834198
"Mungkin karena fokus media lebih pada dampak banjir seperti korban jiwa (164 tewas di Sumatra) dan evakuasi ribuan orang, daripada penyebab seperti deforestasi. Video gergaji hanyut itu tampaknya belum viral luas di kali atau berita. Di Sumatra Utara, banjir bawa batang pohon besar,",0,0,0.91777915,0.07295569,0.009265091
"Mentan Amran meninjau langsung lokasi banjir di Sumatra Utara untuk memastikan pemulihan berjalan cepat, mulai dari penyediaan cadangan beras tiga kali lipat dari kebutuhan masyarakat di Aceh, Sumatera Utara, dan Sumatera Barat. 1 1 4 95",2,2,0.011731433,0.072564095,0.91570455
Penyaluran Donasi Bantuan Banjir Bandang & Longsor di Aceh dan Sumatera dari Teman Teman Minokey Terima kasih untuk semua telah berpartisipasi. Semoga bantuan ini sedikit meringankan beban dan menjadi sumber kekuatan. 3 349,2,2,0.0353778,0.024172729,0.9404495
"Banjir gede begini kalau siklonnya (amit amit) lewat rumah gue yang di sana, sudah pasti banjir sampai atep enggak keliatan. Ya kan pung Lampung? Sekarang dikit² banjir, kayak mnyed.",0,0,0.7152702,0.2696364,0.015093465
"Guys jangan lupa saat ini Sumatera sedang Berduka mungkin bisa up beritanya atau punya materi lebih bisa bantu donasi, coba jangan fokus ke berita enggak penting kayak tumblr atau selengki enggak jelas. PrayForSumatera 4 706",0,2,0.42124206,0.12439736,0.4543606
"Total fasilitas kesehatan yang terdampak di Sumatera Utara, Sumatera Barat, dan Aceh sebanyak 31 rumah sakit dan 156 puskesmas. Kesehatan AdadiKompas Pemulihan Faskes Rusak Dikebut, Masih Ada Rumah Sakit yang Terendam Banjir 45",0,0,0.8398952,0.056077473,0.10402737
Kapolres Aceh Tenggara Salurkan Bantuan Kemanusiaan Alumni Akpol 2006 Untuk Korban Banjir di Kabupaten Aceh Tenggara. poldaacehsiagabencana bangkitbersamapoldaaceh 1 27,0,0,0.66132265,0.04828178,0.29039553
"dan Kayaknya kemarin itu diskon gede2an karena mau rebranding, jadi mungkin diskon begitu lagi enggak dalam waktu dekat deh ya Soalnya stoknya bisa jadi sudah dikasih semua ke korban banjir kemarin karena timingnya pas benar kemarin itu menurut saya 38",0,0,0.8079295,0.09863711,0.09343334
"Menkomdigi Meutya Hafid mengatakan 90 persen jaringan telekomunikasi di Sumatera Utara, khususnya di Tapanuli Tengah, Tapanuli Selatan, dan Sibolga, sudah beroperasi pasca-banjir yang melanda daerah itu. Menkomdigi: 90 persen telekomunikasi wilayah bencana Sumut telah pulih 272",2,1,0.03295808,0.68232757,0.28471434
dan Eh btw ada teman Sumatra nggak... Padang jambi palembang bengkulu.. Banjir enggak ya . Kayaknya ada deh orang jambi lupa 1 86,1,1,0.20252426,0.7839736,0.013502189
"BNPB melaporkan bahwa hingga Selasa (2/12/2025), jumlah korban meninggal akibat banjir dan tanah longsor di tiga provinsi—Aceh, Sumatera Utara, dan Sumatera Barat—mencapai 708 jiwa, dengan ratusan lainnya masih dinyatakan hilang. Rincian korban: • Sumatera Utara: 294 meninggal, 3 9 19",0,0,0.80009156,0.1731389,0.026769554
"Ketua DPR RI Puan Maharani resmi menutup Masa Persidangan II Tahun Sidang 2025-2026 DPR RI. Dalam pidatonya, Puan kembali menyampaikan duka cita bagi korban banjir dan longsor di Aceh dan Sumatra. 231",0,0,0.84321856,0.07498622,0.08179518
"kok enggak meminta maaf pada maasyarakat Aceh ya...wah enggak benar nih orang, tanggungjawabmu pada masyarakat setelah itu lapor pada presiden, dasar beleng beleng 10",0,0,0.82298815,0.14071077,0.036301102
"Status Darurat Siaga Bencana Hidrometeorologi di Riau berlaku 1 Des 2025 – 31 jangan 2026. Waspada banjir & longsor di wilayah rawan Kab. Kampar. Utamakan keselamatan, pantau kondisi sekitar. pabangkinang WaspadaBencana Hidrometeorologi RiauSiaga InfoBencana 1 1 309",1,1,0.028014105,0.93042165,0.041564204
"*Banjir Rob Rendam Empat Desa di Sukadana, Polres Kayong Utara–Basarnas Turun Tangan Evakuasi Warga* KayongUtaraBERKAH SalamPRESISI Kalbar 1 53",2,1,0.07371628,0.75108045,0.1752032
"Bantu korban banjir di Sumatera Utara yuk! Video logistik dan layanan terus mengalir, kita bisa bareng-bareng BersamaLawanBanjir! Ayo semangat! 15",2,0,0.5170207,0.0509924,0.43198696
Respons cepat pemerintah dengan mendistribusikan 1.780 ton bantuan logistik untuk korban banjir dan longsor di Aceh. 19,2,0,0.78812814,0.052339252,0.15953265
"Kronologi bagaimana Reno, anjing pelacak K9 gugur saat bertugas mencari korban bencana banjir dan longsor di Sumatera Barat (Sumbar) Anjing milik kepolisian daerah Riau itu mati di Kabupaten Agam, Sumatera Barat pada Minggu (30/11). Hal tersebut dibenarkan oleh Kepala Bidang",0,0,0.8816574,0.08884397,0.029498594
SEGERA TETAPKAN JADI BENCANA NASIONAL AllEyesOnSumatera PrayForSumatera PrayForTapanuli PrayForSibolga PrayForAceh PrayForPadang 1,2,1,0.1855331,0.70002365,0.11444324
dek rumah mmh kebanjiran dek Dari ໊ 7,0,1,0.4096113,0.5514615,0.038927197
"Saat banjir sudah terjadi, publik menduga penyebabnya adalah kerusakan hutan, pembalakan liar, dan alih fungsi lahan. Tapi pemerintah daerah hingga pemerintah pusat “kompak” membantah. Gubernur Sumatra Utara, Bobby Nasution bilang penyebab utamanya adalah cuaca ekstrem yang 1 1 2 390",0,0,0.6914008,0.29519778,0.013401415
"Cepat lah pak, kami di sumatra utara sudah keburu tenggelam nih dalam banjir. Tak banyak yang bisa menolong karena tak tersedia perahu atau rakit sekalipun untuk evakuasi atau sekedar mengantar bekal makanan atau obat2an bagi yang terjebak di rumah2 mereka.",0,0,0.7849342,0.04573329,0.16933239
"Kemkomdigi melaporkan terjadinya gangguan layanan telekomunikasi di Kabupaten Tapanuli Tengah, Kabupaten Tapanuli Selatan dan Kota Sibolga, Provinsi Sumatera Utara imbas bencana banjir dan longsor yang melanda wilayah tersebut pada Rabu (26/11). ""Berdasarkan data sebaran 4 3 698",0,1,0.041382726,0.94601464,0.012602544
KIP Aceh Salurkan Bantuan Hidrometeorologi untuk KIP Kabupaten Aceh Singkil Pascabanjir ​SINGKIL – Komisi Independen Pemilihan (KIP) Aceh menyalurkan bantuan kemanusiaan bagi jajaran KIP Kabupaten Aceh Singkil yang terdampak bencana alam banjir. 1 1 52,2,2,0.016395444,0.053693008,0.9299115
"Intensitas hujan yang tinggi kembali mengguyur di wilayah Sumatera Utara. Hanya hujan lebat selama satu jam, ratusan rumah warga di Kabupaten Tapanuli Selatan kembali dikepung banjir akibat luapan Sungai Batang Toru dan Sungai Siopat Opat. Berdasarkan video amatir warga, 2 2 810",1,1,0.24989648,0.7359225,0.014181044
"Banjir besar di Kabupaten Pidie Jaya, Aceh juga merusak kawasan budidaya udang dan bandeng milik masyarakat di Desa Buangan, Kecamatan Meurah Dua. 1 1 4 116",0,1,0.3780379,0.59126246,0.03069968
"Visualisasi malam di Aceh tampak kelihatan dari satelit VIIRS-nya NASA. Banyak wilayah gelap gulita akibat listrik mati. Tapi presidennya masih saja sempat percaya, banjir di Sumatera enggak separah seperti aslinya. 7 341 567",0,0,0.8440472,0.14475243,0.011200325
"senang lihat teman-teman gue yang pengusaha pada speak up tiap hari soal sumatera, aceh dan kebobrokan meanwhile teman gue yang kerja ""di dalem"" diem2 baeee kayak enggak terjadi apa-apa 8",0,0,0.7068169,0.19000511,0.103177965
"dan Bukan memakai anggaran bencana, mbak justru datang lebih dulu membantu korban banjir di Aceh dengan menghantar makanan bergizi sebagai kerja nyata yang bisa dibuktikan LanjukanMBG 1 47",0,0,0.63636845,0.04845243,0.3151791
"dan Presiden terlalu angkuh dengan mengatakan kita mampu mengatasi bencana, padahal pelosok2 daerah bencana masih banyak yang belum tertangani. Saya tau karena saya tinggal dekat dengan Aceh Tamiang, salah 1 daerah yang juga parah, rumah saya di Brandan terendam diatas 1.8 Meter air banjir. 22",0,0,0.95524704,0.025556106,0.019196795
"Anakku yang tak tadi pagi cerita, bu guru kemarin katanya mau kirim barang untuk yang lagi kena banjir. terus kubilang ""ini kemarin ada uang kamu yang menang lomba, mau indak buat donasi untuk bantu teman-teman yang kena banjir?"" 'iya bu aku mau, ini buat donasi ya' Hatiku hangat 1 36",2,2,0.29062763,0.23000364,0.47936875
"iya ini sudah ngungsi:"" Jarang sampai banjir bgt, ini memang curah hujan lagi tinggi banget sekitaran Sumatera 1 27",1,1,0.15181057,0.77738386,0.07080561
"Badan Nasional Penanggulangan Bencana (BNPB) memperbarui data pada Sabtu (13/12/2025) pagi, terkait bencana banjir dan longsor yang melanda sejumlah wilayah di Sumatra. BNPB menegaskan, data ini masih bersifat dinamis dan akan terus diperbarui. Petugas lapangan masih melakukan 1 415",1,1,0.011693512,0.9472522,0.041054215
"Presiden Prabowo Berikan 20 sama & Gratiskan Pembuatan Surat-Surat Berharga Lainnya yang Hanyut Tersapu Banjir Bagi Warga Terdampak. Pemerintah Bareng Warga, Aceh Sumatra Bangkit. . . SalingBantuSesama AcehSumateraBangkit PeduliAcehSumatera",2,2,0.01637949,0.02605958,0.9575609
"Healthies, tidal semua korban banjir bisa dievakuasi melalui jalur darat. Untuk itu, pasien dari benar Meriah & Lhokseumawe dibawa menggunakan pesawat medis ke Bandara Sultan Iskandar Muda, Aceh, sebelum dirujuk ke rumah sakit. Evakuasi udara ini memastikan penanganan 3 2 5",0,0,0.54056597,0.31883147,0.14060254
"Laporan follower dari Aceh : Min, Aceh sudah mulai naik lagi air daerah Pidie Jaya Meureudu (salah satu tempat putus jembatan nasional) menurut berita sudah 1 meter air nya. 3 33 67",1,1,0.043607082,0.92239845,0.03399441
"Dan gua korban Banjir di salah satu kabupaten di Aceh, merasai banget enggak ada bantuan pemerintah kampret yang dtang, malah kita bantu sesama. Korbanbantukorban. Bahkan sampai sekarang masih ada warga yang ngungsi di tenda terpal biru karena rumahnya sudah hilang:""",0,0,0.7295122,0.035722278,0.23476547
"200 HELIKOPTER BUAT APA DUT??? suka banget buang anggaran buat hal enggak guna… mending lu jangan nanem sawit mulu, dananya dipakai buat reboisasi dan anggaran bencana nasional AllEyesOnSumatera PrayForSumatera 1 1 1 247",0,0,0.70580906,0.19796786,0.096223064
"BMKG Imbau Waspada Banjir Pesisir 5–10 Desember, Ini 7 Wilayah Aceh Berpotensi Terdampak BMKG WaspadaBanjirPesisir BanjirROB WilayahAcehBerpotensiTerdampak aceh.tribunnews. BMKG Imbau Waspada Banjir Pesisir 5–10 Desember, Ini 7 Wilayah Aceh Berpotensi Terdampak - Seramb... BMKG menekankan bahwa informasi ini disampaikan untuk meningkatkan kesiapsiagaan, bukan menimbulkan kekhawatiran berlebihan. 105",1,1,0.01996353,0.9313923,0.048644174
enggak mengerti lagi dengan manusia2 serakah model begini.. bisa2nya mengambil kesempatan untuk kepentingan pribadi padahal masih banyak korban yang terdampak parah akibat bencana banjir Sumatera.. benar-benar sdm rendah 5 584,0,0,0.93089503,0.01663872,0.052466244
"Penanganan masalah di negara ini semua serba: wis kebacut!! *Setelah Viral, baru ditangkap *Setelah meninggal, baru dipercaya laporannya *Setelah banjir bandang menelan hampir 1000 orang dan kerugian materiil tak terbayangkan, baru niat menanam kembali! Menunggu pohon 31 69 169",0,0,0.9333554,0.044907566,0.0217371
"Presiden Prabowo Subianto sudah tahu penyebab bencana banjir dan longsor di Pulau Sumatra! Hal ini diungkapkan oleh Ketua MPR Ahmad Muzani. Sementara itu, Gubernur Sumut Bobby Nasution bersiap meneken rekomendasi penutupan PT Toba Pulp Lestari (INRU) - salah satu perusahaan 233",1,1,0.033649035,0.9447736,0.021577442
"Aceh kembali dilanda Banjir Besar - 8 Januari 2026. Belum Sempat Pulih, Sejumlah Desa di Aceh Timur Kembali Diterjang Banjir Susulan, lokasi Indra Makmur Aceh Timur. Melaksanakan rehabilitasi dan rekonstruksi rumah di lokasi yang banjirnya terus berulang, sama saja seperti 1 2 6 166",0,1,0.2255433,0.7431478,0.03130891
"DPC PDI Perjuangan Tanah Datar bergotong royong menyalurkan bantuan dari DPP PDI Perjuangan untuk korban banjir yang mengungsi di Posko Utama Nagari Sumpur, Batipuh Selatan, Tanah Datar, Sumatera Barat, Minggu (15/12/2025). Kami berharap bantuan yang diberikan bisa sedikit",2,0,0.74159014,0.046355307,0.21205457
"Membangun harapan baru di lokasi bencana adalah inti Pesan Natal Prabowo agar kita bergerak bersama atasi dampak banjir Sumatera upaya Presiden Perkuat Solidaritas bangsa yang majemuk Pesan Natal 2025, Presiden Prabowo Ajak Gotong Royong untuk Sumatra 9",2,2,0.015910307,0.07550415,0.90858555
"Sebulan Pasca Banjir, Bupati Aceh Utara: Pusat Tutup Mata Sebulan Pasca Banjir, Bupati Aceh Utara: Pusat Tutup Mata 29",0,1,0.14835109,0.8314353,0.02021362
"Semoga setelah banjir dan tanah longsor di Sumatera ini, kebijakan IPKH dan Amdal bisa diperbaiki dan lebih selektif ya pak PrayForSumatera kemenenteriankehutanan rajajuliantoni banjirsumatera tambangilegal 179",2,1,0.11059115,0.74840885,0.14100002
"Dibutuhkan berapa puluh tahun ya untuk mengembalikan hutan Sumatera, Aceh dan sekitarnya akibat kerusakan banjir kali ini... 80",0,0,0.71787226,0.15183963,0.13028815
"Prabowo Tinjau Lokasi Bencana Berulang Kali, Pemulihan Dikebut Sejak Minggu Pertama Jakarta – Pemerintah terus mempertegas kehadirannya dalam penanganan bencana banjir bandang di Sumatra beberapa pekan lalu. Hal ini dibuktikan dengan peninjauan berulang Presiden RI Prabowo",1,2,0.021956993,0.4011595,0.5768835
"Bukan janji, tapi aksi. Pemerintah Hadir sejak awal. Pemerintah Bareng Warga mempercepat pemulihan. Aceh Sumatra Pulih, karena Pemerintah Sigap untuk Aceh Sumatra, menuju Aceh Sumatra Bangkit. 10",2,2,0.012342821,0.016674088,0.970983
"Tim SAR gabungan yang terdiri Polisi, TNI, dan masyarakat membangun 15 hunian sementara (huntara) bagi korban banjir dan longsor di Desa Tolang Julu, Kecamatan Sayur Matinggi, Kabupaten Tapanuli Selatan (Tapsel), Sumatera Utara, Minggu (28/12/2025). Material bangunan dibeli dari",0,0,0.6565264,0.09499816,0.24847549
"Brimob Hadirkan Sanitasi Layak bagi Korban Banjir di Desa Tolang Julu Tapanuli Selatan — Personel Brimob Batalyon sih Polda Sumatera Utara bersama masyarakat setempat melaksanakan pembangunan fasilitas mandi, cuci, kakus (MCK) bagi warga terdampak banjir di Desa Tolang Julu 44",2,0,0.51145667,0.06515154,0.42339182
"Banjir Sumatra, Danantara Akan Bangun 15 Ribu Huntara di 3 Provinsi Banjir Sumatra, Danantara Akan Bangun 15 Ribu Huntara di 3 Provinsi 24",1,1,0.033967618,0.8221566,0.14387573
"Di tengah situasi pasca bencana, negara hadir melalui respons terpadu—pemulihan berkelanjutan, pemenuhan kebutuhan dasar, dan perlindungan bagi warga terdampak. BencanaAlam BNPB Banjir PrayForSumatera PeduliSesama 4 5",2,2,0.016540838,0.030527418,0.95293176
"Aamiin, setuju banget enggak apa-apa pelan, yang penting konsisten dan bener-bener kerasa di masyarakat. Sedikit demi sedikit tapi nyata dampaknya, itu jauh lebih berarti. Semoga pemulihan di Aceh dan Sumbar terus jalan sampai warga benar-benar pulih",2,2,0.018481912,0.015823863,0.9656942
"Cuaca ekstrem yang melanda berbagai wilayah di Sumatera Utara dalam beberapa hari terakhir, dan memicu banjir serta longsor, dipastikan merupakan dampak dari Siklon Tropis Senyar. Banjir dan Longsor Sumatra, Ternyata Ini Penyebabnya 1",1,1,0.1227625,0.8657713,0.011466183
"BNPB dan pemerintah bangun shelter cepat, Aceh kuat bangkit bareng. Trending yuk! ShelterAceh BencanaDitangani IndonesiaSolid",2,2,0.014052856,0.035727873,0.9502193
BP Taskin memperlihatkan negara bekerja serius pasca bencana Di Aceh Budiman Sudjatmiko memimpin peninjauan langsung demi mencegah kemiskinan struktural dan memastikan koordinasi berjalan efektif BPTaskinFokusPascaBencana Ancaman Lonjakan Kemiskinan Sumbar Pasca Bencana Jadi Perhatian Khusus BP Taskin - Harian Haluan 19,0,2,0.031454265,0.2342402,0.73430556
"Satgas Yonzipur I/Bukit Barisan membangun jembatan Aramco guna memulihkan akses warga pascabanjir di Kecamatan Padangsidimpuan Hutaimbaru, Kota Padangsidimpuan, Sumatera Utara. TNI bangun jembatan Aramco pulihkan akses warga di Padangsidimpuan 156",2,2,0.014402642,0.06265394,0.9229434
"BKSDA Aceh menurunkan empat gajah terlatih dari pulang Saree untuk membantu pembersihan pascabencana banjir bandang di Pidie Jaya. Gajah bernama Abu, Mido, Ajis dan Noni ini dikerahkan untuk memindahkan kayu dan material berat di titik yang tidak bisa dijangkau alat berat, sekaligus 2 3 819",2,1,0.054676257,0.7380183,0.20730542
"1. Banjir Bandang dan Longsor di Sumatera Bencana terbesar dan paling tragis sepanjang 2025 adalah banjir bandang serta tanah longsor yang melanda tiga provinsi di Pulau Sumatra: Aceh, Sumatra Utara, dan Sumatra Barat. Dipicu oleh Siklon Tropis Senyar, sebuah fenomena langka di 1 102",0,0,0.8647811,0.11840775,0.016811222
"Di tengah banjir dan longsor,kepedulian tidak ikut tenggelam. Kerja Nyata BGN memastikan mbak tetap tersalurkan bagi yang membutuhkan. Hingga hari ini lebih dari 2,2 juta porsi bantuan telah disalurkan di Aceh LanjutkanMBG Selasa Slank Air 86% ZhangLinghe OurFortunateShuaDay 3 262",2,2,0.015967248,0.029368265,0.95466447
"PT Pelni Cabang Tanjungpinang, Provinsi Kepulauan Riau (Kepri), menyediakan layanan angkutan gratis untuk pengiriman bantuan bencana banjir dan longsor ke wilayah Sumatera Utara (Sumut). Pengiriman bantuan dilakukan menggunakan kamu Kelud yang melayani rute ke Pelabuhan Belawan. 1 45",2,2,0.022890352,0.069873214,0.9072364
"Ayo kita dukung gerakan masyarakat untuk mendesak penetapan status bencana di Aceh, Sumatera Utara dan Sumatera Barat sebagai *Bencana Nasional.* Bencana ini bukan sekadar insiden alam biasa; ini adalah bencana ekologis berskala luas yang diakibatkan oleh eksploitasi lingkungan Petisi Kepada Presiden, Segera Tetapkan Status Bencana Nasional Atas Bencana Ekologis di Sumatera Dari act.350.org 5 262 390",1,1,0.34482735,0.38651842,0.26865426
"Akun parodi Ditanah yang retak oleh longsor & jalan yang ditelan banjir, langkah kecil itu tak pernah mundur. . . . . BPJS menahan Gede Prabodoh padang panjang Invite Now Mubazir Konsolidasi TPP Libur Depe. 1 21 57",0,0,0.8548598,0.10531368,0.03982645
Tim Trauma Healing Polda Riau bergerak cepat membantu pemulihan psikologis warga terdampak banjir bandang di Kabupaten Agam. polri PolriPeduli PeduliBencana PrayForSumatera 27,2,2,0.023417352,0.029228868,0.9473537
"enggak menunggu lama, Pemerintah Hadir responsif dengan alat berat memulihkan jalan yang sempat lumpuh akibat banjir. Aceh Sumatera Update 35",2,2,0.019148553,0.047346856,0.9335045
"Pemerintah bergerak cepat pasca banjir di Aceh dan Sumatra, bantuan langsung dirasakan warga 203",2,2,0.013842199,0.025175374,0.96098244
"Ketua Umum PDI Perjuangan, Prof.Dr. Megawati Soekarnoputri, menunjukkan perhatian besar terhadap keberlanjutan pendidikan warga terdampak bencana banjir dan longsor di Aceh melalui dialog virtual via Zoom. Megawati Pantau Kondisi Pendidikan Anak Pascabencana di Aceh 30",2,2,0.021927558,0.10474151,0.8733309
"enggak pernah se trauma ini kalo hujan deras, benaran saja daerah Medan sekitar sudah banyak yang banjir lagi. Buat yang belum tidur dan punya keluarga atau teman di Medan, tolong kabarin untuk ngungsi ketempat yang lebih baik sesegera mungkin 2 1 143",0,1,0.30255163,0.5921143,0.105334096
"ya Allah, gua kena banjir sampai masuk rumah saja sudah menangis enggak karuan, bagaimana nasib mereka yang kena banjir berhari hari sampai mereka bilang kayak tsunami:( 29",0,0,0.92852944,0.051723216,0.019747289
"Gajah besar jatuh dari ketinggian lalu menimpa truk lalu jatuh ke jurang. Apa kata , , dan ? Mereka adalah nama2 yang bertanggung jawab atas banjir Sumatera menurut Greenpeace BersihkanKabinetPrabowo BersihkanKabinetPrabowo 67",0,0,0.71057445,0.26230073,0.027124807
"salut banget sama TPL, gercep banget buat turun lapangan ikut salurkan bantuan untuk saudara"" kita yang terkena bencana banjir di Tapanuli Selatan, Sumatera Utara, wajib banget dicontoh 39",2,2,0.021704877,0.02515352,0.9531416
Jalanan rusak langsung dapat solusi dari BNPB. 270 jembatan darurat lagi dibangun biar akses dari desa ke kota lancar jaya lagi guys. BNPB SolusiKeren AksesLancar UpdateSumatera 13,0,2,0.05462212,0.22164428,0.7237336
"Pemulihan banjir tsunami Aceh 2005 dibutuhkan waktu 5 tahun, itupun belum pulih perekonomian.. Apalagi bencana alam banjir di Sumatera, sumut, Padang, Aceh skala lokasinya lebih luas.. Satset seminggu ya jelas tidak mungkin, lumpur setinggi 1 meter, jalan rusak dsb 1 63",0,0,0.87187105,0.10112372,0.027005274
Walikota Cilegon Robinsar Tetapkan Status Siaga Banjir Usai Peringatan BMKG bahlillahadalia kuningkeren golkarindonesia partaigolkar golkarpedia Berita Golkar - Walikota Cilegon Robinsar Tetapkan Status Siaga Banjir Usai Peringatan BMKG -... 49,1,1,0.026939502,0.92855793,0.044502564
Aceh Perpanjang Status Tanggap Darurat Bencana Kali Ketiga Aceh Perpanjang Status Tanggap Darurat Bencana Kali Ketiga 22,1,1,0.020927034,0.9073908,0.07168225
"Dalam Rangka menghormati & turut berduka atas bencana yang menimpa saudara kita di Aceh, Sumbar & Sumut. Sesuai Perintah Presiden melalui Kapolri yang tercantum dalam STR/XII/YANG.2.7/2025 tanggal 24/12/2025. Penyalaan Kembang Api Perayaan Natal 2025 & Tahun Baru 2026 TIDAK DIIZINKAN 48",0,0,0.7209318,0.17253721,0.10653092
"Dalam rangka pemulihan perekenomian masyarakat di wilayah yang terdampak bencana alam yaitu Aceh, Sumut dan Sumbar Presiden Prabowo mengeluarkan kebijakan untuk merelaksasi atau penghapusan hutang KUR PresidenPrabowo PemerintahPeduli 23",1,2,0.027300207,0.0998722,0.8728276
"Halo SobATRBPN Kantor Wilayah BPN Provinsi Bengkulu mendistribusikan bantuan untuk saudara-saudara kita yang terdampak bencana di Aceh, Sumatera Barat, dan Sumatera Utara. Bantuan tersebut tersebut terdiri pakaian layak pakai, peralatan kebersihan dan makanan kemasan. 1 40",2,2,0.02175785,0.06117056,0.9170716
"Pasca banjir yang melanda Aceh Tamiang, relawan menemukan batang kayu berukuran sangat besar yang terdampar di lokasi terdampak. Temuan ini mengejutkan warga setempat karena belum pernah terjadi sebelumnya. Menurut para relawan, ukuran kayu tersebut sangat panjang dan kokoh, 14 25",2,1,0.15060993,0.71799374,0.13139638
loh apa salahnya kejar ambisi yang salah itu yang korupsi yang bikin rakyat sengsara seperti di aceh .. hutan digunduli akhirnya longsor banjir bandang .. anies berambisi untuk mengakhiri kesengsaraan dengan cara merebut kekuasaan yang disyahkan oleh undang undang yaitu lewat partai politik,0,0,0.95487875,0.025322707,0.019798532
"Pascabencana Sumatera, Polri Sediakan Bantuan Air bersih di Aceh, Sumut, dan Sumbar | KOMPAS UPDATE Pascabencana Sumatera, Polri Sediakan Bantuan Air bersih di Aceh, Sumut, dan Sumbar | KOMPAS UPDATE Dari kompas.tv",2,2,0.016856495,0.0876344,0.89550906
"Detik-detik banjir bandang yang membawa ribuan batang kayu gelondongan berbagai ukuran, terbawa arus yang keras dan menghantam apapun setiap yang dilewatinya. Infonya di benar Meriah, Aceh PrayForAceh 67",0,1,0.42228726,0.5212006,0.05651213
"Sempena hari Jumaat yang mulia ni, mohon doakan saudara kita yang dilanda musibah banjir dahsyat di Medan dan Acheh. Hujan yang lebat lebih dari kebiasaan sehingga bumbung2 rumah tenggelam, tanah runtuh, laluan & bekalan elektrik terputus, keadaan sangat menekan di pusat evakuasi. 1 1 608",0,0,0.58026177,0.1749081,0.24483007
"Banjir bandang yang melanda Aceh Tamiang tidak hanya merusak permukiman warga, namun juga memutus akses vital antarwilayah. Salah satunya jembatan gantung di Desa Batu. Putusnya jembatan gantung tersebut memperparah kondisi ratusan warga yang selama ini bergantung pada aktivitas 4",0,0,0.8257783,0.123552755,0.050668824
Pulau Sumatra sedang tidak baik-baik saja. Banjir bandang dan longsor sejak akhir November 2025 sudah merenggut lebih dari 176 nyawa dan memaksa puluhan ribu warga mengungsi.,0,0,0.9144795,0.0597303,0.025790226
"Pemerintah tetap tak mau menerima bantuan dari dunia internasional dalam penanganan banjir dan longsor di Sumatera. Menteri Koordinator Bidang Pemberdayaan Masyarakat (Menko PM) Muhaimin Iskandar mengatakan, pemerintah masih mampu menangani bencana ini sendiri. 102",2,2,0.031868357,0.16134526,0.80678636
Karena retreat di Magelang gagal total hal ini bisa dilihat dari respon masyarakat atas penanganan korban banjir bandang Sumatra Keberhasilan retreat Magelang hanya menciptakan manusia yang patuh thd pencitraan dengan sikap penjilatnya Retreat di Hambalang hanya OMON OMON 18,0,0,0.95222694,0.0241431,0.023629934
"Banjir tadi siang, sekarang sudah masuk ke rumah air nya 1 16",0,0,0.62655646,0.31962335,0.05382021
"Buka Twitter isinya bikin menangis Korban enggak cuma rakyat tapi hewan-hewan yang cuma pengin hidup tenang, yang rumahnya diembat sama manusia rakus. PrayForSumatera PrayForTapanuli 34",0,0,0.94817966,0.01791779,0.03390252
"Relawan Aceh sampai di Gampong Simpur, Aceh Tenggara. Total Lost. Areal bencana nya sangat besar. Bayangkan di Map Sumatera: Aceh Tamiang di Selat Malacca, sedangkan posisi Aceh Tenggara di Lautan Hindia. Banjir Aceh 2025 cyclone senyar adalah bencana banjir longsor terparah 6 160 231",0,1,0.3745182,0.47170478,0.15377702
Koordinasi cepat tanggap darurat PrayForSumatera 1 1 44,2,1,0.02075068,0.5999443,0.37930503
4. Evakuasi korban banjir di Sumut berjalan cepat dan tertib berkat koordinasi tim tanggap darurat. PrabowoPeduliSumatera Respons Cepat Negara 1 6,0,0,0.53259724,0.078126706,0.3892761
Kerusakan yang terjadi di wilayah terdampak sangat masif. Pemerintah memperkirakan kebutuhan pemulihan mencapai puluhan triliun rupiah. 1 33,0,0,0.7997655,0.15515879,0.045075644
"Tadi teman cerita mamanya yang tinggal di Aceh kena banjir, lalu karena rumahnya tingkat 3 banyak tetangga yang nitipin hewan peliharaan di sana sembari manusinya ngungsi ke tempat lain. Pas sudah surut mereka bersihin rumah sendiri enggak dibantu penerintah.",0,0,0.8010235,0.17677963,0.022196902
Otomatis oleh izin lur ada yang pernah mikir enggak sih? “mendingan jogja bikin negara sendiri saja ” ngelus dodo banget lihat kabar kabar bencana sodara kita di aceh sumbar sumut yang bantu maksimal malah dari donasi sosial serta inisiatif warga negaranya 3,0,2,0.3190129,0.17732187,0.5036652
"Satuan Tugas Prajurit Batalyon Zeni Tempur 10/JP/2 Kostrad, melanjutkan pembersihan fasilitas pondok pesantren Darul Mukhlishin yang terdampak bencana banjir bandang yang menerjang Kabupaten Aceh Tamiang, Jum'at (26/12/2025). pendivif2kostrad pendivif1kostrad penkostrad 108",2,1,0.028115278,0.5156833,0.45620134
"Berdasarkan data terkini (Des 2025), bencana utama adalah banjir dan longsor di Sumatera (Aceh, Sumut, Sumbar) dengan korban >1000 jiwa. Belum ada laporan signifikan di Riau, Kalsel, atau Kalbar. Jakarta & Jabar sering banjir musiman, tapi tak ada eskalasi baru. Sumber: BNPB,",1,0,0.5363242,0.44724128,0.016434574
Air naik panik ikut naik yang datang nenangin Polisi Tanggap Bencana Terimakasih POLRI 1 2,2,2,0.05020346,0.071144775,0.8786518
"dan Hati-hati Aceh Tamiang, Langkat dan Padang kalau orang ini datang waktu banjir niscaya tanah ladang kalian mau dibikinnya SUMUR SERAPAN 1 38",0,0,0.5337853,0.44686624,0.019348422
"Kepala Kantor Basarnas Medan, Heri Marantika, menyampaikan bahwa hingga H+15 pagi ini Tim SAR Gabungan masih terus melakukan proses pencarian korban bencana longsor dan banjir bandang di Kabupaten Tapanuli Selatan, Sumatera Utara. Hingga kini tercatat masih ada 29 orang yang 1 3 4 652",0,1,0.4628921,0.47225234,0.064855516
"Fyi aku salah satu warga yang terdampak banjir di Sumatera, bayangin, lagi kena musibah begini bisa bisanya ada yang tega nipu ya Allah, ada saja cobaan tahun ini, semoga 2026 banyak kabar baiknya 1 1 202",0,0,0.74938095,0.059040982,0.19157799
Apa ini yang diinginkan anggota dpr? Tidak perlu ada rekawan yang menolong? Cukup pemerintah yang punya duit triliunan tapi tak kunjung datang? Listrik yang katanya 97% menyala ternyata juga bohong? Apa kakian ingin rakyat oerlahan kehilangan nyawa dan harapannya untuk hidup? Pernyataan 1 12,0,0,0.93356436,0.021342268,0.04509343
"Daftar 6 Janji Presiden Prabowo untuk Korban Bencana Banjir dan Longsor Sumatera: Dokter Hingga Uang jambi.tribunnews. Daftar 6 Janji Presiden Prabowo untuk Korban Bencana Banjir dan Longsor Sumatera: Dokter Hingga... Presiden RI, Prabowo Subianto memberikan janji kepada korban banjir dan longsor yang menerjang tiga provinsi di Pulau Sumatera. 37",0,0,0.91879404,0.03281976,0.048386183
"Wakapolri Komjen Pol. Prof. Dr. Dedi Prasetyo, S.H., M.Hum., M. Si., M.M., meninjau langsung penyaluran bantuan kemanusiaan Polri bagi warga terdampak bencana di Kabupaten Padang Pariaman, Sumatera Barat, Minggu (28/12/2025). Kunjungan tersebut menjadi bagian dari komitmen Polri 45 10 70",2,2,0.023033766,0.12519951,0.85176677
"Aceh Sumatra Pulih, bantuan terus berdatangan dari pemerintah dan seluruh masyarakat Indonesia 6",2,2,0.0109155215,0.019842818,0.9692416
"Kemudian, kerusakan parah pada fasilitas kesehatan, seperti di Tamiang, Aceh, membuat persediaan obat juga terbatas. Lantas, apa saja yang dibutuhkan saudara-saudari kita di Aceh, Sumatera Utara, dan Sumatera Barat? 1 36",0,0,0.6417608,0.2974282,0.060810983
"yang bergelar pendidikan yang panjang spesialis Kehutanan, Tambang, lingkungan , tolong cari penyebab ya bencana ini.Dari visualisasi video ini dengan analisa yang sederhana bisa mengungkap penyebab bencana banjir bandang di Sumatra akibat pengrusakan Hutan untuk Tambang 1 193",0,0,0.7666175,0.22201172,0.01137082
yang PDIP sibuk bawa bantuan ke Aceh Sumut & Sumbar Partai lain malah sibuk memikirkan pilkada 19 29 536,2,2,0.16857146,0.20694184,0.6244867
"Gunung Sitoli News — Alasan Bobby Nasution Kritikan muncul terhadap cara penyaluran bantuan oleh Gubernur Sumatera Utara (Sumut), Bobby Nasution, di wilayah terdampak banjir bandang dan longsor di Tapanuli Tengah (Tapteng). 33",0,2,0.3259781,0.25367838,0.42034346
"Sumatera Sedang Berduka Untuk saudara kita yang terdampak banjir dan tanah longsor. Kami masih buka donasi sampai tanggal 20 Desember, mari ulurkan tangan, sekecil apapun bantuanmu sangat berarti. PrayForSumatera 7 4 424",0,2,0.2760526,0.047019947,0.67692745
jangan lupa Menteri Agamanya Jokowi Korupsi Dana Haji. Kalimantan Selatan banjir tahunan. Sumatera belum pulih dan butuh anggaran besar untuk pemulihan. Indikasi korupsi anggaran mbak di bulan puasa. 86,0,0,0.8783493,0.06334841,0.058302328
"Subussalam – Polisi Aceh Sedot untuk menanggulangi bencana banjir yang melanda wilayah tersebut. Salah satunya adalah tindakan yang dilakukan oleh tim polisi di daerah Aceh Tengah, yang dengan cepat dan penuh pengabdian melakukan evakuasi 16",2,2,0.025780685,0.075128935,0.89909035
"sih anjingnya wowo begini hari lu masih cengengesan bahas yang kena musibah. Gue punya teman di aceh baru tadi pagi dia kasih kabar, ada dipengungsian, blon ada bantuan sama sekali jing, rumah dia terendam lumpur semuanya jing. 4 86",0,0,0.9059529,0.040431626,0.053615537
Event bulanan kota gue kembali melanda kalo pagi saja airnya segini sudah dipastikan rumah gue bakal terendam juga 2 1 366,0,0,0.55708957,0.4158171,0.027093355
Tim satgana ⁦ ⁩ sedang mempersiapkan barang bantuan logistik yang akan dikirimkan dengan kapal kemanusiaan untuk Banjir Sumatera melalui terminal IKT Domestik Tanjung Priuk dengan kamu Omar Rasyid pada 2 Januari 2026. ⁦ ⁩ 1 93,2,2,0.025329158,0.17663665,0.7980342
"Aku ingin menangis bersama Gubernur dan Rakyat Aceh, Sumut, dan Sumbar. Aku ingin seluruh rakyat Indonesia menangis bersama korban bencana Aceh, Sumut dan Sumbar. Mereka korban keserakahan oligarki BersihkanKabinetPrabowo BersihkanKabinetPrabowo 1 12 22 584",0,0,0.9455346,0.026355376,0.028110001
"YBM PLN UID S2JB Kirim Relawan dan Logistik ke Aceh, Sumut, dan Sumbar untuk Bantu Korban Banjir Di tengah luasnya dampak bencana banjir yang melanda Aceh, Sumatera Utara, dan Sumatera Barat, Yayasan Baitul Maal (YBM) PLN Unit Induk Distribusi Sumatera Selatan, Jambi, dan 61",0,0,0.6713777,0.0554339,0.27318847
"Bencana di Sumatera belum sepenuhnya pulih. Tapi, ancamannya tak berhenti di situ, ekonomi ikut diuji. Aceh, Sumut, dan Sumbar masih berjuang di tengah ekonomi global yang penuh ketidakpastian. Lalu ke mana arah ekonomi Indonesia menuju 2026 di era Prabowo Subianto? Mari Elka 1 2",0,0,0.43366143,0.42860913,0.13772948
"Tolong banget aku ada pakaian layak pakai semua, aku kumpulin sama saudara2 aku dapat 5 kresek besar tapi enggak tau mau donasi lewat siapa JNE disini sudah enggak terima pakaian dewasa katanya. Pos bukanya dikantor kota lain,dikotaku enggak ada. Bingung PrayForSumatera PrayforAceh 1 119",1,0,0.6401305,0.10739524,0.25247428
"Banjir bandang merendam sejumlah desa di Kabupaten Balangan, Kalimantan Selatan, Sabtu (27/12/2025). Air yang naik cepat hingga mencapai atap rumah membuat warga terjebak di dalam rumah dan menyelamatkan diri dengan naik ke atas lemari serta perabot lainnya viral fyp banjir 2 1 3 61",0,1,0.28461462,0.6386935,0.07669187
"AHY sebut kebutuhan anggaran pemulihan bencana di Aceh, Sumut, dan Sumbar lebih dari Rp50 triliun bengkulu.antaranews. AHY sebut kebutuhan anggaran pemulihan bencana di Aceh, Sumut, dan Sumbar lebih dari Rp50 triliun -... Menteri Koordinator Bidang Infrastruktur dan Pembangunan Kewilayahan (IPK) Agus Harimurti Yudhoyono (AHY) mengatakan, kalkulasi awal kebutuhan anggaran untuk ... 20",1,1,0.0287745,0.86506957,0.106155984
lihat pemberitaan para korban banjir di Sumatra - Aceh yang kelaparan bikin nngis. 19,0,0,0.925731,0.040317867,0.033951048
"Pemerintah hadir secara nyata di tengah masyarakat Aceh dan Sumatra dengan langkah cepat dan terkoordinasi, bekerja bersama warga menangani dampak bencana serta memulihkan kehidupan sosial dan ekonomi. Sinergi ini menjadi fondasi kebangkitan daerah, memastikan proses pemulihan. 1 15",2,2,0.008532038,0.017738935,0.97372895
"dan Lu misal kalau disuruh atasan lu buat adu domba/aduk tahi di Banjir Sumatera ini, tau lokasi-lokasi peristiwa dulu anjay. Terus bikin narasi yang bagusan dikit, lu malah menyambung aksi orang menjarah yang beda tempat dari Banda Aceh cuma karena DPRK-nya mengkritik masalah listrik 1 149",0,0,0.9277194,0.056688044,0.0155925285
"Aceh kembali dilanda Banjir Besar - 8 Januari 2026. ""Melakukan rehabilitasi dan rekonstruksi rumah di lokasi yang banjirnya terus berulang sama saja seperti menabur garam ke laut."" - Geuchiek Julok Belum Sempat Pulih, Sejumlah Desa di Aceh Timur Kembali Diterjang Banjir 31",0,1,0.4795581,0.502082,0.018359914
"Belum kering pak itu lumpur di rumah2 korban banjir di Sumatra Mayat2 belum ditemukan semua Yang susah payah mencari bantuan juga masih banyak waduh Bapak malah jalan-jalan ke Pakistan pakai uang Negara kemarin bapak baru mengomong untuk Bupati Aceh Selatan "" Dalam Militer itu Desersi..."" 46",0,0,0.9533856,0.021207508,0.025406867
"Menteri Dalam Negeri (Mendagri) Tito Karnavian mengungkapkan, Sumatera Utara (Sumut) menjadi wilayah yang cepat pulih pasca-bencana banjir bandang dan tanah longsor. Sementara wilayah yang paling berat adalah Aceh Tamiang, sebab di wilayah tersebut layanan pemerintahan belum 1 1",1,1,0.07529616,0.8024264,0.12227743
"Donatur banjir bandang SumBar disindir DPRRI ""seakan paling bekerja"". Betapa rusaknya pikiran oknum pejabat itu. 17",0,0,0.9433112,0.020942466,0.03574631
"Pray for Aceh & Sumatera Hati kami hancur melihat cobaan yang menimpa saudara-saudara kita di Aceh dan Sumatera. Duka mereka adalah duka kita bersama. Kami mengirimkan doa terbaik, harapan, dan kekuatan untuk semua yang terdampak. PrayForAceh PrayForSumatera goodybag",2,0,0.7490503,0.04887735,0.2020723
"Akun parodi Pak Ganjar & Bu Risma berada di Dolok Sanggul, Sumatera Utara untuk mempersiapkan sembako yang akan diberikan kepada warga terdampak banjir Sumatera. Pak Ganjar & Bu Risma sehat-sehat ya anda berdua. Dan semoga bantuannya membawa keberkahan bagi korban bencana di Sumatera 3 126",0,0,0.6757723,0.057906236,0.2663214
Terimakasih ya orang-orang baik sudah menyisihkan untuk warga terdampak banjir dan longsor di Tapanuli Tengah Semoga bisa sedikit meringankan kesedihan dari para ibu karena anak nya ikut merasakan trauma dari bencana alam,2,2,0.27659553,0.038489606,0.6849149
"[ ILKOM PEDULI | AKSI GALANG DANA KEMANUSIAAN UNTUK KORBAN BANJIR PULAU SUMATRA ] Assalamu'alaikum Warahmatullaahi Wabarakaatuh Hidup Mahasiswa! Hidup Rakyat Indonesia! Hidup Perempuan Indonesia! We Are One We Love IT! | Selasa, 09 Desember 2025 | Hello Ilkomers! 1 24",0,0,0.5026481,0.06000345,0.43734846
"Ya Allah, enggak berharap lagi, sedikitpun enggak berharap sama pemerintah, yang mana pun, cuma berharap, semua teman teman, keluarga dan korban dari banjir ini, selalu dalam perlindungan Allah, dan semoga semuanya membaik ya Allah, setelah bencana, semua enggak akan sama lgi:( 11",0,0,0.625631,0.064507924,0.3098611
"Temuan menunjukkan deforestasi di Aceh, Sumatra Utara, dan Sumatra Barat melonjak tiga kali lipat dalam sepuluh bulan terakhir. Peningkatan ini disinyalir menjadi salah satu penyebab bencana banjir besar yang merenggut ratusan korban jiwa di wilayah tersebut Laju",0,0,0.6530903,0.32599798,0.020911708
"gila ya. gajah itu hewan yang ramah, lucu, manis. di 2004 gajah digunakan untuk membantu evakuasi pasca tsunami aceh. dan sekarang mereka juga digunakan untuk membantu evakuasi banjir di pidie jaya. dan manusia masih nanggep gajah sebagai hama dihabitat mereka sendiri 77",0,0,0.6398867,0.1741682,0.18594506
"Selamat Siang Bantuan datang untuk warga Sumut, next kita update Sumbar dan Aceh ya. Relawan Rumah Zakat menuju lokasi yang terkepung banjir di Sumatera Utara tepatnya di Kecamatan Batang Toru, Tapanuli Selatan. (Rabu, 3 Desember 2025) 2 2 5 434",2,2,0.024913134,0.08216706,0.8929198
"Diterjang banjir bandang, rumah rusak, hidup sempat porak-poranda. Tapi warga Tapanuli Selatan, Sumatera Utara, memilih enggak menyerah. Kayu gelondongan yang hanyut terbawa banjir justru dimanfaatkan untuk membangun rumah kembali. Bareng TNI dan Brimob, warga gotong royong 1 114",0,2,0.1696238,0.09374381,0.7366324
Bantuan Kemanusiaan Polda Sumsel dan Bhayangkari Daerah Sumsel Tiba di Polres Tapanuli Selatan Bantuan kemanusiaan dari Polda Sumatera Selatan bersama Bhayangkari Daerah Sumsel untuk korban bencana alam di wilayah Provinsi Sumatera Selatan akhirnya tiba di Polres Tapanuli 1 41,0,0,0.8248776,0.05191512,0.12320724
Dukungan moral bagi pegawai Lapas yang terdampak banjir sangat penting untuk menjaga integritas pelayanan. Taruna Poltekpin hadir membantu membersihkan rumah dinas mereka sebagai bentuk solidaritas sesama keluarga besar Kementerian Hukum. Kemenkum Jabar - Asep Sutandar 1 1 33,2,2,0.020304108,0.0324142,0.9472817
Polda Sumatera Selatan menggelar kegiatan pelepasan bantuan kemanusiaan untuk korban bencana alam di Provinsi Sumatera Utara pada Rabu (3/12/2025) pukul 13.30 WIB di depan Gedung Presisi Mapolda Sumsel. Kegiatan ini dipimpin langsung Kapolda Sumsel Irjen Pol. Andi Rian R. Djajadi 43,0,0,0.79093033,0.07299548,0.13607417
"Data BNPB mencatat 744 tewas dan 551 hilang akibat banjir bandang di Aceh, Sumatera Utara, dan Sumatera Barat. Akses yang terputus membuat evakuasi di banyak desa berjalan lambat. 1 157",0,0,0.8392064,0.13932827,0.021465372
"Saya tanya ""ngikutin enggak soal penanganan banjir di aceh smubar sumut. ?"" Beliau2 menjawab tidak tahu Dan besoknya nimbrung cerita kalo p prab sudah turun kelapangan gercep banget hadir bersama rakyat. Muncul di fyp tiktoknya. Mantab bukan? 1 18",2,1,0.27355537,0.36330098,0.3631437
"POLDA SUMSEL LEPAS BANTUAN KEMANUSIAAN UNTUK KORBAN BENCANA DI PROVINSI SUMATERA UTARA Call Center : 110 (Bebas Pulsa) ""KAMI SIAP MELAYANI 24 JAM"" musisatu kapoldasumsel humaspoldasumsel poldasumsel listyosigitprabowo kapolri polisiindonesia polripresisi 31",0,0,0.84653634,0.031381898,0.12208173
benar lampung banjir bandang ? 24,0,1,0.082501695,0.90028507,0.017213263
"Akun parodi kok kompak begini ya pernyataannya ? Ingat buat pejabat2 terkait, jmlh korban banjir di Sumatera banyak banget lho, belum lagi harta benda yang hilang terkubur atau hanyut terbawa air. Kalian enggak takut murka Tuhan? bagaimana jika bencana ini menimpa kalian !? Apa masih bisa mengomong begitu ? 1 4 94",0,0,0.9666334,0.021969158,0.011397449
"Bersama, kita wujudkan pelayanan publik yang lebih baik! imigrasisibolga kemenimipas kanwilditjenimsumut infoimipas 12",0,2,0.018758995,0.3767845,0.6044565
"Ancaman Penyalahgunaan Bantuan, KPK Turun Mengawasi Pemulihan Aceh–Sumut–Sumbar goriau. Ancaman Penyalahgunaan Bantuan, KPK Turun Mengawasi Pemulihan Aceh–Sumut–Sumbar JAKARTA – Gelombang bantuan tengah mengalir ke Aceh, Sumatera Utara, dan Sumatera Barat setelah banjir dan longsor melanda tiga provinsi tersebut. Di t... 36",0,2,0.036814794,0.07211507,0.8910701
"Kalau bantuan pemerintah musti siapkan kakak dan KTP secara sudah hanyut serta rumah segala isinya. Bantuan Artis/Influencer enggak perlu pakai begituan, soalnya perut enggak mengerti dokumen Administrasi pemerintahan, taunya Lapar doank. Fcuk 1 189",0,0,0.692759,0.21851914,0.088721864
"Sumpah ya, Sakit hati banget lihat banjir di Sumatra. Mana pejabatnya nganggep ini sepele lagi. Ini banjir besar lho ya, karena kerakusan para pejabat yang ngerusak alam. enggak punya empatikah mereka? enggak punya rasa malu kah? kalau pejabat kayak begini lepas saja jabatannya, enggak guna. 35",0,0,0.9561684,0.018425127,0.025406485
• Gempa Yogya 2006 korban meninggal 6.000 jiwa BUKAN BENCANA NASIONAL • Gempa Palu 2018 korban meninggal 4.000 jiwa BUKAN BENCANA NASIONAL • Banjir Sumatra 2025 korban meninggal 1.000 jiwa BUKAN BENCANA NASIONAL - 2 Presiden sebelumnya kok enggak dimaki karena enggak BENCANA NASIONAL. 49,0,0,0.9313614,0.053947672,0.014690974
"Wakil Panglima TNI Jenderal TNI Tandyo Budi R. meninjau langsung lokasi banjir bandang dan tanah longsor di Desa Garoga dan Batuhulu, Tapanuli Selatan, Sumatera Utara, Sabtu (6/12/2025). Desa Garoga menjadi salah satu wilayah dengan kerusakan terparah, di mana akses jalan utama 1 8 20 873",0,1,0.08619177,0.8931098,0.020698497
Tetap terpantau wahai Babi Ini kondisi kejadian 6/1/26 di satu desa di Aceh Tengah. Wih nggile. Silakan respon Babi 4 11 47,1,1,0.16440378,0.7704719,0.065124445
Bupati Aceh Selatan meminta Maaf Usai Umrah Tanpa Izin Saat Bencana Banjir banjirbandang banjirsumatera bupatiaceh kapanlagi kapanlagihariini kapanlagiwhatshot klmmd 1 310,1,1,0.4490159,0.5055822,0.045401916
Kehadiran Tim Trauma Healing POLDA RIAU membantu pemulihan psikologi korban bencana longsor dan banjir bandang di Sumatera Barat. Bukti kesiapan Polri dalam menghadapi situasi darurat ! ----- Selasa Red Bull sumut sumbar Pecat Menhut Launch 1 4 419,0,2,0.43696114,0.051680397,0.51135844
"Setelah Aceh, Sumut, Sumbar, kini Kalimantan, datang banjir bandang, Apa yang salah dengan negeriku ini Ya Allah?? 1 450",0,0,0.60827327,0.34422252,0.04750427
"Kembali, Masyarakat Sumsel Kirim Bantuan Kemanusiaan Bagi Para Korban Bencana Alam di Aceh Tamiang. GubernurSumsel WakilGubernurSumsel HermanDeru CikUjang DiskominfoSumsel PemprovSumsel 49",0,0,0.72053087,0.063205704,0.2162634
"Setelah hampir satu pekan berada di Tapanuli Tengah dan Sibolga, Gubernur Sumatera Utara Bobby Nasution, menyampaikan kondisi terkini penanganan daerah terdampak bencana banjir dan longsor. SUMATRA",1,1,0.029004209,0.81914514,0.15185066
"Bencana banjir kembali melanda wilayah Sumatera Selatan, tepatnya di Kabupaten Muara Enim, pada Sabtu (13/12) pagi. banjir sumatra muaraenim merdeka. Banjir Muara Enim Rendam Tiga Desa, Puluhan Rumah Terdampak Akibat Luapan Sungai Kelekar Tiga desa di Kabupaten Muara Enim dilanda Banjir Muara Enim akibat luapan Sungai Kelekar, merendam puluhan rumah dan membuat ratusan warga terdampak. Bagaimana situasi terkini? 458",1,0,0.75174016,0.23061511,0.017644737
"Menhut Raja Juli PSI dungu! Ada bencana banjir bandang Sumut, Aceh, dan Sumbar yang mendewasakan 600 orang lebih malah dibilang momentum yang baik. Dia juga tidak merasa bersalah dengan perubahan logo Kemenhut dari kayu hutan dia ganti dengan sawit BersihkanKabinetPrabowo 1 40",0,0,0.91380614,0.05824678,0.02794711
"Awal 2024: BMKG mencatat curah hujan ekstrem di Sumatera Barat dan Aceh akibat pengaruh lah Niña lemah, yang memicu banjir bandang di Agam dan Tanah Datar. 2018–2020: Sumatera Utara dan Riau beberapa kali dilanda hujan lebat berhari‑hari, terutama saat puncak musim hujan Desember 1 74",1,1,0.057849646,0.9352429,0.006907468
"PDI Perjuangan Hadir di Tengah Banjir, Buka Posko Kesehatan untuk Warga Aceh Utara PDI Perjuangan Hadir di Tengah Banjir, Buka Posko Kesehatan untuk Warga Aceh Utara 32",2,2,0.016782288,0.10203818,0.8811795
"Dia enggak tahu kalau penyebab Banjir di Aceh separah itu dampak dari Konsesi perusahaan Sawitnya. Semoga video ini menjadi pembelajaran bagi mereka yang salah pilih, apalagi memilih sih Anu karena Amplop, Indomie, dan Minyak Goreng Murahan. .",0,0,0.84235513,0.13578105,0.021863846
"gue enggak heran banyak orang enggak terima sama pernyataan kayak gitu. Soalnya kondisi di lapangan parah banget. Sumatra lumpuh karena banjir dan longsor, dan penyebab utamanya ya jelas hutan dirusak terus, lahan dibuka sembarangan- 1 711",0,0,0.96498156,0.022049729,0.0129686985
Halo InsanDiktisaintek Kemdiktisaintek bersama perguruan tinggi di Indonesia terus mendorong aksi pemulihan banjir dan longsor di Sumatra. 4 300,2,2,0.015611622,0.05643964,0.9279487
Analis komunikasi politik Hendri Satrio menyoroti peningkatan komunikasi publik pemerintah terkait penanganan bencana di Sumatera. banjirsumatra banjir,1,1,0.020211667,0.9475847,0.03220367
Penanganan dampak bencana Aceh sumatera oleh pemerintah sangat baik. Good Job.. 6,2,2,0.02049507,0.059944946,0.91956
"BADAN Penanggulangan Bencana Daerah (BPBD) Sumatra Utara bungkam ketika ditanya soal faktor lain, selain hujan ekstrem, yang memperparah banjir dan tanah longsor. BPBD Sumut Bungkam soal Dugaan Faktor Penyebab Banjir di Tapanuli Utara 303",0,1,0.22842038,0.7622432,0.009336411
"Pemerintah bergerak cepat menangani banjir di Sumatra tanpa menunggu penetapan formal. Bantuan, evakuasi, dan koordinasi terus berjalan demi keselamatan warga. Pemerintah Hadir. 2 32",2,2,0.016623955,0.04601241,0.9373637
"Akun parodi Gue lihat video BPBD yang lagi evakuasi korban kecapekan benaran pengin nangis.. pas masih KSR dan volunteer di wilayah terdampak banjir yang enggak segede Sumatra saja sudah se complicated dan semelelahkan itu. Padahal bantuan juga jor joran, enggak kayak yang di Sumatra yang bahkan terisolasi 1 197",0,0,0.84655684,0.02681681,0.12662636
"Klarifikasi Santai Menko Zulhas Usai Dih*uj4t Panggul Beras saat Kunjungi Korban Banjir Sumatera. jambi.tribunnews. Klarifikasi Santai Menko Zulhas Usai Dihujat Panggul Beras saat Kunjungi Korban Banjir Sumatera -... Menko Bidang Pangan, Zulkifli Hasan (Zulhas), akhirnya buka suara menanggapi video viral yang menuai kritik tajam di media sosial. 1 1 532",0,0,0.86688405,0.105113626,0.02800234
"Akun komentar Sumatera kembali berduka. Banjir dan longsor yang melanda Aceh, Sumatera Barat, dan Sumatera Utara meninggalkan kehancuran besar: rumah-rumah hanyut, fasilitas umum rusak, dan ribuan keluarga kehilangan tempat tinggal. Aceh • 119.988 jiwa terdampak • 35 meninggal, 25 2 301",0,0,0.93814224,0.027835812,0.03402199
"dan • RI-1 saja enggak PEDULI! Sedang berkunjung ke Pakistan entah urusan apa di tengah keprihatinan banjir/longsor di berbagai daerah di Indonesia, khususnya di Aceh Sumut Sumbar. • Semua Menteri2/Kepala2 Daerah Pejabat2 TAHU kalo RI-1 hanya mampir sekejap, setelah itu ngilang. 15",0,0,0.8362286,0.13430654,0.029464874
"Pengalaman bencana gempa Aceh (2004), Nias (2005) Padang (2009). Bencana longsor dan banjir juga bukan pertama kali. Daerah harusnya sudah siap dengan bencana besar. Pusat backup. Semuanya tidak harus dengan status bencana nasional. 1 76",1,1,0.23640583,0.7209286,0.04266555
"NEKAT HENDAK MENCURI DI RUMAH WARGA TERDAMPAK BENCANA ACEH WASPADA..!! Modus baru, Ditengah musibah Banjir, Sengaja Diberitakan Air Laut Naik supaya Masyarakat panik lantas mereka akan melancarkan aksinya.!!! Alhamdulillah aksinya GAGAL TOTAL!!! Sc. Awan_Muis 11 72 180",0,0,0.8066551,0.12923045,0.06411444
"Akun parodi Kota nya seperti kota zombie mayat manusia dan hewan di jalan semua,akses disana tertutup harus jalan kakii ke kota nya dari seumadam soalnya masih tergenang air. aceh Tamiang banyak orang yang gatau,dan ACEH TAMIANG LEBIH parah dari tsunami Aceh 2004kemarin terimakasih 304",0,0,0.9108642,0.062991954,0.026143812
"Pray aceh, sumut, dan sumbar 9",1,1,0.06265785,0.8777285,0.05961363
Kemenhub: kan Antares salurkan bantuan dan evakuasi korban banjir Aceh Kemenhub: kan Antares salurkan bantuan dan evakuasi korban banjir Aceh 416,0,0,0.4776882,0.18179755,0.34051433
"PrayForSumatera AllEyesOnSumatera innalillahi wa inna ilaihi rojiun. stay safe, teman-teman di Sumatera. mari warga jaga warga. insyaAllah bantuan segera datang, baik dari sesama warga maupun Tuhan YME. semoga kita semua selalu dalam dekap lindungan Tuhan, aamiin. 57",2,2,0.029193852,0.033782877,0.9370233
"Kok berita bencana di sumatra enggak heboh ya, sumbar rata banjir hujan longsor , teman-teman ku orang sana pada ngungsi di tempat yang sekira aman, jalan putus lampu mati sinyal susah. Hujan angin enggak berhenti2, 1 184",0,0,0.85359967,0.1287362,0.017664071
"Doa tulus untuk saudara-saudara di Aceh, Sumbar, dan Sumut. Terima kasih kepada PLN yang memulihkan listrik siang-malam. Semoga kondisi segera pulih dan semua diberi kekuatan...aamin 19",2,2,0.03755405,0.058793034,0.9036529
"Di tengah situasi yang penuh tantangan, bantuan ini diharapkan dapat memperkuat harapan, menumbuhkan semangat, serta mendukung proses pemulihan masyarakat agar dapat bangkit secara bertahap. lpbinu nupeduli prayforsumatera prayforaceh",2,2,0.012893361,0.02585524,0.9612514
"Halo TemanPemilih, Sekretaris KPU Provinsi Sumatera Utara (KPU Sumut), Sapran Daulay, memberikan apresiasi kepada Aparatur Sipil Negara (ASN) KPU Sumut atas kedisiplinan mereka dalam mengikuti Apel Pagi yang digelar setiap minggunya. 2 122",2,1,0.02617146,0.5065181,0.46731043
"capek mengurus motor ieu, meulina mah murah. Ririwitna moal aya:( Jaba jibrug jaba mogok anzeeeengglah 2 1 380",0,0,0.7732222,0.17787552,0.04890229
"Pemerintah Sigap untuk Aceh Sumatra. bersama kita bersatu pulihkan wilayah Aceh, Sumut dan Sumbar 33",2,2,0.009333208,0.028371787,0.96229494
"Ngeri! Tak Kuat Pegangan Tali, Momen Dramatis Penyelamatan Warga yang Terseret Arus Banjir di Batang Busuk Padang kabarfajar. Ngeri! Tak Kuat Pegangan Tali, Momen Dramatis Penyelamatan Warga yang Terseret Arus Banjir di... Batu Busuk, Padang, Sumatera Barat kembali diterjang banjir susulan usai hujan deras di hari Minggu. 14",0,0,0.9263188,0.050626755,0.023054454
"Polda DIY resmi memberangkatkan bantuan kemanusiaan untuk masyarakat terdampak bencana banjir dan longsor di sejumlah wilayah Provinsi Aceh, Sumatera Utara dan Sumatera Barat. Bid Humas Polda DIY () • Instagram photos and videos 1 62",2,2,0.013844878,0.0725774,0.91357774
"Sebanyak 12 perusahaan perusak lingkungan di Aceh diungkap, diduga berkontribusi terhadap banjir bandang yang merugikan masyarakat. 26",0,0,0.7853951,0.16473833,0.049866576
"Banjir besar yang melanda Kecamatan Batang Toru, Kabupaten Tapanuli Selatan, Sumatera Utara, pada akhir November lalu menyisakan kisah keberanian seorang polisi. Aipda Jhon Kennedy Habiahan, Bhabinkamtibmas Polsek Batang Toru, turun langsung membantu warga saat Sungai Batang",2,2,0.054377414,0.09501685,0.8506058
"Kalau dulu banjir disebut bencana alam. sekarang gue sebut banjir itu bencana yang disebabkan sama manusia. sudah bukan bencana alam lagi. Gila saja babat terus hutan sama pohon. Banyak hewan yang kehilangan tempat tinggal, banjir pula. Orang kayak kalo kebanjiran tinggal ngungsi 3 51 487",0,0,0.917222,0.065813705,0.016964369
Empat ekor gajah dikerahkan Balai Konservasi Sumber Daya Alam (BKSDA) Aceh untuk ikut membantu membersihkan puing-puing kayu hingga material berat yang terseret arus banjir bandang di Pidie Jaya. Tampak para gajah dengan perkasa memindahkan material kayu yang menumpuk di 134,2,2,0.09335386,0.32208014,0.58456606
"Menindaklanjuti instruksi Presiden Prabowo Subianto, Muhammad Rahul mengirimkan 15.000 paket sembako untuk membantu warga yang terdampak bencana banjir bandang di wilayah Sumatera Barat.",2,2,0.017865479,0.07205297,0.9100816
Ya Allah teman yang tinggal di Aceh kena banjir sampai ngungsi ke kantor suaminya... Semoga banjirnya lekas surut 101,0,0,0.49310914,0.38979584,0.11709508
"benaran deh, kerjasama pak polisi sama PLN bikin hidup di Sumbar normal balik 29",2,2,0.066029206,0.17756823,0.75640255
"Traumanya ada bgt… meski dirumahku baru kena dikit, tapi kami semua panik karena terbayang rumah2 yang tenggelam jadi memilih untuk ngungsi meskipun harus melewati arus air yang deras itu ditengah-tengah banjir itu di telp sama paman aku bertanya keadaan akhirnya aku jawab sambil nangis2",0,0,0.7928726,0.18768115,0.01944626
Wujud nyata Projo Peduli Bencana arahan Budi Arie Setiadi pacu solidaritas nasional bagi Sumatra melalui bantuan logistik dan perbaikan infrastruktur Presiden Prabowo Projo tetap Setia Digaris Rakyat PROJO Serukan Persatuan Nasional untuk Ringankan Derita Korban Banjir Sumatera 11,0,2,0.17392825,0.028678637,0.79739314
aku enggak bisa menonton dream malam ini tampil di SBS rumah ku kebanjiran dalem banget AAAAAAA 1 111,0,0,0.8003651,0.17728238,0.022352608
"Aksi Aipda Edwien Evakuasi Ibu Hamil di Tengah Banjir Balangan bacakabar. Aksi Aipda Edwien Evakuasi Ibu Hamil di Tengah Banjir Balangan BALANGAN — Telepon yang berdering pada Selasa dini hari, sekitar pukul 03.00 WITA, menjadi awal sebuah misi darurat bagi Aipda Edwien. Di ujung sambungan, tersampaikan kabar seorang ibu hamil di... 18",2,2,0.16939653,0.41185448,0.41874897
Akun parodi Medan hujan lagi mana lumayan deres doain ya semoga enggak banjir lagi 153,1,1,0.1726293,0.78298175,0.044389024
Bonus Variasi: Mari terus dukung kerja nyata para taruna. Setiap langkah kecil mereka di Aceh Tamiang hari ini adalah kontribusi besar bagi ketahanan nasional di daerah terdampak bencana banjir yang melanda. Kemenkum Jabar - Asep Sutandar,1,2,0.015753374,0.030335784,0.9539108
"Akun parodi dan Ternyata hakim² ini tidak tone deaf. seperti bagaimana hakim Saldi Isra (asal Padang) menyebutkan komen pejabat ""banjir Sumatera hanya mencekam di medsos"". Saatnya pemohon mengambil hati para judicial hero. Tentu dengan strategis, harus bisa membuktikan legal standing dulu. 53",2,0,0.85303223,0.10656118,0.04040658
"demo besar bulan Agustus, penabrakan ojek ( Affan) penangkapan aktivis, Keracunan MBG, Polemik ijazah jokowi, bencana banjir & longsor di Sumatera, penemuan gelondongan kayu di balik becana Sumatra. tolong pak presiden 2026 harus ada perubahan. 61",0,0,0.94298387,0.04129045,0.015725745
"Intelektual Muda jangan lupa mendengarkan Info Aktual hari ini, Selasa, 9 Desember 2025, yang akan membahas mengenai Ferry Irwandi yang menghimpun 10M dalam waktu 24 jam untuk korban banjir di Sumatra, barengan sama aku Rista dan Exau InfoAktual 75",2,0,0.73890966,0.10388262,0.15720776
Bgtulah...hanya celotehan aja. PrayForSumatera 1 19,0,0,0.73309356,0.20976579,0.05714064
"padahal yang rumahnya rumah akibat bencana di Semeru, Jateng , Guci dll banyak tapi mereka enggak menuntut pemerintah pusat apapun Semua ditanggung masing-masing korban namun tak ada satupun yang iri dengan perhatian Presiden pada korban bencana Aceh Sumbar Sumut yang dapat perhatian full Presiden 1 56",0,0,0.95494455,0.016803954,0.02825147
menunggu waktu saja Banjir PrayForSumatera BENCANANASIONAL BencanaSumatera fypviraltwitter viral Hutan BMKG longsor bencana 29,1,1,0.3253729,0.65183806,0.022789057
"Menteri Dalam Negeri (Mendagri) Tito Karnavian mengungkapkan, Sumatera Utara (Sumut) menjadi wilayah yang cepat pulih pasca-bencana banjir bandang dan tanah longsor. Sementara wilayah yang paling berat adalah Aceh Tamiang, sebab di wilayah tersebut layanan pemerintahan belum",1,1,0.082284756,0.783369,0.13434623
Upaya rehabilitasi dan rekonstruksi yang berkelanjutan menunjukkan komitmen kuat agar Aceh Sumatra Pulih dan kembali produktif 9,2,2,0.01815038,0.15949799,0.8223516
"Budiman Sudjatmiko pastikan BP Taskin hadir langsung di Aceh, mapping kebutuhan warga untuk pemulihan dan mencegah kemiskinan baru pasca bencana BPTaskinFokusPascaBencana Ancaman Lonjakan Kemiskinan Sumbar Pasca Bencana Jadi Perhatian Khusus BP Taskin - harianhaluan. 12",0,2,0.016779738,0.23402457,0.7491957
Pesan Natal Prabowo hadir sebagai pengingat bahwa Natal bukan hanya soal perayaan tapi juga kepedulian Presiden Perkuat Solidaritas dengan mengajak seluruh rakyat bergotong royong membantu korban banjir dan longsor di Sumatera,0,0,0.69172335,0.046751678,0.26152498
"halo kaa. Bantuan memang sudah sampai ke beberapa 'wilayah yang viral'. Banyak kabupaten di Sumatra Utara yang sama sekali tidak di beritakan contohnya seperti kabupaten Langkat. Banjir sangat parah, terjebak berhati hati di atap rumah masing masing",0,2,0.11522536,0.06097203,0.8238026
"Dia termasuk beruntung karena air enggak masuk ke kosannya, tapi enggak dengan kosan lain. Dia enggak bisa ngungsi ke atas karena banyak kayu dan tanah licin, terus rentan banget longsor. Di bawah keadaan tambah parah, banjir bandang masih terjadi sampai sekarang, belum berhenti sama sekali.",0,0,0.7921866,0.16578802,0.042025372
pergeseran isu dan momentumnya pas. disaat pemerintah dikritik habis-habisan terkait penanganan bencana aceh. Mens Rea Pandji rilis di netflix dan digoreng habis-habisan oleh buzzer. asoy mantap 1 869,0,0,0.6564571,0.25452742,0.0890155
"Akun komentar Aceh Tamiang kembali digulung banjir besar Jangan tertipu seolah bencana sudah selesai. Kenyataannya, air masih naik. Ancaman masih nyata. Hingga detik ini, Aceh Tamiang masih berjuang di tengah situasi yang mencekam: rumah terendam, akses terputus, ribuan warga 5 5 255",0,0,0.9307638,0.05178443,0.017451804
"Dengan sinergi pusat dan daerah, harapan terus tumbuh. Aceh Sumatra Bangkit menjadi bukti bahwa kebersamaan mampu menguatkan di tengah bencana. 14",2,2,0.017046053,0.039459474,0.94349456
"masyaAllah kondisi saat ini di Aceh tamiang. ini akan panjang dalam proses pemulihan. mari teman-teman semua, masih butuh ukuran tangan kita untuk saudara2 kita yang terdampak banjir dan longsor. mari berikan donasi terbaiknya. BSI : 7188903497 A/n : yatim Lovers 4 1 65",2,2,0.06653033,0.043738306,0.88973135
"Semoga ini hanya bentuk kegelisahan dan kemarahan sesaat saudara² saya di Aceh karena penanganan bencana yang dilakukan oleh pemerintah pusat. . Kita kuat karena bersatu, kita lemah karena terpecah belah. PrayForSumatera Dari Bayo Suti 1 1 143",1,0,0.59381664,0.1127248,0.29345858
"Banjir Besar Landa Donggala, 20 Desa Terendam dan Infrastruktur Rusak Banjir Besar Landa Donggala, 20 Desa Terendam dan Infrastruktur Rusak 11",0,0,0.6688354,0.29462805,0.03653649
"Badan Nasional Penanggulangan Bencana (BNPB) menyampaikan perkembangan terbaru jumlah korban bencana alam di Sumatra Utara (Sumut), Sumatra Barat (Sumbar), dan Aceh. Jumlah korban tewas dilaporkan bertambah satu orang, sehingga total mencapai 1.138 orang. ""Ada kenaikan jumlah 232",0,0,0.6172022,0.3411845,0.04161328
ya Rabb angkat semua penderitaan masyarakat yan terdampak PrayForSumatera PrayForSumatera 14,2,2,0.1773287,0.122862,0.69980925
"Banjir Aceh Utara menyebabkan 1.219 rumah hilang, 16.793 rusak berat, dan 117.291 terendam. Sebanyak 71.637 jiwa mengungsi di 226 titik. Kelompok rentan termasuk 1.309 ibu hamil dan 8.626 balita. Bupati meminta pemerintah bangun hunian sementara segera mengingat cuaca sering hujan. 5 11 42",0,0,0.84583485,0.14104293,0.013122241
Kisah mengharukan personel Brimob yang harus mengevakuasi jenazah ibunya saat menyisir tumpukan puing-puing banjir dan longsor. life.indozone. Kisah Mengharukan Brimob yang Evakuasi Sendiri Jenazah Ibunya Korban Banjir Sumatera Kisah mengharukan personel Brimob yang harus mengevakuasi jenazah ibunya saat menyisir tumpukan puing-puing banjir dan longsor. 254,0,0,0.85753274,0.058014903,0.08445241
"Data Korban Jiwa, Data Orang Hilang dan Data Orang Luka Per 28 November 2025 Pukul 19.00 WIB. SUMBER : POS KOMANDO PENANGANAN DARURAT BENCANA TAPANULI UTARA Info dari amamh @ jtp.hutabarat prayforsumatra tapanuliutara batak batakcom prayfortapanuli 3 5 625",0,0,0.80434346,0.16728748,0.02836908
"Hujan deras di sejumlah daerah di Provinsi Aceh, Sumatera Utara, dan Sumatera Barat menyebabkan setidaknya 90 orang meninggal dunia dan puluhan lainnya dilaporkan masih hilang.",0,0,0.81971216,0.15676023,0.023527548
"Balai Konservasi Sumber Daya Alam (BKSDA) Aceh mengerahkan empat gajah jinak terlatih dari Pusat Latihan Gajah namanya Abu, Mido, Ajis, dan Noni buat bantu proses pembersihan pasca banjir di Pidie Jaya. Tugas mereka: buka akses yang ketutup puing, evakuasi, sampai bantu 5 15",1,1,0.08793224,0.5328949,0.37917286
"Momen haru. seorang anak menggendong ibunya yang stroke untuk menyelamatkan diri dari banjir susulan di Kabupaten Agam, Sumatera Barat. Banjir susulan yang melanda Kabupaten Agam memaksa warga melakukan evakuasi cepat. Dalam keterbatasan dan situasi genting, keluarga 75",1,0,0.46967417,0.17984192,0.35048383
"Kalau dilihat lagi dari google map. Posisi tanjung kaliang dan arah banjir jauh banget. Masak air bisa muter balik naik ke arah lokasi banjir. Sampaikan berita yang benar lah. yang kaliang itu ada di kanan warna merah dekat air terjun guruh gemurai, titik banjir dari arah padang Panjang. 84",1,1,0.27452242,0.7089347,0.0165428
"Di saat bencana datang tanpa diduga, kepedulian kita bisa jadi harapan bagi mereka yang terdampak. Tukarkan mulai 500 Telkomsel Poin untuk berdonasi bagi korban banjir di Sumut, Aceh, dan Padang. Wujudkan bantuanmu lewat TukarPoinSekarang di MyTelkomsel. 2 3",0,2,0.31898388,0.05586583,0.6251503
Akun komentar Infonya Jalan Aceh-Medan sudah dibuka. Tapi masih ada daerah yang terendam banjir dan juga pasca longsor : tanah mengeras dan setinggi atap rumah PrayForSumatera PrayForAceh 5 3 165,1,1,0.18935369,0.7941008,0.016545543
"“Hidup lebih baik dimulai dari keputusan hari ini. Untuk keluarga, untuk diri sendiri, untuk masa depan.” Pray For Sumatera (Aceh, Sumut & Sumbar). WarOnDrugsForHumanity prayforsumatera 2 118",2,2,0.0529833,0.21987791,0.72713876
"Menteri Dalam Negeri (Mendagri) meminta desa-desa di Aceh yang rusak pascabencana banjir bandang dan tanah longsor dibangun ulang memakai Anggaran Pendapatan dan Belanja Negara (APBN). ""Ini mungkin kami sarankan untuk desa ini kalau bisa dibangunkan dari APBN, dari pusat. Karena 3 4 9",0,1,0.0976488,0.81680536,0.0855459
"Saat air naik, seringkali emosi juga ikut naik. Itu manusiawi. Tapi hari ini, mari kita ubah energi amarah menjadi energi untuk saling menguatkan PrayForSumatera SumateraKuat PelukJauhSumatera DukaSumateraDukaKita 2 3 25",0,0,0.47258806,0.29751226,0.22989969
"Lanud SMH Kirim 14 Ton Bantuan ke Aceh, Sumut, dan Sumbar sinurberita. Lanud SMH Kirim 14 Ton Bantuan ke Aceh, Sumut, dan Sumbar PALEMBANG, SINURBERITA. – Lanud Sri Mulyono Herlambang (SMH) Palembang bersama Forkopimda Kota Palembang mengirimkan sebanyak […] 1 2",2,2,0.015943058,0.1550776,0.8289794
"Ali Muda, S.H., Anggota , turun langsung meninjau lokasi bencana sekaligus memastikan bantuan dapat segera diterima oleh warga terdampak. Kunjungan ini dilakukan sebagai bentuk kepedulian dan respon cepat terhadap situasi darurat yang terjadi di Kab. Pasaman Barat. 1 12",2,2,0.012685487,0.083988436,0.90332603
Empat Gajah Sumatra Jadi Andalan Bersihkan Ratusan Kayu Pascabencana di Lokasi Banjir Bandang Aceh Empat Gajah Sumatra Jadi Andalan Bersihkan Ratusan Kayu Pascabencana di Lokasi Banjir Bandang Aceh 50,2,1,0.053433105,0.8228759,0.12369093
"Kalian punya mata punya telinga kenapa enggak dipakai sih? Rakyat kalian itu lagi menderita eh tapi bisa""nya kalian masih yapping soal pencapaian negara yang se bullshit itu kenyataannya AllEyesOnSumatera PrayForSumatera PrayForTapanuli PrayForSibolga PrayForAceh 65",0,0,0.9378809,0.027638478,0.034480717
Personel Dit Samapta Polda Riau Melakukan Bantuan Pembuatan Jembatan Darurat Di Prov Sumbar Kapoldariaubantusumbar Kapoldariiaubantuaceh Kapoldariaubantumedan Poldariaubantubencana Herimenbantuaceh Herimenbantusumbar Herimenbantumedan PrayForSumatera LekasPulihSumatera 1 2 55,2,2,0.01786771,0.029186837,0.9529454
"capeeeeee bggtttttt... balik kerja naik grebbb abangnya lama banget di jalan, menunggu biskita juga lamaaa bgt, busway nya juga lama banget ngetemnya habis itu dijemput nya juga lama... pas sampai rumah, air di rumah mati sanyo nya 1 19",0,0,0.88141406,0.090637624,0.027948279
dan tapi di aceh sendiri lebih sering sosialisasi gempa dan tsunami daripada bencana longsor dan banjir bandang. mungkin kajian soal ini bakal lebih banyak dikembangin kedepannya 1 2 128,1,1,0.030001154,0.90636224,0.063636616
"Kami percaya, kita dapat melalui semua cobaan ini dengan kuat. PrayForSumatera 44",2,2,0.055931933,0.23067404,0.71339405
"Ketua Komisi IV DPRD Sumbar, Doni Harsiva Yandra, S.IP., M.E., Mengajak Seluruh Pihak Untuk Bahu-Membahu Membantu Penanganan Bencana di Sumatera Barat 1 13",2,2,0.019659616,0.09998612,0.8803543
enggak SEMUA YANG TERKENA BENCANA ADALAH ORANG BAIKK!! SISI GELAP BECANA SUMATRA PrayForSumatera Mohan motor gubernur Aceh Minggu mamah nikah Amanda Zahra 07 Des Iko Uwais donasi Tatangdr 1 1 505,1,2,0.33928764,0.15682332,0.5038891
"Cuaca Ekstrem Hantam Empat Kabupaten di Sumut, BNPB: Delapan Warga Meninggal, Ribuan Rumah Terendam sangkala. Cuaca Ekstrem Hantam Empat Kabupaten di Sumut, BNPB: Delapan Warga Meninggal, Ribuan Rumah Terendam Sumut (Sangkala. )-Badan Nasional Penanggulangan Bencana (BNPB) melaporkan empat kabupaten/kota di Sumatera Utara—Sibolga, Tap 21",0,0,0.8567428,0.1176872,0.02556998
"Aceh Sumatera Update pemerintah akan memberikan hubuan layak untukk korban banjir. Sudah selayaknya rakyat akan dapat hunian baru, semoga ini cepat di bangun 28",2,0,0.50175166,0.061466724,0.43678162
Banjir bandang yang menggerus setengah Sumatra dan menewaskan ribuan orang ini.. Mestinya membuat semua sadar dan melakukan mitigasi dan audit segala perijinan yang mengundang resiko banjir bandang. Pembangunan perumahan di area lembah di bawah setu Bojongsari ini contohnya. 1 967,1,0,0.767187,0.16668724,0.06612578
"Ya, aksi perbaikan kursi sekolah pasca-banjir di Aceh Tamiang ini memang langkah konkret. Dinas Pendidikan Aceh sudah rehab sekitar 1.000 unit meja dan kursi yang rusak, biar belajar siswa aman dan nyaman lagi. Hemat biaya dan ramah lingkungan juga. Semoga pemulihan pendidikan di",0,2,0.042712376,0.050278354,0.9070093
"lebih itu, di Sumbar saja sekarang evakuasi sudah dihentikan dan masih banyak korban yang belum ketemu. literally mereka yang di jembatan kembar itu padahal cuma di rumah doang & enggak ketemu sampai skrg, akhirnya warlok cuma bisa nabur bunga karena 2 desa abis. bagaimana di sibolga sama aceh yang lebih parah lagi 2 11 100",0,0,0.96621454,0.020309346,0.013476197
"Dari total itu, sebanyak 4.876 kakak atau 18.158 jiwa memilih tidak mengungsi, sementara 14 kakak atau 53 jiwa lainnya terpaksa harus mengungsi ketempat saudaranya, karena rumah mereka terendam banjir dan tidak bisa ditempati. Banjir WargaMengungsi Banjir Kepung 13 Kecamatan di Aceh Timur, 53 Jiwa Terpaksa Mengungsi - Serambinews. 1 1 157",0,0,0.846723,0.14257662,0.010700387
Banjir Sumatra sebagai Dampak Nyata Deforestasi,0,1,0.08829001,0.8434181,0.06829189
"Update Terbaru Bencana Banjir dan Tanah Longsor di Sumatera BNPB menyampaikan korban meninggal akibat bencana banjir dan tanah longsor di Aceh, Sumatera Utara, dan Sumatera Barat hingga Selasa, mencapai 708 jiwa. Foto : hanya pemanis 6 2 22",0,0,0.6976918,0.2716238,0.030684387
"Kemensos alokasikan Rp19,09 miliar untuk dapur umum, 28 titik di Aceh, Sumut, Sumbar. PercepatanPemulihan Kunjungan Kedua Prabowo 19",1,1,0.017067488,0.6171216,0.365811
"Dari Aceh hingga Sumatera Barat, Polri menjaga Keamanan Nasional dengan kerja nyata di lapangan—menolong korban, memulihkan wilayah, dan menguatkan ketahanan sosial pascabencana. PolriUntukMasyarakat 10",0,0,0.68359286,0.044824425,0.27158272
"Anggota Komisi IX DPR RI, adek rezeki Pratama, melakukan respons cepat membantu masyarakat yang terdampak bencana di Sumatera Barat. adek rezeki turun langsung ke sejumlah lokasi banjir bandang di Kota Padang serta beberapa titik di Kabupaten Padang Pariaman. 1 1 58",2,2,0.022740625,0.05097228,0.9262871
"Kalau rumah rakyat yang sudah hilang diterjang banjir kapan dibangun pak , mereka semua tidak ada tempat berlindung , masakan dipengungsian selamanya. 45",0,0,0.94027567,0.03456876,0.02515557
"""Kemensos berdagang timpanan filantropi salurkan aid logistik korban bangkai dan landslip Kemensos Gandeng Filantropi Salurkan Bantuan Logistik Korban Banjir Sumatra 33",2,0,0.56238586,0.06041462,0.3771995
"Itu yang punya rumah lagi berduka, wajar saja ditinggalin. Lagian enggak ada yang tahu banjir kapan datang. Itu anjingnya sudah di evakuasi",0,0,0.67845213,0.28959852,0.031949285
"Kepala Satuan Koordinasi Wilayah (Kasatkorwil) Banser Riau, Agus Rianto memimpin 20 Banser Tanggal Bencana BAGANA ke Provinsi Aceh untuk membantu proses evakuasi dan penanggulangan dampak bencana banjir yang melanda sejumlah daerah Khidmahtanpabatas nu.or. Banser Riau Dikerahkan Bantu Penanganan Dampak Banjir dan Tanah Longsor Aceh Banser Riau bakal membantu penanganan dampak banjir Aceh. Mereka dibekali kompetensi khusus termasuk operasi pencarian, evakuasi, pertolongan pertama. 2 1 96",2,2,0.05821574,0.1956265,0.7461577
"Jumlah korban Bencana Hidrometeorolog Sudah Mencapai Ratusan Orang Jakarta, 28 November 2025. Jumlah korban Bencana Hidrometeorologi di Sumatera Utara, Sumatera Barat dan Aceh, Update sampai dengan hari ini Jum'at 28 November 2025, jam wib. Berdasarkan Data Informasi 78",0,0,0.6835474,0.29745552,0.018997135
"salut lihat polda sumbar turun langsung bantu warga terdampak, bener-bener Melakukan Upaya Perbaikan buat mereka yang butuh WujudkanSumateraPulih 35",2,2,0.019833745,0.01890702,0.9612593
"Solidaritas TNI, Polri, pemerintah, relawan, dan warga jadi bukti kalau kita kuat karena bersama. Bangkit lebih kuat, Aceh 1 1 31",2,2,0.023808917,0.025147228,0.95104384
"Banjir Lahar Lewotobi Terjang Desa Nurabelen NTT, Empat Rumah Terendam radarbangsa. Banjir Lahar Lewotobi Terjang Desa Nurabelen NTT, Empat Rumah Terendam 38",0,0,0.51076376,0.46870312,0.020533135
"Badan Pusat Statistik (BPS) melibatkan ratusan mahasiswa Politeknik Statistika STIS dalam pendataan pascabencana Sumatra di sejumlah wilayah terdampak, guna mendukung kebijakan rehabilitasi dan rekonstruksi berbasis data, hal ini disampaikan Kepala BPS, Amalia Adininggar 480",1,1,0.020105531,0.7059813,0.2739132
Tahun ini memanglah berat apalagi buat rakyat Aceh Sumut Sumbar yang kena musibah 53,0,0,0.8495317,0.05736147,0.09310684
"Setelah banjir surut, masalah baru muncul. Motor tak bisa dipakai, aktivitas terhambat. Relawan PKS hadir membuka servis gratis sepeda motor di Posko PKS DPD PKS Kab. Tamiang, Aceh 1 15 42",2,1,0.3363389,0.393232,0.27042913
"Arus Deras saat Banjir Masuk ke Pemukiman, Kepanikan Warga Kuranji Kota Padang Histeris meminta Bantuan karena Takut Rumah Ambruk Arus Deras saat Banjir Masuk ke Pemukiman, Kepanikan Warga Kuranji Kota Padang Histeris Minta... 1 45",0,2,0.3215131,0.11345568,0.56503123
VIDEO: Ratusan Rumah di Kota Padang Terendam Banjir cnnindonesia. VIDEO: Ratusan Rumah di Kota Padang Terendam Banjir Ratusan Rumah di Kota Padang Terendam Banjir 1 1 3,0,1,0.39798716,0.5793507,0.022662172
Gila cok sumatera sudah sebegitunya tapi enggak ada lewat aksi nyata pemerintah pusat malah nyuruh guru menambah kurikulum jaga hutan di sekolah sudah mah gaji kecil banget kudu memakai mikroskop tapi semua beban di pundakin ke mereka,0,0,0.93159163,0.0147233335,0.05368506
"Delapan Daerah di Riau Tetapkan Status Siaga Banjir dan Longsor INFO RIAU – Memasuki puncak musim hujan, delapan daerah di Provinsi Riau resmi menetapkan Status Siaga Darurat Bencana Hidrometeorologi. Penetapan ini dilakukan sebagai langkah antisipasi apelpagi trending 1 24",0,1,0.011644738,0.93504685,0.05330844
"kenapa sih pada berbondong-bondong pencitraan jadi pahlawan di banjir sumatera? ya kalo memang mau bantu, yaudaa cepatan bantu! enggak usah pakai babibu omon2 + kebanyakan ngevlog warga tuh banyak lagi krisis! krisis makanan, tempat tinggal, bensin, air bersih, dll. pls lah 123",0,0,0.50312185,0.06946701,0.42741117
"Kalimantan Selatan Diterjang Banjir Bandang seperti Bencana Ekologis di Sumatera, Derasnya Arus Air Rendam Hampir Setinggi Rumah",1,1,0.26780504,0.70265,0.029544972
BANJIR MASUK RUMAH kocak mau izin setengah hari semoga bisa gayssss 302,1,1,0.3492684,0.48390594,0.16682562
"Electrimate, ditengah upaya percepatan pemulihan kelistrikan pasca bencana banjir bandang yang melanda Aceh, Sumatera Utara, dan Sumatera Barat, PLN Electricity Services (ES) menyalurkan donasi dari pegawai untuk para personel yang terdampak bencana di Sumatera Utara. 1 47",2,2,0.012449011,0.029965872,0.9575851
"sakit bgt, gaza di bom lagi, aceh kedatangan banjir lagi, banyak orang kelaparan. ya Allah, wafatkanlah kami kalau itu lebih baik, hidupkanlah kami kalau itu lebih baik. sungguh Engkau tau segala sesuatu yang terbaik 1 26",0,0,0.93702984,0.023781002,0.039189104
"Dari evakuasi hingga bantuan logistik, langkah cepat pemerintah dalam penanganan banjir Aceh menunjukkan komitmen kuat melindungi masyarakat. Negara benar-benar hadir. PemerintahHadir AcehBangkit PeduliBanjir 1 48",2,2,0.009890473,0.017055862,0.97305363
Menhan Sjafrie mengatakan Indonesia bisa menangani bencana banjir dan longsor di Sumatera tanpa bantuan pihak asing. Penanganan bencana saat ini disebut berbeda dengan tsunami Aceh pada 2004. Menhan Sebut RI Bisa Atasi Bencana Sumatera Sendiri: Beda Saat Hadapi Tsunami Dulu 2 1 3,2,1,0.12496994,0.6885695,0.18646055
yes... nyata sekali salah satunya karyanya adalah rumah saya terendam pak terimakasih pak,0,2,0.120577216,0.12989849,0.7495243
"Warga Apresiasi Upaya Pemerintah Normalisasi Sungai Batang Kuranji di Sumbar: Bisa Nikmati Jalan Seperti Semula Jakarta - Sungai Batang Kuranji di Padang, Sumatra Barat, meluap hingga menyebabkan banjir bandang pada November 2025 lalu. Warga setempat bernama Asriluju bercerita, 1 493",2,2,0.049604345,0.3813163,0.5690793
"di kali sbnernya juga ada begitu, cuma ya karena bbrapa hari kemarin itu aku scroll tiktok jadi yang kelihatan yang di tiktok, di kali malah isi tl ku fanwar kpop banyakan atau fish it, jadi ketutup kadang tiap lewat fyp di tiktok vid banjir disini, yang parah begitu aku jadi ragu mau buka komennya",0,0,0.61501163,0.35213834,0.032850064
Bukan daerahnya ini saja yang kena bencana banjir seluruh Sumatera cuma memang agak lain kota ini kayu dan lumpur tak ada bukti kota darurat kelaparan.? tolong di kawal CCTV MASJID AGUNG SIBOLGA ya JANGAN HILANG KENA JARAH KAREAN BUKTI KUAT HUKUM NEGARA,0,0,0.9141731,0.06812473,0.017702114
"Penutup akhir tahun 2025 di Indonesia banyak banget kejadian, contohnya.. Banjir Sumatra Kebakaran gedung Sekarang, mobil mb*g nabrak SD beserta siswanya 1 1 63",0,0,0.8412844,0.14835057,0.010365109
"Sebanyak 40 jenazah korban bencana banjir dan longsor di Aceh, Sumatera Utara, dan Sumatera Barat ditemukan pada Senin (8/12/2025). Jumlah korban pun terus bertambah. Hingga Selasa (9/12) pukul 8.30 WIB, berdasarkan data terbaru yang dirilis Badan Nasional Penanggulangan Bencana 14 617 955",0,0,0.7895897,0.17267874,0.03773159
rumah rusak akibat banjir jadi prioritas utama untuk segera dibangun kembali Aceh Sumatera Update 9,0,2,0.12590803,0.35955536,0.51453656
"Bencana banjir badang & longsor akibat badai Siklon Tropis Senyar di Aceh, Sumatera Utara, dan Sumatera Barat adalah fakta alam, bukan bahan false flag politik; saat sebagian sibuk berisik di timeline menuduh negara absen, di lapangan evakuasi berjalan, akses dibuka, jembatan",1,0,0.7304117,0.20862879,0.060959507
Lapas Perempuan Kelas IIB Padang bagikan Bantuan Donasi dari Imipas Peduli Kepada WBP LPP Padang yang Terdampak Banjir Bandang di Sumatera Barat. 47,2,2,0.021605438,0.062395424,0.9159991
sumut sumbar aceh ngalamin masa berat tapi Polisi Tanggap Bencana hadir jadi harapan pertama buat warga yang enggak tau harus kemana saat air makin naik Terimakasih POLRI 1 5,2,2,0.06533411,0.039337963,0.895328
"kok gue curiga ya mens rea ini cuma bahan pengalihan issue doang agar bencana banjir di sumatra dan aceh enggak dibahas lagi, perusuaan gede yang kesorot msalahnya. 1 176",0,0,0.8375007,0.13841426,0.024085114
"Aceh Sumatera Update. Pemerintah berkomitmen mengganti semua rumah warga yang terseret banjir, termasuk memperbaiki rumah yang rusak 8",0,2,0.14253847,0.18897115,0.6684904
"Mari panjatkan doa untuk saudara kita yang berada di Sumatera, semoga selalu diberikan perlindungan dan keselamatan.. lekas membaik PrayForSumatera 9 38",2,2,0.037174284,0.10425787,0.85856783
"Untuk Transparansi Bantuan Ke Masyarakat, Bupati Aceh Utara Ayahwa: Penyaluran Harus Disertai Video AcehUtara PenyaluranBantuan banjir",1,2,0.06753043,0.37253907,0.5599305
"Kemensos Bantu Perkuat Layanan Penanganan Bencana Aceh, Sumut dan Sumbar Jakarta — Kementerian Sosial RI memperkuat penanganan bencana banjir di Provinsi Aceh, Sumatera Utara, dan Sumatera Barat dengan terus mensuport dan bekerjasama dengan BNPB, TNI, Polri, BPBD, Pemda dan tim",2,2,0.008539159,0.17001276,0.8214481
"Update kemarin, valid masih ada desa yang terisolasi listrik masih mati aceh Tengah dan benar meriah, btw aku orang benar meriah sendiri, tapi berita2 sudah enggak ramee 1 1 26",0,1,0.36287147,0.6056218,0.031506725
ganti kepala BNPB ...sangat slow respon untuk bencana sekelas sumatra yang sekarang terjadi ..ga guna pangkat letjen tapi koordinasi enggak karuan. 1 859,0,0,0.84927607,0.1032303,0.04749361
"bukan hanya di darat, pemerintah juga kerja di udara. Cuaca ekstrem masih terjadi di beberapa wilayah Sumatera, tak terkecuali di daerah terdampak bencana. Walaupun sudah dilakukan modifikasi cuaca, tetap waspada. Waspada Bencana Susulan, BNPB Imbau Warga Perhatikan Hujan Intensitas 7 24 31",1,1,0.02756138,0.9127075,0.059731107
Pemprov Sumbar perpanjang status tanggap darurat bencana PemprovSumbar GubernurSumateraBarat masatanggapdarurat diperpanjang Pemprov Sumbar perpanjang status tanggap darurat bencana 9,1,1,0.019357609,0.8899902,0.09065225
"dan Banjir di jabar setelah KDM sudah berada di sumbar, bukan meninggalkan warga jabar saat banjir datang, baca berita, kami warga jabar enggak merasa ditinggalkan KDM, masa ada masalah apa apa harus KDM, jabar kan punya walkot bupati, harus kerja atuh mereka juga 2 78",0,0,0.81443286,0.110329196,0.075237975
"Akun komentar Rakyat setiap hari berjuang menyambung hidup, sementara harapan terasa makin jauh. Yang dibutuhkan bukan sekadar laporan tapi empati, tindakan, dan keberpihakan nyata PrayForSumatera Aceh Sumut Sumbar DaruratKemanusiaan Dari Zulfikar Akbar 1 3 5 140",0,2,0.13923359,0.06450507,0.7962613
Seskab Teddy kembali mendampingi Presiden dalam kunjungan ke daerah terdampak bencana di Aceh. Kehadiran ini menegaskan komitmen pemerintah dalam penanganan bencana dan pemulihan sosial-ekonomi masyarakat. 4 4 453,1,2,0.008982367,0.08723266,0.903785
"mengapai pakai persiapan segala, Aceh-Sumbar-Sumut sudah teruji. Sebulan lebih mereka survive ditengah² Banjir Lumpur dan tumpukan kayu gelondongan. Secara akal pasti kita juga mampu. enggak perlu siap², yang penting kita selalu ingat allah meminta perlindungan padaNya.",0,2,0.13150789,0.29891905,0.5695731
Telkom Indonesia berkomitmen untuk mengembalikan layanan dan konektivitas secara optimal untuk mendukung kebutuhan digital masyarakat. IndibizSumatera BanjirSumatera PrayForSumatera 1 114,1,2,0.017870523,0.24275175,0.7393777
Apa gue bilang. 2 hari setelah ketahuan penyebab banjir di Sumatra adalah perusahan mili . langsung jadikan itu kartu As untuk lawan tim Reformasi polri. dan hanya bayang-bayang,0,0,0.86285746,0.112424925,0.02471759
"dulu pas di rumah lama kebanjiran nya sering banget kebanjiran padahal ujannya enggak lama tapi kalo deres pasti banjir, dikit2 banjir puncaknya pas 2020/2021 januari tuh sampai se-dada orang dewasa sampai enggak bisa ngungsi di lantai 2 soalnya bakal susah keluar buat cari makan 1 54",0,0,0.7357917,0.24670014,0.017508136
Warga sudah mulai menempati rumah sementara Aceh Sumatra Bangkit 5,2,2,0.014785526,0.03680958,0.9484049
"KODAERAL I, PRAJURIT LANAL LHOKSEUMAWE SALURKAN BANTUAN LOGISTIK KE WILAYAH TERISOLASI ACEH UTARA ACEH UTARA – Prajurit Satgas Gulbencal Kodaeral I bersama Prajurit Lanal Lhokseumawe melaksanakan pendistribusian bantuan logistik kepada masyarakat terdampak banjir. 1 127",0,2,0.016228493,0.096860096,0.88691145
"Empat kabupaten di Sumatera Utara—Sibolga, Tapanuli Utara, Tapanuli Tengah, dan Tapanuli Selatan—mengalami banjir, banjir bandang, dan longsor akibat cuaca ekstrem pada Senin (24/11) dan Selasa (25/11). BNPB pun mengambil langkah penanganan darurat. Kepala BNPB, Letjen TNI 1 3 605",1,1,0.04068853,0.9305996,0.02871195
"Akun parodi Aksi cepat tanggap di tengah banjir Meurah Mulia, Aceh Utara! Tim BGN (Badan Gizi Nasional) dan SPPG menyalurkan Makanan Bergizi (MBG) langsung ke warga terdampak, khususnya anak-anak. Gotong royong ini meringankan beban mereka yang kehilangan akses makanan. 105",0,2,0.04104551,0.03248553,0.926469
Akun komentar Banjir itu akan terus berlngsung selama penebangan terus terjadi di hulu 1 3 31,1,1,0.26308322,0.7132164,0.02370031
Akun parodi Projo Peduli Bencana Setia Digaris Rakyat Budi Arie Setiadi mengajak bangsa bangkit bersama pasca bencana Projo Ajak Publik Bersatu Hadapi Banjir Besar di Sumatera 5,2,2,0.025025021,0.044135258,0.93083966
"oalahh selalu jaga kesehatan ya by, cuaca di sana lagi ekstrem juga ga? iyah, aku di sumatra kebagian hujan deras tapi enggak sampai berhari-hari seperti di beberapa daerah yang banjir parah itu... ulah pemerintah eek begini deh alam jadi ngamuk nak join lah aku ke cn by 1 33",0,0,0.6105476,0.35353044,0.035921946
Upaya masyarakat membangun hunian sementara menjadi bagian dari ketahanan bersama. Aceh Sumatra Pulih melalui kerja gotong royong dan dukungan negara. 10,2,2,0.013739058,0.02401879,0.9622422
"SUMUTberduka Provinsi SUMATERA UTARA khusus wilayah Tapanuli Selatan, Tapanuli Tengah SIBOLGA sedang dilanda bencara alam banjir dan longsor akibat curah hujan tinggi. Semoga keluarga kita disana semoga aman dan baik' saja selalu dalam lindungan aminn. Sibolga Tapsel 1 74 86",0,2,0.03973267,0.26010355,0.7001638
"Tidak tepat menyalahkan Pemerintahan Presiden Prabowo. WWF Indonesia menilai musibah banjir bandang dan tanah longsor yang melanda Aceh, Sumatra Utara & Sumatra Barat adalah akumulasi dari tata kelola lingkungan yang bermasalah selama bertahun-tahun lampau. WWF Indonesia Sebut Banjir Sumatra Bukan Kesalahan Menhut Sekarang, Ini Alasannya 2 10 16 805",1,0,0.8213334,0.16657905,0.012087587
"Mungkin suatu saat akan sama kayak yang baru baru ini di sumsel, ulah serakahnya manusia 404",0,0,0.9428609,0.039529365,0.017609702
"dan 5 lainnya Utuk tujuan penambah semangat ummat dan korban bencana Aceh, Sumut dan Sumbar. Bahwa mereka tidak sendirian, banyak saudara-saudara mereka yang perduli. Jangan terfokus dengan kisruh saja. Mugo2 jenengan paham yo... Ojo nesu meneh... 1 26",0,0,0.8312197,0.032198425,0.13658196
"Banjir bandang dan longsor menerjang di empat kabupaten di Sumatera Utara, yang meliputi Sibolga, Tapanuli Utara, Tapanuli Tengah dan Tapanuli Selatan. Apakabar pak gubernur Bobby Nasution ?! 1 2 261",1,1,0.07640523,0.89755476,0.026040033
"dan Brisik saja ,rumah mama aku saja kena di kota ,walau lumpur sebetis capek bersihkannya karena lumpur mengeras bukan air banjir,hancur rumah rusak semua prabot ,mama kak Pocut sekarang tidur di rumah abang dia enggak masuk air,waktu pertama kejadian kak pocut fikir hanya banjir biasa 1 4 25 779",0,0,0.96620196,0.024129411,0.009668573
"Hampir 40 ribu anggota bapak yang dikirim ke Aceh, Sumut & sumbar apa enggak ada yang ditugasin lu juga jemputan bailey pak. kok ada yang buka baut jembatan sampai enggak ketahuan ? 1 85",0,0,0.77449924,0.20412256,0.021378225
Antusias warga sambut kehadiran Wakil Presiden Gibran Rakabuming Raka saat Wapres Tinjau BanjirKalsel di Sungai Tabuk turun langsung memastikan kondisi warga dan penanganan berjalan cepat bukti negara hadir di saat rakyat butuh GibranPeduliRakyat Wapres Gibran tinjau banjir di Sungai Tabuk disambut antusias warga - ANTARA News Kalimantan Selatan 20,2,2,0.020553209,0.09606348,0.88338333
"Persoalan daerah bekas bencana banjir sumatra kembali banjir lagi selepas hujan tuh solusinya evakuasi. Artinya gaboleh ada yang menetap permanen di sana sampai rehabilitasinya selesai. Soalnya mah, habis bencana besar ya lingkungannya enggak cocok untuk tempat tinggal. 92",0,0,0.5205228,0.45756888,0.021908287
"sudah dua hari ngungsi, rumah ku tenggelem pls, ini bantuan dikit pun enggak ada. Makan cari sendiri ngelewatin banjir banjir tinggi. Air mati, listrik mati. STRESSSSSSS 18",0,0,0.8667913,0.0403429,0.092865825
"Banjir besar yang melanda Aceh kembali tunjukkan dampak yang kian meluas. Di Desa Kuala Cangkoy, ribuan warga yang mengungsi terlihat mengantre panjang untuk dapat makanan. Foto detikFoto FotoNews Banjir Aceh Makin Parah, Ribuan Pengungsi Antre Makanan di Kuala Cangkoy 1 2 5",0,0,0.65850794,0.3090889,0.03240322
Tangis dan Harapan Aceh Tamiang Wakapolri Tinjau Lokasi Bencana Banjir Aceh Tamiang. acehtamiang aceh banjir banjirbandang wakapolri,1,1,0.023176387,0.77882195,0.19800168
Komitmen Presiden jelas Prabowo Pulihkan PascaBencana lewat percepatan Pembangunan Rumah Korban Bencana di wilayah terdampak banjir Prabowo terima laporan Rosan soal hunian untuk pengungsi di Sumatera - ANTARA News Jambi 19,0,0,0.5847864,0.063282825,0.35193068
Progres pemulihan pasca bencana aceh sumut & sumbar sumaterabangkit bersatuindonesiaku fypシ゚viral fyp indonesiamaju 18,2,2,0.017567022,0.16444822,0.81798476
"Kolaborasi lintas sektor seperti ini patut diapresiasi. Sinergi pemerintah, TNI/Polri, dan masyarakat menjadi kunci percepatan pemulihan pascabencana. Semoga upaya yang dilakukan terus konsisten dan memberikan dampak nyata bagi kebangkitan Aceh dan Sumatera Utara, amin 12",2,2,0.012004629,0.01838549,0.96960986
"Babinsa Desa Karang Jadi Koramil 403-04/Belitang, Serda Iwan, bersama Bhabinkamtibmas setempat bergerak cepat evakuasi warga yang terseret arus banjir, Kamis (8/1/2026). 1 3 5 757",0,2,0.05753809,0.44686288,0.49559912
"Begini cara pemerintah percepat hunian bagi warga terdampak banjir longsor di Aceh, Sumatera Utara, Sumatera Barat. prabowosubianto pemerintah dekade08 48",1,2,0.018546566,0.16381726,0.8176362
"Akses jalan terputus, listrik mati total, sinyal hilang, rumah sakit terendam, di 3 provinsi, dan pemerintah pusat belum menetapkan sebagai bencana nasional??? 5 615",0,0,0.8760057,0.101870276,0.02212397
"Banjir dan longsor yang terjadi di wilayah Sibolga, Tapanuli Selatan, Tapanuli Tengah dan Tapanuli Utara memutus akses jalan dalam proses pemulihan listrik. Semua bekerjasama demi menyalakan kembali harapan masyarakat Sumatera Utara PLNUntukSemua PLNUntukIndonesia PrayforSumut 29",2,2,0.011529002,0.071713984,0.916757
Banjir Rusak 41 Puskesmas dan Polindes di Aceh Timur Banjir Rusak 41 Puskesmas Polindes Aceh Timur Berita Info matamaluku. Banjir Rusak 41 Puskesmas dan Polindes di Aceh Timur Banda Aceh — Dinas Kesehatan Kabupaten Aceh Timur mencatat sebanyak 41 bangunan puskesmas dan pondok bersalin desa (polindes) di sejumlah kecamatan mengalami kerusakan akibat banjir yang melanda... 1 1 49,0,0,0.73799264,0.23587662,0.02613077
"Donasi Peduli Bencana Sumatera di Solsel Tembus Rp 1 Miliar, Bakal Segera Diserahkan Penggalangan dana untuk korban bencana hidrometeorologi yang dilakanakan selama rangkaian acara peringatan Hari Jadi Kabupaten Solok Selatan ke-22 menembus angka... kupasonline. Donasi Peduli Bencana Sumatera di Solsel Tembus Rp 1 Miliar, Bakal Segera Diserahkan - Kupasonlin... KUPASONLINE. ---Penggalangan dana untuk korban bencana hidrometeorologi yang dilakanakan selama rangkaian acara peringatan Hari Jadi Kabupaten Solok Selatan... 22",0,0,0.8376943,0.037899964,0.12440579
Akun parodi Saat jalan terputus dan rumah terendam Prabowo datang menyapa warga satu per satu. Ada ketegasan tapi juga empati. Semua bergerak cepat karena PrabowoPeduliSumatera Respons Cepat Negara bukan hanya slogan tapi aksi nyata. 1 9,2,2,0.039294645,0.027552899,0.9331525
"Kompleks Perumahan Pandan Asri di Kabupaten Tapanuli Tengah, Sumatera Utara, menjadi salah satu wilayah yang terdampak bencana banjir dan longsor yang menerjang Aceh, Sumatera Utara, dan Sumatera Barat. Satu bulan pascabencana, akses jalan masih dipenuhi lumpur tebal yang 2 1 478",0,1,0.24931157,0.6910655,0.059622876
"Akun parodi “Kami sudah jelaskan tujuan ke Aceh & membawa bantuan. Dokumen kendaraan ada, tapi tetap dipersulit,” ujarnya. Situasi semakin menekan ketika muncul ucapan petugas yang dinilai bernada ancaman. “Dia bilang, ‘perjalanan masih jauh, mau aman nggak?’,” ungkap Rizki. 1 1 13",0,0,0.85288566,0.07906004,0.06805425
"Bencana banjir dan longsor di utara Sumatera menyebabkan banyak rumah warga rusak hingga hanyut. Pemerintah menyiapkan hunian tetap (huntap) gratis bagi korban yang kehilangan tempat tinggal. Dirjen Kawasan Permukiman Kementerian Perumahan dan Kawasan Permukiman (PKP), 2 1 263",0,0,0.83788294,0.05319915,0.10891798
BNPB Pasang Jembatan Bailey untuk Pulihkan Akses Terputus di Sumbar BNPB Pasang Jembatan Bailey Pulihkan Akses Terputus Sumbar Berita Info matamaluku. BNPB Pasang Jembatan Bailey untuk Pulihkan Akses Terputus di Sumbar Jakarta (MataMaluku) – Badan Nasional Penanggulangan Bencana (BNPB) mulai memasang sejumlah jembatan darurat atau bailey di beberapa titik di Sumatra Barat guna memulihkan akses yang terputus akibat... 1 1 67,2,2,0.03423349,0.07420904,0.89155746
BNPB Sebut Drainase di Sejumlah Titik di Aceh Tamiang Masih Tersumbat Lumpur BNPB Sebut Drainase di Sejumlah Titik di Aceh Tamiang Masih Tersumbat Lumpur Dari kompas.tv 1 811,1,1,0.05032231,0.93114704,0.018530631
"Tujuh minggu pascabanjir melanda Aceh-Sumatra, kondisi warga masih belum sepenuhnya pulih. Di sejumlah desa, kebutuhan pokok, seperti air dan listrik masih sulit diakses. Beberapa warga pun kehilangan mata pencaharian karena perkebunan mereka rusak dilanda banjir. Di benar 1 3 7 556",0,0,0.87673265,0.06527087,0.057996448
"Akun parodi Maaf ya ges kalo aku lagi enggak hype bts dulu apalagi dengan keadaan indonesia yang kena banyak bencana alam. Sedih melihat berita tentang banjir di sumatra belum lagi lihat satwa2 disana yang kehilangan rumahnya,hancur hati ini melihat itu smua. bagaimana caranya nolong satwa disana 45",0,0,0.81094116,0.042560637,0.1464983
"kondisi banjir depan kos aku tadi pagi dan siang ini sudah mulai surut sementara harus ngungsi karena masih siaga takut debit air naik lagi stay safe buat semua : Jl. Irigasi, Pasar Baru arah Kampus Universitas Andalas PrayForSumatera prayforsumbar 320",1,1,0.14446384,0.7845952,0.070940934
"Repost - kementerian.atrbpn by Halo SobATRBPN, saat ini saudara kita di Provinsi Aceh, Sumatra Utara, dan Sumatra Barat sedang mengalami musibah banjir serta longsor. Untuk itu, Kementerian ATR/BPN membuka donasi bagi masyarakat yang terdampak. Mari bersama 1 42",1,2,0.0336593,0.100795254,0.8655454
"Solidaritas tak mengenal jarak. Gubernur Banten Andra Soni menyalurkan bantuan kemanusiaan sebesar Rp1 miliar dari PGRI Provinsi Banten untuk korban bencana alam di Sumatera Utara, Sumatera Barat, dan Aceh. Bantuan ini merupakan bagian dari total donasi Rp1,3 miliar yang 2 55",0,0,0.5898059,0.055155944,0.3550381
"Dan paling biadabnya rejim ini, tak satupun instansi pemerintah atau swasta yang diseret ke pengadilan atas deforestasi penyebab banjir dan tanah longsor yang menelan ribuan nyawa di Sumatra. Dan termul serta penjilat samsul masih ngomngin pilpres, dasar bedebah !!!",0,0,0.9559168,0.017203154,0.026879981
"Banjir bawa gelondong, Kemenhut bawa solusi cepet. Negara tangguh! KemenhutGerakCepat BersihPascaBencana GreenIndonesia 13",2,2,0.038262073,0.4022196,0.55951834
"dan • Apakah TEMPO punya data berapa % Hutan Primer yang masih tersisa di Aceh Sumut Sumbar? • berapa % DAS2 di 3 Prov. tersebut yang masih eksis & terjaga? Mayoritas DAS hanya punya kapasitas (tersisa) 25%. • dengan KERUSAKAN lingkungan/hutan yang BEGITU PARAH, berapa optimal Mitigasi Bencana bisa dilakukan? 2 213",0,0,0.5787315,0.39989808,0.02137048
"Pemulihan Pasca Banjir Sumatera: 72 Jalan Tersambung-1.100 Hunian Dibangun www-detik- .cdn.ampproject.org Pemulihan Pasca Banjir Sumatera: 72 Jalan Tersambung-1.100 Hunian Dibangun Pemerintah terus melakukan pemulihan pascabencana di Sumatera. 72 ruas jalan dan 1.100 hunian telah siap, layanan kesehatan dan ekonomi mulai pulih. 13",2,2,0.028799977,0.07350742,0.8976926
"Akun parodi memikirkan banget urusan negara lain, aceh masih belum pulih noh 15",0,0,0.6223318,0.27934512,0.098323055
Menunggu sampai jatuh korban berapa lagi sampai bencana ini di tetapkan sebagai bencana nasional wo ???? PrayForSumatera BencanaNasional??? 2 2 4 307,0,0,0.92498404,0.056589935,0.018425968
"Banjir Tapanuli 1915-1917 Lebih Parah dari yang Dibayangkan – Pembalakan Liar Biang Kerok! Sebelum 1953, Tapanuli sudah sering banjir gara-gara pembalakan liar di hutan Sumut. • Akhir 1915: Banjir Tanah Batu → 65 mengungsi, rumah rusak. Sarekat Islam galang dana di Medan (100 1 52",0,0,0.94163954,0.05254964,0.005810879
"Cerita Warga Aceh Tamiang saat Banjir Datang, Bertahan di Atap dengan Kondisi Gelap Gulita: Cuma Bisa Teriak meminta Tolong jurnalnews. Cerita Warga Aceh Tamiang saat Banjir Datang, Bertahan di Atap dengan Kondisi Gelap Gulita: Cuma... Usai banjir datang, listrik terputus dan membuat malam gelap gulita saat para warga berteriak meminta tolong kepada tim penyelamat. Sampai sama 23",0,2,0.41530916,0.084953934,0.49973693
Melihat Aceh Tamiang dari Udara seperti Tsunami Jilid 2 Semoga Allah Ta’ala segera memulihkannya. prayforsumatera prayforaceh bencanaalam 1 15 28,0,2,0.102324344,0.18288107,0.71479464
"Bencana datang tanpa izin, namun negara hadir tanpa menunggu demi keselamatan masyarakat di Aceh. Pemerintah Sigap untuk Aceh Sumatra terus bergerak bersama TNI dan warga menghadapi kondisi darurat fyp fypシ viral beritatiktok aceh sumatra tni bencanadatang 45",2,2,0.01909007,0.04752603,0.93338394
"Lokasi banjir Aceh terjadi di propinsi Aceh, kenapa melakukan pertemuan di provinsi Sumut ?? Aneh...... 211",0,0,0.7788809,0.20397846,0.017140632
"Kerja Nyata itu ya turun langsung pas rakyat lagi butuh, bukan cuma komentar dari jauh. Dapur mbak gas terus bantu korban banjir. LanjutkanMBG MGI CHONBURI 2026 kali TFO Launch Raja Juli james jihoon Dancing Queen Juun Day Aceh BNPB Desember Trade $DIGI CEREMONY TPDA WITH EST 134",0,0,0.64209425,0.05400892,0.3038968
"Bukan hanya menyapu lumpurmereka seakan sedang membasuh duka yang menempel di sudut-sudut ruangan. Melihat bapak-bapak TNI dan tim relawan bergandengan tenaga membersihkan sisa banjir di RSUD Aceh Tamiang, hati ini seperti diremas pelanperih, tapi hangat. 2 8 46",0,0,0.6169137,0.09142779,0.2916585
"Bantuan Kemanusiaan Dari Bangka Barat Dikirim ke Aceh, Sumut, dan Sumbar kabarbangka. Bantuan Kemanusiaan Dari Bangka Barat Dikirim ke Aceh, Sumut, dan Sumbar BANGKA BARAT - Deru mesin mobil patroli dan truk Dalmas Satuan Samapta terdengar bersahut-sahutan, mengantar keberangkatan Donasi Peduli Polres Babar... 19",2,2,0.019978425,0.046112247,0.93390936
"Pengalihan isu saja ini, agar masyarakat terbelah dan tidak fokus pada barang bukti yang ditemukan di TKP. Mahkamah International wajib mengaudit penyebab terjadinya Banjir Bandang dan Longsor di Aceh, Sumut, & Sumbar. BENCANANASIONAL NATIONALDISASTER PrayForSumatera 52",0,0,0.6246585,0.3553987,0.019942822
"Catatan singkat seorang relawan di banjir Sumatra. Tayangan banjir di medsos ternyata memang hanya mencekam. Sebab ketika terjun ke lapangan, kondisinya jauh lebih parah. Istilah 'mencekam' terlalu ringan. Sudah tidak bisa lagi berkata-kata. 34",0,0,0.92121714,0.04823036,0.030552477
Semoga Personil Polda Riau yang sedang melaksanakan tugas kemanusiaan didaerah bencana banjir Sumatera selalu diberikan kesehatan dan keselamatan. Bravo Polda Riau 6,2,2,0.03545617,0.27362388,0.69091994
"Warga terdampak banjir diminta bersabar, bantuan dan pemulihan terus diupayakan. Aceh Sumatera Update 14",2,2,0.034648944,0.26804787,0.69730324
"Dari pada uang Milyaran Rp unt beli Kembang Api ya mending uangnya disumbangkan unt Korban Banjir Aceh,Sumut,Sumbar malah berkah 2 218",0,0,0.7826823,0.07540572,0.14191201
sebuah pemandangan yang berbeda kalo naik pesawat dari riau-jawa. di sumatera full sawit air laut full coklat karena memang daerah industrial. sampai jawa hijau.. air laut biru 51,1,1,0.26223698,0.6733342,0.06442888
"dan Ada, cek saja postingan ig nya tanggal 5 des 2025. Terus di IDN times dia bahas tentang banjir ini dan ilegal logging, dia juga bilang enggak begitu responsif di sosmed tapi bukan berarti enggak peduli. Dia dari dulu peduli alam tapi enggak pernah dikit"" Share di sosmed. 7 220",0,0,0.51602787,0.42261168,0.061360493
"Electrizen Banjir dan longsor yang terjadi di wilayah Sibolga, Tapanuli Selatan, Tapanuli Tengah dan Tapanuli Utara memutus akses jalan sehingga menjadi tantangan dalam proses pemulihan listrik. Namun, hal tersebut tidak mematahkan semangat personel PLN 37",1,2,0.039949212,0.26018378,0.69986695
"Ya Allah, memang ada yang bersalah karena telah menggunduli hutan di wilayah ini dann saat hujan deras, banjir pun terjadi Mohon jangan ditimpakan musibah lagi pada kami yang tidak melakukan. Timpakan pada mereka yang memutuskan dan mereka yang mendanai penggundulan. Aamiin. 1 5 739",0,0,0.9169166,0.031807065,0.051276237
"Perum LKBN ANTARA menyalurkan bantuan untuk warga terdampak banjir bandang atau galodo di Simpang Pasia kawasan Gunung Nago Kepalo Koto Kecamatan Pauh Kota Padang, Sumatera Barat, Jumat (26/12/2025). ANTARA serahkan bantuan untuk korban banjir bandang di Padang 412",0,0,0.49221975,0.07719898,0.4305813
"35 ribu rumah yang mana, Pak? yang tergerus banjir bandang, yang terendam lumpur, yang tertimpa sampah kayu, atau yang masih tergenang air? Yakin hanya segitu? Saya bertanya, Pak.",0,0,0.77573633,0.20858279,0.015680933
bukti nyata Pemerintah Sigap untuk Aceh Sumatra dengan langkah tegas 3,2,2,0.012539276,0.025754062,0.9617067
"banjir besar malam ini adalah Domasan, Desa Prawoto, Kecamatan Sukolilo, Pati, Jawa Tengah, Indonesia. HappyELshadDAY DPRD Hanni wapresgibrankawalnataru praboworealisasikampunghaji 1 242",1,1,0.12755272,0.8016439,0.07080338
Kami MATI Kelaparan PrayforSUMATERA Kami MATI Kelaparan PrayforSUMATERA 1 392,0,0,0.87221783,0.070589334,0.057192903
Pemerintah menyiapkan dua skema hunian sementara (huntara) guna memastikan kebutuhan dasar warga terdampak banjir dan longsor di Aceh Tamiang tetap terpenuhi. Dua skema tersebut meliputi huntara terpusat dan huntara in-situ yang dibangun di lokasi rumah warga yang terdampak. 12 22 25,2,1,0.018624235,0.5239403,0.4574354
"Akun parodi Usai melakukan kunjungan ke Tapanuli Tengah, Sumatra Utara dalam rangka meninjau dampak bencana banjir, Presiden Prabowo Subianto melanjutkan kunjungan ke Propinsi Nanggroe Aceh Darussalam untuk menyambangi warga yang terdampak bencana di Aceh Tenggara. news.detik. Usai dari Tapteng, Prabowo Lanjut ke Aceh untuk Tinjau Warga Korban Bencana Presiden Prabowo Subianto telah meninjau lokasi bencana banjir bandang di Tapanuli Tengah, Sumatera Utara (Sumut). 73",0,0,0.6595901,0.15862928,0.18178056
"Aparat menindas rakyat, rakyat bela rakyat. Sherly Anavita mendapat teror karena dia terus mengangkat isu di lapangan pasca banjir bandang dan tanah longsor di Aceh. Suarakan pembelaanmu untuk Sherly, teman-teman PresidenOmon2Turunlah PresidenOmon2Turunlah",0,0,0.8633795,0.08085766,0.05576287
Tapi memang musibahnya datang Kamis sore. Sedangkan di hari tersebut KDM sudah bertolak ke Sumatera. Semoga saja segera pulang dan segera mengatasi masalah banjir selatan. Soalnya walikota sama bupati Bandung sudah ngibarkan bendera putih.,0,0,0.4200835,0.3926618,0.18725476
bantuan ke sibolga sesedikit itukah??? atau masih belum ada??? di sibolga sudah terjadi penjarahan dimana² PrayForSibolga PrayForSumatera 1 2 101,0,0,0.46935505,0.13972686,0.3909181
Pemulihan banjir Aceh di-support penuh sama kolaborasi pemerintah dan TNI lewat bantuan nyata GerakCepat 18,2,2,0.010126658,0.020456411,0.9694169
Wahana Lingkungan Hidup Jambi desak pemerintah mencabut izin perusahaan yang terbukti menjadi penyebab bencana banjir dan tanah longsor pada tiga provinsi di Pulau Sumatera. Walhi Jambi desak pencabutan izin perusahaan penyebab bencana Sumatera 224,0,0,0.5357464,0.3853188,0.078934774
"Aceh, Riau, Sumut, Sumsel, Jambi itu isinya daging semua, bisalah menghidupi jumlah penduduk yang hanya 50jutaan di Sumatera.. 1 200",1,1,0.4394013,0.5062419,0.05435678
"Ya, klaim itu benar. Tim Cook mengumumkan di kali pada 2 Des 2025 bahwa Apple akan donasi untuk bantuan banjir di Indonesia (termasuk Sumatera) dan negara Asia lain. Sumber: AppleInsider, 9to5Mac, dan postingan Cook sendiri. Bencana ini memang mendapat perhatian internasional.",2,2,0.1853176,0.3500435,0.46463892
"Pemerintah Hadir membantu memulihkan kondisi terdampak bencana alam di Sumatera dan Aceh, Terimakasih Pak Prabowo dan pemerintah yang turun kelapangan 1 34",2,2,0.021249592,0.021605315,0.9571451
"PT Bank Rakyat Indonesia (Persero) Tbk menggelar program Trauma Healing bagi anak-anak terdampak bencana banjir bandang di Aceh, Sumatera Utara, dan Sumatera Barat. Program ini menjadi bagian dari aksi kemanusiaan BRI Group melalui BRI Peduli Sumatra yang berfokus pada pemulihan 2 1 906",2,2,0.018107684,0.030191699,0.9517006
"demn, ternyata ibu laundry biasa aku satu tapanuli 6",1,1,0.21730997,0.7084556,0.07423443
"Banjir dan longsor di Pulau Sumatra, Indonesia, menewaskan sedikitnya 174 orang, menurut Reuters. Ribuan rumah hancur atau terendam, infrastruktur rusak parah, dan banyak daerah terisolasi. Operasi penyelamatan terhambat hujan deras dan jalan yang rusak, puluhan orang 1 2 170",0,0,0.96614224,0.02326031,0.010597475
"Pilu! Anak Hanyut di Depan Mata di Banjir Bandang Aceh Utara, Ibu Curhat ke Najwa Shihab: Umi Tolong 117",0,0,0.87424296,0.056134634,0.06962229
"Pemerintah pusat takut terbongkar penyebab banjir sumatra ke international..,kalo rakyat mudah dikibulin. orang asing tidak bisa. 39",0,0,0.8880771,0.09462511,0.017297845
Dukung langkah sigap Pemerintah pulihkan kondisi di Aceh dan Sumatra. Pemerintah Hadir BersamaPulihkanSumutAceh 6,2,2,0.008685091,0.03155231,0.9597626
"Lebih dari satu bulan pascabencana banjir melanda sejumlah wilayah di Aceh, duka dan kelelahan masih dirasakan para korban. Banyak keluarga kini harus memulai hidup dari nol setelah rumah, harta benda, dan sumber penghidupan mereka rusak atau hilang. Di tengah keterbatasan dan 1 210",0,0,0.91570324,0.03478494,0.04951184
"gue enggak bisa bayangkan sih jadi korban2 yang ngungsi banjir sumatera gmna, kehilangan rumah, keluarga, akses juga putus, bantuan lama gue yang pernah kebanjiran semata kaki naik dikit saja sudah ngeluh bersihinnya meminta ampun capeknya.. 28",0,0,0.9432623,0.016134907,0.040602785
"Aceh Sumatra Bangkit, Kunjungi Sumbar Presiden Pastikan pemulihan berjalan Cepat 1 22",2,2,0.008675057,0.050294627,0.9410303
"Banjir besar tak hanya menyisakan lumpur dan rumah rusak, tapi juga menghancurkan arsip gerakan: catatan kasus, modul, dan bukti yang dulu menahan janji negara agar tetap bisa ditagih. Saat Banjir Tenggelamkan Rak: Arsip Gerakan yang Ikut Hilang 2 372",0,0,0.9656302,0.023694936,0.01067493
"Gara-gara Sampah, Sekolah di Bandar Lampung Terendam Banjir Setinggi 1 Meter Gara-gara Sampah, Sekolah di Bandar Lampung Terendam Banjir Setinggi 1 Meter 1 2 920",0,0,0.6376354,0.34735417,0.0150104
"“Di Desa Garoga, sebuah jembatan Bailey menjulur melintasi aliran dan lembah, menghubungkan Batang Toru dengan harapan warga Tapanuli Selatan. Bukan sekadar rangka besi, melainkan jalan baru yang menyatukan langkah, doa, dan kehidupan.” JembatanBailey Garoga BatangToru 121 53 370",0,2,0.09953375,0.30312473,0.59734154
"Pemerintah prioritaskan kesehatan warga pasca-banjir, layanan kesehatan gratis tersedia. Aceh Sumatera Update 15",2,2,0.013402765,0.35144833,0.63514894
Pemerintah Hadir Percepat Pemulihan Aceh - Sumatra 6,2,2,0.007762626,0.026817825,0.9654196
Sudah sepi pemberitaan tentang banjir bandang dan tanah longsor di Aceh Sumatera. Ada apakah ? 39,1,1,0.19514857,0.78302574,0.021825684
Bibit Siklon Tropis 91S bergerak menuju Sumatera. Meski berpeluang Rendah untuk menjadi siklon dalam 1-2 hari ke depan namun tetap akan membawa dampak tidak langsung hingga 11 Desember 2025 berupa hujan sedang - lebat di ; • Sumatera Barat • Bengkulu • Lampung 21 317 755,1,1,0.01892776,0.90843505,0.072637275
"Akun penggemar maaf banget ya moots kalo twt aku berisik soal bencana alam di Sumatera, benaran enggak tega hati karena ada beberapa mutualku yang terdampak rumahnya banjir sampai sepinggang (alhamdulillah sudah ngungsi). plis tetap berisik soal bencana alam ini daripada tumblr anitaasu itu pliss 36",0,0,0.7870767,0.11038457,0.102538645
"Penyidik Bareskrim Telusuri Jejak Kayu Garoga Pasca Banjir Sumut : 27 Sampel Diambil, Dua Jembatan Diperiksa metrosulteng. Penyidik Bareskrim Telusuri Jejak Kayu Garoga Pasca Banjir Sumut : 27 Sampel Diambil, Dua Jembatan... Tim penyelidikan Sumatra Barat akan melakukan inventarisasi kayu yang berada di pesisir laut apakah akibat bencana atau ada campur tangan 23",1,1,0.15120226,0.8300611,0.01873669
"bgt! benaran mayat tuh banyak yang belum dievakuasi, air minum juga mereka minum air banjir sedih banget sumpah menangis terus kalo lihat berita 1 54",0,0,0.9300539,0.037462052,0.032484088
"Woii mendengarkan nih! Tanggapi usulan koalisi permanen, Ketua DPR RI Puan Maharani mengatakan pemilu tahun 2029 masih terlalu jauh untuk dibicarakan. Saat ini kita masih berduka karena musibah yang melanda saudara-saudara kita di Aceh, di Sumut dan Sumbar. Jadi Anak ogi dan 9 lainnya 5 31 42 962",0,0,0.9222573,0.047304686,0.03043799
Kerja nyata dan sat set. Presiden Prabowo Gerak Cepat Sejak Pekan Pertama Bencana kirim armada buat bantu warga terdampak banjir di Aceh. Keren parah. SatSet AcehHariIni PrabowoSubianto RelawanIndonesia,0,2,0.02703639,0.018966826,0.9539968
"gue habis lihat tiktok, scroll, menemukan konten yang bahas banjir di aceh n sumatra. n yap, buzzer + warga"" tolol itu masih saja membela pemerintah. like? anjayyy, gobloknya sudah sampai ke nadi"" anjir 34",0,0,0.7844267,0.17613575,0.039437566
"ya Allah… Sebuah video yang beredar menunjukkan seorang ibu mengantar anaknya sambil memanjat tebing, karena jalur utama masih terputus pascabencana. Aceh dilanda bencana besar pada 26 November 2025. Banjir bandang dan longsor menyebabkan sekitar 50 persen wilayah 9 40 51",0,0,0.75027955,0.23344941,0.01627111
"Keluarga Besar AMPHURI diwakili AMPHURI Sumut kembali menyalurkan bantuan kepada masyarakat yang terdampak bencana banjir dan longsor yang melanda sejumlah wilayah di Sumatera Utara. Bantuan kali ini menyasar ke lokasi Desa Hapesong, Batang Toru, Kabupaten Tapanuli Selatan. 1 62",2,2,0.018820742,0.062759206,0.91842
"WASPADA CUACA EKSTRIM DI WILAYAH SUMUT BMKG mengimbau masyarakat untuk tetap waspada terhadap potensi peningkatan intensitas hujan pada 08–15 Desember 2025 di beberapa wilayah Sumatera Utara, termasuk Kota Pematangsiantar. 1 42",1,1,0.013779351,0.9566193,0.029601337
Guys aceh juga lagi banjir ya? dapat kabar dari teman roblok ku kalau di aceh lagi banjir kasihan belum ada bantuan 105,0,0,0.56527543,0.22457671,0.21014781
"Bisa loh buat reach out akun2 besar, seperti medantalk atau taukotembung dll. Untuk kasih edukasi ke warga persiapan menghadapi banjir Atau bikin posko tanggap darurat banjir di tanggal 25. Jadi pas tanggal 26 debit air tinggi, bisa pengkondisian warga buat ngungsi ke posko tersebut 1 38",0,1,0.038506117,0.79021215,0.17128174
"gue Heran aja.. Lokasi Bencana di Aceh, SuMut, n SumBar.. Bisa DITEMBUS sama para Relawan dari NGO n para Influencer sampai ke Titik Lokasi yang katanya TerpenciL.. Lalu Kenapa PEMERINTAH dengan segala sumber daya nya bilang KESULITAN BUKA AKSES kesana Anjink beranak Babi, 25 121 286",0,0,0.89017797,0.09449071,0.015331321
"Ya Allah, kok begini parah pemimpin Negeri ini. mereka sama sekali tidak memhami apa yang dibutuhkan rakyat yang kena musibah, tidak memahami hati yang luluh-lantak diterjang banjir, tidak memahami orangtua yang kehilangan semuanya. Cabutlah jabtan mereka ya Allah, gantilah dengan pemimpin yang baik. 16",0,0,0.90045583,0.020226683,0.07931742
"Warga Aceh Tamiang kini sudah menempati hunian baru! Pemerintah hadir memberikan solusi nyata melalui fasilitas lengkap, mulai dari klinik hingga area bermain. Langkah nyata ini memastikan pemerintah sigap untuk Aceh Sumatra. 15",2,2,0.01593594,0.124127775,0.8599363
"Kota Sibolga, dan Langkat. Sementara itu, sebanyak 97.384 warga Aceh terdampak banjir yang melanda wilayah itu sejak sepekan terakhir dan 13.174 di antaranya mengungsi karena rumah mereka terendam air. 1 113",0,1,0.22240564,0.7531237,0.024470583
Mengukir harapan di Palupuh. Aksi kemanusiaan multidisiplin tim TDB UM dalam pemulihan pascabencana. jatim1news UM Malang Jatim nasional Agam banjir Sumatra JATIM SATU NEWS: Mengukir Harapan di Palupuh: Aksi Kemanusiaan Multidisiplin Tim TDB UM dalam... 29,2,2,0.046306744,0.0473586,0.9063347
"Asbun aja, itu kewajiban negara , ferry membantu nengurangi beban Pemerintah 2 8",0,0,0.37524122,0.28642836,0.3383304
"Tenda-tenda pengungsi yang terendam banjir, adalah satu dari banyaknya realita musim dingin di g4-za di tengah anc4man p3nj4jah yang masih berlanjut. Mereka membutuhkan dukungan sumber daya yang memadai untuk terus bertahan. winter hujan Indonesia EmergencyAid trending 38",0,0,0.5922605,0.14982004,0.25791952
Menteri ESDM Bahlil Sampaikan Permohonan Maaf Pemulihan Listrik Aceh Tidak 93% Dirut PT PLN (Persero) Darmawan Prasodjo mengakui informasi mengenai pemulihan sistem kelistrikan Aceh sebesar 93% pascabencana banjir bandang tidak akurat. Ia menyatakan kondisi kerusakan 1 1,0,1,0.39726523,0.48578984,0.11694501
TNI membantu warga memindahkan barang penting dari rumah terendam suatu aksi nyata Respons Cepat Negara PrabowoPeduliSumatera 1 1,2,2,0.0237938,0.034083042,0.9421232
"Bencana Dijadikan Panggung Realitas Semu BENCANA banjir bandang yang melanda wilayah Aceh, Sumatra Utara, dan Sumatra Barat meninggalkan duka yang sungguh tak terperikan. Lebih dari 920 orang kehilangan nyawa dan ratusan lainnya hilang. Soal kerusakan material tak kalah 1 2 488",0,0,0.9260919,0.039476283,0.034431823
"Akun parodi Dua kali merasai bencana, pertama gempa besar padang 30 september 2009 dan kali ini banjir bandang di sumbar. Sangat beda penanganannya dulu waktu gempa padang bantuan dimana mana, air bersih tiap hari pasti ada, pemulihan juga cepat. Tapi banjir kali ini miris 1 167",0,0,0.72025764,0.087079026,0.19266334
Pemerintah siapkan skema bantuan untuk korban banjir di Aceh 13,2,0,0.6473711,0.117779955,0.23484896
"Banjir menimbulkan dampak kerusakan, namun banjir tak menghancurkan semangat persaudaraan. Sehari setelah diguyur hujan lebat pada 7 Januari 2026, beberapa wilayah di Kabupaten OKU Timur, Sumatera Selatan terdampak banjir; rusaknya fasilitas umum dan rumah warga maupun tempat 11 4 10 982",0,0,0.71390694,0.12900034,0.15709278
SEDIH banget PrayForSumatera AllEyesOnSumatera BENCANANASIONAL NATIONALDISASTER 97,0,0,0.86164564,0.08065588,0.057698473
Banjir besar. Beri Bantuan apa yang mampu kepada melayu Sumatera dan Aceh 3,2,2,0.023828955,0.06524998,0.91092104
Pemerintah langsung bergerak cepat dalam mengatasi bencana banjir di Sumatera. Mari kita dukung agar proses pemulihan lebih cepat lagi. Pemerintah Sigap untuk Aceh Sumatra 1 16,2,2,0.0153355505,0.016229238,0.9684352
"Hujan deras membuat Sungai Batang Kuranji meluap, memicu banjir bandang susulan di Batu Busuk, Padang. Tim SAR dan warga bahu-membahu mengevakuasi penduduk yang terjebak arus deras. fyp fypage foryoupage ViralHariIni beritaviral BeritaHariIni banjirpadang timsar padang 33",0,2,0.24675293,0.3509636,0.40228352
"Beberapa perusahaan kayu besar di Sumatra termasuk Toba Pulp Lestari, yang beroperasi di Sumut. Baru-baru ini, pemerintah selidiki 12 perusahaan diduga terkait pelanggaran lingkungan penyebab banjir November 2025, seperti kayu gelondongan yang memperparah bencana. Toba Pulp",0,0,0.5101247,0.46697527,0.02290006
"*Di Tengah Lumpur dan Harapan, Polri Bersama Warga Buka Akses Jalan Kampung Setie Pascabencana* benar Meriah — Kepolisian Resor benar Meriah bersama personel Satuan Brimob Polda Aceh turun langsung membantu masyarakat membersihkan akses jalan yang tertutup material banjir 1 33",2,2,0.030101862,0.08242685,0.88747126
"Perubahan guna tanah ganggu ekosistem sungai Bina benteng atau gali terusan, tidak banyak bezanya - Pakar SinarHarian banjir SungaiKelantan sinarharian. .my Perubahan guna tanah ganggu ekosistem sungai SHAH ALAM - Kaedah menggali terusan atau membina benteng di Sungai Kelantan bukanlah penyelesaian sepenuhnya terhadap masalah banjir di negeri itu... 503",1,1,0.39854622,0.56396455,0.03748924
"ribuan jiwa terdampak banjir bandang di sumut. kerja tulus dan aksi kemanusiaan dari brimob dilapangan hadir untuk membantu evakuasi, sebagai upaya Pemulihan Awal Kebangkitan. KerjasamaUntukSumatera 14",2,2,0.03242591,0.016241204,0.95133287
"Pemerintah Sigap untuk Aceh Sumatra, bencana di Sumatra ditangani maksimal semua stakeholder pemerintah ikut terlibat 11",2,2,0.010638125,0.028000372,0.9613615
Detik-Detik Menegangkan! 8 Warga Terjebak Banjir di Batu Busuak Padang Berhasil Diselamatkan. Jule Senin Minggu LUM18ORNE LightsOnKaela gopayblueflag OurTAEYONGisBack galaxycan 196,0,1,0.24649963,0.6153279,0.1381725
"Surabaya, 07/12/25. PrayForSumatera AllEyesOnSumatera arekgerak LMI Moedaberkelana kawanhealing 1 21 56",2,1,0.043854624,0.644439,0.3117064
"Pray for Sumatera Untuk Sibolga, Tapanuli, Padang, Aceh, dan Nias—semoga semua diberi kekuatan, perlindungan, dan ketabahan. PrayForSumatera PrayForSibolga PrayForTapanuli PrayForPadang 116",1,2,0.03951721,0.34413806,0.6163448
"14. Mendagri menyebut sebanyak 25 desa di Aceh dan Sumut hilang pasca diterjang banjir dan tanah longsor. Adapun, delapan desa hilang di Sumut sisanya berada di Aceh. satgasAceh satgaspemulihanbencana 1 1 2 89",0,1,0.341891,0.6316033,0.026505787
Kekayaan alam Sumatra = kekayaan nasional Bencana alam Sumatra = Bukan bencana nasional PrayForSumatera Sumatra 32,0,1,0.17740813,0.7355158,0.08707614
"Dilmil II-10 Semarang turut berduka atas musibah banjir dan longsor di Aceh, Sumatera Utara, dan Sumbar. Doa terbaik kami untuk seluruh masyarakat dan warga peradilan yang terdampak. semoga diberi kekuatan dan pemulihan yang cepat. PrayForSumatera DoaUntukAceh DilmilSemarang",0,0,0.6039955,0.0915913,0.3044132
"Pemerintah Hadir! Bantu warga terdampak banjir, pulihkan Aceh Sumatra. BersamaPulihkanSumutAceh 1 24",2,2,0.018141195,0.023729999,0.95812875
"Jumlah korban meninggal dalam peristiwa banjir Sumatera Kembali bertambah per Senin, 29 Desember 2025. Kini, korban meninggal akibat bencana di Sumatera tercatat 1.140 atau bertambah 1 jiwa dari kemarin. Berdasarkan data yang dirilis BNPB pukul 06.30 WIB, 163 orang dilaporkan 5 431 525",0,0,0.7219827,0.25642723,0.021590116
dan 3 lainnya Perintah siapa kok bisa ditahan di gudang seperti ini? 1 451,0,0,0.7762163,0.20633067,0.017452963
"ingat banget waktu Banjir Besar di wilayah Sumatera Selatan juga sekabupaten kenak banjir aliran sungai Musi, tapi enggak ada tanggap dari pusat, aku kecarian emak bapak karena seminggu enggak bisa dihubungi, dan alhamdulillah mereka masih bisa hidup dengan stok makanan seadanya 1 58",1,2,0.29268447,0.16673097,0.54058456
"Wamenag Romo Syafi'i serahkan bantuan Rp2 Miliar untuk Gereja Katolik terdampak banjir di Sumut, Senin (29/12). Bantuan disalurkan ke Keuskupan Agung Sibolga (Rp1,7 M), Medan (Rp200 Jt), & Aceh (Rp100 Jt) untuk rehabilitasi rumah ibadah & pemulihan psikis umat. KemenagRI",2,2,0.023980763,0.059295025,0.91672426
"PPTIM menegaskan tiga poin utama: penetapan status darurat bencana nasional, pembukaan akses bantuan internasional, serta pembentukan Badan Pemulihan dan Pembangunan (BPP) yang terintegrasi untuk Aceh, Sumut, dan Sumbar. Aceh Dari Luka ke Harapan: Aceh Butuh Rehabilitasi yang Nyata dan Berkeadilan - Serambinews. 55",2,2,0.033155553,0.33015096,0.6366934
PRAY FOR SUMATRA ​Keluarga besar SMPN 6 Madiun turut merasakan duka mendalam atas musibah banjir bandang yang kini melanda beberapa wilayah di Sumatra. ​Mari kita kirimkan doa terbaik ​PrayForSumatra BanjirBandangSumatra Solidaritas SMPN6Madiun,0,0,0.7342436,0.10383324,0.16192318
"Ribuan rumah terendam banjir. Ratusan titik longsor. Jutaan orang terdampak akibat bencana ini. tapi pemerintah seakan tutup mata, memang bang*at sih.. 1 26",0,0,0.9307549,0.041275673,0.02796946
"dan Bahkan disembunyikan ditempat yang Aman, berhubung hutan itu sudah gundul & hujan terus-menerus terjadilah banjir bandang, sehingga kayu hasil bajingan tersebut terbawa arus air berserakan dimana-mana, begitu Lho? 1 125",0,0,0.6858567,0.2970067,0.017136585
"Lagi hujan deras kayak begini aku kepikiran sama saudara setanah air yang ada di provinsi Aceh, Sumut, dan Sumbar. Apa disana lagi hujan deras juga enggak yaa, apa mereka aman, apa mereka khawatir sama hujan turun??? 1 20",0,1,0.39824617,0.5602477,0.04150608
Akun parodi katanya penanganan pasca banjir bandang dan tanah longsor di Sumatera sudah berjalan dengan baik kok kita masih lihat pemandangan seperti itu 88,0,1,0.074599706,0.5850556,0.34034467
"Lima hari setelah dilanda bencana yang dipicu siklon tropis Senyar dan Koto, akses jalan Banda Aceh-Medan masih lumpuh. Sejumlah ruas jalan tidak bisa dilalui karena tergenang banjir dan tertutup material ataupun longsor. Lingkungan AdadiKompas kompas. Akses Lintas Timur Banda Aceh-Medan Masih Lumpuh Lima hari pascabencana, akses jalan Banda Aceh-Medan masih lumpuh. Situasi itu membuat sejumlah lokasi terdampak masih terisolasi, termasuk di pesisir timur Aceh. 1 1 628",0,0,0.8319063,0.14605361,0.02204003
"dan Dan kalau kamu pakai contoh Riau, tolong pakai yang benar, kampar, siak, pelalawan, ohul juga banjir rutin loh tiap tahun. Syukurnya enggak separah yang lagi terjadi di aceh sumut sumbar skrg. Fakta enggak hilang hanya karena kamu enggak mengalaminya sendiri Mute 2 95",0,1,0.31273428,0.5861933,0.10107241
"Anggota Komisi III DPR RI Abdullah meminta Polri untuk segera membuat posko perlindungan perempuan dan anak di lokasi terdampak bencana banjir dan tanah longsor di Sumatera Utara, Aceh dan Sumatera Barat. Anggota DPR meminta Polri buat posko perempuan-anak di lokasi bencana 1 1 341",1,1,0.039201483,0.5817147,0.37908384
Kita Apresiasi Langkah TNI karena tlh mengerahkan lebih Personel untuk Rekonstruksi & Rehabilitasi Pascabencana Sumatra tapi Ingat Prmasalahan yang ada di Sumatra adalah Soal PEMBALAKAN LIAR. Banjir &Longsor parah enggak menutup kemungkinan bisa trjdi lg. Maka SELESAIkan dulu MASALAH utamanya,0,2,0.30485582,0.26407242,0.43107176
"Ketika banjir melanda Aceh, bukan hanya rumah yang terendam, tetapi juga harapan para pelaku usaha. ManajemenBisnis UMKMAceh BanjirAceh KetahananBisnis 1 56",0,2,0.13858613,0.41536108,0.4460528
"Fenomena baru,banyak banget nyamuk,pagi siang malem. Apa ini efek dari banjir bandang pulau Sumatra ya,jadi pada ngungsi ke pulau Jawa . Pasang status di sw Bogor yang enggak pernah ada nyamuk pun terasa nyamuknya.... banyaknaymukdirumahku efekhutangundul nyamukngungsi 76",0,1,0.42777467,0.5347188,0.03750651
"Gubernur Jawa Barat Dedi Mulyadi memastikan akan bertolak langsung ke Aceh, Sumatera Barat, dan Sumatera Utara untuk menyalurkan bantuan bagi korban terdampak banjir dan longsor. Bantuan yang berhasil dihimpun Pemerintah Provinsi Jawa Barat bersama berbagai pihak mencapai Rp7 132 294 306",0,0,0.5927256,0.07127656,0.3359978
"Akun parodi Pagi² pekerjaan nya mengasih kabar dan mencari kabar yang lain. Kilas balik banjir bandang di pesisir selatan tahun kemaren, kami yang terdampak ya cuma punya kami dan keluarga, mana peduli pemerintah. Tau enggak tahun kemarin pessel rata? Enggak kan wkwwk. sekarang sudah SUMATERA yang KENA- 3 143",0,0,0.8918104,0.07316852,0.035021037
"Di saat banjir dan longsor meluas, publik berharap pemimpinnya hadir. Pernyataan Presiden mempertegas ekspektasi itu: hadir, sigap, dan bertanggung jawab. kompas. Prabowo Sentil Keras Bupati Aceh Selatan, meminta Mendagri Ambil Tindakan Tegas Prabowo soroti Bupati Aceh Selatan yang umrah tanpa izin saat banjir melanda wilayahnya dan meminta Mendagri segera ambil tindakan tegas. 25",2,1,0.32195017,0.54979914,0.12825067
Pembersihan terus dilakukan oleh Pemerintah di Aceh Tamiang. Pemerintah hadir untuk terus memulihkan lokasi bencana di Sumatera. Aceh Sumut Sumbar Sumatera 9,2,2,0.01675538,0.11032427,0.8729204
"Bencana banjir bandang dan tanah longsor Sumatra Utara, Barat, dan Aceh menarik perhatian luas media asing, seperti Associated Press, New York Times, Reuters, hingga ABC . Kantor-kantor berita global soroti parahnya dampak bencana, terutama terkait dugaan kuat adanya peran",1,1,0.10390694,0.87746805,0.01862494
"dan kalian enggak sadar, kah? kita lagi disetir abis-abisan, issue banjir, sawit, dll langsung ditutupi pakai berita sampah inara fugly, aura kashit, defuqna karamoy. buzzer di semua platform sudah melimpah ruah, salam orba! 5 563",0,0,0.9131077,0.06486594,0.022026459
setiap lihat berita tentang sumatra bawaannya pengin menangis PrayForSumatera 65,0,0,0.61048007,0.32069078,0.06882922
"Bantuan untuk saudara-saudara kita di Aceh, Sumut, dan Sumbar masih sangat dibutuhkan. Melalui aplikasi MASA donasi lebih mudah disalurkan kapan saja dan di mana saja. Yuk, cek cek MASA di ponselmu untuk melanjutkan langkah yang lebih baik! DonasiSumatra PrayForSumatra 4 23 64",2,2,0.016013272,0.04325315,0.9407336
"BNPB bersama TNI–Polri, BASARNAS, dan pemerintah daerah telah mengerahkan tim gabungan untuk evakuasi, pencarian korban, serta penyaluran logistik melalui jalur darat maupun udara. BNPB kerahkan alutsista guna percepat evakuasi korban banjir Sumatera 1 1 153",0,0,0.8019975,0.10753627,0.09046622
"untuk daerah meulaboh saya kurang tau kak, tapi daerah banda aceh aman ya, cuma banjir luapan air hujan tanggal 27 dan surut tanggal 28. memang sekarang mati lampu lagi, kebetulan saya juga di kuta alam 1 1 369",1,1,0.07101509,0.9108753,0.01810951
"Saya rakyat kecil mau usul, sekarang kembalikan kepada yang meminta ktp para pejabat,, nisalkan nih rumahnya kesapu banjir sampai rumah rata dengan tanah, dana data hilangn semua,, terus ktp nya kalo buat lagi apa bisa langsung jadi, terus rt rw nya ikut di mana,, ini saya orang awam 13",0,0,0.9612249,0.026532348,0.012242666
"Banjir Rob di Jakut, Motor Mogok Usai Nekat Terobos Genangan 20.detik. Video: Banjir Rob di Jakut, Motor Mogok Usai Nekat Terobos Genangan Banjir rob merendam kawasan Jalan RE Martadinata, Jakarta Utara, tepatnya di depan Jakarta International Stadium (JIS), pada Kamis pagi (4/12) sekitar pukul 09.30 WIB. Air pasang laut yang meluap ke... 105",0,1,0.47078237,0.51654863,0.012669045
"SHGlobal Prabowo sokong jual lumpur banjir di wilayah Aceh, Sumatera Barat dan Sumatera Utara, dapat pulihkan segera sungai selepas bencana Banjir Sumatera Prabowo Bencana Jual lumpur banjir Sumatera .my 360",2,2,0.051806916,0.15113938,0.79705375
"Banjir sudah masuk rumah. Kamarku, kamar almarhum bapak, kamar mandi, gudang, teras sudah kebanjiran. Hujan masih belum ada tanda-tanda akan berhenti. Padahal prediksi BMKG mestinya jam 20.00 sudah enggak hujan di desaku. Gusti Allah, kulo pasrah. 1 122",2,0,0.8765826,0.101980925,0.021436464
"PT Pertamina Patra Niaga Regional Sumatera Bagian Utara (Sumbagut) bersama Pemerintah Kota Banda Aceh menginisiasi operasi pasar gas elpiji bersubsidi dan non-subsidi di empat lokasi strategis untuk memenuhi kebutuhan masyarakat pasca-bencana, sekaligus memastikan ketersediaan",1,2,0.009706227,0.4376245,0.5526693
"Perjuangan tanpa henti untuk mengembalikan terang dan harapan masyarakat Aceh. Sudah sebulan lebih pascabencana banjir yang melanda wilayah Aceh, salah satu yang paling parah terdampak adalah Kecamatan Takengon, Kabupaten Aceh Tengah. Petugas PLN selalu bersiaga, medan sulit 44",0,2,0.09465719,0.040188156,0.8651547
"Ini baru Gubernur yang hebat, berani dan punya nurani. Siapa pelaku yang menyebabkan banjir bandang dan longsor di Aceh, Sumut dan Sumbar harus di adili, jika tidak bisa di adili Indonesia, Gubernur Muzakir Manaf sebut di pengadilan internasional. Ronggo Sadewo (.sadewo) • Instagram reel 1 47",0,0,0.8864965,0.06684097,0.04666252
Lagi prihatin lihat korban banjir Sumatera. malas mengurusi ijazah,0,0,0.9311321,0.040612545,0.028255383
"""Pusat kayaknya tutup mata,"" kata Ismail A Jalil, Bupati Aceh Utara. Dia menyatakan bencana banjir di Aceh 'lebih parah dari tsunami 2004. Dia menjelaskan, desa-desa berubah menjadi muara, dan rumah-rumah hanyut. 17 434 716",0,0,0.86526364,0.12560005,0.009136277
Update. Pengerukan sedimen sungai akibat banjir. Alat berat telah diturunkan oleh pejabat yang berwenang. Jalur Sungai sekitar kota Padang. 17/12/2025 1 11 23 880,1,1,0.030317696,0.9440774,0.025604965
"Presiden Prabowo Cek Jembatan Mantuang, Padang Pariaman Pasca Banjir Presiden Republik Indonesia Prabowo Subianto meninjau langsung sejumlah lokasi terdampak banjir di Sumatra Barat, Kamis 18 Desember 2025, termasuk pembangunan Jembatan Padang Mantuang di Kabupaten Padang 1 1 248",1,1,0.02334791,0.8458578,0.13079424
"Berdasarkan laporan terbaru dari BNPB (via SCMP, 6 Des 2025), jumlah korban meninggal akibat banjir di Sumatra adalah 883 orang, dengan 520 hilang. Angka di posting asli (893) mendekati, tapi resmi 883. Bisa berubah seiring update.",0,0,0.6946588,0.29099426,0.014346959
"Gubernur Aceh Muzakir Manaf memperpanjang status darurat bencana selama dua pekan. Keputusan ini diambil karena banjir dan kerusakan fasilitas masih meluas, sementara ratusan ribu warga belum kembali ke rumah. Pemerintah daerah menambah tenaga evakuasi dan mempercepat pemulihan 38",0,1,0.23552324,0.60977393,0.15470287
Sebuah video viral menampak sekelompok orang berseragam mirip loreng menghentikan kapal pengangkut bantuan untuk korban banjir di Aceh. Diketahui kelompok tersebut merupakan dua orang anggota KPA (Komite Peralihan Aceh) Meja Ijo Idi Cut di Aceh Timur. tni aceh aktualcom 145,0,0,0.830257,0.045398783,0.12434422
"Penderitaan warga Desa Sibara-bara, Kecamatan Angkola Sangkunur, Kabupaten Tapanuli Selatan (Tapsel), Sumatera Utara, kini berada di titik nadir. banjir sumatra Potret Memilukan Wilayah Terdampak Banjir di Tapsel: Sekolah Masih Tertimbun Lumpur, Jalan Rusak... 3 1 867",0,0,0.9194893,0.024503563,0.05600711
"Dalam RDP dengan Kementerian Kehutanan, Anggota Komisi IV DPR RI Rahmat Saleh mengkritik keras pemaparan Kementerian yang dinilainya mengabaikan peran deforestasi sebagai penyebab utama banjir dan longsor di Sumatra. Ia juga menyoroti meningkatnya produksi industri kehutanan di 8 63 172",0,0,0.52336335,0.44569346,0.030943131
Bupati Al-Farlaky Tidak henti henti nya terus Mengantarkan Bantuan ke berbagai Pelosok Aceh Timur yang terdampak Banjir 23,2,2,0.015356733,0.036409702,0.94823354
"Baling ""Syukur, akhirnya kami dapat masuk ke rumah baharu dan dapat sambut Ramadan dengan selesa tahun ini (2026),"" kata Che Nai Isa, 62, seorang daripada 17 mangsa banjir puing Kampung Iboi. hmetro. .my 'Syukur, dapatlah sambut Ramadan dengan selesa' - mangsa banjir puing | Harian Metro Baling: “Syukur, akhirnya kami dapat masuk ke rumah baharu dan dapat sambut Ramadan dengan selesa tahun ini (2026),” kata Che Nai Isa, 62, seorang daripada 17 mangsa banjir puing Kampung Iboi pada 4... 488",2,1,0.10396197,0.5433935,0.35264456
"Puan meminta Mitigasi Diperkuat: Bencana Tak Bisa Dihindari, Tapi Dampaknya Bisa Diminimalisir Ketua DPR RI, Puan Maharani, menegaskan perlunya penanganan cepat dan terukur terhadap bencana yang melanda Aceh, Sumatera Utara, Sumatera Barat, dan sejumlah wilayah lain di Indonesia. 84",1,1,0.044339206,0.8349871,0.120673686
"Setelah Sumatera, banjir juga melanda Kalimantan Selatan (Kalsel). Di provinsi ini, kejadian bencana ini berulang tiap tahun.",1,1,0.29292694,0.690114,0.016959058
"Negara, kamu dimana? Pemerintah, kamu dimana? Apakah raungan pilu dari Sumatera ini tidak terdengar sampai kesana? Apakah raungannya, tangisannya, jeritannya kurang keras? Sampai kamu seolah menganggapnya sepele? Savesumatera longsor banjir",0,0,0.9264301,0.03491855,0.038651317
"Menteri Sosial (Mensos) Saifullah Yusuf menegaskan pemerintah melalui Badan Nasional Penanggulangan Bencana (BNPB) tengah menyiapkan hunian sementara untuk korban bencana banjir dan tanah longsor di Aceh, Sumatera Utara, hingga Sumatera Barat. Selengkapnya : 1 3 4",0,0,0.7361752,0.13995372,0.12387111
Selain ada alice ini chains yang menyuarakan bentuk empatinya Ada juga Morfem band lokal yang mengadakan konser untuk menyumbangkan ke korban-korban banjir di sumatera loh PenasaranStay tuned terus di AlternativePrime 38,0,2,0.41813686,0.074529834,0.5073333
"dari awal memang pemdanya yang enggak becus, data awal enggak pernah update, enggak sigap, enggak pnh punya plan mitigasi bencana Malah koar2 pempus yang enggak bisa kerja",0,0,0.75154394,0.1508329,0.09762309
"Banjir bandang yang melanda Aceh bukan sekadar bencana biasa. Gubernur Aceh Muzakir Manaf alias Mualem mengungkap sederet kejanggalan yang membuatnya membandingkan musibah ini dengan tsunami 2004. Mualem Bongkar Keanehan Banjir Bandang Aceh: Air Hitam, Tak Kunjung Surut, Seperti Tsunami Kedua -... 96",0,0,0.68841785,0.29449877,0.017083393
"Data jumlah korban jiwa dan hilang bencana Sumatra: Aceh: 218 korban jiwa, 227 orang hilang Sumatera Utara: 301 korban jiwa, 163 orang hilang Sumatera Barat: 225 korban jiwa, 161 orang hilang Korban jiwa terbanyak di Agam (136) Korban hilang terbanyak di Aceh Utara (118) 1 91",0,0,0.8480976,0.12960829,0.02229414
"Pembangunan Fasilitas yang Rusak sudah mulai dbangun di Aceh. Sudah sebulan lebih Masyarakat Aceh, Sumut & Sumbar yang menjadi Korban Banjir & Longsor hidup terisolir Kini Tugas adalah memastikan Msyrakat bisa kembali hidup normal setelah Badai ini berlalu 1 6 8 450",0,0,0.90006214,0.021002706,0.078935094
"Warga terdampak banjir dapatkan bantuan logistik dan kebutuhan pokok, distribusi berlangsung lancar. Aceh Sumatera Update 14",2,2,0.015078469,0.10169619,0.8832254
"Ada yang menyiapkan tataan menyambut tahun 2026, namun sebagian saudara kita menata kehidupan mereka dimulai dari Nol. sumatra banjir PrayForSumatera 1 39",0,0,0.48448774,0.26550975,0.25000253
"Akun parodi Ya Tuhan, di antara gelombang duka dan tanah yang terguncang, kuatkanlah saudara-saudara kami di Aceh, Sumatera Barat, dan Sumatera Utara. Jadikan air mata mereka menjadi kekuatan, dan langkah mereka menjadi harapan. Bentangkanlah perlindungan-Mu seluas langit, dan turunkan 2 3 11 401",0,0,0.42990905,0.18283665,0.38725424
terima kasih polri telah banyak membantu masyarakat korban banjir hingga dirikan tiang listrik dan bangun jembatan agar penyaluran bantuan dan evakuasi bisa lebih maksimal untuk Bangkit Bantu Saudara WujudkanPemulihanSumatera 24,0,2,0.3597735,0.03210368,0.6081228
"Kecamatan Sunggal, Kabupaten Deli Serdang, menjadi salah satu dari banyak wilayah di Sumatra yang merasakan dampak banjir terparah. Aktivitas warga terganggu, rumah terendam, dan kebutuhan sehari-hari menjadi hal yang paling mendesak. 1 89",0,0,0.665672,0.26572502,0.068602994
"sedih banget ya allah, lihat vt isinya dengar teriakan meminta tolong saja mana gelap lagi, saut2an meminta tolong. ya allah lindungi semua yang terkena dampak banjir dari tadi nangisin ini saja 1 17",0,0,0.926998,0.02389689,0.04910511
"Pemerintah Hadir mengorkestrasi seluruh kekuatan bangsa agar penanganan berjalan masif dan terpadu. Sinergi Pemerintah Bareng Warga di lapangan menjadi energi utama percepatan ini. Karena Pemerintah Sigap untuk Aceh Sumatra, kita yakin badai segera berlalu Aceh Sumatra Bangkit. 13",2,2,0.008398149,0.020907767,0.97069407
teman² aku meminta doanya buat teman aku yang lagi sakit di rumah sakit. sakitnya lumayan parah. kami belum bisa menghubungi keluarga nya karena terdampak banjir sumatra juga. terimakasih,2,0,0.43660215,0.1599517,0.4034461
Wa'alaikumussalam warohmatullah wabarokatuh PrayForSumatera 44,1,1,0.062970415,0.6763349,0.26069465
"Bencana memang datang tanpa peringatan, tapi kepedulian tidak boleh menunda. Dari evakuasi hingga pemulihan, semua elemen bersatu bahu-membahu di lapangan. Pemerintah Sigap untuk Aceh Sumatra, memastikan bantuan terus mengalir sampai semua kembali normal.",2,2,0.012936654,0.014070058,0.97299325
"Pada penghujung tahun 2025, Indonesia dilanda banjir bandang dan bencana longsor yang terjadi di Sumatra Utara, Sumatra Barat dan Aceh. Lebih dari 1.000 orang menjadi korban akibat bencana tersebut Saksikan program spesial ""Catatan Akhir tahun-tahun bersama Budiyanto, Pemimpin 739",0,0,0.84093916,0.13669428,0.02236654
"Legal saja bisa menyebabkan banjir parah, bagaimana illegalnya? Termul memang parah gobloknya 1 77",0,0,0.9314194,0.056969732,0.011610895
"Prabowo bilang, pemerintah siap terima bantuan untuk korban banjir di Sumatera. Langkah positif buat bantu masyarakat yang lagi kesusahan. Kita semua bareng-bareng, ya! 7",0,2,0.33567816,0.047818966,0.6165029
"Malaysia sumbang 1 sama dipuja-puja,orang jawa dan daerah lain yang nyumbang untuk banjir aceh kemarin lebih besar malah masih dihina dihina nitizen sana? 29",0,0,0.8223492,0.09003973,0.087611064
"Agak kesentil waktu panglima provinsi Anjing bilang warga provinsi Kelinci bisa ngungsi kalau ada dokumen registrasi. Sama saja kayak pejabat sini waktu banjir kemaren, harus bawa KTP dan kakak buat menerima bantuan, seolah warga bakal ingat buat selamatin dokumen-dokumen itu 1 27",0,0,0.6410364,0.21487762,0.14408602
Relawan paruh baya yang setiap hari mengantarkan air bersih dari posko kami di Nagan Raya masih sempat membantu menarik mobil mogok di jalan. Pak Adri ini saat tsunami dulu wara-wiri dengan mayat korban di Aceh Barat dan Nagan Raya. Hari ini pun tak mau tinggal diam. 11 37,2,0,0.8410065,0.029894823,0.12909855
Seharusnya menyita semua kayu kayu gelondongan yang menjadi penyebab banjir bandang di Sumatra Berkekuatan hukum tetap Untuk penyelidikan siapa pemilik pemilik kayu gelondongan tersebut sebagai pelaku kejahatan Perusakan alam Jangan berharap dengan POLRI dan TNI,0,0,0.74591523,0.1759634,0.078121416
"Akun parodi 24 des di Aceh Karena Ulah Klean ,rakyat hidup ketakutan Cuaca dan Hutan yang gundul membuat warga Aceh Sumut dan Sumbar selalu dihantui ketakutan akan datangnya bencana Longsor & Banjir Bandang yang datangnya tiba tiba Mau sampai kapan Klean biarkan Rakyat hidup begini? 3 126 159",0,0,0.9691975,0.018896343,0.011906141
Warga yang kena banjir itu bagaimana ya mereka memulai hidupnya lagi setelah semua yang mereka punya hilang dalam sekejap 82,0,0,0.9301018,0.036739364,0.03315885
"Gus Bicara Peluang Status Bencana Nasional Ditetapkan di Aceh-Sumut “Yang menentukan nanti adalah BNPB dan kementerian-kementerian di bawah koordinasi pembangunan manusia dan kebudayaan,” BencanaNasional PrayForSumatera news.detik. Cak Imin Bicara Peluang Status Bencana Nasional Ditetapkan di Aceh-Sumut Menko Cak Imin pastikan penanganan bencana di Aceh dan Sumatera Utara. Selain itu, Cak Imin bicara peluang status bencana nasional mungkin ditetapkan. 23 22 37 936",2,1,0.015388666,0.9382184,0.04639292
Pemerintah menyalurkan bantuan finansial langsung kepada keluarga terdampak banjir demi pemulihan ekonomi daerah. Aceh Sumatera Update 14,2,2,0.010829999,0.032206357,0.9569636
"Akun komentar Banjir bandang terjang Sumut, Sumbar, Aceh. Polri langsung turun tangan! Evakuasi, bantuan medis, logistik... semua gercep! Salut! Polisi Tanggap Bencana Terimakasih POLRI _ 1 1 34",2,2,0.016764961,0.028643757,0.9545912
"BNPB Update Bencana: kembali menginformasikan perkembangan terkini prioritas utama tetap pada evakuasi, penanganan darurat, dan kebutuhan mendesak warga. Ikuti perkembangan BNPB Update Bencana banjir longsor 3 Provinsi ( Aceh, Sumutdan Sumbar) di youtube youtube. BNPB Indonesia The Indonesia National Disaster Management Authority 38",1,1,0.014756274,0.90760475,0.07763892
Bantuan Kemanusiaan Polda Sumsel dan Bhayangkari Daerah Sumsel Tiba di Polres Tapanuli Selatan Bantuan kemanusiaan dari Polda Sumatera Selatan bersama Bhayangkari Daerah Sumsel untuk korban bencana alam Polsek Ilir Timur I Palembang () • Instagram photo 1 32,0,0,0.7932929,0.055156626,0.15155052
"Perayaan Natal tahun ini tidak seperti tahun sebelumnya. Saudara-saudara kita umat Kristiani yang terdampak bencana beberapa waktu lalu, merayakan Natal dengan rasa duka. Rasa duka karena rumah terendam bahkan ada juga yang keluarganya hilang terbawa arus banjir dan tanah",0,0,0.8740965,0.057372097,0.06853142
"Menteri Sosial (Mensos) Saifullah Yusuf atau Gus Ipul mengusulkan pemberian bantuan sosial berupa jaminan hidup bagi korban bencana banjir bandang dan tanah longsor di sejumlah wilayah Sumatra. Gus Ipul menyebutkan, jumlah jaminan hidup (jadup) yang akan diberikan sebesar Rp10",0,2,0.2851338,0.2449321,0.46993408
"BNPB mencatat 40 korban meninggal yang ditemukan tim SAR, sehingga total korban jiwa bencana Sumatra kini mencapai 961 orang. Simak pembahasan selengkapnya di video berikut ini! FaktaOne CariBeritaditvOne BLD05 BNPD BanjirSumatra BanjirAceh KorbanBanjir PakarUGM 2 2",0,0,0.8012897,0.17107657,0.027633673
POLDA SUMSEL LEPAS BANTUAN KEMANUSIAAN UNTUK KORBAN BENCANA DI PROVINSI SUMATERA UTARA Polda Sumatera Selatan menggelar kegiatan pelepasan bantuan kemanusiaan untuk korban bencana alam di Provinsi Sumatera Utara pada Rabu (3/12/2025) pukul 13.30 WIB di depan Gedung Presisi 1 1 58,0,0,0.8536765,0.052074604,0.0942489
Keren banget! Semoga semakin banyak pihak yang tergerak untuk membantu. Mari kita doakan yang terbaik untuk Sumatera. PrayForSumatera IndonesiaBangkit 22,2,2,0.013811686,0.019803658,0.96638465
"tapi kemarin hujannya benaran segede itu sampai jalanan banjir snshshshsh agak seram sekarang kalo pergi-pergi ya kayaknya aku tahun baruan mau di rumah saja dahhh, takut kebanjiran enggak bisa balik 1 75",0,0,0.7992786,0.18461184,0.016109556
"Siklon Senyar Penyebab Banjir Sumatra Senyar Melemah, Tapi Tetap Waspada Siklon Senyar Penyebab Banjir Sumatra Melemah, Tapi Tetap Waspada 365",1,1,0.037540555,0.9310931,0.031366304
Personel Polda Riau Tanggap Dalam Evakuasi Korban Terdampak Banjir di Sumatera Barat PrayForSumatera LekasPulihSumatera LekasPulihBumiku PrayForAcehSumutSumbar GreenPolicing KapoldaRiau RiauUntukBumi RiauLestari MelindungiTuahMenjagaMarwah PolriUntukMasyarakat 1 131,0,0,0.6365488,0.061147425,0.30230373
"Aceh Sumatra Bangkit, Negara dating tanpa menunggu Pemerintah Bareng Warga Pemerintah Sigap untuk Aceh Sumatra 1 4",2,2,0.015417378,0.022322888,0.9622597
"Presiden Prabowo mengatakan jika dirinya diberikan daftar perusahaan yang izin nya akan dicabut, namun ia menolak untuk melihat data tersebut karena takut akan teman atau anggota dari partai nya masuk kedalam daftar tersebut. indonesia sawit berita aceh sumut 1 33",1,0,0.55534965,0.42538574,0.019264612
"Kok banjir di Sumatra diam saja min, parah lu bab* 1 1 114",0,0,0.9424523,0.039492946,0.01805472
"TPL bersama industri sawit dan tambang gencar lakukan land clearing. Akibatnya, hulu DAS rusak parah—ini akar penyebab tragedi banjir bandang dan longsor mematikan di Sumatera Utara tahun 2025. Buletin Medan () • Instagram reel 31",0,0,0.9442679,0.044717327,0.01101478
"Akun komentar Pemkab Bandung menetapkan status tanggap darurat bencana banjir dan longsor. Saat ini terdapat 14 kecamatan terdampak, ribuan rumah terendam. 1 1 1 79",0,1,0.41016597,0.54951847,0.04031557
"Aneh ya,baut jembatan yang dilepas langsung disebut biadab,tapi hutan yang jelas ditebang sampai banjir merenggut ribuan nyawa cukup disebut musibah.Mungkin karena baut bisa ditunjuk pelakunya,sementara yang satu lagi terlalu besar untuk disebut namanya.",0,0,0.97237533,0.018294442,0.00933021
"Najis banget lihat story teman yang upload tenda kemensos di area terdampak banjir Sumatra tapi enggak jelas pula lokasinya di mana. Terus songongnya lagi pakai caption, ""gak perlu diviralkan cukup diam-diam aja."" ya kampang, ya itu kan memang harusnya pekerjaan kementrian lu!! GIF 1 79",0,0,0.92186874,0.050211623,0.027919699
"Pertama kalinya dalam hidup ngungsi karena banjir. Panik waktu packing tas siaga bencana, cabut2in semua colokan listrik, naikin barang ke meja/atas lemari... 1 56",0,1,0.4558735,0.47845167,0.065674804
"Mimpi apa semalam? mengasih ide kok ya nanggung, yang lebih hancur begitu boleh.. Buat hutan ya bakal jadi hutan bakau kan pas itu sering banjir..jadi tempat pariwisata baru. Ide nya yang lebih hancur gtu, solusi banjir ya, buat kota di atas air..gk ada banjir lg, di jamin 100%. 954",0,0,0.90456426,0.07764375,0.017791886
"PrayForSumatera untuk semuanya yang terkena dampak banjir dan tanah longsor, stay safe ya semoga ujannya cepat reda, banjir surut dan selanjutnya enggak ada lagi bencana2 kayak begini ya allah 2 141",1,2,0.11399365,0.30227342,0.5837329
Kan.. kan... Kena Roasting GenZ deh jadinya kasus Starlink nya... AllEyesOnSumatra PrayForSumatera Rauf Afoche Maulana Hutagaol () • Instagram reel 20,1,0,0.5290976,0.43992427,0.030978156
"CHRISTMAS CHARITY CERIATHON 2025 JakaCeria VtuberID Vtuber Charity Ceriathon CERIATHON 2025 KEMBALI LAGI!!! Untuk tahun ini kita akan menyalurkan bantuan ke saudara-saudara kita yang terkena dampak bencana banjir di sumatra, info lebih lanjut di reply~ 1 5 11",2,2,0.025114989,0.072089486,0.9027955
"Akun komentar NarasiNewsRoom | Narasi Daily Hingga Senin (1/12) malam, BNPB melaporkan lonjakan jumlah korban dalam bencana banjir di Sumatera Utara, Aceh dan Sumatera Barat. Data terbaru, 604 orang dilaporkan meninggal dunia, sementara 464 orang masih hilang. Selain itu, 101",0,0,0.7501469,0.22250222,0.027350796
"Di tengah kondisi itu, Pemerintah Jepang melalui Perdana Menteri Sanae Takaichi menegaskan solidaritasnya kepada Indonesia dan memastikan kesiapan memberikan bantuan untuk penanganan pascabencana. Delapan Warga Jepang Terjebak Banjir di Aceh, Tokyo Siap Berikan Bantuan Pascabencana - Serambine... 1 124",2,2,0.023609417,0.04248062,0.93390995
"Pemerintah Sigap untuk Aceh Sumatra, dari pusat sampai daerah bergerak cepat. 1 4",2,2,0.0073542986,0.019019796,0.9736259
"Ya Allah PrayForSumatera Ditengah cerita pilu bencana banjir di Aceh, Medan, Sibolga dan daerah lainnya, ada Kerja Nyata perjuangan luar biasa relawan SPPG agar mbak bisa tetap sampai dengan tetap aman & higienis kepada penerima manfaat. LanjutkanMBG ROTY Tumbler Hutan Agak lain 1 528",2,2,0.054075375,0.028177492,0.91774714
Anggota Polsek Sugio Polres Lamongan Cepat Tanggap melaksanakan penanganan Banjir yang terjadi di dusun Jati desa Sidorejo Kecamatan Sugio Jum'at Sore tadi. Petugas bersama warga melaksanakan pengaturan arus lalu lintas dan membantu pengendara melewati wilayah yang terendam 1 43,2,2,0.02071088,0.18291177,0.7963774
"sedih banget, semoga semua masyarakat sumatera diberi ketabahan PrayForSumatera",1,2,0.3562447,0.10556315,0.53819215
Akun parodi Penanganan banjir Sumatera butuh gotong royong Projo Peduli Bencana bersama Budi Arie Setiadi mendorong solidaritas sosial nasional Setia Digaris Rakyat hadir bantu pangan sandang air bersih serta dukung Presiden Prabowo bangun kembali infrastruktur Projo Ajak Publik Bersatu Hadapi Banjir Besar di Sumatera 2 56,2,2,0.018178988,0.026372893,0.9554481
"Pantesan Anggaran Bencana Sumut Dipangkas 88% di Era Bobby Nasution, Respons Banjir Dinilai Lambat! Pemerintah Provinsi Sumatera Utara (Sumut) di bawah kepemimpinan Gubernur Bobby Nasution menuai kritik tajam setelah memangkas drastis anggaran Belanja Tidak Terduga (BTT)—pos Anak ogi dan 9 lainnya 9 41 63",0,0,0.71107596,0.2395803,0.049343724
Dunia kegelisahan Kelihatannya banjir susulan bisa jadi lebih parah dikemudian hari jika tidak segera diatasi hulunya,0,0,0.83579934,0.14421546,0.019985164
"Daftar 10 banjir besar di Indonesia Bencana banjir Sumatera Utara, Aceh, dan Sumatera Barat saat ini bukan yang pertama terjadi di Indonesia. Semestinya pemerintah bisa belajar dari bencana sebelumnya. PrayForSumatera PrayForAceh Berikut banjir dengan jumlah korban 125",0,0,0.82130927,0.15798867,0.02070211
"dan 3 lainnya mana bantuan alat berat dari pemerintah pusat pak? Mohon gunakan Pajak itu pakai beli alat berat, masa jaman begini hewan digunakan bersih2 sisa banjir, malu pak sama negara tetangga ini sudah masuk berita dunia loh pak... Miris lihatnya pak 1 129",0,0,0.9245537,0.036342323,0.03910402
"Menteri ESDM Bahlil Lahadalia mengklaim bahwa tambang bukanlah penyebab bencana banjir dan longsor di Sumatra Barat (Sumbar). Sedangkan di Aceh dan Sumatra utara, ia mengaku masih melakukan pengecekan. Tapi, Wahana Lingkungan Hidup Indonesia (Walhi) Sumatra Barat mengungkap 2 188",1,1,0.023035143,0.9661791,0.010785815
"Rinciannya, sebesar Rp 25,41 triliun untuk Aceh, Rp 12,88 triliun untuk Sumatera Utara (Sumut), dan Rp 13,52 triliun untuk Sumatera Barat (Sumbar). 1 8",1,1,0.030751048,0.9199888,0.049260143
"sampai hari ini, enggak ada transparansi soal peta sebaran izin, lokasi temuan kayu, sebaran dampak banjir. masyarakat cuma dikasih istilah teknis kayak ""phat di apl"" & enggak nyebut satu nama pun. di balik itu semua, 659 jiwa sudah wafat & lebih dari sejuta orang ngungsi. 69",0,0,0.9413651,0.04627657,0.012358242
Banjir lagi banjir lagi ya Allah. 83,0,0,0.6304983,0.31827527,0.051226478
Bencana di Sumatera itu efek patung Mulyono didirikan di Sumatera Utara. Bumi Indonesia tidak merestui patung Mulyono didirikan karena dia merusak negara ini 1 73,0,0,0.89487725,0.086109705,0.019013021
"Akun parodi Banjir bandang di Sumatera sudah bikin banyak korban dan ratusan ribu orang harus ngungsi. Di tengah situasi sedih ini, masih ada aksi nyata yang jalan tanpa banyak drama. Semoga ini menjadi Pemulihan Awal Kebangkitan. KerjasamaUntukSumatera 22",0,0,0.787595,0.03383592,0.17856902
"Wajar kok mereka berisik, Rumah saja hilang, prayforaceh PrayForSumatera Bencana ini belum tuntas ya gaess..",0,0,0.8445472,0.1240834,0.03136937
"Ya Allah Sumatera banjir ya Sumatera barat, utara, selatan 1 3",0,1,0.2690847,0.662747,0.068168275
Tuhan pulihkan untuk Sumatera PrayForSumatera 1 226,2,2,0.119089656,0.16655503,0.7143553
"Itu di Sumatra bukti kalau lu gunduli hutan, salah satu bencananya adalah banjir bandang. Masih mau gundunli hutan juga?",0,0,0.9089606,0.081645735,0.00939367
Hebat emaknya siapa ini ? PrayForSumatera MAMAH NIKAH Bencana Lingkungan Hidup Jahatnya Siti Nurbaya 11 12 57,1,0,0.5928002,0.1934433,0.21375655
"Usul ke pak Purbaya: mbak di Aceh, Sumbar, dan Sumut dialihkan ke Dapur Umum Korban banjir sampai lokasi pemukiman warga selesai diatur ulang back tapi normal. 1 37",0,0,0.8473355,0.09031714,0.062347386
"Di kemarin, Bene Dion, Boris Bokir, Indra Jegel, Oki Rengga, Muhadkly Acho, Ernest Prakasa, & Dipa Andika bikin event lelang poster film AGAK LAEN: MENYALA PANTIKU yang bertanda tangan. Hasilnya? 22 juta terkumpul untuk didonasikan ke korban banjir Sumatera & Aceh 1 1",0,0,0.6754623,0.064758874,0.2597789
"Wallahu alam, kayaknya enggak ada sabotase, dari awal memang semua lambat. Lihat saja pernyataan kak BNPB. Hari keberapa pasca bencana baru semua tergagap. memang lambat saja sih. Cerita dari awal deh kirim bantuan, enggak ada itu, daerah sudah gelagapan enggak karuan baru jakarta turun. 1 94",0,0,0.6984916,0.19733149,0.10417698
"Polri melalui jajaran Polda Sumatera Barat (Sumbar) memberikan dukungan penuh penanganan bencana alam yang terjadi di wilayah Sumatera, termasuk pengerahan personel untuk pemulihan listrik. Berkat sinergi antara Polri dan PLN, 17",2,2,0.010393977,0.031782072,0.957824
"kalau sudah begini tuh sedih banget rasanya, benaran rakyat bantu rakyat, pemerintah kalau bantu juga malah pencitraan, ngonten angkat beras, pura-pura beres-beres lah, pasang muka segede gaban di sembako yang memang SEHARUSNYA LU KASIH DARI LAMA, pakai nolak bantuan asing lagi, hadeh 53",0,0,0.8513438,0.02662824,0.122027956
Akun parodi Terimakasih buat atas pengiriman bantuan kepada para korban Bencana Semoga bantuan yang di kirim selamat sampai tujuan. PrayForSumatera 3 12 29 443,0,2,0.33835468,0.054325458,0.60731983
"Pemerintah Hadir secara nyata dalam penanganan banjir di Sumatra dan Aceh. Sejak hari pertama, sumber daya dikerahkan untuk evakuasi dan logistik. Sinergi Pemerintah Bareng Warga terus berjalan di lapangan guna memulihkan layanan dasar dan akses jalan. 12",2,2,0.011503798,0.025151154,0.963345
"Agam Kembali Menyala, Sistem Kelistrikan Sumbar Pulih 100% Pascabencana! 2",2,2,0.022234917,0.111861825,0.8659033
Apa ada mafia manfaatin situasi bencana ? Kenapa BBM langka nya menyeluruh di Taput padahal akses jalan tidak menyeluruh tertutup. Usut pertamina bumn sumut tapanuli BencanaAlam belawan 1 25,0,0,0.86857194,0.076789595,0.054638416
Total 3 Prajurit TNI Gugur Saat Evakuasi Korban Banjir dan Tanah Longsor di Sumbar sumatera24jam. Sumatera24Jam: Total 3 Prajurit TNI Gugur Saat Evakuasi Korban Banjir dan Tanah Longsor di Sumbar 6,0,0,0.81257576,0.115304045,0.0721202
Pemerintah Hadir memberikan bantuan terbaik kepada Warga Aceh Sumatra yang terdampak bencana banjir 181,2,2,0.020106029,0.025218612,0.9546753
"Krisis Mushaf Quran Masih Dihadapi oleh Saudara Muslim Korban Bencana Banjir Bandang Aceh-Sumatera! Mari menjadi bagian dari hadirnya ""Mushaf Quran"" baru untuk mereka melalui, Bank Mandiri # 132.00.1565.333.1 A.n. Al Hilal Rancapanggu fyi alhilal sumatera",0,2,0.19316961,0.08085751,0.7259729
PLN Kerahkan Pembangkit 30 mau yang Tiba di Banda Aceh untuk Perkuat Pasokan Listrik Pasca Banjir NAD dengan Tambahan 20 mau Menyusul Total Capai 50 mau dalam Sistem Kelistrikan 1 177,2,1,0.025885506,0.6955472,0.2785673
"Video ini dari aksi penjarahan di Alfamart di Sibolga dan Tapanuli Tengah, Sumatera Utara, pada 29 November 2025, akibat kepanikan pasca banjir dan longsor yang menyebabkan kekurangan sembako.",0,0,0.69165254,0.28818294,0.020164577
"5.951 Huntap Dibangun di Sumatera Utara, Sebagian Dikebut Rampung Bulan Depan 5.951 Huntap Dibangun di Sumatera Utara, Sebagian Dikebut Rampung Bulan Depan 14",2,1,0.07365945,0.7545433,0.17179729
"Dnf itu di not finish, dan faktornya banyak enggak melulu tabrakan. Mobil lu tiba-tiba mogok itu juga bisa DNF",0,1,0.35689437,0.56312096,0.07998462
"Kami di Medan, hari pertama banjir bahkan rumah kami sudah terendam air sampai atap. Satu malam kami terjebak tidak ada satu pun tim penyelamat menjemput kami. Hingga pada pukul 7 malam hari, air mulai surut kami melakukan evakuasi mandiri. Banyak berita yang masih digadangkan. 1 1 240",0,0,0.64824706,0.19838108,0.15337189
Aku setuju Hukum Alam itu Mutlak! Peringatan keras dari KDM. logikafilsuf banjir banjirsumatera 2 4 162,1,1,0.38242337,0.5001154,0.11746124
"Banjir dan Longsor Meluas di Sumatra Utara, BMKG: Cuaca Ekstrem Dampak Siklon Tropis Senyar kompas.tv Banjir dan Longsor Meluas di Sumatra Utara, BMKG: Cuaca Ekstrem Dampak Siklon Tropis Senyar Kepala BBMKG Wilayah I Hendro Nugroho menyebut Senyar adalah bibit siklon tropis 95B yang berkembang sejak 21 November 2025 di Selat Malaka. 1 3",1,1,0.056982335,0.92935365,0.013663974
Komunitas yang menamakan diri Relawan Donasi Peduli Gayo memikul 12 ton beras untuk didistribusikan kepada masyarakat di dataran tinggi Aceh yang terisolasi pasca-banjir bandang dan tanah longsor. antaranews. Relawan peduli Gayo pikul 12 ton beras ke daerah terisolir Aceh Komunitas yang menamakan diri Relawan Donasi Peduli Gayo memikul 12 ton beras untuk didistribusikan kepada masyarakat di dataran tinggi Aceh yang terisolasi ... 357,0,2,0.024825009,0.056272786,0.9189022
"Buat anggota DPR yang nyinggung itu saya kasih saran, bagaimana kalo tunjang bapak di DPR di kasih buat masyarakat yang kena banjir, itu salah satu cara cari muka didepan rakyat loh pak, biar kelihatan baik juga kan, toh kalian hobynya begitu kan PrayForSumatera 26",0,0,0.4762099,0.23493661,0.28885353
"Viral Posko Bantuan Banjir di Aceh Tamiang Diserbu Emak-emak, Ungkap Ada Dugaan Penyelewengan (09/01/26) 4 4 5 726",0,0,0.48865566,0.3862754,0.12506895
"Presiden Prabowo Subianto meminta Menteri Kesehatan, Budi Gunadi Sadikin, untuk mengerahkan dokter internship (magang) serta dokter koas ke lokasi-lokasi bencana di Aceh, Sumatera Barat (Sumbar), dan Sumatera Utara (Sumut). Permintaan itu disampaikan dalam rapat terbatas 1 336",1,1,0.01778583,0.8815858,0.10062836
Bisalah panggil kim di ki buat nyelesein orang-orang bandel yang punya andil besar bikin sumatera dan aceh banjir 35,0,0,0.792579,0.15295602,0.054464977
"Gegara endapan tanah lihat pasca banjir bang, mungkin jalur air baru juga enggak ada 58",0,1,0.42874697,0.55213726,0.019115806
"Kerja cepat dan kolaboratif terlihat di Sumatera Prabowo Respon Cepat menggerakkan TNI Polri BNPB dari evakuasi hingga pemulihan saat Listrik Kembali Menyala kehidupan kembali berdenyut Kondisi Terkini Pasokan BBM, LPG, Listrik ke Daerah Terdampak Banjir Sumbar 6",2,2,0.013064948,0.021414611,0.9655205
"berkat POLRI yang selalu siaga, evakuasi korban banjir di Sumatera berjalan lancar. Salut banget! Semoga selalu amanah dalam mengemban tugas. Teruslah jadi inspirasi buat kita semua 22",0,2,0.33950594,0.06289435,0.59759974
sebanyak 222 warga yang terdampak bencana mendapatkan layanan kesehatan dari polda sumbar Melakukan Upaya Perbaikan WujudkanSumateraPulih 19,2,2,0.016745137,0.075229935,0.90802497
Masih edisi bersih2 sisa galodo. PrayForSumatera PKSPelayanUmat 110,1,1,0.07410665,0.7572732,0.1686202
dan 2 lainnya Sampai dua hari lalu MASIH ADA 100 desa TERISOLIR tidak mendapatkan bantuan setelah 10 hari pasca bencana Jadi babi di atas maunya bagaimana Sumatera bagian Utara yang luluh lantak ini? 1 34,2,0,0.9157722,0.0405518,0.043676
"Badan Penanggulangan Bencana Daerah (BPBD) DKI Jakarta melaporkan sebanyak 23 RT dan dua ruas jalan tergenang di Kota Jakarta Utara dan Kabupaten Kepulauan Seribu terdampak banjir rob pada Sabtu (6/12) siang. ""Ada 23 RT dan dua ruas jalan yang tergenang banjir rob di Jakarta",1,1,0.04136249,0.94555205,0.013085379
"Rumah dan lingkungan rumah gue padahal enggak terdampak, tapi malam ini hujan gede lagi, sudah parno duluan takut saja kenapa-kenapa Medan malam ini hujan petir lagi. meminta doanya semoga enggak ada banjir susulan ya 111",0,0,0.46208012,0.45915627,0.07876362
"Pasca Banjir Besar, Mendikdasmen Abdul Mu’ti Tinjau dan Pimpin Upacara Hari Pertama Sekolah di Aceh Tamiang acehprov.go. Pasca Banjir Besar, Mendikdasmen Abdul Mu’ti Tinjau dan Pimpin Upacara Hari Pertama Sekolah di Aceh... Pasca Banjir Besar, Mendikdasmen Abdul Mu’ti Tinjau dan Pimpin Upacara Hari Pertama Sekolah di Aceh Tamiang 38",2,1,0.026024578,0.90405744,0.06991796
"kenapa lu harus fokus sama hal yang enggak penting sama sekali? sedangkan dampak dari banjir sumatra belum selesai, papua sudah mulai digunduli lagi buat jadi kebun sawit. 2 229",0,0,0.76861435,0.16667153,0.064714156
"ANTARA - Banjir di Jakarta mulai surut, sisa 28 RT dan 6 ruas jalan tergenang Banjir di Jakarta mulai surut, sisa 28 RT dan 6 ruas jalan tergenang 1 353",1,1,0.051168263,0.92351395,0.025317764
Bekerja tulus demi rakyat Aceh 1 5 398,2,2,0.026039729,0.066722445,0.9072379
"Padahal di sekolah sudah diajarin, buang sampah sembarang, menebang pohon bisa bikin banjir + bikin polusi jadi naik, karena pasokan oksigen jadi tipis, belum lagi cadangan air dan resapan tanah jadi tipis 1 734",0,0,0.7685928,0.21594633,0.015460853
"45 hari pasca bencana, Desa Sahraja, Aceh Timur masih belum mendapatkan arus listrik. Di tengah proses pendistribusian bantuan, hati kami terenyuh mendengar cerita dari seorang anak yang rumahnya tersapu habis oleh banjir. Cerita ini mengingatkan bahwa kehilangan masih terus 8",0,0,0.55264926,0.06304351,0.38430724
"Ibu aprida, rumahnya hancur hanyut terhantam banjir dan gelondongan kayu, sisa tembok kamar mandi. Desa Tanah Terban, Kecamatan Karang Baru, Aceh Tamiang 1 455",1,0,0.9236048,0.06387305,0.012522199
"Menteri Keuangan (Menkeu) Purbaya Yudhi Sadewa siap menggelontorkan dana darurat guna membantu penanganan bencana banjir dan tanah longsor di Pulau Sumatera. ""Kalau saya disuruh bayar, saya bayar, begitu saja,"" kata Purbaya di kawasan Jakarta Selatan, Sabtu (29/11/2025). Kendati 6 922",2,1,0.033620257,0.72094184,0.24543785
"Kantor Imigrasi Kelas II tapi Langsa menjadi salah satu UPT Kementerian Imigrasi dan Pemasyarakatan yang terdampak dari banjir yang melanda Aceh, Sumatera Utara dan Sumatera Barat pada akhir November 2025 lalu. 1 46",1,1,0.06558723,0.7699084,0.16450427
ironi banget setiap lihat medsos isinya bencana PrayForSumatera 32,0,0,0.89636946,0.062597886,0.041032657
dan Amit amit jangan sampai daerah Sumsel jadi cak ini jg. Apalagi yang pengger sungai Musi sekarang juga banyak lahan di jadikan ladang sawit 4 191,0,0,0.7221497,0.23987566,0.037974693
"Pak Prabowo Respon Cepat nya luar biasa. Sejak bencana melanda Sumatera, pemerintah, TNI, Polri, BNPB all-out bantu warga. Kabar baik: Listrik Kembali Menyala di banyak titik, terhubung sistem besar. Pemulihan listrik stabil. Kondisi Terkini Pasokan BBM, LPG, Listrik ke Daerah Terdampak Banjir Sumbar 17",2,2,0.013364702,0.021841854,0.96479344
Gerak Cepat Bupati Mukhlis Tangani Musibah Banjir Cuaca ekstrem dan curah hujan yang tinggi telah menyebabkan banjir dan tanah longsor datang tiba-tiba serta melumpuhkan berbagai aktivitas warga. aceh.tribunnews. Gerak Cepat Bupati Mukhlis Tangani Musibah Banjir - Serambinews. Cuaca ekstrem dan curah hujan yang tinggi telah menyebabkan banjir dan tanah longsor datang tiba-tiba serta melumpuhkan berbagai aktivitas warga. 57,2,1,0.29304928,0.46266618,0.2442846
aduh rumah yang enggak pernah banjir itu sekarang kekmana ya banjir enggak ya mama papa adekku sekarang lagi tidur atau mengapai ini aduh banyak pula kucingku di rumah 55,1,0,0.6529678,0.32308474,0.023947496
Petenis Justin Barki Sumbangkan Bonus buat Korban Banjir Sumatera Petenis Justin Barki Sumbangkan Bonus buat Korban Banjir Sumatera 23,0,2,0.32498,0.21742354,0.4575965
Sangat disayangkan oleh kelakuan kelompok yang ingin menghambat bantuan masuk ke wilayah korban bencana banjir di aceh 1 21,0,0,0.844828,0.02785531,0.12731661
"Evakuasi Dramatis TNI AL di Tapteng: Lansia Dituntun, Balita Berhasil Diselamatkan jurnalpatrolinews. . Evakuasi Dramatis TNI AL di Tapteng: Lansia Dituntun, Balita Berhasil Diselamatkan - Jurnal Patroli... Prajurit TNI AL dari Lanal Sibolga melakukan evakuasi dramatis di Tapanuli Tengah, menyelamatkan lansia dan balita yang terjebak banjir 21",0,1,0.1756864,0.60399383,0.22031978
"Kehadiran pemerintah di tengah bencana banjir Aceh bukan sekadar janji. Bantuan nyata, respons cepat, dan kepedulian langsung menjadi bukti negara hadir bersama rakyatnya. PemerintahHadir AcehBangkit PeduliBanjir 1 62",2,2,0.009591356,0.017779564,0.97262913
"Di saat air naik dan harapan turun, TNI datang membawa keberanian. Mereka tak kenal lelah mengevakuasi warga, menjaga setiap nyawa tanpa pamrih. TNIUntukRakyat TNIBersamaRakyat TNIKebanggaanRakyatIndonesia BanjirAceh SiagaBencana 7",2,2,0.05411833,0.08009895,0.8657827
"Polri melalui jajaran Polda Sumatera Barat memberikan dukungan penuh penanganan bencana alam yang terjadi di wilayah Sumatera, termasuk pengerahan personel untuk pemulihan listrik. Berkat sinergi antara Polri dan PLN, pemulihan listrik kini telah mencapai 100% wilayah Sumbar. 28",2,2,0.009964193,0.023984697,0.9660511
"Tim SAR gabungan pagi ini masih membersihkan lumpur di sama Negeri 12 Padang pasca banjir yang melanda Sumatera Barat. Sementara siswa tetap belajar dengan sistem daring, Rabu (03/12) pagi. Mth SAR Bencana Pasca Banjir Sumatera Padang 593",1,1,0.02713511,0.8466252,0.12623964
Banjir susulan kembali melanda Kota Padang Sumatera Barat pada Minggu sore 14 Desember 2025. Puluhan warga terpaksa dievakuasi sementara dua orang dilaporkan sempat terseret arus sebelum berhasil diselamatkan petugas BanjirPadang BPBDPadang CuacaEkstrem 1 162,1,0,0.73465234,0.23335171,0.03199592
Okay takut banget ini ujannya kayak banjir waktu itu.... 96,0,1,0.46149203,0.5007003,0.03780766
"Kementerian ESDM dan PLN menyalurkan 1.000 genset untuk wilayah Aceh yang masih terisolasi akibat banjir, membantu warga tetap mendapatkan penerangan sementara. Genset untuk Aceh: Terang Sementara yang Menjaga Harapan Warga 25",2,2,0.012830679,0.046340615,0.9408287
"Walaupun Banda Aceh sudah terkendali persoalan banjir, tapi tetap ada masalah, karena kita semua tergantung kepada Medan untuk pasokan pangan dan lainnya PrayForSumatera banjirsumatera aceh.antaranews. Illiza batalkan lawatan ke Turki karena Aceh masih tanggap darurat bencana - ANTARA News Aceh Wali Kota Banda Aceh Illiza Sa'aduddin Djamal batalkan lawatannya ke Istanbul,Turki karena Aceh masih dalam masa tanggap darurat bencana hidrometeorologi ... 83",0,1,0.14570239,0.8199868,0.0343108
"palembayan, kab. agam Sumatra barat kembali berduka, galodo(banjir bandang) susulan ke 2 datang lagi, and sudah memakan korban jiwa kembali prayforsumatera banjir innalillahi",0,0,0.91840106,0.042412315,0.039186697
"BERSAMA NAJWA SHIHAB TERKAIT BENCANA BANJIR & LONGSOR DI ACEH SahabatCaroeng, Dalam suasana duka akibat banjir dan longsor yang melanda Aceh, hadir dukungan dari berbagai pihak. Kali ini, kita bersama Najwa Shihab, sosok publik yang selalu peduli pada isu kemanusiaan. 64",0,0,0.5737675,0.11504123,0.31119132
Akun parodi Pemulihan pascabencana di Sumatera Utara terus bergerak maju secara bertahap dan berkelanjutan. Pemerintah Provinsi Sumatera Utara di bawah kepemimpinan Gubernur Bobby Nasution memastikan perbaikan infrastruktur serta normalisasi sungai di wilayah Tapanuli berjalan sesuai 1 13 147,2,2,0.00872716,0.029682603,0.9615902
"Lebih dari seribu jiwa meninggal dunia dan tidak kurang dari 200 jiwa belum ditemukan sejak banjir bandang Sumatra, selasa 25 November 2025. Tidak hanya kehilangan sandang & pangan, sebagian penyintas juga kehilangan sumber penghidupan. Mereka kesulitan kembali pulang. Saksikan 2 693",0,0,0.93098253,0.035729855,0.03328763
"Tolong tutup dan tidak juga perusahaan di Jambi, Riau ,yg menebang hutan .. kerna daerah itu juga kerusakan Hutan nya parah dan sudah berubah jadi lahan sawit.... Banjir pun terus datang tiap tahun 619",0,0,0.9511559,0.030905068,0.01793896
"Air naik, tapi respons tetap ngebut. Pemerintah Hadir dari awal, turun langsung bantu evakuasi dan kirim bantuan buat warga terdampak banjir di Sumatra. 17",2,2,0.019743193,0.028047036,0.9522098
"Kementerian Pekerjaan Umum melalui Direktorat Jenderal Bina Marga memastikan Jembatan Kembar Margayasa di Tanah Datar, Sumatera Barat, dalam kondisi aman pascabencana banjir bandang dan longsor.",2,1,0.012020657,0.72717386,0.26080552
"INFO HARI INI Monggo yang daerah Tangerang dan sekitarnya merapat,Istighosah dan doa bersama bersama Ustadz Hadi Hidayat,pukul 11.00 WIB Semuga doa² untuk saudara² kita di Aceh,Sumut dan Sumbar di ijabah Allah Ta'alaa,Aamiin 2 7 21 542",2,1,0.07810611,0.5799554,0.3419385
Polri dan Kejagung Bidik Korporasi Besar Penyebab Banjir Sumatera BanjirSumatera Polri Kejagung Polri dan Kejagung Bidik Korporasi Besar Penyebab Banjir Sumatera - 24,1,1,0.17138422,0.7613695,0.067246236
"REPOST .atrbpn Halo SobATRBPN, saat ini saudara kita di Provinsi Aceh, Sumatra Utara, dan Sumatra Barat sedang mengalami musibah banjir serta longsor. Untuk itu, Kementerian ATR/BPN membuka donasi bagi masyarakat yang terdampak. Mari bersama ulurkan tangan, 70",2,2,0.026924532,0.07270761,0.9003679
"Bencana longsor dan banjir bandang yang melanda Kabupaten Aceh Tengah menyebabkan 80 desa di 14 kecamatan terisolasi. Hingga Kamis (18/12/2025), akses darat menuju wilayah tersebut masih lumpuh total akibat kerusakan parah pada ruas jalan dan jembatan. Bupati Aceh Tengah Haili 1 1 416",0,0,0.7783727,0.20419402,0.017433215
"Satgas PKH akhirnya mengungkap 12 perusahaan yang jadi penyebab banjir dan longsor di Aceh, Sumbar, dan Sumut karena alih fungsi hutan. Sekarang perusahaan-perusahaan ini sedang diperiksa di Kejaksaan Tinggi dan terancam sanksi berat, mulai dari cabut izin sampai pidana. 33",0,0,0.6156749,0.36282134,0.02150374
"Ini dana Aceh, Sumut dan Sumbar yang dipotong pemerintah ketika ada bencana",0,1,0.31612492,0.6392138,0.044661246
"Tim Relawan LAZISKU Distribusikan Bantuan Menyusuri Sungai Wampu Menuju Desa Tapak Kuda yang Terisolir - Ini Kebumen lazisku sungaiwampu PrayForSumatera desatapakkuda inikebumen. Tim Relawan LAZISKU Distribusikan Bantuan Menyusuri Sungai Wampu Menuju Desa Tapak Kuda yang... Tim Relawan LAZISKU mendistribusikan bantuan dengan menyusuri Sungai Wampu menuju Desa Tapak Kuda, Tanjung Pura, Langkat, yang Terisolir. 1 44",1,2,0.018741058,0.040457334,0.9408016
"Nanti setelah Media Asing memberitakan kondisi riil Dmpak Bencana Banjir Sumatera barulah Pemerintah kebakaran bulu idung. Selama ini diajak ke Lokasi yang tidak parah, jadi Status Bencana pun tidak Nasional. 1 29",0,0,0.7710139,0.21588746,0.013098675
"Kemenperin Salurkan Bantuan Untuk Korban Bencana Banjir di Aceh, Sumut, dan Sumbar Menteri Perindustrian, Agus Gumiwang golkarpedia partaigolkar bahlillahadalia dprri agusgumiwang 3 1 55",2,0,0.7700007,0.05839848,0.17160077
"Akun komentar Habis Gelap Terbitlah... Prabowo Pulang. ​Mereka pikir cahaya ilahi cukup buat nerangin rumah warga yang kebanjiran? ​Gelap mata, gelap hati. 2 71",0,0,0.8536341,0.11365247,0.032713372
"TNI terus hadir untuk Aceh. Pasca banjir Lhokseumawe, Denpal IM/1 memberikan layanan servis dan ganti oli gratis bagi warga sebagai bentuk dukungan nyata pemulihan mobilitas masyarakat. TNIUntukRakyat KodamIM DenpalIM LhokseumaweBangkit AcehPulih PeduliBencana TNIHadir 3 1 3 29",2,2,0.009078624,0.018537393,0.972384
"Belasan tahun lalu, Suaka Margasatwa Karang Gading dan Langkat Timur Laut di Kabupaten Langkat, Sumatera Utara, rusak berat. Ribuan hektar hutan mangrove dibabat untuk membuat arang. Pemodal dari kota membangun pabrik arang hampir di semua sudut hutan. Mangrove yang sudah gundul 1 1 1 260",0,0,0.9494201,0.03062355,0.019956335
"Kalau semua rumah terendam jama teruotus lalu apa lagi yang lebih mencekam , apakah termasuk nyawa mu Gilang baru di sebut mencekamkah 179",0,0,0.8799145,0.10711041,0.012975045
"GAJAH-GAJAH BANTU BERSIHKAN PUING KAYU PASCABANJIR ACEH Balai Konservasi Sumber Daya Alam (BKSDA) Aceh mengerahkan empat ekor gajah terlatih untuk membantu membersihkan puing kayu di pemukiman penduduk di Kabupaten Pidie Jaya, Aceh yang sebelumnya dibawa banjir bandang pada 1 6 12",2,2,0.04492588,0.4419279,0.5131462
"Contoh nyata: penanganan cepat dampak badai Siklon Tropis Senyar di P. Sumatera yang menyebabkan banjir & longsor. Negara hadir, logistik jalan, evakuasi, infrastruktur darurat bergerak. Tapi keberhasilan itu justru ramai disebarkan oleh akun yang di waktu lain ikut mencaci & 5 6 11",2,2,0.078247674,0.16175377,0.75999856
"Pemerintah hadir dan bergerak cepat bersama warga dalam penanganan bencana di Aceh dan Sumatra. Langkah sigap ini memastikan bantuan tepat sasaran, kebutuhan dasar terpenuhi, dan proses pemulihan berjalan beriringan. 15",2,2,0.008015766,0.01627155,0.9757127
bangga banget sama POLRI yang gercep bantu korban banjir di Sumatera. Mereka enggak cuman hadir tapi juga langsung sigap dengan bantuan nyata. Terus berkarya buat negeri 19,0,2,0.1820674,0.028610991,0.78932154
"Update Banjir Aceh Hari Ini 2 Desember, Jumlah Korban, & Wilayah Update Banjir Aceh Hari Ini 2 Desember, Jumlah Korban, & Wilayah 1",0,0,0.54835916,0.41554326,0.03609764
Duka saudara kita di Aceh Sumbar dan Sumut lebih penting dari pada menonton timnas 159,0,0,0.88607824,0.03939047,0.07453132
"Twitter, di your magic keluarga teman saya sampai hari ini belum ada kabar akibat banjir yang terjadi di sumatera, Aceh Tamiang. Terkait info keluarga tertera di foto 2 91 131",0,1,0.14379552,0.73096746,0.1252371
"Semoga saudara yang ada di sumbar,aceh,sumut di berikan ketabahan,dan lekas membaik Sumatraku,salut dengan polri yang senantiasa hadir di tengah masyarakat 66",2,2,0.021703757,0.037227068,0.9410692
"sesama warga saja bantu sampai sebegininya, ini otoritas tertinggi, bisa gerakin power gede (man,method,material,money) aduh lelet banget ya Allah hari ke 12 ini loh datang, cakap-cakap, foto, pulang, dan enggak berdampak signifikan NATIONALDISASTER PrayForSumatera 19",0,0,0.6717495,0.104434215,0.22381626
"KEJATI SUMBAR — Minggu, 7 Desember 2025, Posko Peduli Bencana Adhyaksa Kejaksaan Tinggi Sumatera Barat kembali melanjutkan pendistribusian bantuan kemanusiaan berupa sembako bagi masyarakat terdampak bencana alam di Kabupaten Pesisir Selatan. Kegiatan ini dipimpin oleh Kepala 1 34",2,2,0.015398231,0.05310599,0.93149585
"Done Reading Koloni oleh Ratih Kumala ""Aku ingin menjadi burung."" Membaca ini saat banjir Aceh Sumatra (Des 2025), rasanya sungguh dekat. Walopun bukan semut, melihat berita banjir itu aku merasa sekecil semut. Bedanya, Ratu Semut selalu melindungi koloninya. But, anyway.... 1 238",0,1,0.3235588,0.56869584,0.10774544
paya pencarian korban jiwa yang masih tertimbun pasca-bencana banjir dan longsor di Aceh mendapat bantuan dari luar negeri. Lima orang relawan dari Tiongkok telah tiba di Aceh untuk membantu proses pencarian dan evakuasi. Para relawan membawa peralatan khusus yang dirancang 4 18 42,0,0,0.7507415,0.07246985,0.17678873
"Kementerian Kesehatan menambah dukungan layanan dan logistik kesehatan untuk wilayah terdampak bencana banjir dan longsor di Aceh, Sumatera Utara, dan Sumatera Barat. antaranews. Kemenkes tambah logistik kesehatan ke lokasi bencana di Sumatera Kementerian Kesehatan menambah dukungan layanan dan logistik kesehatan untuk wilayah terdampak bencana banjir dan longsor di Aceh, Sumatera Utara, dan ... 1 336",2,1,0.0166678,0.5739494,0.40938273
"dan 9 lainnya Kalo aceh utara memang dari dulu langganan banjir, kak. Tanahnya turun kayak jakarta. Gue enggak tau ada pengaruh rig lng pt arun jaman dulu atau nggak. yang jelas sungainya gede² ngangkut air dari gunung ke laut. Kalo curah hujan lagi tinggi ya, siap² saja 376",0,1,0.29007494,0.6810632,0.028861897
"PDIP kirim tim medis dan dokter diaspora ke Aceh, Sumut, dan Sumbar, Ribka: Instruksi Bu Megawati PDIP kirim tim medis dan dokter diaspora ke Aceh, Sumut, dan Sumbar, Ribka: Instruksi Bu Megawati 2 383",2,1,0.04790468,0.56124115,0.3908541
semoga aceh dan daerah sumut lainnya segera membaik PrayForSumatera 73,1,2,0.011432778,0.0785736,0.90999365
"Di jaman tehnologi informasi serba terbuka begini, masih saja ada menteri yang menutupi penyebab musibah banjir yang melanda Aceh, Sumut & Sumbar dengan info menyesatkan. Woi... tidak semua rakyat Indonesia IQnya 78 semua. 25",0,0,0.8609956,0.12009359,0.018910741
insha'Alloh Makhluk ini salah satu penyebab allah SWT menurunkan bala di Sumatera Barat,0,2,0.05024161,0.46201327,0.48774505
"Bencana banjir di Aceh dan Sumatra merusak ribuan rumah, dan meninggalkan dampak serius pada anak-anak yang kini hidup di pengungsian. Situasi darurat ini menuntut respons cepat dan terkoordinasi untuk memastikan keselamatan, kesehatan, serta pemulihan psikologis anak-anak 1 4 929",0,0,0.64106214,0.1087662,0.2501717
270 jembatan bailey? Berarti Ada 270 jembatan yang rusak Karena banjir bandang di Aceh. Sumut Dan Sumbar. Itu sedikit atau banyak ya? 1 191,1,0,0.5053286,0.48077735,0.013894025
"Untuk meringankan korban bencana, di hadapan presiden Mendagri Tito Karnavian meminta kementerian dan lembaga terkait membebaskan biaya pembuatan surat-surat penting, seperti BPKB, akte tanah dll. PrayForSumatera yukgasss 12 31 102 486",0,0,0.865729,0.043866463,0.09040454
Berbagai langkah rehabilitasi terus didorong agar Aceh Sumatra Pulih dan aktivitas warga kembali normal 1 16,2,2,0.010022652,0.08600314,0.90397424
"Akses jembatan di Desa Garoga, Tapanuli Selatan, Sumatera Utara terputus akibat terjangan banjir bandang. Dibantu BPBD, warga terpaksa dievakuasi dengan lintas tali di tengah derasnya arus banjir pada Kamis (27/11/2025). Update berita selengkapnya di BeritaSatu TV,",1,0,0.49330065,0.4484979,0.05820154
"Akun komentar Langkah cepat, lintas negeri. Demi menemukan yang hilang dan memulihkan yang tersisa. PrayForSumatera PrayForAceh 17",0,2,0.16749428,0.18508267,0.647423
"Akun penggemar ya Allah ya Allah, aku tadi malam nelpon nenek kakek ku di Sumbar sna, blio bilang kalau dirumah blio matlam + banjir yang memang sampai masuk ke rumah blio. aku kasihan sama blio soalnya kakek ku memang lagi sakit, kesehatan mereka berdua juga lagi enggak memadai stay safe guys 1 65",0,0,0.7522752,0.10305977,0.14466499
Bupati Baharuddin Hadiri Rakor Percepatan Rehabilitasi dan Rekonstruksi Pascabencana di Sumatera Utara Bupati Baharuddin Hadiri Rakor Percepatan Rehabilitasi dan Rekonstruksi Pascabencana di Sumatera... 4,2,1,0.018942282,0.84410053,0.13695715
"di samalanga, kab bireun Aceh juga begini. yang menyusuri orang tua di rumah-rumah juga masyarakat yang ada kapal pribadi. team sar enggak ada.",1,0,0.5923777,0.37215135,0.035470977
"Hotel jadi salah satu tujuan warga Medan, Sumut, mengungsi imbas banjir. Sejumlah hotel kini mendadak kehabisan kamar gegara banyak warga yang mengungsi. Ramai-ramai Warga Ngungsi ke Hotel hingga Kantor Imbas Banjir Medan 2 1 1",0,0,0.6398897,0.31839663,0.041713595
Selandia baru negara yang terkenal akan kehijauan alamnya. Kenapa mereka bisa lebih menjaga itu sampai skrg. Jika kita tanya chatGPT berikut jawabannya. Deforestasi PrayForSumatera PrayForSumatera banjirsumatra sawit 1 50,1,1,0.13682055,0.78965807,0.073521405
"Untuk tahun ini, Purbaya memastikan sebanyak Rp 268 miliar telah mengalir ke Aceh, Sumatera Utara dan Sumatera Barat hingga 52 Kabupaten/Kota yang terdampak bencana banjir dan longsor. 1 1 1 141",1,1,0.015041122,0.8244316,0.16052726
"""Update Banjir Sumatra 10 Desember 2025: 967 Korban Jiwa, 157 Ribu Rumah dan 498 Jembatan Rusak"". Update Banjir Sumatra 10 Desember 2025: 967 Korban Jiwa, 157 Ribu Rumah dan 498 Jembatan Rusak 1 2 208",0,0,0.8672224,0.11258061,0.020196917
Menteri Pekerjaan Umum (PU) Dody Hanggodo memastikan pembangunan 1.606 unit hunian sementara (huntara) di Provinsi Aceh dan Sumatera Utara (Sumut) akan selesai sebelum Ramadhan 2026. Menteri punya Janjikan 1.606 Huntara di Aceh dan Sumut Rampung Sebelum Ramadhan 2026 - Serambinews. 50,1,1,0.01866002,0.8705774,0.110762596
"Senjatanya bukan hanya angin. Suplai uap air yang besar dari laut hangat di Selat Malaka meningkatkan akumulasi awan konvektif sehingga hujan ekstrem mengguyur wilayah Aceh, Sumatera Utara, serta merambat ke Sumatera Barat, bahkan meluas ke Malaysia dan Thailand. yukgasss 61",1,1,0.037335694,0.87844473,0.0842195
"Day24 Banjir Sumatra | Update Sitrep Tim SIGAB nih 24 hari pascabanjir, saudara-saudara kita di Aceh & Sumatra masih berjuang untuk bangkit. Rumah rusak, aktivitas terhenti, dan kebutuhan dasar masih terus dibutuhkan.",0,2,0.1427916,0.089794084,0.7674144
"Dari kemarin seliweran video evakuasi bayi korban banjir, menangis enggak kuat lihatnya Semoga selalu sehat di tangan pertolongan yang tepat 27",0,0,0.7919648,0.08846637,0.11956881
"Halo SobatATRBPN Bukittinggi Segenap Jajaran Kantor Pertanahan Kota Bukittinggi menyampaikan duka cita yang mendalam atas musibah banjir bandang, tanah longsor, dan jalan putus yang melanda wilayah Sumatera. AllEyesOnSumatera PrayForSumatera Medan PrayForTapanuli 1 2 111",0,0,0.80001086,0.09489674,0.10509241
"Kok enggak ada lagi berita musibah Sumatera yaa... bagaimana nasibnya rumah2 yang terkubur lumpur,kayu2 yang terbawa banjir bandang sampai nutup sungai dll.. sempat lihat di reel tadi kalo warga sudah bikin kayu2 itu jadi papan untuk rumah mereka.. mantap skaleeee",2,0,0.6878839,0.18005963,0.13205644
Keadaan terkini Kuala Simpang Aceh yang rosak akibat banjir yang berlaku baru-baru ini. Video: arisazumi malaysiatribune videoreelsシ banjir 56,1,1,0.29048416,0.6790333,0.030482553
"Duka Banjir Bandang Sumbar, 28 Jenazah Masih Menunggu Identitas goriau. Duka Banjir Bandang Sumbar, 28 Jenazah Masih Menunggu Identitas PADANG – Proses penanganan pascabencana banjir bandang dan tanah longsor di Sumatera Barat masih menyisakan duka mendalam. Hingga kini, sebanyak 28 jen... 60",0,0,0.8224598,0.12408195,0.053458262
Pengiriman bantuan logistik untuk masyarakat yang terdampak bencana banjir dan longsor di Sumatra dilakukan secepat mungkin. Badan Nasional Penanggulangan Bencana 74,1,2,0.022400303,0.05891617,0.9186836
"Kementerian Kehutanan (Kemenhut) mengangkut ratusan gelondongan kayu dengan total volume 1.272 meter, dari lokasi terdampak banjir Sumatera. Kayu-kayu itu digunakan untuk membangun hunian sementara (huntara) bagi warga terdampak di Aceh dan Sumatera Utara. Baca selengkapnya 1 6",2,1,0.020537749,0.8243931,0.15506914
"Menteri Koordinator Bidang Pangan, Zulkifli Hasan (Zulhas) menegaskan komitmen pemerintah untuk memperkuat ketahanan pangan nasional, dengan fokus utama pada percepatan distribusi cadangan pangan ke wilayah terdampak bencana banjir dan longsor di Aceh, Sumatera Utara, dan 272",1,2,0.010275252,0.46782655,0.5218982
"Hari ini 4 gajah dari pulang Saree Aceh berangkat bantu evakuasi pasca banjir di Pidie Jaya Aceh. Midok, Abu, Nonik dan Aziz berangkat selamat pulang juga HARUS SELAMAT ya 1 1 128",1,2,0.13098806,0.17459336,0.69441855
"dan Mestinya bisa kalo begitu, dengan syarat itu kayu/Balok kalo mau dimanfaatkan untuk bangun rumah, tapi (khusus) untuk perumahan warga/penduduk yang berada di daerah tempat Balok2 tersebut terdampar, daripada dibiarkan terlalu lama terendam lumpur, Bang. 1 10 664",0,1,0.34504354,0.5564492,0.09850728
Kayu gelondongan misterius yang muncul saat banjir besar di Sumatera akhirnya mulai terungkap asal-usulnya. Polri bersama Kemenhut telah membentuk Satgas Gabungan untuk menelusuri sumbernya dari hulu hingga hilir sungai. Banjir Longsor Sumatra Aceh Sumbar Polri Menhut 174,1,1,0.15131302,0.8073757,0.041311167
"Pengamat: Banjir Sumatra 2025 Bukan Sekadar Bencana Alam, Tapi Produk Pilihan Politik Pengamat: Banjir Sumatra 2025 Bukan Sekadar Bencana Alam, Tapi Produk Pilihan Politik - Forum... 26",0,1,0.10156502,0.87056,0.027875004
"Lihat saja tuh hasil kerjanya. Sumatra porak poranda karena banjir. Habis ini menyusul Kalimantan, Sulawesi, Maluku dan Papua. DPRnya tetap joget-joget. 1 51",0,0,0.80580205,0.15576676,0.038431186
"Banjir bisa datang kapan saja, tetapi dampaknya dapat ditekan bila tata kelola dijalankan dengan jujur dan transparan. Saat air naik, integritas adalah benteng terbaik untuk melindungi masyarakat dan menjaga budidaya tetap bertahan. Mari bersama menjaga & memperkuat integritas. 1 2 70",1,2,0.06417678,0.32663348,0.6091897
"sehingga kualitas pelayanan kepada masyarakat tetap terjaga. Tidak lupa, beliau mengajak seluruh jajaran untuk menunjukkan kepedulian sosial dengan membantu rekan-rekan yang terdampak bencana alam di Aceh, Sumut, dan Sumbar melalui penggalangan dana. 1 29",2,2,0.01350634,0.029399896,0.9570938
aneh pemerintah tuh omongannya makin asbun saja kayak enggak dipikir dulu begitu bahkan masalah donasi saja masih dikomenin bukannya bersyukur rakyatnya saling bantu. Heran banget 7,0,0,0.71591944,0.043162584,0.24091794
"BNPB Live Update setiap jam 17.00 terkait update bencana banjir di aceh sumut dan subar , pantengin terus pokoknya di sini youtube. BNPB Indonesia The Indonesia National Disaster Management Authority 11",1,1,0.011306659,0.95893335,0.029760003
"Tentara Nasional Indonesia telah berperan besar dalam membantu korban banjir di Sumatera. Mereka dengan sigap memberikan bantuan logistik, evakuasi korban, dan memastikan keselamatan warga. Keberanian dan dedikasi mereka sangat menginspirasi. 66",0,0,0.47833484,0.051435597,0.47022963
Belum melakukan Pencitraan ke Lokasi Bencana seperti Pejabat yang lain. sarkas pencitraan PrayForSumatera PrayForSumatra PrayForIndonesia 79,0,1,0.179453,0.7456302,0.0749168
"Semoga banjir di Aceh, Sumatera Utara dan Sumatera Barat lekas surut, tidak terjadi longsor² lagi amin Sedih Ya Allah lihat video2 seliweran banyak jenazah terbenam di lumpur Semoga seluruh korban meninggal husnul khotimah, amin 3 31 73",0,0,0.8420135,0.07099798,0.08698855
"Tamparan Amarah Nenek Tua untuk Pemerintah PrayForSumatera youtube. Tamparan Amarah Nenek Tua SALIH PODCAST SPIRITSUMBAR - Cinta, rasa syukur, dan kebaikan adalah kunci untuk menjalani hidup yang indah dan bermakna. Musik, Mix, Live, Roblox, Travel , ... 62",0,2,0.19838904,0.21508655,0.5865244
"Beberapa menit yang lalu: Banjir hebat di Koto Tuo, kawasan Jembatan Batu Busuk, Kecamatan Kapalo Koto, Kota Padang, Sumatera Barat, Indonesia. Dari Weather Monitor 1 151",1,1,0.15989165,0.82136774,0.018740697
"Satu Kompi Sat Brimob Polda Sumsel Terjebak Longsor di Aceh Utara, Tetap Siap Lanjutkan Misi Kemanusiaan Setelah menempuh perjalanan selama empat hari dari Palembang menuju Aceh, satu kompi Satuan Brimob Polda Sumatera Selatan yang akan melaksanakan misi bantuan kemanusiaan 43",2,2,0.026868975,0.040651463,0.9324796
"Yang begituan kamu pakai pres rilis,,lantas mertua kamu yang rakus menggunduli hutan hingga mengakibatkan bencana Sumatra itu kamu mingkem..",0,0,0.94658405,0.037081335,0.016334664
"Lebih dari 180 ribu rumah luluh lantak, akibat banjir sumatra. Namun banjir & longsor susulan masih mengintai. Lumpur & jutaan meter kubik kayu masih berserak. Para penyintas belum bisa kembali pulang. Saksikan RealitasMetroTV ""Tengoklah Rumah Kami"" Sabtu, 20 Desember 2025 1 3 8",0,0,0.8635713,0.1116423,0.024786402
"dan Iya aku sempat baca tweetnya yang pas ngungsi karena banjir, tapi yang habis gempa belum ada update kayanya internetnya mati juga 68",1,1,0.43412396,0.54932034,0.01655567
"Banjir yang melanda sejumlah wilayah di Provinsi Riau dalam sepekan terakhir tidak hanya mengganggu aktivitas warga, tetapi juga meningkatkan risiko penyakit kulit, khususnya kutu air. Kondisi kaki yang terus terendam air kotor dan lembap menjadi pemicu. Banjir Meluas di Riau, Warga Diminta Waspada Penyakit Kutu Air akibat Kaki Lembap 35",0,1,0.43079618,0.5443115,0.024892356
Aceh dan Sumatera makin maju dalam penanganan bencana! Kerja sama pemerintah dan masyarakat bikin langkah antisipasi semakin solid. Kita bangga lihat kemajuan ini! 7,1,2,0.023750216,0.09282822,0.88342154
"Duit mbak mending buat memulihkan aceh, sumbar, dan sumut 177",1,2,0.10707853,0.22470163,0.6682198
"Pray for Sumatera, semoga manusia dapat menjadikan ini sebagai pembelajaran agar kita bisa lebih berharmoni dengan alam PrayForSumatera PrayForTapanuli PrayForSibolga PrayForAceh PrayForIndonesia 1 70",2,2,0.037605047,0.2833462,0.6790487
"Pencitraan lg,apa enggak ada cara lain.biaya kunjunganmu lebih besar daripada biaya bantuan untuk korban banjir 14",0,0,0.8644843,0.07440301,0.061112653
Penampakan mayat akibat banjir di Pasar Tamiang Aceh Minggu pagi-pagi Gubernur Aceh Humple Borpnah Malming Sumut PrayForSumatera acehtamiang 2 12,0,0,0.74921906,0.21483836,0.03594256
"Semoga pengiriman bantuan ini berjalan lancar sampai tujuan. Doa terbaik untuk saudara-saudara kita di Aceh, Sumut, dan Sumbar 7",2,2,0.01435546,0.059414633,0.92622995
"Wilayah Kabupaten Aceh Singkil dan sekitarnya dilanda banjir besar di 8 kecamatan dan 43 desa. Ketinggian air di beberapa titik mencapai lebih dari satu meter. Ribuan rumah terendam, aliran listrik padam, jaringan komunikasi mati, dan aktivitas warga pun terganggu lantaran jalan 2 186 321",0,0,0.6500679,0.3387361,0.011195964
"Tetap waspada dalam menerima atau melihat video dikarenakan beberapa video suasana saat terjadi bencana alam, yang tersebar diproduksi oleh IA PrayForSumatera 33",1,1,0.047271878,0.9148922,0.037835937
"TPPPeduliBencanaSumatera2025 Bencana alam melanda Provinsi Aceh, Sumbar dan Sumut, TPP bergerak KemendesPDTPeduliBencana DariTPPUntukSumatera TPPPeduliBencana DonasiPendampingDesa PendampingDesaPeduliIndonesia 19",2,2,0.023736509,0.03273037,0.9435332
"WARNING..... Wilayah yang berpotensi terjadi Banjir, update data peringatan pukul WIB 03/01/2026 8 139 409",1,1,0.07730567,0.8816977,0.040996633
bandung lagi pada banjir juga ya? 4 5,1,1,0.18845358,0.7807371,0.030809302
"Beredar isu air laut naik di kota, seorang warga meninggal dunia diduga karena serangan jantung. Sejumlah warga juga tampak panik dan menyelamatkan diri. Kemudian Satreskrim Polres Pidie Jaya Polda Aceh mengamankan lima terduga pelaku penyebar isu hox tersebut. berita viralシ 71",0,0,0.7024591,0.24436891,0.053172026
"Bandung tergenang, tapi yang diprioritaskan Sumatera. Kayak rumah sendiri kebanjiran tapi sibuk nolong tetangga biar kelihatan baik 38",0,0,0.45659673,0.18606488,0.35733846
"Aduh seram banget airnya naik cepat banget, diluar rumah sudah banjir dalem banget ini bentar lagi masuk rumah 18",0,0,0.88810223,0.09583677,0.016060963
"Harus Transparan, Titiek Soeharto meminta 12 Perusahaan Penyebab Banjir Sumatra Dibuka ke Publik 1 2 59",1,1,0.3046489,0.6504763,0.044874813
"Senyum Anak-Anak, Semangat Sumbar Bangkit! Pasca bencana di Kota Padang, keceriaan anak-anak harus tetap terjaga. Melalui dukungan psikososial di pos pengungsian, Pemerintah Hadir untuk memberikan trauma healing yang menyenangkan. 22",2,2,0.021908792,0.041031066,0.9370601
"BNI perluas penyaluran bantuan tanggap darurat untuk masyarakat yang terdampak banjir bandang serta longsor di berbagai wilayah Sumatera salah satunya di Anduring, Kecamatan 2 kali 11 Kayu Tanam, Kabupaten Padang Pariaman, Sumatera Barat. Pemukiman, sawah, dan jembatan warga 2 2 1 385",2,2,0.0256101,0.06806927,0.9063206
"Pascabanjir bandang pekan lalu, ribuan warga kini berada di tempat pengungsian. Rumah terendam banjir dan lumpur bahkan ada yang hilang karena terbawa arus sungai. 1 106",0,0,0.709318,0.2746708,0.016011197
"apa masalahnya ya jika bencana aceh, sumut dan sumbar menjadi bencana nasional.... 9",0,0,0.53289914,0.44438514,0.022715757
"Jalur Arun - Banda Aceh terganggu karena ada tower SUTET diterjang banjir, sedang dalam perbaikan. Masyarakat juga dapat memakluminya. Dengan penjelasan ini supply arus bukan lagi dari Sigura-gura (Sumut) dan gangguan bukan dari pembangkit Arun dan Nagan Raya. 87",2,1,0.105996475,0.7809226,0.11308085
Banjir -> Sinyal Mati -> tapi BUMI Turns out IHSG hancur parah Conclusion: Tuhan Maha Baik Maksud palung mariana itu apa cik? 1 150,0,0,0.9196955,0.054163724,0.026140759
"Prabowo Fokus Pulihkan 3 Provinsi Terdampak Bencana, Kerahkan Seluruh Kekuatan Jakarta - Presiden RI Prabowo Subianto kini memfokuskan pemerintahannya untuk mengatasi dampak bencana banjir dan longsor yang terjadi di Sumatra Utara, Sumatra Barat, dan Aceh. Seluruh instrumen 1 546",2,2,0.020886417,0.09963135,0.8794822
Disegerakan Pak proses Evakuasi dan bantuannya... PrayForSumatera AllEyesOnSumatra 304,0,2,0.024808401,0.066715695,0.9084759
Bapak Presiden Coppot saja Menteri Kehutanan karena membiarkan penebangan kayu liar yang menyebabkan banjir bandang di Sumatera Utara.,0,0,0.8294447,0.15868923,0.011866106
"Bakamla RI lewat unsur KN. Pulau Dana-323 yang membawa bantuan kemanusiaan Peduli Sumatra seberat 92,2 ton bagi masyarakat terdampak bencana banjir dan tanah longsor berhasil sandar di Pelabuhan Lhokseumawe, Aceh, Selasa (23/12/2025). 1 1 276",2,2,0.018269224,0.04378281,0.937948
Terus Bantu Korban Banjir : Relawan Nasional LPI HILMI FPI Berikan Pengobatan Gratis di Aceh Utara Hilmi Kemanusiaan BanjirBandang AcehTamiang BantuanAceh AcehUtara Relawan Nasional LPI HILMI FPI Berikan Pengobatan Gratis Dari hilmi.news 19,2,0,0.6590393,0.053258542,0.28770217
"Alex Indra Lukman menjelaskan, rapat pertanggungjawaban tersebut dijadwalkan berlangsung pada Kamis (4/12/2025) dan akan menyoroti banyaknya gelondongan kayu yang terbawa arus banjir di Aceh, Sumatera Utara, dan Sumatera Barat. 1 1 1 173",1,1,0.019020947,0.9661075,0.014871504
"Akun parodi Cuma bisa share link donasi Semoga warga korban bencana di Aceh, Sumbar, & Sumut segera terpenuhi kebutuhan nya. 1 1 46",0,2,0.3296638,0.054743752,0.6155924
prabowo memang jago! Penanganan banjir Sumatera dengan sigap tunjukkan kerja nyata pemimpin kita 10,2,2,0.13740598,0.15931591,0.7032781
Terus jangan pernah lelah buat pemulihan pascabencana banjir AcehSumatraBangkit AcehSumatraPulih 13,2,2,0.022728004,0.035081707,0.94219023
"Tim SAR Resimen II Pasukan Pelopor BKO Polda Sumatera Barat terus bergerak membantu masyarakat terdampak banjir di Kecamatan Palembayan, Kabupaten Agam. Pencarian korban, penyaluran bantuan logistik, 1 68",0,0,0.4819091,0.07261542,0.44547552
"Apa Yang Membuat Pemerintah Pusat Belum Menetapkan Bencana Banjir Bandang Sumatera (Aceh, Sumut, Sumbar) Sebagai Bencana Nasional??? banjirbandang sumatera aceh info berita 39",0,1,0.06990594,0.9190334,0.011060727
"Bukti nyata yang terctt dalam sejarah adalah penderitaan tragis yang dirasakan warga Aceh-Sumut-Sumbar akibat lambannya penanganan bencana banjir dan longsor yang telah menelan korban, sbb: 8 236",0,0,0.94654465,0.030308006,0.023147356
Pemulihan bencana banjir & longsor Aceh Sumut Sumbar dilakukan masif oleh Presiden Dana sudah disiapkan... Juga Membangun 300.000 jembatan agar rakyat tak lagi bertaruh nyawa dikeseharian Revitalisasi 60.000 sekolah Sebar 1 juta smart board di 2026 Duit dari mana? 2 9 13 717,0,2,0.12573826,0.15701959,0.7172421
"Konsesi Raksasa Tambang–Sawit dan Rekam Jejak Zulkifli Hasan Perparah Banjir Tapanuli pribuminews. . Konsesi Raksasa Tambang–Sawit dan Rekam Jejak Zulkifli Hasan Perparah Banjir Tapanuli - PribumiNe... Konsesi Raksasa Tambang–Sawit dan Rekam Jejak Zulkifli Hasan Perparah Banjir Tapanuli JAKARTASATU. – Bencana banjir hebat yang melanda Tapanuli, Sumatera Utara, kembali membuka luka lama mengenai... 30",0,0,0.8636305,0.101819895,0.034549568
"Tantangan infrastruktur yang terdampak bencana mempengaruhi kualitas layanan, namun progress perbaikan terus berjalan. IndibizSumatera BanjirSumatera PrayForSumatera 1 1 75",2,2,0.02895668,0.2870758,0.6839675
"Air di kawasan Batang Toru, Tapsel, Sumatera Utara tiba-tiba kembali naik tanpa tanda. Warga yang melihat lonjakan arus spontan panik dan bergegas menjauh dari bantaran sungai. 20",1,1,0.22680864,0.747682,0.025509425
Wahai orang orang sumatra barat utara. Aceh.. Tuh kalo dari sudut pandang agama gurun katanya bencana2 di tempat kalian di sebabkan maksiat... Ini kebangetan ngawur ajaran seperti ini. Penyebab banjir jelas karena hutan di babat. Admin enggak ada simpati... Pasti mabok agama arab nih orang 1 1 172,0,0,0.96233976,0.02555798,0.012102245
Ketua Komisi V DPR Lasarus mengusulkan agar pemerintah mulai mencari sumber baru alokasi pendanaan untuk mengatasi dampak banjir dan longsor di Sumatra dan Aceh. MERONA4D 25,1,1,0.031291403,0.85990334,0.10880521
Aksi tulus itu menarik perhatian warganet dan dipuji sebagai sikap empati serta kebiasaan berbagi di tengah kondisi pascabencana. banjir BencanaSumatera 1 8,2,2,0.03236271,0.045571927,0.9220654
"Dampak dari banjir bandang yang melanda Aceh, Sumatra Utara, dan Sumatra Barat terasa parah di Desa Lubok Pusaka, Kecamatan Langkahan, Kabupaten Aceh Utara. Kondisi terkini di desa tersebut menunjukkan tingkat kerusakan yang signifikan. Banyak rumah di Desa Lubok Pusaka 335",0,0,0.64900565,0.32634053,0.024653861
"BNPB percepat pembangunan huntara untuk korban banjir bandang & longsor di Sumatra Barat. Update terkini? Ikuti TikTok , IG , kali . Jangan lupa subscribe channel Youtube kami!",0,0,0.8099924,0.090391815,0.09961588
"kalo boleh bantuan baju laki juga ya kawan2 semua, jangan baju perempuan semua. PrayForSumatera tamiang 1 95",2,2,0.2784659,0.35409868,0.3674355
"PMI Kota Cilegon menyalurkan bantuan kemanusiaan berupa uang tunai sebesar Rp50 juta bagi masyarakat terdampak banjir dan tanah longsor di Sumatera Barat, Selasa (13/1/2026). PMIKotaCilegon PeduliSumatera PMISelaluBantu 2 72",2,2,0.024047375,0.04766074,0.92829186
"Bustami, di Pidie Jaya ngabarin: kerabatnya (50 th) tadi sore meninggal dalam kondisi sakit dan lemah. bukan terserat air atau longsor, tapi menahan lapar di rumahnya yang masih banjir 2 meter di Meureudu. Lebih 40 warga Pidie Jaya meninggal, sebagian karena kelaparan PrayForSumatera 222",0,0,0.92208344,0.05567364,0.022242978
"PT Kimia Farma Tbk bersama Kimia Farma Group mendukung percepatan pemulihan pascabencana banjir di Aceh, Sumatra Utara, dan Sumatra Barat melalui penyaluran bantuan kesehatan dan kebutuhan dasar. 1 2 132",2,2,0.01677751,0.026049037,0.95717347
"Viral Oknum Dishub Pungli Mobil Bantuan Korban Banjir Aceh, Relawan Dipalak Rp150 Ribu. Video oknum Dinas Perhubungan melakukan pungutan liar alias pungli ke mobil bantuan korban banjir Aceh, viral di medsos. Lokasi di depan Terminal Karya Jaya, Palembang, Rabu (7/1/2026). 196",0,0,0.8038075,0.0751317,0.12106087
"Viral Evakuasi Ibu Hamil di Padang Jelang Lahiran, Jalan Putus Akibat Banjir wolipop.detik. Viral Evakuasi Ibu Hamil di Padang Jelang Lahiran, Jalan Putus Akibat Banjir Viral, evakuasi dramatis ibu hamil di Aceh, karena jalan putus akibat banjir bandang. Ibu yang mendekati HPL ini dibantu melintasi lereng terjal oleh petugas. 122",0,1,0.44392377,0.48328853,0.07278774
"Kadinsos Samosir ditetapkan tersangka korupsi bantuan korban banjir, kerugian negara capai Rp 1,5 sama Kadinsos Samosir Ditetapkan Tersangka Korupsi Bantuan Korban Banjir: Kerugian Negara Capai Rp 1,5 M! astakom. Kadinsos Samosir Ditetapkan Tersangka Korupsi Bantuan Korban Banjir: Kerugian Negara Capai Rp 1,5 M! astakom. , Jakarta — Kejaksaan Negeri (Kejari) Samosir telah menetapkan Kepala Dinas Sosial dan Pemerintahan Masyarakat Desa, Kabupaten Samosir, Sumatera 27",0,0,0.89549524,0.044889897,0.05961482
"Warga Bisa Pilih, Huntara Terpusat atau In-Situ di Aceh Tamiang Pemerintah menyiapkan dua skema hunian sementara (huntara) bagi warga terdampak banjir dan longsor di Kabupaten Aceh Tamiang, yaitu: Huntara terpusat (dibangun di lokasi terpusat, seperti yang dilakukan oleh 7 6 25",2,1,0.024756579,0.7799942,0.1952492
"Banjir Terjang Subang, Ratusan Rumah Terendam Hingga Lebih dari Seribu kakak Terdampak merdeka. Banjir Terjang Subang, Ratusan Rumah Terendam Hingga Lebih dari Seribu kakak Terdampak Video kejadian ini tersebar di grup perpesanan warga. 242",0,0,0.7177111,0.26044592,0.02184298
"Pesan Natal Prabowo bukan hanya ucapan iman tetapi seruan kemanusiaan Presiden Perkuat Solidaritas dengan mengajak bangsa ini bergotong royong memberi harapan bagi korban banjir bandang dan longsor di Sumatera kabar24.bisnis. Pesan Natal 2025, Presiden Prabowo Ajak Gotong Royong untuk Sumatra Presiden Prabowo ajak gotong royong di Natal 2025 untuk bantu Sumatra hadapi bencana, perkuat solidaritas dan persatuan demi kedamaian dan kebersamaan. 40",0,0,0.8136008,0.031423736,0.15497543
Gubernur Sumatera Barat dan Bupati Tapanuli Selatan menyuarakan kritik keras terhadap kebijakan perizinan hak atas tanah oleh Kementerian Kehutanan yang dinilai menjadi salah satu pemicu utama banjir dan longsor berulang di wilayah masing-masing. Mahyeldi Ansharullah menilai 2 169,0,0,0.52193314,0.46015483,0.01791197
"Perjuangan tanpa henti untuk mengembalikan terang dan harapan masyarakat Aceh. Sudah sebulan lebih pascabencana banjir yang melanda wilayah Aceh, salah satu yang paling parah terdampak adalah Kecamatan Takengon, Kabupaten Aceh Tengah. PLNSiaga PLNUntukIndonesia 21",2,2,0.091546364,0.054186482,0.8542672
Aceh dan Sumatera makin maju dalam penanganan bencana! Kerja sama yang solid dan inovasi bikin dampaknya terasa banget. Ayo terus dukung upaya ini! 12,1,2,0.015348279,0.07057233,0.91407937
"Prabowo menyetujui bantuan Rp60 juta per unit untuk pembangunan hunian tetap bagi korban banjir di Aceh, Sumut, dan Sumbar. Bantuan diberikan dalam bentuk material bangunan, sementara pendataan kerusakan dan kepemilikan rumah masih diverifikasi BNPB dan pemerintah daerah. 32",0,0,0.55164576,0.081237644,0.36711663
"BNPB Sebut Jembatan Bailey Dipasang untuk Pulihkan Akses di Sumatra Barat suarasurabaya. BNPB Sebut Jembatan Bailey Dipasang untuk Pulihkan Akses di Sumatra Barat BNPB mengatakan, sejumlah jembatan darurat atau bailey mulai dipasang pada beberapa titik di wilayah Sumatra Barat sebagai penghubung akses antar-wilayah. 4",1,2,0.01839718,0.176864,0.8047388
Bagaimana progres penanganan bencana banjir sumatera? Tamiang kini parah 2 457,0,1,0.09527118,0.85957175,0.045156993
Akun komentar 10.Saya pernah mengalami banjir besar sekitar tahun 2008 dengan ketinggian air setengah badan orang dewasa. Untuk pulih saja butuh hampir satu minggu. 1 30,1,0,0.69563437,0.27488625,0.02947939
"Sejumlah video viral di media sosial memperlihatkan kayu gelondongan ikut terseret arus deras saat banjir melanda wilayah Tapanuli Selatan-Tengah, Sumatera Utara, Rabu (26/11/2025). Kepala Dinas Lingkungan Hidup dan Kehutanan (DLHK) Sumatera Utara, Heri Wahyudi Marpaung 2 112",0,1,0.07832953,0.91077316,0.010897273
"Pria ini Jalan Kaki Puluhan Kilometer, Cari Anak-Istri ke Lokasi Longsor Tukka Tapanuli Tengah riauonline riauonlinecoid Prayforsumatera tapanulitengah banjirditukka 42",0,1,0.23549327,0.73715305,0.027353657
"“185 ribu paket mbak disalurkan untuk korban banjir Aceh. Di tengah akses yang terputus dan wilayah yang masih terisolasi, tim SPPG terus bergerak membawa harapan. Ketika sekolah ditutup dan rumah terendam, bantuan ini jadi napas sementara bagi banyak keluarga.” 48",0,0,0.4882148,0.03673909,0.47504604
"Banjir dan longsor Sumut jadi pengingat pentingnya pengelolaan hutan yang berkelanjutan. Dalam konteks itu, TPL bisa jadi contoh praktik industri lestari yang perlu terus didukung dan diawasi secara adil. 24",2,1,0.09622822,0.5380299,0.36574188
"Beliau menegaskan Indonesia tidak lagi menghadapi sekadar perubahan iklim, tetapi telah memasuki krisis iklim. Banjir di Bali, Aceh, Sumbar, Sumatra, hingga banjir rob di Jawa menjadi bukti yang semakin nyata. “940 jiwa telah meninggal, kerugian mencapai Rp2,2 triliun,” ujarnya. 1 1 50",0,0,0.8874355,0.0933753,0.019189272
Banjir nih boleh ngungsi ke kos kamu enggak sih 408,1,1,0.16679843,0.7950954,0.038106166
"Ayo geser ke tapanuli, orang-orang jual eceran sampai 40",0,1,0.40576956,0.537295,0.05693546
"Alhamdulillah, pasukan KHOM MALAYSIA berjaya turun padang untuk Misi Bantuan Kecemasan Bencana Aceh pada 14–18 Disember 2025, memasuki minggu ketiga pasca banjir besar di Aceh, Sumatra. 1 80",2,2,0.030118944,0.10922645,0.86065465
"Berdasarkan data dari BNPB pada Jumat (5/12/2025) pukul 10.30 WIB, korban meninggal akibat banjir dan longsor di Sumatra bertambah menjadi 836 orang. Tim gabungan masih fokus pada upaya evakuasi, penyaluran bantuan, dan pembukaan akses menuju wilayah-wilayah yang sebelumnya 3 9",0,0,0.6646477,0.21694158,0.11841074
"Konteks di sini itu banjir bandang di aceh tengah dan benar meriah kemaren, bukan riau (-̩̩̩-̩̩̩-̩̩̩-̩̩̩-̩̩̩___-̩̩̩-̩̩̩-̩̩̩-̩̩̩-̩̩̩) Intinya ya memang sama-sama pembalakan hutan sih",0,1,0.35108137,0.6222137,0.026704876
"Akun penggemar REGILIOS kali DOMPET DHUAFA - PRAY FOR SUMATERA Ribuan Warga Meninggal, Ratusan Ribu Warga Butuh Bantuanmu! Longsor dan banjir bandang menimpah sejumlah wilayah di wilayah pulau sumatera. Banjir di Sumatera Utara, Padang, serta Aceh mengakibatkan jaringan transportasi dan 2 74 208",0,0,0.92182523,0.02687508,0.051299643
"Kantor Wilayah Direktorat Jenderal Imigrasi Kepulauan Riau menyampaikan doa dan empati terdalam atas bencana banjir dan longsor di Aceh, Sumut, dan Sumbar. Semoga keadaan segera membaik dan masyarakat dapat kembali beraktivitas dengan aman.",2,2,0.047270976,0.098304935,0.8544241
"Banjir rob merendam Jalan R E Martadinata, di depan JIS di Kelurahan Papanggo, Kecamatan Tanjung Priok, Jakarta, Sabtu (6/12/2025). | JIS Banjir megapolitan.kompas. Banjir Rob Kepung JIS Pagi Ini, Status Pintu Air Pasar Ikan Naik ke Siaga 1 Bahaya Banjir rob kembali merendam kawasan sekitar JIS pagi ini, memicu status bahaya di pintu air dan membuat warga diminta lebih waspada. 5",1,1,0.08603142,0.884295,0.029673649
"BNPB Umumkan Lonjakan Korban Banjir dan Longsor di Sumatera, Pencarian Masih Berlanjut bnpb longsor banjir aceh sumaterabarat sumaterabarat solusiindonesia. BNPB Umumkan Lonjakan Korban Banjir dan Longsor di Sumatera, Pencarian Masih Berlanjut - Solusi... Solusiindonesia. -- Badan Nasional Penanggulangan Bencana (BNPB) merilis laporan terbaru terkait meningkatnya jumlah korban akibat banjir bandang dan tanah 25",0,0,0.68808717,0.2920666,0.01984629
"""Bencana ada di tiga provinsi, terdampak 52 kabupaten. 78 jalan nasional putus. Per satu bulan, dari 78 tinggal 6 yang masih proses penyambungan. Empat titik di Aceh, dan ada di Sumbar, dan di Sumut,"" tuturnya. 1 18",1,1,0.3710749,0.61359406,0.015331053
"Sinergi kebijakan terus dilakukan. BPH Migas memperpanjang relaksasi pembelian BBM, solar dan Pertalite, tanpa kode QR di Aceh, Sumatera Utara, dan Sumatera Barat. Kebijakan ini ditujukan untuk mempermudah akses BBM Banjir Bencana PrayForSumatra BNPB Update 12 3 4 84",2,2,0.012769553,0.42701933,0.5602111
"Kerusakan parah pada infrastruktur akibat banjir di Aceh, Sumatera Barat, dan Sumatera Utara menyulitkan penyaluran bantuan. Ratusan desa masih terisolasi, hingga Senin (8/12/2025). 1 2 75",0,0,0.87598264,0.070997946,0.05301945
"NU CARE - LAZISNU menyalurkan bantuan pada masyarakat terdampak bencana banjir dan tanah longsor di Sumbar, Sumut dan Aceh baca 0683331926 an. Yay Lembaga Amil Zakat Infaq & Shadaqah NU BTW 4 dijit belakangnya Situbondo banget NUPeduliBencanaSumatera 1 1 207",2,2,0.030991567,0.049937192,0.91907126
"Update terkini dari BNPB terkait banjir dan longsor di Aceh, Sumatera Utara, dan Sumatera Barat terus dilakukan. Upaya penyelamatan, evakuasi, dan pemulihan di lapangan menjadi prioritas utama. BNPB Update Live setiap jam wib youtube. BNPB Indonesia The Indonesia National Disaster Management Authority 27",2,2,0.026032852,0.22643214,0.74753505
"amin ya Anggi, soalnya ini banjir terbesar yang kembali lagi di Sibolga Tapteng 1 137",0,1,0.12204817,0.60162276,0.2763291
polri bolehlah dibilang pahlawan! Aksi nyata bantuin korban banjir Aceh nih bikin hati adem. Terus gas poll buat bangsa 33,2,2,0.12794,0.0378883,0.8341718
Aceh Masih Waspada Banjir dan Longsor Susulan Aceh Masih Waspada Banjir dan Longsor Susulan 51,1,1,0.03642407,0.94629467,0.017281288
Akun parodi banjir banget di sumut guys sudah masuk rumah aku... stay safe ya... 11 544,0,1,0.32832187,0.59060806,0.08106998
"[291125] Pak Tom IG post update. : “Teman2, Ibu-Bapak. Mari kita sumbang uang, waktu, tenaga, perhatian, dan doa sejauh yang kita sanggup, untuk korban bencana banjir bandang dan tanah longsor yang melanda Aceh, Sumatra Utara dan Sumatra Barat... Berikut beberapa opsi –c",0,0,0.5714443,0.06709283,0.36146283
"Baik, tapi hari ini kurang baik Soalnya tidak bisa tidur terlalu nyaman banget, takut tiba-tiba air masuk rumah and aku harus tetap waspada terus. 74",0,1,0.36129043,0.5959581,0.04275152
"Bencana banjir dan longsor yang melanda sejumlah wilayah di Sumatera menyebabkan ratusan orang masih belum ditemukan. Anggota Komisi V DPR RI dari Fraksi PKB Irmawan, meminta Basarnas mengoptimalkan proses pencarian dan evakuasi korban di lokasi bencana. fraksipkb. Ratusan Korban Banjir Sumatera Hilang, DPR meminta Kerja Basarnas Dioptimalkan - FPKB DPR RI JAKARTA - Bencana banjir dan longsor yang melanda sejumlah wilayah di Sumatera menyebabkan ratusan orang masih belum ditemukan. Anggota Komisi V DPR RI dari Fraksi Partai Kebangkitan Bangsa (PKB),... 234",0,0,0.914808,0.064622834,0.020569148
banjir nya jangan masuk rumah dong 20,0,0,0.5714708,0.3689693,0.05955992
"Personel Polisi bersama instansi terkait menyalurkan bantuan perlengkapan sekolah kepada siswa di sekolah darurat Kecamatan Tukka, Kabupaten Tapanuli Tengah, Sumatera Utara. Polri Terus Berkomitmen Konsisten Salurkan Bantuan BersamaPulihkanSumatera 1 14",2,2,0.012360781,0.03218691,0.9554524
"Akun parodi Dari IG info.minang Kawasan Batu Busuk di Kota Padang kembali dilanda banjir Selasa (30/12) sore... Begitu juga Nagari Saniang Baka di Kabupaten Solok banjir kembali terulang, Selasa (30/12)... 5 5 599",1,1,0.31328157,0.6743195,0.01239893
"Saya kira kepala BNPB saja yang mengira bencana banjir dahsyat hanya sekedar mainan medsos, ternyata sekelas KSAD juga memahami banjir hanya urusan pencitraan saja. Ribuan nyawa terkubur karena lamban penanganan, kelaparan, dan berbagai penyakit. Sudahilah kebodohan pak KSAD.",0,0,0.9497453,0.032978054,0.017276686
"Zulkifli Hasan pastikan pemulihan bukan hanya cepat tapi tepat Janji Rumah Zulhas jadi pedoman untuk bantu warga Kunjungi Padang, Zulhas Janji Pasokan Pangan 2 Kali Lipat untuk Korban Banjir 16",2,2,0.26043236,0.05073424,0.6888334
"Hujan deras mengguyur Bali dan PICU banjir besar Air naik dengan cepat, rumah dan lahan warga ikut terendam. Banyak yang sampai harus menyelamatkan hewan-hewannya ke tempat aman. Salah satu video yang viral menunjukkan sebuah mobil berjuang keras melawan arus banjir 1 3 9",0,0,0.74377495,0.17767851,0.07854657
"Tahunya tentang TNTN dari musibah banjir longsor di 3 provinsi, begitu besar dampak dari kerusakan lingkungan. Riau jangan menunggu ada bencana dl, baru sadar. 25",0,0,0.90749395,0.06565844,0.02684767
"Kembali Lakukan Pencarian Korban, Personel Gabungan Turun Langsung Evakuasi Korban Terdampak Banjir di Suantera Barat PrayForSumatera LekasPulihSumatera LekasPulihBumiku PrayForAcehSumutSumbar GreenPolicing KapoldaRiau RiauUntukBumi RiauLestari 1 48",0,0,0.829268,0.05896763,0.11176438
Pak Prabowo menyebut akan mengalokasikan masing-masing Rp 4 Miliar untuk 52 Kabupaten kota terdampak banjir di Sumatera dan Aceh prayforindonesia PrayForSumatera prayforaceh viral indonesia BENCANANASIONAL Banjir 3 41,1,1,0.023362204,0.8107782,0.1658596
Kemarin pas banjir sempat masuk rumah.. 2 936,0,0,0.53333735,0.44193637,0.024726242
"Tim Trauma Healing Bagian Psikologi Biro SDM Polda Riau melaksanakan pendampingan bagi korban banjir bandang di Desa Salareh Aia, Kecamatan Palembayan, Kabupaten Agam, Sumatera Barat, Selasa (2/12/2025). Dalam kegiatan ini, tim memberikan trauma healing dan sarana kontak banjir. 1 73",0,0,0.67951465,0.10538384,0.21510154
"bergerak di Humala Tambunan Hutanabolon , kecamatan tukka, Kabupaten Tapanuli Tengah Provinsi Sumatera Utara, yang memiliki sebanyak 2975 jiwa. Dari hasil assesment data di lapangan tim .27 sudah menyiapkan skenerio tentang bagaiamana perlatan dan kebutuhan pengungsi.",1,1,0.06799286,0.891703,0.040304113
"Apel Green Aceh menemukan gelondongan kayu sekitar 30 meter kubik bertumpuk di wilayah yang berbatasan dengan hutan lindung di Desa Babah Suak, penghubung antara hutan Kawasan Ekosistem Leuser dengan hutan Ulu Masen di Provinsi Aceh. Terungkap, Sehari Sebelum Banjir Menerjang, Terjadi Penebangan Hutan Masif di Beutong Ateuh -... 52",0,1,0.06632073,0.9128512,0.020828025
"Akun parodi Mendagri mengungkapkan sebanyak 22 desa hilang tersapu banjir bandang & tanah longsor di Aceh, Sumut & Sumbar. . . . . nya Willa Sawah Pangan Rakyat Terjaga LHKPN Zulkifli Hasan Kawal StokPangan Gapapa Malam Neng. 1 8 11 863",0,0,0.5624951,0.39653847,0.040966455
Pemerintah Susun Skema Kerja Satgas Pemulihan Bencana Sumatra Pemerintah Susun Skema Kerja Satgas Pemulihan Bencana Sumatra,2,1,0.027549013,0.49311006,0.47934094
Alam pasti murka kalo manusia nya serakah hati hati saja kayak di Sumatra barat banjir bandang melanda kalo masyarakat enggak siap dengan resiko hutan nya hilang atau alih fungsi,0,0,0.94071144,0.04283181,0.016456787
"Bawaslu Kendal menyampaikan doa dan empati mendalam atas musibah yang menimpa saudara-saudara kita di Sumatera. Semoga seluruh warga diberikan kekuatan, keselamatan, dan pemulihan yang segera. Mari bersama mengirimkan doa terbaik. PrayForSumatera BawasluKendal DoaUntukSesama 43",2,2,0.18910092,0.0705638,0.7403353
"Pemerintah segera tangani warga terdampak banjir, bantuan langsung disalurkan. Pemulihan infrastruktur dimulai. Aceh Sumatera Update 16",2,2,0.008338206,0.039124407,0.95253736
"Polri mengerahkan beberapa tim psikolog untuk pemulihan trauma pasca bencana banjir bandang & longsor di Aceh, Sumatera Utara dan Sumatera Barat. Selain bagi korban, layanan psikososial juga diberikan bagi petugas dan relawan di lokasi bencana. ---- My 2026 Vidi Sepanjang 2025 1 92",2,0,0.83382684,0.057861775,0.10831136
"Bnr-bnr hujan 5 hari nonstop, cuaca dingin, banjir dimana-mana, rata-rata orang sudah ngungsi, mati listrik, susah sinyal, bahkan gempa & ada korban jiwa. Semua ini akibat keserakahan manusia . Tbh, ini cuaca ter-ekstrem yang pernah ku alami. Stay safe everyone PrayForSumatera 1 224",0,0,0.9537265,0.02159131,0.024682142
"Tadi siang (2/12), saya meninjau langsung jalur nasional di kawasan Lembah Anai, Sumatera Barat, yang terdampak banjir besar dan longsor. Ruas ini merupakan urat nadi utama yang menghubungkan Sumatera Barat dengan Provinsi Riau, sehingga putusnya akses sangat berdampak pada 14 52 120",1,1,0.23161077,0.5668058,0.2015834
"Kepala BRMP Sumatera Utara, Dr. Siti Maryam Harahap, mengikuti langsung persiapan groundbreaking rehabilitasi lahan persawahan terdampak bencana di Kabupaten Tapanuli Tengah. BRMP Sumatera Utara () • Instagram photos and videos 21",1,1,0.011368348,0.8821795,0.106452115
"mbak harus di stop dulu. Lebih baik uang anggaran mbak dialihkan untuk saudara di Aceh, Sumatera Utara, dan Sumatera Barat terlebih dahulu. 24",1,1,0.18343806,0.4860164,0.33054549
Akun parodi Langkah cepat BP Taskin di Aceh menegaskan bahwa tanggap darurat harus dibarengi rencana pemulihan. Budiman Sudjatmiko memastikan pendekatan profesional berjalan seiring dengan misi BPTaskinFokusPascaBencana Ancaman Lonjakan Kemiskinan Sumbar Pasca Bencana Jadi Perhatian Khusus BP Taskin - Harian Haluan 12,2,2,0.022784546,0.07769316,0.89952236
"Satu kampung di Kecamatan Sawang, Aceh Utara, lenyap dihantam banjir bandang. Sedikitnya 50 rumah, satu masjid, dan berbagai fasilitas umum hilang tersapu arus. Wilayah permukiman kini berubah total menjadi alur sungai besar. Jejak kehidupan warga hilang dalam hitungan menit. 14 528 748",0,0,0.8766222,0.09119632,0.0321814
aksi nyata POLRI bawa bantuan ke daerah terisolir Aceh Tengah pasca banjir benaran bikin salut. Tetap solid dan semangat ya 44,2,2,0.017374614,0.024694307,0.95793104
"Toba Pulp Lestari (TPL) membantah tuduhan sebagai penyebab banjir dahsyat di Sumatra yang menewaskan 604 orang. Begini penjelasan manajemen radarlawu.jawapos. Kontroversi Memuncak: TPL Hadapi Tuduhan Deforestasi dan Banjir Besar, Begini Jawabannya! - Radar... Toba Pulp Lestari (TPL) membantah tuduhan sebagai penyebab banjir dahsyat di Sumatra yang menewaskan 604 orang. Begini penjelasan manajemen 60",1,0,0.5001151,0.48948509,0.010399852
"Memulihkan trauma, menguatkan semangat. Tim Trauma Healing Polda Riau bersama HIPSI Riau dampingi siswa MIN 6 Agam bangkit pasca bencana melalui aktivitas positif dan penuh keceriaan. Kapoldariaubantusumbar Kapoldariiaubantuaceh Kapoldariaubantumedan Poldariaubantubencana 1 3 84",2,2,0.03758697,0.101910375,0.8605026
"PT PLN (Persero) memulihkan sekitar 93 persen pasokan listrik di empat wilayah terparah terdampak banjir di Aceh, yakni Kabupaten benar Meriah, Aceh Tengah, Aceh Tamiang, dan Gayo Lues. Berkat upaya tersebut, lebih dari 1,7 juta warga kini dapat kembali menikmati aliran listrik. 72",0,2,0.01603312,0.15759951,0.8263674
"Akun penggemar Cuaca buruk, bandara banjir, barang delay heheheheheehe 75",0,1,0.3337243,0.6360866,0.030189164
Dan rumah tetangga pun kebanjiran karena got yang mampet Sudah lapor DPR tapi Akhir tahun tidak ada anggaran Jalan raya dilebarkan got dibiarkan Ya banjirlah Jang tanya yang lain Sudah dikasih laporan juga wkwkwkwk 2 3 103,0,0,0.85361826,0.1332931,0.013088705
"Bantuan pascabanjir disalurkan lu warga terdampak di Kec Sawang, Aceh Utara, tepatnya di Ds Babah Krueng & Ds Blang Reuling. Bantuan kebutuhan pokok ini jadi btk respons cepat di masih pemulihan setelah aktivitas warga sempat terganggu akibat banjir. SigapMembangunNegeriUntukRakyat 1 40",2,2,0.008533987,0.029801091,0.9616649
Belum tidur karena rumah kebanjiran 1 40,0,0,0.57745093,0.3959081,0.026641004
"Lebih dari 45 hari bencanaGampong Sikundo, Aceh Barat masih terisolasi karena jembatan terputus dan jalan amblas ke sungai. Ratusan rumah rusak atau hanyut di wilayah Aceh Barat akibat Bencana Nasional Banjir Aceh - Sumatera pada November 2025 jangan 9, 2026",0,0,0.9108828,0.07979513,0.009322054
"Kementerian Keuangan melalui Direktur Jenderal Strategi Ekonomi dan Fiskal, Febrio Kacaribu mengatakan, kewajiban perpajakan bagi para wajib pajak (WP) yang menjadi korban bencana banjir dan longsor di wilayah Aceh, Sumatera Utara, dan Sumatera Barat menjadi gugur. Dia 1 3 584",2,0,0.68606395,0.28066784,0.033268258
benar-benar patah hati banget ini sama yang ngontrak rumah sebelumnya kok bisa sih jahat banget enggak care begitu sama perabotan rumah bisabisanya rumah kayak bekas kebanjiran padahal rumah sudah setinggi ini aneh bgt.. enggak ada track record komplek kebanjiran ya orang tanahnya tinggi Jorok banget yaAllah 30,0,0,0.9524464,0.024125094,0.02342856
7. Gerombolan Jokowi menjatuhkan nama Prabowo di tengah bencana banjir Sumatera. (27 kecamatan lumpuh di Aceh saja.) Hampir 1.000 korban meninggal. Ribuan rumah hanyut dalam rusak. Bisa2nya Jokower kepala BNPB bilang bencana hanya heboh di medsos BersihkanKabinetPrabowo 5 6 7 194,0,0,0.9617556,0.019327592,0.01891678
"Banjir dan longsor yang terjadi di wilayah Sibolga, Tapanuli Selatan, Tapanuli Tengah dan Tapanuli Utara memutus akses jalan sehingga menjadi tantangan dalam proses pemulihan listrik. Namun, hal tersebut tidak mematahkan semangat personel PLN untuk terus melakukan perbaikan.(1/2) 1 36",2,2,0.022856822,0.11944728,0.8576959
"Selama banjir aceh belum ada media atau masyarakat lokal yang memberitakan kerja atau bantuan polisi di aceh dan sumbar, sebenarya polisi itu bikin pencitraan lokasjnya dimana",0,0,0.6401527,0.16871496,0.19113241
"Teruntuk saudara-saudara kami di Aceh, Sumatera Utara, Sumatera Barat... baik korban yang meninggal dan sudah diketemukan maupun yang belum diketemukan... Doa terbaik untuk kalian... Semoga diampuni segala kesalahan kalian ketika masih hidup....dan diberikan tempat terbaik.... 28 885",0,0,0.83474964,0.055003967,0.11024639
"dan reply manusia yang enggak punya empati! kau enggak tau disini separah apa, sudah 2 hari kami ngungsi di masjid (debit banjir sudah segenteng ruma), kami cuma bermodalkan berenang karena enggak ada bantuan perahu karet, pun belum ada juga pemkot yang mengirim bantuan berupa makanan. jadi kau gosa soktau 1 2 515",0,0,0.8496859,0.04108199,0.10923211
"ada gila-gilanya nih ujan turun terus enggak berenti-berenti selame 2,5 hari, untung saja kgk banjir nih ya 37",0,0,0.6760868,0.29774967,0.026163578
"Banjir susulan terjadi kembali di Kabupaten Aceh Timur, Kamis, 8 Januari 2026. PrayForSumatra PrayForSumatra 33",1,1,0.062473048,0.920953,0.016573928
Orang Batak yang waras (terutama marga Panjaitan) tidak akan menuduh bahwa banjir dan longsor di Sumatera Utara adalah akibat menebang pohon di Monas 6 tahun lalu.....,1,0,0.56870484,0.40584004,0.025455102
Masyarakat Aceh terpaksa mengangkut barang dagangan dan kebutuhan lainnya melewati medan berbahaya akibat terputusnya akses jalan dan jembatan. Skala kehancuran infrastruktur di Aceh akibat Banjir Besar Aceh–Sumatra Nov 2025 melampaui bencana Tsunami 2004. Sebanyak 461 ruas 14 561 726,0,0,0.93986183,0.043615837,0.016522402
sudah jam 17.00 nih waktunya mengikuti update bencana banjir Sumatera di BNPB Live Update Bencana youtube. BNPB Indonesia The Indonesia National Disaster Management Authority 106,1,1,0.023205848,0.9333127,0.043481432
"dan 2 lainnya .. banjir pertama, distribusi bantuan & akses ke daerah terisolasi. ° Ekspektasi warga besar (logistik, makanan, air bersih, evakuasi, dll) sedangkan kondisi lapangan sulit karena infrastruktur rusak, akses terputus smntr kebutuhan mendesak. Hal² seperti ini Kaum Keledung mana ngerti. 1",0,0,0.78138936,0.061053906,0.15755676
"Dalam semangat Natal Pesan Natal Prabowo Presiden Perkuat Solidaritas menggerakkan empati nasional gotong royong membantu korban banjir bandang longsor Sumatera demi persatuan menjaga harapan dan kasih sesama bangsa Indonesia kuat Pesan Natal 2025, Presiden Prabowo Ajak Gotong Royong untuk Sumatra 25",0,0,0.71776485,0.045483653,0.23675151
"Presiden Prabowo kemarin tiba di lokasi banjir paling parah di Sumut, meninjau langsung rumah-rumah yang terendam hingga dada orang dewasa. PrabowoPeduliSumatera Respons Cepat Negara 1 3",0,2,0.07713933,0.13805395,0.7848068
"Akun komentar Di negara ini, bencana datang tiba-tiba. Bantuan pemerintah datang... pelan-pelan, sambil stretching dan menyiapkan pendengung dan seperangkat kamera. Bukan begitu kiranya Pak ? fakta PrayForSumatera 1 199",2,2,0.33274198,0.25337344,0.41388455
"melihat dampak banjir yang meluas di sumatera, tim tanggap darurat langsung bergerak menyalurkan bantuan dan evakuasi, karena Pemerintah Hadir Tanpa Tunda untuk menjaga keselamatan warga SatuIndonesia 12",2,2,0.021539284,0.034436487,0.94402426
Satbrimob Polda Aceh Terima Bantuan Sosial dari Wirasatya Alumni Akpol 1996 untuk Masyarakat Terdampak Banjir instagram. Batalyonapeloporaceh () • Instagram photo 15,2,2,0.023838157,0.060428657,0.9157332
Aceh dan Sumatra tidak sendirian. seluruh negeri berdoa dan membnatu dalam bentuk apapun 3,2,2,0.10960765,0.24939817,0.6409942
Menteri Dalam Negeri Tito Karnavian resmi memimpin Satgas Percepatan Rehabilitasi dan Rekonstruksi Pascabencana Sumatera Satgas tersebut kini mengambil alih penanganan pemulihan banjir dan longsor di sejumlah wilayah Sumatera hingga seluruh proses selesai. Satgas Pimpinan Tito Karnavian Ambil Alih Pemulihan Pascabencana Sumatera - Serambinews. 1 77,2,1,0.024360064,0.54637015,0.42926982
"Pemerintah Provinsi Jawa Timur memberangkatkan bantuan logistik bagi korban banjir di Sumatra Barat, Sumatra Utara, dan Aceh dari Sidoarjo, Selasa (16/12/2025). 1 1 116",0,0,0.62579006,0.09406588,0.28014407
"Indonesia lagi kenapa ya yaAllah musibahnya benaran bertubi. Aceh, sumut, bandung, subang, malang.. semuanya begini kena banjir yang nyeremin bgt. 1 191",0,0,0.8528879,0.12602985,0.021082278
"Semoga bantuan dan penanganan pascabencana di Aceh, Sumut, dan Sumbar berjalan lancar serta tepat sasaran demi pemulihan masyarakat dan Keamanan Nasional. PolriUntukMasyarakat",2,2,0.009895233,0.01943077,0.970674
"Bunga Rafflesia mekar di 'tanah' yang berduka Momen penemuan bunga Rafflesia oleh Tim SAR gabungan evakuasi banjir bandang, hanya satu dari beberapa bunga yang ditemukan mekar di hutan Sumatra. Penemuan flora endemik yang dikenal sebagai bunga bangkai 2 173",0,0,0.66590124,0.2706295,0.063469246
"Kronologi menghadapi banjir dengan penuh rasa kecewa karena keterlambatan dan ketidakpastian akan bantuan Dari tim evakuasi. Siang hari itu, seorang Ibu dan anaknya datang ke Biara untuk meminta tolong mengevakuasi Suami dan kedua anaknya yang terjebak di rumah. karena arus air 3 7 16 634",0,0,0.83015454,0.11417419,0.05567123
"Terus bagaimana perputaran ekonomi nya mas kalo di menghancurkan , masih banyak cara ngatasin banjir cuma pemerintah nya saja yang nge korup anggaran 2 60",0,0,0.8561312,0.074479885,0.06938899
Horas Saudara - Kita Bangkit Bersama horassaudara PrayForSumatera HorasSaudara Charity HumanitarianAid Solidarity GiveBack DoGood Indonesia NewMusic WorldMusic NaturalDisasterRelief Help Hope NonProfit MakeADifference 2 32,2,2,0.03208178,0.04127435,0.9266439
"SatgasPemulihanBencana siapkan bantuan untuk warga terdampak banjir aceh sumatra. harapan mulai kembali tumbuh , yuk kita bantu Pemulihan Bencana Aceh Sumatera Dari dhanesa 1 39",2,2,0.009989083,0.019653404,0.97035754
Bupati Tapanuli Selatan Buka Suara soal Kayu Gelondongan di Bencana Banjir-Longsor Sumatera Bupati Tapanuli Selatan Buka Suara soal Kayu Gelondongan di Bencana Banjir-Longsor Sumatera Dari kompas.tv 1,1,1,0.039742224,0.9277894,0.032468352
"ya Allah… Padang Kembali Siaga! Padang, Sumatera Barat – Banjir bandang dengan debit air yang sangat tinggi kembali melanda kawasan Koto Tuo, Pangka Jembatan Batu Busuk, Kelurahan Kapalo Koto pada Minggu, 14 Desember 2025. Berdasarkan laporan terkini, air sungai telah meluap 11 24 40",1,1,0.039236564,0.74906653,0.21169697
Dilan Janiyar Salurkan Bantuan Rp 100 Juta untuk Korban Banjir Aceh Dilan Janiyar Salurkan Bantuan Rp 100 Juta untuk Korban Banjir Aceh 1 1 790,0,0,0.48861176,0.0765957,0.43479255
"PDIP berangkatkan 30 ambulans dan 90 tenaga medis ke Aceh-Sumatra, libatkan Dokter Diaspora. ThePhraseID PDIP PDIPerjuangan Bantuan Bencana BencanaAceh BencanaSumatra Banjir DokterDiaspora HastoKristiyanto thephrase. PDIP Berangkatkan 30 Ambulans dan 90 Tenaga Medis ke Aceh-Sumatra, Libatkan Dokter Diaspora PDIP berangkatkan 30 ambulans dan 90 tenaga medis ke Aceh-Sumatra, libatkan Dokter Diaspora. 37",2,2,0.035332102,0.051659536,0.9130084
"Matangkuli, Aceh Utara banjir un, orang tua enggak bisa dihubungi hampir 2x24 jam, terakhir ngabarin air masuk kedalam rumah sampai sekarang enggak tau bagaimana kondisinya 1 5 88",0,0,0.8253347,0.1567315,0.017933806
"Akun parodi Hai... ini masih pagi, tapi aku dapat kabar kampung ku di sumbar sudah enggak berbentuk lagi. Keluarga di sana ngungsi ke tempat aman walau bisa di kata enggak aman juga. Sementara rumah keluarga di daerah bagian lainnya sudah ketutup banjir, tolong doakan org"" di sana ges.. 1 87",0,0,0.36432487,0.32568297,0.30999216
"Ribuan keluarga korban banjir dan longsor di Aceh, Sumatera Utara, dan Sumatera Barat memilih bertahan di luar hunian sementara dengan menerima Dana Tunggu Hunian (DTH) dari pemerintah. Badan Nasional Penanggulangan Bencana (BNPB) mencatat, hingga kini sebanyak 16.264 kepala",1,0,0.8718906,0.07991915,0.048190225
"dan ya kobarkan dong bendera perangnya, tembaki itu tentara yang lagi evakuasi korban banjir, jangan koar2 di sosmed saja kayak bocil. ngancem mulu, enggak ada tindakan sama sekali 1 347",0,0,0.9069108,0.05823221,0.03485704
"Bergerak Bersama, Pulihkan Aceh dan Sumatra Kita semua berharap, kehadiran para dapat meringankan beban masyarakat di lokasi terdampak bencana. TarunaKKP 2026KKPGrowStronger SaktiWahyuTrenggono KKPGOID kkpterus5F662 12",2,2,0.01655328,0.02700014,0.9564465
Bupati Aceh Selatan akan dipecat karena pergi umroh saat rakyat daerahnya terkena banjir! Ane sih setuju bupatiacehselatan PrayForSumatera PrayForIndonesia BENCANANASIONAL banjir prayforaceh 3 49,2,0,0.71725255,0.2395467,0.04320074
"Sebagai bentuk dukungan terhadap upaya penanganan pembersihan sisa banjir, PMI mengirimkan bantuan peralatan pembersihan dalam jumlah besar. aceh.tribunnews. PMI Fokus Bersihkan Banjir Sumatera–Aceh, Kirim Puluhan Ribu Cangkul, Sekop, dan Puluhan Excavator... PMI memfokuskan upaya pada pembersihan sisa lumpur, kayu, dan material banjir yang masih menutup permukiman warga serta fasilitas umum. 68",2,2,0.022877503,0.06773502,0.9093874
"belum kak, btw stay safe ya gue lihat di berita pulau sumatra lagi kena banjir bandang 1 38",1,1,0.075624496,0.89164263,0.03273281
Ikuti terus yuk update info tentang banjir Sumatera di BNPB Live Update Bencana jam 17.00 youtube. BNPB Indonesia The Indonesia National Disaster Management Authority 15,1,1,0.018129747,0.9344302,0.047440115
"Jumlah korban meninggal akibat bencana banjir dan tanah longsor di Sumatera bertambah menjadi 604 orang, berdasarkan data di situs Pusat Data, Informasi, dan Komunikasi Bencana Senin (1/12/2025) pukul 17.00 WIB. Sumatera Utara 283 jiwa, Sumatera Barat 165 jiwa dan Aceh 156 jiwa. 91",0,0,0.7747049,0.19934966,0.025945488
Akun komentar C.U.M.A...... Bencana Sumatera 1 dari 38 provisi Banjir besar di Bali 1 dari 38 Provinsi Keracunan mbak 0.00017 dari penerima mbak TNI vs WNA China 1 dari 38 Provinsi 1 1 135,1,0,0.6925086,0.29080266,0.016688747
"YANG SEDANG VIRAL AKIBAT BANJIR BANDANG DI SUMUT Ini bukan murni fenomena alam tapi kerusakan alam akibat ulah manusia Sebuah video memperlihatkan momen dimana sungai batang boru yang terletak di Tapanuli Selatan, Sumatera Utara mengalami banjir. Namun banyak warganet yang 7 72 112",0,0,0.90536314,0.08567388,0.008962971
"Dalam rangka kepedulian terhadap terjadinya banjir dan longsor yang terjadi di beberapa daerah di Aceh, Sumatera Barat, Sumatera Utara KPU Riau memberikan bantuan kepada saudara-saudara yang terkena bencana, semoga bantuan itu dapat meringankan beban bagi sesama saudara 36",2,2,0.03817239,0.04508801,0.9167396
"Aksi sigap TNI saat terjadi banjir di Sumatera Selatan, Kabupaten Oku Timur. --- Mens rea sore pagiii nkri cowok korupsi",2,2,0.03719503,0.10459656,0.8582084
"Enam Korban Ditemukan Tewas, SAR Kebut Evakuasi di Tengah Putusnya Akses Banjir Aceh punca. SAR Kebut Evakuasi di Tengah Putusnya Akses Banjir Aceh Tim SAR gabungan menemukan enam korban meninggal dunia dalam operasi penyelamatan banjir di Aceh, Rabu (3/12/2025) kemarin, sementara satu lansia dievakuasi dalam kondisi sakit. 40",0,0,0.92053914,0.04805387,0.03140697
"Blak-blakan Guru Besar USK Aceh Kritik Penanganan Banjir, Soroti Bendera Putih sebagai Tanda Kelaparan BanjirAceh BenderaPutih BencanaAceh KritikAkademisi USKAceh PemulihanBencana BantuanKemanusiaan AcehDarurat 45",0,0,0.55560553,0.21609595,0.22829854
"Adek ini habis jatuh dari jembatan ambruk karena banjir dan longsor waktu lagi berangkat sekolah diantar ibunya, dia selamat tapi ibunya hanyut Pas dia bilang ""Tu enggak bisa aku ketemu ibuku lagi pak?"" Ampun ya Allah enggak kuat menahan menangis AllEyesOnSumatera 3 1 13",0,0,0.9298063,0.0454635,0.024730148
"Banjir bandang di Sumatera sudah makan korban dan bikin ratusan ribu warga ngungsi. Sedih banget, tapi di balik semua itu masih ada kerja nyata yang jalan tanpa banyak sorotan. Semoga ini jadi Pemulihan Awal Kebangkitan buat Sumatera. KerjasamaUntukSumatera 1 1 14",0,0,0.7146115,0.030461561,0.25492698
dan Iya paling sumatera juga akan terpecah jadi beberapa negara mengikuti etnik dan sukunya..sekarang saja untuk menjadi pemimpin segala cara dilakukan dari setingkat RT sampai gubernur karena masing-masing punya kepentingan..apa ya rela orang Lampung Sumsel dipimpin presiden dari Aceh?.. 2 2 74,0,0,0.91538835,0.06450615,0.020105414
"Anggota Komisi I DPR Endipat Wijaya meminta Kementerian Komunikasi dan Digital (Komdigi) aktif memberikan informasi ke masyarakat tentang bantuan yang telah diberikan pemerintah ke korban bencana di Aceh, Sumatera Barat (Sumbar) dan Sumatera Utara (Sumut). Endipat juga 3 6 12",0,0,0.70745474,0.07073492,0.22181031
"Ini sepertinya di kawasan Silaiang, Padang Panjang, Sumatera Barat, Indonesia. Banjir bandang terjadi pada 27 November 2025, menyebabkan kerusakan parah pada mobil dan rumah. Sumber: BNPB dan berita lokal.",0,0,0.62279695,0.3607994,0.016403617
"Dana bantuan pemerintah utk: Tsunami Aceh 2004 42.9T Banjir Aceh-Sumatra 2025 60T Bro merasa sudah hebat tapi tidak menghitung nilai uang. Kalo benar hitungan mas Mojito ini, 42.9T tahun 2004 itu setara 803T di 2025. Membanggakan 60T hasil “efisiensi rapat2 tidak penting” katanya. 1 1 158",2,0,0.7331809,0.22213843,0.04468067
"Gampong Drien Tujoh, Bandar Dua Ule Glee di Pidie Jaya, Aceh kena Musibah Banjir Gelombang ke II Rabu, 24 December 2025. Pidie Jaya adalah salah satu Daerah terparah terkena Banjir Aceh - Sumatera akibat Cyclone Senyar pada November 26, 2025 22 428 491",0,0,0.7334392,0.25235838,0.014202369
"Alhamdulillah Terima kasih untuk TPL yang terus hadir di tengah bencana banjir Sumatera, bantu masyarakat bangkit lebih cepat. 26",2,2,0.011647689,0.017708648,0.97064364
Woy anjing kau lah penyebab kerusakan hutan di di Indonesia dan Banjir bandang di Sumatra 68,0,0,0.9444736,0.036656998,0.018869407
"Pemerintah Hadir, Telkomsel dan Kondisi perkuat bantuan kemanusiaan Pasca bencana di Aceh 24",2,2,0.010302541,0.028169785,0.9615277
"Menkomdigi Meutya Hafid: Telekomunikasi Pasca Banjir Sumatra Mulai Pulih, Aceh Capai 73 Persen bahlillahadalia kuningkeren golkarindonesia partaigolkar golkarpedia",2,2,0.032090895,0.4181981,0.54971105
"Disenggol soal Istighosah, Gus Miftah Malah Gelar Doa untuk Negeri Sindiran Halus? gusmiftah DOA banjir Sumatera aceh Dicolek Soal Istighosah, Gus Miftah Gelar Doa untuk Negeri Dari one.news 39",1,0,0.54534763,0.42223582,0.032416563
"Komplek elit Givency One Medan ikut terdampak banjir. Air yang masuk ke dalam rumah membuat berbagai barang berharga milik penghuni rusak, mulai dari perabotan 2 1 170",0,0,0.8012384,0.14555165,0.0532099
"Tim SAR Resimen II Pasukan Pelopor Intensifkan Pencarian Korban Banjir di Agam, Gelar Evakuasi hingga Trauma Healing PrayForSumatra Polriuntukmasyarakat BrimobUntukNusadanBangsa Jiwaragakudemikemanusiaan humaskorbrimobpolri 1 1 37",0,0,0.77547747,0.062241256,0.16228126
"Banjir parah melanda sejumlah wilayah Yunani akibat hujan lebat. Infrastruktur rusak,aktivitas warga terganggu. Otoritas setempat lakukan penanganan darurat.Yunani Banjir CuacaEkstrem narkobainternasional Jambu TYPE_非 PersibDay MalamMinggu wakapolri pupukturungabahnaik 36",1,0,0.81816524,0.15249512,0.029339632
"Ketua Lembaga Perlindungan Anak Indonesia (LPAI) Seto Mulyadi atau yang kerap disapa Kak Seto memberikan penguatan dan pendampingan psikologis bagi anak-anak penyintas banjir bandang dan tanah longsor di Kota Padang, Sumatera Barat. Kak Seto lakukan trauma healing bagi anak korban banjir dan longsor di Padang - ANTARA News Bengkulu 71",2,0,0.4123304,0.17794828,0.40972134
Akun parodi Jalan yang selalu saya lewati sumbar prayforsumbar PrayForSumatera 2 5 12 553,1,1,0.10399255,0.7831797,0.11282774
Akun komentar sama-sama kita dorong pengurus negara untuk naikan status musibah ini sebagai bencana nasional. PrayForSumatera 1 39,2,2,0.10948236,0.41703323,0.47348443
"Otomatis oleh Guys berhubung aceh banjir lagi, sharing dong tempat donasi untuk aceh! Kalo bisa yang kayak jnt gratis ongkir kirim donasi ke aceh, soalnya sender agak trust issue sama tempat donasi yang mengirim uang hehe 4 12",2,1,0.10278979,0.6180883,0.27912185
ada yang tahu alamat posko aceh sumbar yang trusted buat kirim barang? 35,1,1,0.036495652,0.8998888,0.06361549
"Awal tinggal di Gresik rumah dinas, air hujan masuk rumah genang sebentar. gue deh stress.. macam mana kalo banjir dan hilang semua harta benda. Ya Allah kuatkan mereka, ganti dengan yang lebih baik 185",0,0,0.8543278,0.09195608,0.05371613
"Akun parodi mengenai bencana banjir bandang dan tanah longsor yang melanda provinsi Aceh, Sumatera Utara, & Sumatera Barat. Laporan ini menyoroti peran krusial Satgas Penertiban Kawasan Hutan (PKH) dalam mengungkap akar masalah di balik tragedi yang menewaskan lebih dari 1.000 jiwa tersebut 1 2 88",0,1,0.44112065,0.5261509,0.032728434
"Aku jadi penasaran kalo banjir bandang gini, setan2 juga ikutan ngungsi enggak ya?",0,1,0.32342884,0.6301585,0.04641269
"Hari ini tgl. 17 Desember 2025... Sekian minggu setelah ""banjir besar dan longsor"" di SumBar, SuMut dan Aceh...... Desakan status BENCANA NASIONAL semacam tuit 21. Agsts 18 ini sampai kiamat pun enggak kan ada lagi.... 114",0,0,0.56776047,0.4123512,0.019888408
"Lagipula yang perlu diangkat bukan hutan sebagai paru2 bumi. Bencana kemarin warga bukan sesak nafas karena kurang oksigen, tapi banjir bandang karena enggak ada hutan yang menahan limpahan air hujan.",0,0,0.59892017,0.36504152,0.036038272
"Akun komentar Di Aceh, petugas mengevakuasi satu keluarga yang terjebak di atap rumah setelah air naik mendadak Polisi Tanggap Bencana Terimakasih POLRI 1 2",1,2,0.20321585,0.11466366,0.68212044
"ya Allah, selamatkanlah saudara-saudari kami, ayah ibu kami, kakek nenek kami yang sedang berada dalam kesulitan dan kepayahan menghadapi bencana alam bertubi ini. berikanlah mereka senantiasa perlindungan-Mu, aamiin. PrayForSumatera PrayForAceh PrayForPadang 1 43",2,0,0.5024511,0.10394009,0.39360887
"Sampé 11 Januari 2026, bantuan pemerintah kanggo korban banjir Sumatera lagi ditambah. Kemensos janji Rp 5 yuta saben keluarga ing Sumut kanggo pemulihan ekonomi. BNPB salurke 500 paket sembako ing Sumsel (Ogan Komering Ulu Timur). Santunan kanggo 147 ahli waris korban meninggal,",0,0,0.7040405,0.050111867,0.24584761
"Bantuan untuk korban bencana banjir di Aceh, Sumatera Utara dan Sumatera Barat dari PDI-P. Untuk semua relawan dan tim penyelamat semoga diberi kemudahan, kekuatan dan kesehatan dalam menjalankan tugas. 1 7 21 695",0,0,0.6471223,0.05406103,0.29881665
"Banser Peduli Korban Bencana Distribusi Logistik dan Bantu Dapur Umum Ansor Banser Sumatera Barat berjibaku membantu korban bencana di Sumatera. Di Pasaman Barat, Banser berjibaku membatu drop sekaligus mendistribusikan logistik. Sementara bersama Baznas, Sahabat-sahabat 2 7 16 672",0,0,0.61116666,0.05435017,0.33448315
"Aceh Tamiang, 44 hari pasca banjir IG/. 07 Januari 2026 || Episode 3 Jadekamin Sore Round 5 1 1 293",1,1,0.10301147,0.8811008,0.01588773
"Lewati Medan Sulit, Petugas PLN Pulihkan Kelistrikan Terdampak Banjir dan Longsor di Sumatera Utara Banjir dan longsor yang terjadi di wilayah Sibolga, Tapanuli Selatan, Tapanuli Tengah, dan Tapanuli Utara memutus akses jalan sehingga menjadi tantangan dalam proses pemulihan 47",2,2,0.015773246,0.037470337,0.94675636
"Tips Aman Menyalakan Listrik Setelah Banjir Electrizen, pastikan rumah benar-benar aman sebelum menyalakan listrik kembali setelah rumah terendam banjir. Yuk simak tips dari PLN! PLNUntukSemua PLNUntukIndonesia PrayforAceh PrayforSumut PrayforSumbar PLNUIDSulselrabar 1 16",1,1,0.032076746,0.86106527,0.10685795
Pemerintah Aceh melalui Dinas Sosial Aceh menyatakan terus mengintensifkan upaya pemulihan pascabencana bagi kelompok anak yang terdampak banjir Dinsos Aceh Intensifkan LDP anak terdampak banjir 1 280,1,2,0.016588682,0.031449065,0.9519623
"INI DIA sih BANDIT HUTAN, SUMBER BENCANA ALAM DI ACEH SUMUT SUMBAR 74",0,0,0.8152432,0.16957511,0.015181658
"Bisa enggak sih program mbak di stop 1 bulan aja, dana nya dialihkan untuk penanganan bencana banjir di aceh, sumut dan sumbar.",1,1,0.22694075,0.5803631,0.1926962
"Berdasarkan laporan resmi dari Kompas dan Seskab Teddy, Presiden Prabowo mengerahkan 50-53 helikopter untuk penanganan bencana banjir di Sumatera, termasuk Aceh, sejak awal Desember 2025. Ya, klaim 50 helikopter benar, meski sempat ada pertanyaan tentang keberadaannya di lapangan",1,1,0.030979324,0.93408746,0.034933183
"Aceh dan Sumatera sudah nunjukin kemajuan luar biasa dalam penanganan bencana. Semangat terus, bareng pemerintah kita bangkitkan bersama! 14",2,2,0.018066151,0.054411698,0.9275222
"Tahap awal pembangunan huntara untuk korban terdampak banjir di Agam Sumatera Barat tengah berlangsung. Alhamdulillah, semoga tidak membutuhkan waktu lama bisa selesai, sehingga ada tempat berlindung dan beristirahat lebih layak. Good job TNI. Untuk diketahui, pembangunan 4 10 21 445",2,2,0.24480212,0.051665287,0.70353264
"Ketua DPP PDIP Bidang Kesehatan Ribka Tjiptaning melaporkan aksi kemanusiaan PDIP di tiga provinsi terdampak bencana, yakni Sumatra Barat, Sumatra Utara, dan Aceh PDIP Luncurkan Buku ‘Spirit Kemanusiaan’ 30",1,2,0.040312737,0.19680999,0.7628773
Anggota DPR TA Khalid mengkritik laporan Menteri ESDM Bahlil Lahadalia yang menyebut listrik di Aceh sudah menyala 97 persen. Ia menilai data itu tidak sesuai kondisi lapangan karena baru sekitar 60 persen wilayah terdampak banjir dan longsor yang kembali teraliri listrik. Khalid 70,0,0,0.56216204,0.41919366,0.018644292
"Warga Aceh tidak sendirian. Ada Babinsa dan BNPB yang siap sedia membantu 24 jam. Lekas pulih saudaraku. youtube. BABINSA kali BNPB COLLAB BANTU ACEH Enjoy the videos and music you love, upload original content, and share itu all with friends, family, and the world on YouTube. 9",2,2,0.050656773,0.026088607,0.92325455
"Tahap 3: Penyaluran Bantuan Banjir Sumatera Sahabat Trilove, alhamdulillah hari ini tim kami telah turun langsung ke Lubuk Minturun, Kota Padang, Sumatera Barat untuk menyalurkan bantuan dari donasi kalian semua. Bantuan yang dibawa pada tahap ini meliputi: Popok bayi",2,2,0.020716812,0.04795682,0.9313263
"barangkali ada teman-teman yang mau donasi untuk evakuasi anabul liar yang terdampak banjir sumatra. selamat hari jumat. semoga semuanya bisa hidup berdampingan dengan layak dan bahagia. Kitabisa: Donasi, Zakat, Wakaf Orang-orang baik, sekecil apaun bantuan akan menyelamatkan banyak jiwa berbulu ini, mari bersama berjuang bersama para relawan anabul ini. 4.63321/5 bintang – 4,234 peringkat 153",2,2,0.06548114,0.028370114,0.9061488
"PULIHKAN AKSES WARGA, BRIMOB ACEH BERSIHKAN BADAN JALAN PASCA BANJIR DI benar MERIAH 36",2,2,0.0217349,0.05226677,0.92599833
"dan heran ya kenapa selalu bencana besar di aceh?? mulai dari sunami dan banjir besar.. artinya di pesisir, di daratan dan di daerah gunung semua nya kena bencana. semoga tidak terjadi lagi 1 4 178",0,0,0.6495084,0.32547897,0.025012605
"Setelah di geledah ,. Langsung Hadap Bapak, itu tanda bahwa tanpa Bpk Kalian jadi Abu,. BangunKesadaran TolakOkupasiTanahRakyat PrayForSumatera PrayForIndonesia 9 1 107",0,0,0.7308637,0.18290614,0.08623016
"Banjir dan Longsor Melanda, Pemkot Padang Liburkan Siswa",1,1,0.116465546,0.8572154,0.026318993
"Gue ini ada kenalan yang jadi korban banjir longsor di Aceh Utara Dulu gue nginep di rumah keluarganya pas gue lagi turlap Rumahnya sekarang hilang enggak bersisa Kata dia bantuan dari warga sekitar ada Lagi tanya bantuan dari pemerintah deh masuk apa blm, centang satu lagi :(",0,0,0.93402296,0.040718745,0.025258167
"Akun parodi Gubernur Aceh, Muzakir Manaf (Mualem) meluapkan kekecewaan dan kemarahan terhadap kinerja Badan Nasional Penanggulangan Bencana (BNPB) terkait lambatnya penanganan bencana banjir dan longsor di Aceh Tamiang pada akhir 2025... Mualem menyoroti kegagalan penggunaan alat evakuasi 265",0,0,0.7210173,0.25758922,0.021393454
"Akun parodi Astaghfirullah...! Anggota DPRK Bireuen melakukan inspeksi mendadak ke gudang BPBD dan Dinas Sosial pada Senin (12/1/2026) setelah menerima laporan warga mengenai adanya penimbunan logistik... Dalam sidak tersebut, ditemukan puluhan ton bantuan untuk korban banjir dan tanah 11 28 40 854",0,0,0.86042637,0.055166602,0.08440703
Saat rumah terendam harapan dijaga Projo Peduli Bencana bersama rakyat Sumatera Bersama Budi Arie Setiadi Projo Setia Digaris Rakyat mendukung pemulihan dan kerja keras pemerintah PROJO: Solidaritas Nasional Kunci Mengatasi Banjir Sumatera 7,2,2,0.02407198,0.018592305,0.9573357
"Evakuasi Korban Longsor dan banjir di Sibolga, ternyata salah satu korban yang sudah di identifikasi adalah ibunda dari Aipda Simon Pakpahan anggota Brimob Yon sih yang sedang di bertugas. 17 37",0,0,0.86585075,0.09669617,0.037453026
"Pemulihan listrik pasca banjir memang enggak gampang, apalagi di area fasilitas kesehatan. Tapi PLN berhasil nyiapin langkah-langkah supaya 34 fasilitas kesehatan di Aceh bisa kembali beroperasi. Kerja keras yang patut dihargai 31",2,2,0.01671531,0.035231143,0.94805354
"Presiden Prabowo Subianto menyetujui Anggaran Transfer ke Daerah (TKD) untuk Provinsi Aceh 2026 tidak dipotong, dan memastikan dukungan penuh pemerintah pusat untuk percepatan pemulihan pascabencana di Provinsi Aceh. 1 70",2,2,0.014114969,0.09452915,0.8913559
"1 Minggu lebih full hujan tanpa henti. Baru kali ini setakut ini sama hujan. Baru kali ini banjir kiri kanan. Lampu mati hidup. selalu lindungi kami dari marabahaya musibahmu ya Allah. Rumahku dekat pantai, bangun tidur orang-orang pada siap"" ngungsi. PrayForSumatera prayforsumbar 1 5 145",0,0,0.65353626,0.22492063,0.121543124
"Pemerintah Hadir Tanpa Tunda. mulai dari evakuasi hingga distribusi logistik, pemerintah berupaya gerak cepat agar warga terdampak banjir di Sumatera bisa merasa lebih aman dan terbantu SatuIndonesia 18",2,2,0.013952135,0.029652273,0.9563956
Update : 18 : 24 WIB 604 korban meninggal dan 464 masih hilang dampak banjir tanah longsor di Sumatra 17 35,0,0,0.87548316,0.09299897,0.031517945
"Kemenhut pastikan kayu di Lampung bukan hanyut akibat banjir Sumatera Kementerian Kehutanan (Kemenhut) memastikan kayu yang ditemukan di Lampung bukanlah kayu hanyut akibat banjir di Sumatera, setelah melakukan pemeriksaan di Pantai Pesisir Barat. Direktur Iuran dan 1 139",1,1,0.02222122,0.95507497,0.022703795
Doain ya teman-teman Alhamdulillah menstock dimedan untuk di bawa ke Tapanuli tengah dan di Aceh tamiang. Masih banyak banget kekurangannya Yuk mulai 10.000 Agar semua bisa ikutan,1,2,0.12405977,0.22273181,0.6532084
"Menurut update terbaru BNPB per 6 Desember 2025 pukul WIB, korban meninggal akibat banjir dan longsor di Sumatra mencapai 914 jiwa (Aceh: 359, Sumut: 329, Sumbar: 226). Korban hilang: 389 orang. Data bisa berubah seiring evakuasi.",0,0,0.7798693,0.20391344,0.016217316
"Pada hari kedua ini, pemerintah terus mengerahkan helikopter ke berbagai titik untuk distribusi bantuan logistik dan evakuasi di wilayah terdampak bencana banjir di Aceh, Sumatera Barat, dan Sumatera Utara. BantuanBencanaAlam DistribusiBantuanLogistik WilayahTerdampakBencana 12 60 134",1,2,0.018071087,0.08882422,0.8931047
Tim Trauma Healing Polda Riau Bersama Himpunan Psikologi Indonesia Melaksanakan Kegiatan Trauma Healing Kepada Para Lansia Di Posko Bantuan Nagari Salareh Aia Timur Prov. Sumbar Kapoldariaubantusumbar Kapoldariiaubantuaceh Kapoldariaubantumedan Poldariaubantubencana 119 3 276 494,2,2,0.03161786,0.07629304,0.89208907
"Akun parodi Kita sambut optimisme baru di tengah duka Zulkifli Hasan membuka jalan dengan Janji Rumah Zulhas Kunjungi Padang, Zulhas Janji Pasokan Pangan 2 Kali Lipat untuk Korban Banjir 21",2,0,0.8670573,0.038999256,0.09394345
"Ditpolairud Polda Sumsel Gelar Salat Gaib, Istighosah, dan Doa Bersama untuk Korban Bencana Alam di Aceh, Sumut, dan Sumbar Sekaligus Peringati HUT ke-75 Polairud Ditpolairud Polda Sumsel menggelar rangkaian kegiatan religius berupa salat gaib, istighosah, dan doa bersama untuk 1 55",2,0,0.7712725,0.057983067,0.17074448
PLN terus bergerak memastikan pemulihan listrik pascabencana banjir yang melanda sejumlah wilayah di Aceh. PLNUntukSemua PLNUntukIndonesia pInAceh PrayforAceh 1 24,2,2,0.009856745,0.065718494,0.9244247
AWAS saja KALO TIKETING NYA KECEPETAN H-2 BULAN saja INI WARGA indonesia MASIH LAGI PADA PUYENG memikirkan DUIT GRGRG PEMERINTAH,0,0,0.7183861,0.19191657,0.08969731
"sudah berganti rezim, tapi masalah di konoha masih tetap enggak pernah beres. Banjir makin parah, korupsi makin ngeri, ekonomi makin sempit. Rakyat2 yang susah bukan karena malas, tapi korban dari sistem yang enggak bener. Padahal negeri konoha kayak raya SDA nya.",0,0,0.9644358,0.014730243,0.020833919
"Terancam kelaparan warga Aceh Tengah, benar Meriah, dan Gayo Lues yang terisolasi 13 hari jalan kaki lewat gunung dan nyebrang sungai mencari beras dan obat obatan ke perbatasan Aceh Utara dan ke kota Lhokseumawe untuk keluarga mereka. Banjir Aceh cyclone senyar adalah 53",0,0,0.8707013,0.08703588,0.04226285
Pemerintah Sigap untuk bencana Aceh dan Sumatra. PemerintahHadir AcehSumatraBangkit PemerintahBarengWarga AcehSumatraPulih 1 1 28,2,2,0.011236815,0.043169864,0.9455933
"Polri kerahkan BELASAN RIBU personel untuk bantu pemulihan wilayah terdampak banjir dan longsor di Aceh, Sumatera Utara, dan Sumatera Barat. Bukan cuma tanggap darurat, tapi total dukung proses pemulihan hingga daerah bangkit lagi. Keamanan Nasional PolriUntukMasyarakat",2,2,0.013156505,0.019292738,0.96755075
Seorang EmakAceh tidak mau menunggu bantuan yang tak kunjung datang tanam padi di atas lumpur di bawa bencana banjir di halaman rumah. smart - positive thinking. Tinggal jaga dari tikus dan hama waktu panen tiba 6 97 291,1,0,0.46833068,0.10794754,0.42372176
dan Perusahaan kayu milik prabowo salah satu penyebab bencana yang timbul di aceh atau Sumatera Utara. PT Tusam. 1 41,0,0,0.81741667,0.16851883,0.01406443
"Demokrat Peduli dan Berbagi Dipimpin Doni Harsiva Yandra, Demokrat Sumatera Barat menyalurkan bantuan kemanusiaan bagi masyarakat korban bencana. Bantuan ini merupakan bentuk kepedulian dari seluruh kader Partai Demokrat Sumatera Barat bersama DPC Partai Demokrat Kota Padang. 1 23",0,2,0.25543138,0.046494804,0.6980738
"Zaskia Adya Mecca Pamit, Anak Korban Banjir Aceh: Ke Sini Lagi, Kak Zaskia Adya Mecca Pamit, Anak Korban Banjir Aceh: Ke Sini Lagi, Kak 457",0,0,0.5047298,0.35882565,0.13644448
"Sudah tiga pekan banjir Sumatra berlalu, para penyintas belum bisa kembali ke rumahnya. Lumpur menggunung di permukiman, sungai disesaki jutaan batang kayu. Ke mana warga pulang? Saksikan RealitasMetroTV ""Tengoklah Rumah Kami"" Sabtu, 20 Desember 2025 pukul 19.30 WIB di MetroTV 2 2 799",1,0,0.81939036,0.14547649,0.035133198
"Tolong orang ini dikirim ke Aceh Tamiang atau Sumut atau Sumbar ke wilayah terisolir dan jangan dijemput sampai semua kayu, lumpur, jenazah beres -- abaikan kalo teriak tidak ada suplai logistik yang dibutuhkan, kita mau lihat apa komen dan action nya sih pintar ini 55",0,0,0.86631,0.07000858,0.06368133
"Musim hujan terus kemarin kena air banjir, minyak kayu putih sebotol habis dalam 3 hari buat oles ke kaki, tangan, punggung biar enggak gatal + hangat terus 19",0,1,0.32211268,0.6396599,0.03822745
"Para bedebah yang terlibat penebangan hutan besar besaran sekarang lagi pada sibuk main drama sedih sedihan, sampai ada yang mangku beras, ngepel lumpur dll, gue kubur juga lu di lumpur banjir 18",0,0,0.9515456,0.027204981,0.021249423
"Banjir yang melanda Aceh, Sumatera Utara, dan Sumatera Barat tidak hanya menimbulkan kerusakan fisik, tetapi juga menekan perekonomian nasional. KerugianBencana PrayForSumatera 38",0,0,0.8388191,0.116768494,0.04441239
"Karena Banjir di Sumatera, Kebun Sawit dikembalikan jadi Hutan! PrayForSumatera sawitbaik BencanaSumatera bencananasional 2 75",1,0,0.8952011,0.070392,0.03440698
"dan Banjir bandung itu banjir tahunan & terjadinya saat KDM sudah berangkat ke sumatra..skala bencananya jauh lebih kecil dari bencana disumatra, heran banget saat orang lagi bantu bencana besar yang lain malah nyinyir terus, lihat dong sisi kemanusiannya jangan kaitkan sama politik 74",1,0,0.92170817,0.03905988,0.03923191
"ada POLRI, ada bantuan! Di Sumatera, mereka hadir saat banjir. Terima kasih sudah menjadi penyelamat. Jangan lelah berbuat baik 33",2,2,0.03910857,0.017992849,0.94289863
"Pemerintah mengambil langkah tegas terhadap aktivitas perkebunan dan pertambangan yang dinilai berkontribusi pada bencana banjir besar Sumatra. Pemerintah Hadir, Aceh Sumatra Bangkit, Pemerintah Bareng Warga, Aceh Sumatra Pulih, Pemerintah Sigap untuk Aceh Sumatra 32",2,2,0.012333912,0.016435802,0.97123027
"! - Momen evakuasi warga yang terjebak banjir di kawasan Batu Busuk, Kota Padang, berlangsung menegangkan pada Minggu sore 47",0,1,0.14123338,0.8390532,0.01971338
"Ada yang tau meminta bantuan ke mana ya ini? Teman kami di Lhoksukhon Aceh hari ini baru bisa kasih kabar, katanya berhari-hari belum ada bantuan masuk dan mereka yang di pengungsian pada kelaparan mereka semua mengungsi di masjid karena rumah semuanya hancur terbawa banjir 106",0,0,0.7453751,0.05543742,0.19918749
"yaAllah ini benaran makin naik air nya, sekarang halaman rumah sudah ke rendam dikit lagi airnya masuk ke dapur 38",0,0,0.5376005,0.3772348,0.08516466
"halo, mohon dibantu perbaikan modem ibu saya di wilayah banjir aceh belum dilakukan hingga kini laporan sudah dari tanggal 6 sdngkan ada yang baru lapor sudah datang teknisi, jaringan seluler belum ada saya kesulitan hubungi keluarga ibu saya no pengaduan1-OXRA6VJ 1 231",1,0,0.47818345,0.41443995,0.10737658
"Setibanya di Aceh, Presiden Prabowo diagendakan meninjau titik yang mengalami kerusakan dan dampak signifikan akibat banjir, sekaligus menerima laporan terbaru dari pemerintah daerah dan instansi terkait. Kepala Negara juga akan memantau distribusi bantuan, 20",0,2,0.037311297,0.41386756,0.54882115
"Banjir dan longsor yang melanda Aceh, Sumatera Utara, dan Sumatera Barat sejak akhir November 2025 tidak hanya memutus akses dan melumpuhkan logistik, tetapi juga mengancam layanan kesehatan bagi anak-anak—kelompok yang paling rentan di situasi darurat. Untuk memastikan pelayanan 1 609",0,1,0.26215312,0.5568783,0.18096855
"tiap hujan selalu was was takut banjir lagi, ya Allah semoga enggak banjir lagi, masih banyak yang belum selesai bebersih nya ya Allah, masih banyak yang masih di posko dan belum dapat bantuan, mohon ya Allah semoga hujan kali ini tidak mempersulit keadaan mereka :( 32",0,2,0.31595176,0.083524935,0.6005233
"Zulkifli Hasan dengan Janji Rumah Zulhas datang ke tempat bencana Sumatera dengan pasokan bantuan yang 2 kali lipat banyaknya. Meringankan beban saudara kami di Sumatera detik. Kunjungi Padang, Zulhas Janji Pasokan Pangan 2 Kali Lipat untuk Korban Banjir Menkop Pangan Zulkifli Hasan kunjungi posko bencana banjir di Padang, janjikan pasokan pangan dua kali lipat untuk korban dan rencanakan pembangunan rumah. 1 24",2,2,0.3640069,0.056013387,0.57997966
Muhammadiyah Terima Amanah Salurkan Bantuan Kemanusiaan UEA bagi Korban Banjir Gubernur Sumatera Utara Bobby Nasution memastikan bantuan kemanusiaan berupa beras sebanyak 30 ton dari Uni Emirat Arab (UEA) tetap disalurkan kepada para korban banjir. Bantuan tersebut dipastikan,2,0,0.71890444,0.060351714,0.22074392
Elegi Kampung Banjir yang Hilang Disapu Banjir Elegi Kampung Banjir yang Hilang Disapu Banjir 23,0,1,0.43559414,0.5363135,0.028092427
"Percuma sumbang Aceh,dan Sumbar, suara mereka untuk setiap pemilihan legislatif biasanya ditujukan kepada partai agama tertentu, seperti buang garam ke laut. Alias sia sia, walaupun partai ikhlas beri sumbangan dan perhatian kepada Kedua daerah musibah tersebut tapi terasa pahit 35",0,0,0.7449258,0.047482204,0.20759201
"Dalam setiap tantangan, pemerintah hadir dan sigap mendampingi warga Aceh dan Sumatra. Bersama, kita pulihkan kondisi dan bangun kembali daerah yang tangguh dan berdaya saing. PemerintahHadir AcehSumatraBangkit AcehSumatraPulih PemerintahBarengWarga 17",2,2,0.00895474,0.026293758,0.96475154
"Forkopimda Batam bersama PLN Batam menyalurkan bantuan kemanusiaan bagi warga terdampak bencana di Sumatera Utara, Aceh, dan Sumatera Barat sebagai wujud solidaritas Batam untuk Sumatera. 1 50",2,2,0.02064842,0.043819558,0.93553203
"Maaf abang. yang harusnya dikritisi bukan masalah kembang api, tapi Kemenpar negera abang kerja apa ngga? Sebelum terjadi bencana banjir dan longsor di aceh sumatera, wisatawan datanya sudah turun. Harusnya yang dikritisi Kemenpar kerja apa ngga, terus apa yang sudah dilakukan. 86",0,1,0.46248436,0.49375644,0.043759223
"Rumah Sakit Apung Laksamana Malahayati akhirnya bersandar di Aceh, membawa misi kemanusiaan untuk saudara² kita yang terdampak banjir bandang dan longsor. PrayForSumatera 6 36 71",2,2,0.022490945,0.03231132,0.9451977
"Pemerintah memproyeksikan kebutuhan pembangunan infrastruktur pascabencana banjir di sejumlah wilayah Sumatera mencapai Rp 51 triliun. finance.detik. Infrastruktur Aceh Rusak Paling Parah, Butuh Rp 26 T buat Perbaikan Pemerintah memproyeksikan kebutuhan pembangunan infrastruktur pascabencana banjir di sejumlah wilayah Sumatera mencapai Rp 51 triliun. 99",0,0,0.9082663,0.060288135,0.031445518
Aksi heroik Personel Bhayangkara Polda Sumatra Barat sigap melaksanakan evakuasi bagi masyarakat yang terdampak bencana alam banjir di wilayah kabupaten Agam. Hal ini merupakan wujud kehadiran Polri dalam membantu sesama yang terdampak bencana 39,2,2,0.021653289,0.024680583,0.9536662
"bagaimana nih Pemda Rakyatnya teriak2 meminta merdeka karena anggap pemerintah pusat abai, tapi faktanya yang berpikir logis malah pertanyakan dana pusat ke Aceh kemana larinya",0,0,0.87769276,0.06222844,0.060078736
"Prozis Ibnu Abbas memberangkatkan relawan, ambulans & logistik untuk saudara kita yang terdampak banjir di Sumatera. Semoga Allah jaga mereka. Donasi kebaikan: Muamalat 5260014381 BSI 7006271612 Info: 085601095333 PrayForSumatera AksiKemanusiaan ProzisIbnuAbbas Bencana Aceh",2,2,0.03586003,0.037489355,0.9266506
"Wamenag Romo Syafi'i serahkan bantuan Rp2 Miliar untuk Gereja Katolik terdampak banjir di Sumut, Senin (29/12). Bantuan disalurkan ke Keuskupan Agung Sibolga (Rp1,7 M), Medan (Rp200 Jt), & Aceh (Rp100 Jt) untuk rehabilitasi rumah ibadah & pemulihan psikis umat. KemenagRI 4 5",2,2,0.02535422,0.05789487,0.9167509
"Bukan cuma Gempa susulan tapi ada Banjir Bandang susulan juga Yauuuuu miris bgt, yang kemarin saja belum semua di evakuasi terus datang lagi Yang Sabar ya Rakyat Indonesia Pray for Sumatra 1 1 73",0,0,0.78362584,0.0978909,0.118483245
"Pascabanji Aceh–Sumatera, 310 warga Langkahan, Aceh Utara masih bertahan di Meunasah (Balai Desa), satu-satunya bangunan yang selamat di tengah hamparan kayu dan puing. Gampong Tanah Merah, Desa Leubok Pusaka menjadi salah satu titik terparah pada 26/11/2025. Ketinggian air ±5 2 194 234",0,1,0.4100681,0.51888114,0.071050696
"BREAKING NEWS Sore Tadi Di Sibolga Julu Tapteng,Air Meluap Kembali Ke Pemukiman Warga Insya Allah Tidak Ada Korban Jiwa PrayForSumatera 2 109",0,0,0.5598989,0.27644357,0.16365749
"Jaga Konektivitas, Telkomsel Terus Pulihkan Jaringan di Aceh Jaga Konektivitas, Telkomsel Terus Pulihkan Jaringan di Aceh 263",2,2,0.013996961,0.039563324,0.94643974
"deh lah tiap tahun urus banjir, campur Acheh perlu urus post-bencana tsunami, banjir & gempa bumi pulak. nih bukan kita dapat meringankan beban malah kehadirannya dalam negara menambahkan beban kewangan. Sebab itu paling2 pun boleh Malaysia buat adalah bagi bantuan. 1 128",0,2,0.17526606,0.16666937,0.6580646
Projo Peduli Bencana Setia Digaris Rakyat adalah wujud kehadiran nyata organisasi di tengah banjir Sumatera dengan dukungan penuh Budi Arie Setiadi bagi warga yang membutuhkan Projo Ajak Publik Bersatu Hadapi Banjir Besar di Sumatera 6,2,2,0.01700302,0.026129857,0.9568671
sih Dante pasti tidak tau bagaimana kerusakan akibat banjir bandang . Banjir bandang di sumut hanya sekitaran Tapteng. Jangan di banding kan dengan kerusakan yang terjadi di Aceh . 1 75,0,0,0.8705384,0.1146577,0.014803937
Person of the year: Sebulanan ini selalu menyimak any update tentang beliau esp terkait bencana banjir di Aceh dan Sumatera. He deserves more spotlight and highlight biar masyarakat makin teredukasi dan sadar bahwa pemerintah memang tidak menjadikan ini prioritas. 46,0,2,0.07685699,0.32302746,0.60011554
Bantu korban banjir di Sumatera Utara! Video bantuan logistik dan layanan makin solid. Bersama kita bisa pulihkan daerah yang terdampak. Semangat terus! 15,2,0,0.49087328,0.04255824,0.46656844
Pak tambah lagi pasukan TNI dan Polri untuk mempercepat evakuasi dan menjangkau korban2 banjir di Sumatera bila perlu 100.000 anggota TNI bergerak menjangkau daerah2 yang terisolir Muhammad IQBAL () • Instagram reel 24,0,0,0.68532836,0.07964301,0.23502871
Akun parodi 27 Desember 2025 Belum usai Duka di Sumatera dan Jabar kini banjir bandang telah melanda saudara kita yang di Kalimantan Selatan 6 47 74,0,0,0.88650906,0.0655811,0.047909923
"Tapanuli Selatan - Di tengah duka dan luka akibat bencana alam banjir dan tanah longsor, harapan itu hadir melalui kebersamaan. Kapolda Sumatera Utara, Irjen Pol Whisnu Hermawan Februanto, bersama Ibu Ketua Bhayangkari Daerah Sumut, Ny. Mona Whisnu Hermawan. 52",0,0,0.42319173,0.22784938,0.3489589
"bahas banjir yang di Sumatera Barat, Sumatera Utara dan Aceh saja admiin, aku wrga Padang, disini sudah banjir , banyak rumah yang kena banjir, banyak yang ngungsi air bersih juga enggak ada, up berita ini aja, sudah 1 minggu hujan enggak henti2, Astaghfirullah ya Allah 3 2",0,0,0.935334,0.05449616,0.010169768
"Banjir Aceh direspons tuntas, bantuan dan hunian langsung sampai ke tangan warga yang membutuhkan GerakCepat 21",2,2,0.012699675,0.021814872,0.96548545
"Bantuan Kemensos Korban Banjir Sumatera, Uang Harian Ratusan Ribu hingga Perabot Rumah Gratis jurnallugas. Bantuan Kemensos Korban Banjir Sumatera, Uang Harian Ratusan Ribu hingga Perabot Rumah Gratis Kemensos menyalurkan bantuan jaminan hidup korban bencana Sumatera Rp450 ribu per hari selama 3 bulan plus dana isian rumah Rp3 juta. 16",0,0,0.48595807,0.066575006,0.44746697
"Bencana banjir & tanah runtuh di Sumatera setakat 8.00 mlm: 967 korban jiwa, >157 ribu rumah & ratusan jambatan rosak. Bantuan masih terjejas. BanjirSumatera PrayForSumatera Update Banjir Sumatra 10 Desember 2025: 967 Korban Jiwa, 157 Ribu Rumah dan 498 Jembatan Rusak 58",0,0,0.8798956,0.03865991,0.08144439
"kemarin aku naik gocar seram banget lewat sini, air nya sampai masuk ke dalem mobil. untung aman yaAllah, cuman ada yang naik motor sampai keseret motornya juga ikut keseret. menangis banget 147",0,0,0.77039844,0.17758325,0.05201829
Prajurit TNI ada berjalan kaki melewati 20 titik lokasi longsor demi mengantar logistik untuk korban bencana di wilayah Sumatera Utara antaranews. Prajurit TNI berjalan terobos 20 titik longsor antar logistik di Sumut Prajurit TNI ada berjalan kaki melewati 20 titik lokasi longsor demi mengantar logistik untuk korban bencana di wilayah Sumatera Utara (Sumut).Kepala Bidang ... 1 5 519,0,0,0.89908975,0.044241533,0.05666874
". kok narasinya kompak banget sih, bajer ya? . ada lagi bang 1. gerombolan banjir kayu gelondongan, dibilang enggak ada hutan gundul 2. banjir sumatra hanya seram dimedsos 3. berapa juta rakyat yang hilang dan MD di kasus banjir kayu Gelondong. . kok pada DIAM. KOCAK lo pade . 170",0,0,0.97198254,0.018385539,0.009631896
"Guna meringankan beban masyarakat dan memulihkan roda ekonomi, pemerintah memberikan bantuan uang tunai bagi keluarga korban banjir. Aceh Sumatera Update 25",2,2,0.15231048,0.05643001,0.7912596
"Lanud SMH Kirim 14 Ton Bantuan Kemanusiaan Korban Bencana di Aceh, Sumut, dan Sumbar jurnallugas. Lanud SMH Kirim 14 Ton Bantuan Kemanusiaan Korban Bencana di Aceh, Sumut, dan Sumbar ""Lanud SMH kirim 14 ton bantuan kemanusiaan ke Aceh, Sumut, dan Sumbar untuk dukung korban bencana melalui penerbangan Hercules TNI AU."" 9",0,0,0.72469527,0.04738057,0.22792418
Akun parodi Medan kak air hujannya deras banget sekarang dan sudah masuk rumah ku lagi sekarang 1 97,0,0,0.6398155,0.33486214,0.025322359
"Pemerintah Hadir Tanpa Tunda. dari proses evakuasi hingga distribusi bantuan, pemerintah memastikan penanganan bencana banjir di Sumatera dilakukan secara cepat, dan tepat demi meringankan beban masyarakat terdampak SatuIndonesia 28",2,2,0.013390373,0.031224897,0.9553848
TPL turut bergerak cepat mendukung evakuasi pasca banjir dan longsor di Tapanuli. 21,2,2,0.033280957,0.15248246,0.8142366
"Aceh dan sekitarnya yang terdampak banjir tapi enggak dapat apa-apa dari pemerintah, bahkan dipukuli, bahkan cuma buat pencitraan, layak banget buat lepas dari Indonesia. Aseli, layak banget. enggak usah kalian berharap sama negara enggak jelas ini. Better bikin negara sendiri 1 14",0,0,0.7711182,0.07068216,0.15819958
"Dahlah Indonesia memang kocak, banjir banjir macet macet, dahlah deh brooo sabar aja, mending jalan kaki, jempor2 deh kaki, 6",0,0,0.45922142,0.45698458,0.08379393
"Menteri Koordinator Bidang Infrastruktur dan Pembangunan Kewilayahan Agus Harimurti Yudhoyono (AHY) mengatakan, kalkulasi awal kebutuhan anggaran untuk pemulihan bencana hidrometeorologi di Sumatera Utara (Sumut), Sumatera Barat (Sumbar), dan Aceh diperkirakan menembus angka di 1 1 244",1,1,0.013935995,0.89566016,0.09040388
Seluruh orderan yang masuk tanggal 11 Desember - 5 Januari 10 % nya akan didonasikan kepada Penanganan Banjir di Sumatra dan Aceh Kerjain Tugasmu Est 2020 501,2,2,0.023962148,0.40727276,0.5687651
"Bantu Korban Banjir dan Longsor, TIDAR Sumut dan Tapteng Turun Langsung ke Lokasi Bantu Korban Banjir dan Longsor, TIDAR Sumut dan Tapteng Turun Langsung ke Lokasi 11",2,0,0.6378632,0.05950459,0.30263224
"Perjalanan Hari Ke-3 armada bakti sosial Polda Sumsel menuju ""Sumatera Utara"" saat melintas kantor bupati labuhan batu jalan lintas Sumatra Bila ada permasalahan dan butuh bantuan Polisi silakan hubungi : Call Center : 110 (Bebas Pulsa) ""KAMI SIAP MELAYANI 24 JAM"" musisatu 74",2,2,0.035441484,0.21047717,0.7540813
"Awas! Gelombang Tinggi Air Laut hingga 2,5 Meter di Perairan Lampung Awas! Gelombang Tinggi Air Laut hingga 2,5 Meter di Perairan Lampung 17",0,1,0.10216221,0.8756788,0.022158949
Jaksa Agung melaporkan kepada Presiden Prabowo bahwa praktik alih fungsi lahan secara ilegal menjadi salah satu faktor utama penyebab banjir dan longsor di Sumatra. 57,1,1,0.39368674,0.58296883,0.023344472
"Sumbar Alami Bencana Banjir, Bawang Merah Jadi Langka di Sumsel sumsel.idntimes. Sumbar Alami Bencana Banjir, Bawang Merah Jadi Langka di Sumsel Bencana banjir di Sumatra Barat (Sumbar) akibat curah hujan yang tinggi berdampak terhadap ketersediaan komoditas bawang merah di Sumatra Selatan (Sumsel). 48",0,1,0.2553782,0.71762615,0.02699564
SUMATERA BUTUH STATUS PrayForSumatera AllEyesOnSumatera BENCANANASIONAL NATIONALDISASTER 18,0,1,0.2861916,0.6546195,0.05918889
"PT Pindad melalui departemen TJSL menyerahkan berbagai bantuan kemanusiaan berupa : sembako, obat-obatan, makanan siap saji, logistik, perlengkapan kebersihan yang diperuntukkan bagi warga terdampak bencana banjir bandang dan tanah longsor di Aceh, Sumatera Utara dan 16 1 8 645",2,2,0.027458183,0.06236329,0.91017854
"Pemerintah terus mengerahkan berbagai sumber daya untuk memastikan masyarakat Aceh yang terdampak banjir mendapatkan bantuan cepat, terukur, dan tepat sasaran PemerintahBantuAceh 18",2,2,0.0094700055,0.027388996,0.9631411
"Terjadi Lagi, Banjir Bandang Bawa Kayu Gelondongan Terjang benar Meriah Aceh | BERUT Terjadi Lagi, Banjir Bandang Bawa Kayu Gelondongan Terjang benar Meriah Aceh | BERUT Dari kompas.tv 1 1 648",1,1,0.46468195,0.5188967,0.016421309
"PRAY FOR SUMBAR Kondisi sungai Gunung Nago, Sumatera Barat, Hari Minggu (14/12/2025), sekitar pukul 16: 00 : beritasumbar 26 277 654",2,1,0.035697628,0.90903986,0.055262577
lapor pak roasting pemerintah laporpak prayforsumatera 1 4 133,0,1,0.23806082,0.65406543,0.10787372
uang buat beli kembang apinya mending di donasikan buat korban banjir bandang Sumatra,2,0,0.6783783,0.10226989,0.21935178
"ih ya Allah jangan ujan terus... kasihan yang kerja, sekolah, yang berkegiatan pada kehambat karena banjir. sudah dulu.. 218",0,0,0.85097104,0.10792502,0.04110397
"Pikap Pembawa Bantuan Logistik Terbalik di Aceh Timur, 2 Meninggal sumut.idntimes. Pikap Pembawa Bantuan Logistik Terbalik di Aceh Timur, 2 Meninggal Satu unit mobil pikap mengalami kecelakaan tunggal di Jalan Teupin Batee-Lhoknibong, Gampong Pante Labu, Kecamatan Pante Bidari, Kabupaten Aceh Timur, Aceh, pada Minggu (7/12/2025) 1 23",0,0,0.885503,0.065410785,0.04908619
Akun parodi Lewat Pesan Natal Prabowo menyatakan Presiden Perkuat Solidaritas dengan menegaskan bahwa kasih harus diwujudkan dalam tindakan nyata untuk korban banjir dan longsor Prabowo: Selamat Natal dan Tahun Baru 2026 - ANTARA News Jambi 16,1,0,0.8543242,0.046441868,0.099233806
"BNPB, TNI, Polri, dan BMKG solid di lapangan, upaya penanganan banjir Aceh makin cepat, penyaluran bantuan dan mitigasi jadi prioritas PercepatanPenanganan 45",2,2,0.009476125,0.039847303,0.9506765
"Kan listrik masih belum stabil, kebanyakan masyarakat masih ngungsi & renovasi rumah. Lebih efisien mereka jaga barang sendiri dan enggak nambahin ""beban"" macam barang curian. kayak bayangkan ada berita korban banjir bandang ngegondol kulkas & TV? Ngangkatnya saja deh beban cok",0,0,0.8779478,0.0933861,0.028666012
"Kepedulian Polres Tapanuli Tengah (Tapteng) terus hadir di tengah duka warga terdampak banjir dan longsor di Kecamatan Tukka, Kabupaten Tapteng, Sunatera Utara. WujudkanPemulihanSumatera Bangkit Bantu Saudara 1 68",0,2,0.059366543,0.032166895,0.9084666
"Otomatis oleh TOLONG UDAHAN BAHAS TUMBLER. ada yang lebih genting kasus bencana besar sekarang. ayo up terus berita banjir longsor Tapanuli, Sibolga, Aceh dan Padang. sudah menelan puluhan korban jiwa, jalan akses putus, hujan belum reda, enggak ada sinyal. 177",0,0,0.962446,0.023375876,0.014178185
Bagi rejeki koh..buat sodara saya yang kena bnjir di sibolga 5,0,2,0.18362126,0.34253705,0.4738417
DI TEMUKAN BARCODE KAYU YANG HANYUT MILIK SIAPA?? PrayForSumatera Iko Uwais Amanda Zahra Jorji Senin Aktor Film Timur bnpb live update Jahatnya Siti Nurbaya bencana lingkungan hidup 2 1 2 242,1,0,0.65618366,0.32531062,0.018505746
"dan Semoga harapan kita bersama, Aceh bangkit 3",2,2,0.021083366,0.041238934,0.9376777
luar biasa! POLRI selalu setia membantu korban banjir di Sumatera. Semoga bantuan ini meringankan beban mereka 25,0,0,0.51774687,0.04690476,0.43534836
"SIARAN PERS : AMIR NASIONAL SAMPAIKAN DUKA UNTUK SUMATERA, JALSAH SALANAH 2025 tunjukkan KEPEDULIAN DAN PERSATUAN UMAT PrayForSumatera 1 1 177",0,0,0.70414066,0.08676715,0.20909221
"Ah masa, prov gua di sumatra harga bahan pokok masih mahal, Jalan pada rusak padahal di kota apalagi jalan lintas nya, jalan tol yang dibangga bangga kan bakal memperbaiki ekonomi provinsi tertentu nyata nya tidak ada perubahan 1 21",0,0,0.9137534,0.033807598,0.052439
dan Jancok OrdeOmonOmon PrayForSumatera 1 23,0,0,0.7248114,0.23308189,0.04210676
"Bupati Tapanuli Selatan Mengungkap Penyebab Banjir Bandang Di Sumatera? || (Selanjutnya klik foto untuk baca artikel/berita) cermindemokrasi. Bupati Tapanuli Selatan Mengungkap Penyebab Banjir Bandang Di Sumatera? Bupati Tapanuli Selatan, Gus Irawan Pasaribu akhirnya buka suara mengenai dugaan penyebab banjir bandang di wilayahnya. Ia menyesalkan Kementerian Kehutanan (Kemenhut) yang selama dua tahun terakhir... 1 35",1,1,0.294945,0.68643767,0.018617343
"Banjir parah akibat hujan lebat di Dubai, UEA (19.12.2025) 2 2 112",0,0,0.64649254,0.34402084,0.009486617
"Otomatis oleh turut berduka cita untuk 906 korban jiwa MD , dan ribuan korban banjir aceh sumut sumbar innalillahi wa Innalillahi rajiun atas musibah kebakaran di kemayoran 15 korban perempuan [ 1 sedang hamil] 7 korban laki-laki ( 22 orang meninggal dunia ] jogja 4 943",0,0,0.890383,0.058042936,0.051574063
"Menkes Ngeluh Harga Tiket Pesawat ke Aceh Mahal, Relawan Harus Muter ke Malaysia Dulu 37 39 82",0,0,0.6307591,0.31639224,0.05284864
"Duta Besar Uni Eropa menyampaikan simpati dan solidaritas kepada Aceh dan wilayah Sumatra yang terdampak banjir dan longsor dalam pertemuan dengan Wali Nanggroe pada 18 Desember 2025. Pertemuan ini juga membahas penguatan kerja sama pendidikan, budaya, dan kemitraan kemanusiaan",1,2,0.04614082,0.10755597,0.84630316
"*Trauma Healing Polri, Dukungan Psikologis bagi Anak Korban Banjir Bandang di Padang Pariaman* Padang Pariaman — Sebagai bentuk kepedulian terhadap pemulihan psikologis korban bencana alam, anggota Bidang Psikologi SDM Polda Sumatera Barat melaksanakan kegiatan Polisi 43",0,2,0.43233675,0.08770597,0.47995722
Info Peringatan Dini Hujan 13 - 15 Januari 2026 1 25,1,1,0.016349996,0.96804863,0.015601275
Projo Peduli Bencana terus bergerak untuk Sumatera Budi Arie Setiadi memimpin Setia Digaris Rakyat menyalurkan harapan bagi korban banjir Projo Ajak Publik Bersatu Hadapi Banjir Besar di Sumatera 8,0,0,0.71859914,0.039640162,0.24176066
Pemerintah Siapkan Skema Bantuan Korban Banjir di Aceh 19,2,0,0.6582134,0.17199893,0.16978769
Personel Polda Sumsel Salurkan Bantuan Kepada Masyarakat Yang Terdampak Banjir Di Tapanuli Selatan Polda Sumatera Selatan bersama Bhayangkari Daerah Sumsel kembali menunjukkan kepeduliannya terhadap masyarakat terdampak bencana di Kabupaten Tapanuli Selatan. Pada Jumat 1 1 42,2,2,0.018372098,0.037476856,0.944151
"Gerak Cepat Bank Aceh Pasca-Banjir: Dirut Tinjau Langsung Pacu Normalisasi Layanan di Lhokseumawe dan Aceh Timur distori. Gerak Cepat Bank Aceh Pasca-Banjir: Dirut Tinjau Langsung Pacu Normalisasi Layanan di Lhokseumawe... Komitmen Bank Aceh Syariah (BAS) untuk selalu hadir melayani masyarakat, terutama di masa sulit, kembali dibuktikan. 26",2,2,0.01002623,0.0962123,0.8937615
"Akun parodi dan Kak sabar ya, kami putus jaringan, lampu gaada, tapi di bireuen kami bisa ke pln karena lampu mereka deh nyala (udh ha banjir + sudah dibuka posko ngungsi) jadi kami dkasi wifi bisa akses 1 73",0,1,0.3202408,0.52644324,0.15331596
Apa cuma segini harga sumatera di mata pak presiden PrayForSumatera 14 38 105,0,0,0.54569864,0.3852615,0.06903987
"halo SahabatTangguh! Pemerintah mengoptimalkan distribusi air bersih bagi masyarakat terdampak banjir dan longsor di Kabupaten Padang Pariaman, Provinsi Sumatera Barat. Upaya ini dilakukan bersama 36",2,2,0.008993345,0.19088301,0.80012363
"Akses vital di Desa Garoga, Batang Toru kabupaten Tapanuli Selatan (Sumatera Utara) sedang dipulihkan melalui pembangunan jembatan darurat Bailey.",1,1,0.04249847,0.60529625,0.35220525
"Mangapul Purba menjelaskan kondisi Desa Batu Nagodang Siatas, Kecamatan Onan Ganjang rumah warga rusak parah, jembatan putus dan hampir 500 hektar lahan persawahan hancur. PDI Perjuangan Sumatera Utara menegaskan komitmennya untuk terus bergerak hadir di tengah-tengah masyarakat 1 2 136",0,0,0.83443254,0.036913887,0.12865354
"CIYEEE BUZZER NYA ANIES, EH LUPA CIIR BUZZER sama PENGIKUT harus IDIOT, BANJIR ACEH DI SAMAIN sama JAKARTA, JABAT 5 tahun DI SAMAIN sama yang JABAT enggak ADA 2THN 43",0,0,0.8400357,0.13764358,0.022320705
"Coba masu ke daerah langkat, disana belum ada sama sekali bantuan dari pemerintah setempat dan masih banyak rumah yang masih terendam banjir, serta warga kesulitan mengevakuasi diri karena tak tau mau mengungsi kemana 82",0,0,0.76963973,0.097657785,0.13270253
Pemerintah Hadir dan terus berkomitmen mendampingi Aceh dan Sumatra hingga benar-benar pulih dan bangkit kembali.,2,2,0.010863524,0.0310836,0.95805293
"Mulai lagi ngangkat isu HTI khilafah""an radikalisme buat ngalihin bencana Sumatera, sudah basi enggak mempan. Lebih radikal pemerintah di banding HTI gus, pemerintah bunuh ratusan orang, merusak lingkungan. 2 384",0,0,0.93735915,0.030815795,0.031825062
"Akun parodi Pemulihan pascabencana di Pulau Sumatra, khususnya Aceh Tamiang. Salah satunya membangun hunian sementara untuk masyarakat terdampak banjir yang terjadi pada akhir November 2025. Targetkan membangun 15 ribu hunian sementara. Pada akhir desember 2025, diharapkan sudah tersedia 8 59 93",2,2,0.02552105,0.10080535,0.87367356
POLDA SUMSEL LEPAS BANTUAN KEMANUSIAAN UNTUK KORBAN BENCANA DI PROVINSI SUMATERA UTARA musisatu kapoldasumsel humaspoldasumsel poldasumsel listyosigitprabowo kapolri polisiindonesia polripresisi divisihumaspolri 24,0,0,0.87953573,0.03337843,0.08708583
445 Hektare Kebun Kopi di benar Meriah Rusak Parah Akibat Banjir Bandang Banjir Bandang benar Meriah Hantam Sentra Kopi Gayo 24,0,0,0.83668333,0.14960673,0.013709892
Dari Depok-Sleman siap meluncur ke Sumatera. pkspeduli pksdekat PrayForSumatera 1 1 38,2,2,0.013813417,0.13988575,0.8463008
"“Indikator-indikator di Sumatera Barat relatif kami kira cukup menggembirakan. Kenapa? Karena semua pemerintahannya dari 16 yang terdampak ini, kita lihat hampir semuanya hijau pemerintah kabupatennya,” jelasnya. SatgasPascaBencanaSumatera 178",1,1,0.08921151,0.7023884,0.20840007
"Tim gabungan masih terus melakukan pencarian korban banjir dan longsor yang melanda Aceh, Sumatra Utara (Sumut), dan Sumatra Barat (Sumbar). Hingga Kamis (1/1/2025), tiga jasad tambahan ditemukan di Aceh Utara. Kepala Pusat Data, Informasi dan Komunikasi Kebencanaan BNPB, Abdul 72",1,0,0.716043,0.2330405,0.050916422
"Saya teringat sekitar 20tahunan sampai 30 tahunan yang lalu, dari ujung lampung sampai sumatera utara banyak hutan yang ditebang lalu digantikan dengan tanaman SAWIT, TEBU, KARET dan PISANG Mungkin bencana saat ini adalah efek dari penggundulan HUTAN 20-30 tahun yang lalu 36",0,0,0.79792994,0.18355939,0.0185107
"Badan Nasional Penanggulangan Bencana (BNPB) terus memperbarui total korban banjir bandang dan tanah longsor di Aceh, Sumatera Utara, dan Sumatera Barat lewat Dashboard Penanganan Darurat Banjir dan Longsor Sumatera Tahun 2025. Hingga Sabtu (13/12/2025) pukul 9.30 WIB, tercatat 6 378 593",0,1,0.29770997,0.67847675,0.023813222
"Duka dari Utara Sumatera Kunjungi Padang, pak Zulkifli Hasan Janji Rumah Zulhas dan pasokan Pangan 2 Kali Lipat untuk Korban Banjir. terima kasih pak 20",0,0,0.8962502,0.036206376,0.0675434
"""Hujan deras mengakibatkan jebolnya irigasi Kali Cisereh dan tersumbatnya aliran drainase, sehingga air meluap ke pemukiman warga,"" ujar Ajat. Hujan deras, puluhan rumah-kantor desa di Baros Serang terendam banjir 1 259",0,1,0.383921,0.59812284,0.017956223
"Berdasarkan laporan, BPBD Bireuen bertanggung jawab atas gudang bantuan yang ditimbun. TNI dan Polri terlibat dalam penanganan bencana banjir/longesor di Aceh, termasuk distribusi bantuan dan keamanan. Dalam video, terlihat personel berseragam (mungkin polisi) di lokasi saat",2,2,0.044184648,0.08380679,0.87200856
"Oknum ASN Puskesmas Cambai Prabumulih Sumsel Ngamuk TPP Telat Dibayar Hampir Tusuk Bendahara Suasana kerja di Puskesmas Cambai, Kota Prabumulih, Sumatera Selatan, mendadak berubah menjadi mencekam. Seorang bendahara puskesmas nyaris menjadi korban penusukan oleh rekan kerjanya 1 393",0,0,0.9306238,0.048532896,0.020843184
Justin Barki Sumbangkan Bonus Emas SEA Games untuk Korban Banjir Sumatra Atlet tenis Indonesia Justin Barki akan menyumbangkan seluruh bonus yang diterimanya usai meraih medali emas SEA Games 2025 untuk korban bencana banjir dan longsor di Sumatra. Bonus tersebut diperolehnya 1 147,0,0,0.60759294,0.09195705,0.30045006
"Bantuan yang diberikan berupa paket sembako serta dukungan uang tunai untuk meringankan beban masyarakat. Bantuan disalurkan ke beberapa titik terdampak, yaitu Nagari Koto Sawah Kec. Lembah Melintang; Nagari Ranah Koto Tinggi Kec. Koto Balingka; serta Nagari Sinuruik Kec. Talamau 1 9",0,2,0.028339937,0.07876658,0.89289343
"Korban bencana Sibolga jarah Bulog dan Minimarket, indikasi terjadi kelaparan dan bantuan pemerintah belum turun. Ironi nya bantuan beras ke Palestina 10 ribu ton sudah terkirim",0,0,0.92100596,0.020688295,0.058305755
"Sudah tiga minggu ya? Pengungsi masih lebih dari setengah juta jiwa. Huntara mulai dibangun untuk 12 keluarga, selebihnya baru sekedar usulan. Mungkin karena bangsa ini terlalu besar, jadi agak lambat untuk bergerak. Hunian Sementara Korban Banjir-Longsor Aceh Mulai Dibangun, BNPB Carikan Lokasi Aman 4 5 441",0,0,0.959945,0.026600724,0.013454288
Video: Mensos soal Penanganan Korban Banjir Sumatera yang Kehilangan Rumah 20.detik. Video: Mensos soal Penanganan Korban Banjir Sumatera yang Kehilangan Rumah Menteri Sosial Saifullah Yusuf mengungkap rencana pemerintah soal penanganan para korban banjir Sumatera yang kehilangan tempat tinggal. Mensos menjamin akan memberikan pelatihan hingga hunian.... 23,0,0,0.6452218,0.1495574,0.20522079
"Pemprov Sumut dan Kementan Percepat Identifikasi Lahan Pertanian Terdampak Banjir dan Longsor teritorial24. Pemprov Sumut dan Kementan Percepat Identifikasi Lahan Pertanian Terdampak Banjir dan Longsor -... TERITORIAL24. , DELISERDANG – Pemerintah Provinsi Sumatera Utara (Sumut)... 20",1,1,0.019570554,0.86362225,0.11680724
"Innalillahi, Longsor Bikin Pengendara Panik di Kelok 9 sumatera barat. Negara lain juga banjir parah akibat hujan lebat di Petrópolis, negara bagian Rio deh Janeiro Brasil 5 30 53",0,0,0.87773967,0.10959244,0.012667868
"Banjir Rob di Tarakan Mulai Masuk Rumah Warga detik. Banjir Rob di Tarakan Mulai Masuk Rumah Warga Kelurahan Selumit Pantai, Kecamatan Tarakan Barat, Kota Tarakan, Kalimantan Utara menjadi salah satu wilayah yang terdampak banjir rob cukup parah 77",2,0,0.6387985,0.30244765,0.058753956
"Beredar video pria berseragam mencegat kapal yang mengangkut bantuan untuk korban banjir di Aceh. Kepala Pusat Penerangan (Kapuspen) TNI, Mayjen TNI Freddy Ardianzah menegaskan bahwa pria tersebut bukan anggota GAM. Banjir Sumatera ormas GAM pantaupolitik norakplay 34",0,0,0.8329495,0.06911109,0.09793931
"OTW Aceh Tamiang, Sinyal HP dan lampu PLN di Kota Kuala Simpang mulai hidup . Lampu di Aceh mati sejak November 26, 2025. Wartawan2 asing termasuk mulai masuk Aceh lihat masif kehancuran dan penderitaan di Aceh Tamiang dan daerah lainnya di pedalaman 5 331 397",2,0,0.95180666,0.028896863,0.019296514
"Maaf dengar pengalamanmu, kritik seperti itu memang bisa bikin sakit hati lama. Yang penting, anakmu dapat asupan bergizi meski buru-buru. Kalau butuh saran parenting atau info bencana Sumatera, bilang aja!",0,0,0.73417354,0.19198877,0.073837765
"Coba mengomong di depan warga yang rumah nya hancur kebanjiran sana bang,,,ga di timpukin tahi juga sukur loe,,,enak saja mengomongkan angka, rakyat mah susah gara-gara kebijakan pejabat2 korup",0,0,0.8817154,0.053470757,0.064813755
"hujan sempat berhenti 5 hari, terus semalam hujan lagi.. gue bersyukur masih dikasih hujan tapi gue trauma..( lebih ke trust issue, takut hujan panjang kayak kemarin sampai bikin banjir..) PrayForSumatera Aceh 61",1,0,0.6951337,0.27549434,0.029371995
"dan iya benar, tapi tau enggak kalo di daerah ini, saat padam listrik, sinyal Edge saja hilang saat air banjir mulai naik, sedangkan ada provider lain yang masih bisa nyala Internet nya, bisa tolong bantu jelaskan kenapa ada perbedaan seperti itu? 1 239",0,0,0.8067216,0.16903614,0.024242224
kemenhut bersihkan gelondongan kayu supaya Aceh Sumatra Bangkit dari bencna 9,2,1,0.084626324,0.46673658,0.44863707
Kami melelang Vinyl 12” Test Press Milledenials - It’s Terrifying and It’s a Shame. Hasil sepenuhnya akan kami donasikan untuk saudara-saudara kita di Aceh-Sumatera Utara-Sumatera Barat yang terdampak bencana. Detail selengkapnya di kolom reply. PrayForSumatera Bojakrama Press 1 10 21,2,2,0.034289856,0.11024401,0.85546607
"mantap Seskab! Cepat tanggap banget pemerintah di Sumut, Sumbar, dan Aceh 20",2,2,0.023007238,0.2015866,0.7754062
Mau menangis lihat hewan2 di sumatra yang kena dampak banjir 41,0,0,0.91972846,0.045367736,0.034903746
"Semalam mimpi berada diAceh, Kondisi nya sangat memprihatinkan... Kuatkan saudara2 kami di Aceh, sumbar, dan sumut ya Allah.. 79",1,0,0.5001439,0.1603246,0.33953148
Badan Nasional dan Penanggulangan Bencana (BNPB) memperbarui jumlah korban akibat banjir Sumatra pada Kamis (25/12/2025). 2 5 119,0,0,0.52513796,0.43154508,0.04331694
"Akun penggemar ya Allah, lagi pada banjir ya? stay safe buat yang terdampak banjir dan semoga cepat surut 16",0,1,0.16740169,0.536174,0.29642436
Akun komentar Tim SAR hadapi medan berat di Sumatera. Kabasarnas menyebut anggota SAR sudah ekstra kelelahan pada hari ketiga evakuasi korban banjir bandang dan longsor PrayForSumatra 1 441,0,0,0.8831176,0.070397764,0.046484664
"Siapa yang Paling Bertanggung Jawab atas Tragedi Banjir Bandang? BENCANA banjir bandang yang melanda wilayah Aceh, Sumatra Utara, dan Sumatra Barat meninggalkan duka yang sungguh tak terperikan. Lebih dari 920 orang kehilangan nyawa dan ratusan lainnya hilang. Soal kerusakan 337",0,0,0.8996112,0.06684345,0.033545412
"Meureudu kembali banjir. Aceh, Sumatra, Indonesia Wilayah terdampak kembali terendam malam ini (6 Desember 2025). Hujan lebat yang turun tanpa henti membuat air naik dengan cepat, merendam jalan, rumah, dan fasilitas publik. prayforAceh 39",1,1,0.26254112,0.679983,0.057475843
"Perjalan hari ke-3 tim Polda Sumsel mengirimkan bantuan sosial ke Aceh dan Sumut Bila ada permasalahan dan butuh bantuan Polisi silakan hubungi : Call Center : 110 (Bebas Pulsa) ""KAMI SIAP MELAYANI 24 JAM"" musisatu kapoldasumsel humaspoldasumsel poldasumsel 47",2,2,0.02017784,0.095467344,0.8843548
"Update cuaca untuk tiga hari ke depan, yuk cek ikhtisar dulu ya Sobat! Berdasarkan pantauan BMKG, pada 29-31 Desember 2025 beberapa wilayah akan diguyur hujan dengan kategori waspada hingga siaga. Dipenghujung tahun ini wilayah Banten, Lampung, Sumbar, Kepri, Bengkulu, dan 2 4 13",1,1,0.008923701,0.9595315,0.03154471
"Jangan Asal Tuduh! Ini Fakta di Balik Banjir Sumatra Seringkali kita mudah terpancing isu yang menyudutkan industri tertentu tanpa melihat data di lapangan. Video ini mengungkap fakta penting tentang penyebab banjir di Batang Toru, Tapanuli Selatan.",0,0,0.489857,0.4867574,0.023385618
"dan bg, waktu bencana ada datang ke aceh ga? itu wilayah sudah kaya wilayah zombi, orang kelaparan enggak makan berhari"", rumah hancur, orang mati dimana"", dan pemerintah sangat lambat sampai ada orang mati bukan karena banjir tapi kelaparan, kekecewaan itu wajar, dan harusnya bisa ditangani lebih baik 1 2 420",0,0,0.9657909,0.016879037,0.01733001
"Pemerhati: Bencana Memberikan Dampak Besar bagi Kesehatan Anak, Butuh Penanganan Serius! | Flash News Pemerhati kebijakan kesehatan dr. Arum Harjanti menegaskan bahwa bencana banjir akan memberikan dampak besar terhadap anak-anak yang menjadi korban. [Kabar] Pemerhati: Bencana Memberikan Dampak Besar bagi Kesehatan Anak, Butuh Penanganan Serius! 22",0,0,0.7534018,0.1941639,0.052434236
"Komisi IV DPR memanggil Menhut Raja Juli untuk mengurai penyebab banjir Sumatra. Ketua Komisi IV, Titiek Soeharto menyoroti truk-truk pengangkut kayu yang masih beroperasi dua hari setelah banjir. Menhut mengklaim telah mengantongi 12 nama perusahaan yang diduga melanggar. 3 6 9",1,1,0.3476555,0.63229537,0.02004911
Akun komentar Pengamanan area banjir juga dijalankan biar barang warga dan posko tetap aman sambil evakuasi tetap berjalan Polisi Tanggap Bencana Terimakasih POLRI 1 6,2,2,0.02738002,0.089513,0.883107
"Aek Godang, sungai yang lintas kota Sibolga sudah tertutup tanah banjir bandang, datar dengan jalan yang tadinya 2-3 m. Setiap hujan kecil, pasti banjir. Perlu normalisasi 25",0,1,0.34174305,0.64409626,0.014160628
Aksi kemanusiaan Projo Peduli Bencana yang dipimpin Budi Arie Setiadi terus memberikan bantuan sandang dan pangan secara masif kepada korban banjir Sumatra sebagai wujud nyata perjuangan Setia Digaris Rakyat Projo: Solidaritas Nasional Kunci Mengatasi Banjir Sumatera 154,0,0,0.77528924,0.035042323,0.18966839
"sedih banget dengar semua kabar bencana di sumatra. lihat story teman yang kena dampak banjir pun ikut was was, semoga selalu dalam lindungan Tuhan 83",0,0,0.76170516,0.08579543,0.15249947
"Hamparan pantai di Desa Bawozaua, Nias Selatan, tertutup kayu gelondongan dan serpihan batang pohon yang terbawa arus banjir dan longsor dari Aceh, Sumatera Barat, dan Sumatera Utara. Kayu-kayu yang diduga hanyut dari Sibolga itu memenuhi permukaan air hingga pantai nyaris tak 29 494 692",1,1,0.23783197,0.7450193,0.017148755
"Anggaran Bencana Sumut Dipangkas 88% di Era Bobby Nasution, Respons Banjir Dinilai Lambat! Pemerintah Provinsi Sumatera Utara (Sumut) di bawah kepemimpinan Gubernur Bobby Nasution menuai kritik tajam setelah memangkas drastis anggaran Belanja Tidak Terduga (BTT)—pos dana 8 67 74",0,0,0.6150548,0.3311498,0.0537954
apa lagi ya omongan pejabat terkait banjir sumatera yang kelihatan kesalahan berpikirnya hmzzz 34,0,0,0.73069215,0.25227395,0.01703386
"Masyaallah Tabarakallah, Terima Kasih untuk Bapak Kapolda Riau dan Personil, yang selalu gercep dan peduli kepada saudara - saudara kita yang lagi di timpa musibah (Aceh, Sumut dan Sumbar), sehat selalu jenderal Amin 15",2,2,0.061304644,0.03826992,0.90042543
BRI respons banjir bandang Sumatra dengan langsung turun ke lapangan dan nyiapin bantuan darurat biar warga bisa tetap bertahan di kondisi yang masih serba terbatas. CSRBRI BRIPeduli qrisbri,2,2,0.015043774,0.02374821,0.961208
"Kepala Pusat Data, Informasi, dan Komunikasi Kebencanaan BNPB, Abdul Muhari (Aam), mengimbau pemerintah daerah dan masyarakat waspada terhadap potensi bencana susulan, khususnya di Sumatra. BencanaAlam 30",1,1,0.012766737,0.95740443,0.029828846
"Akses Aceh Mulai Pulih, punya Intensif Pasang Jembatan Bailey Kementerian Pekerjaan Umum (PU) terus mempercepat penanganan darurat infrastruktur yang terdampak banjir dan longsor di Provinsi Aceh. Upaya difokuskan pada pemulihan konektivitas jalan dan jembatan nasional yang masih 1 2 285",2,2,0.011315632,0.03179752,0.9568869
"Kemenhut Bersihkan 1.272 Meter Gelondongan Kayu, Aceh Sumatra Pulih 1 9",2,1,0.055373717,0.76590496,0.17872126
"Sepekan setelah banjir bandang dan longsor yang melanda Aceh, Sumatera Utara, dan Sumatera Barat, jumlah korban hilang dan meninggal dunia masih terus bertambah. Per Selasa (2/12/2025) siang, Badan Nasional Penanggulangan Bencana (BNPB) melaporkan korban meninggal mencapai 659 32",0,0,0.77316827,0.19441666,0.032415014
"Meuolaboh – 153 Kelurahan Desa Kabupaten Banyuasin, yang terletak di Provinsi Sumatera Selatan, menghadapi potensi bencana banjir yang cukup besar jika intensitas hujan tinggi pada musim penghujan tahun ini. 23",1,1,0.038269464,0.9445484,0.01718215
"Perbaikan infrastruktur kelistrikan di daerah terdampak banjir bandang dan longsor di Aceh hadapi tantangan berat. Ekonomi AdadiKompas kompas. Masih Banyak Lokasi Terisolasi, Pemulihan Listrik di Aceh Lebih Lama Perbaikan infrastruktur kelistrikan di daerah terdampak banjir bandang dan longsor di Aceh hadapi tantangan berat. 35",1,2,0.15279172,0.24305277,0.6041555
"Aceh dan Sumatra bangkit bersama, menata kembali kehidupan dengan semangat gotong royong dan solidaritas nasional. AcehSumatraBangkit BangkitBersama IndonesiaKuat GotongRoyong Aceh Sumatra Pulih 5",2,2,0.013075513,0.048522156,0.9384023
"Satgas PKH Bahas Investigasi Awal Penyebab Banjir dan Longsor di Sumut, Aceh dan Sumbar JAMPidsusFebriAdriansyah RichardTampubolon SatgasPKH InvestigasiBencana BanjirLongsor Sumut Aceh Sumbar 37",1,1,0.0438104,0.9408332,0.015356386
Banteng Lampung Selatan Kirim Bantuan Kemanusiaan untuk Korban Banjir & Longsor di Sumatera gesuri. Banteng Lampung Selatan Kirim Bantuan Kemanusiaan untuk Korban Banjir & Longsor di Sumatera Pengiriman bantuan ini merupakan bentuk kepedulian terhadap warga yang tengah terdampak musibah di berbagai daerah di Sumatera 38,0,0,0.84975976,0.03336972,0.11687056
"Polda Sumsel Lakukan Loading Bantuan Logistik untuk Bencana Banjir dan Longsor di Sumatera Utara Polda Sumatera Selatan kembali menunjukkan kepedulian dan respon cepat terhadap bencana yang terjadi di Tanah Air. Pada Selasa malam, 2 Desember 2025, personel Bidhumas Polda Sumsel 67",2,2,0.019293545,0.036452167,0.94425434
"Di tengah bencana, Gas Elpiji mengalami kelangkaan. PrayForAceh PrayForSumatera banjir longsor elpiji gas LPG langka PERTAMINA dan 4 lainnya 3 1 76",0,0,0.48163208,0.38861176,0.12975615
"Setelah Gudang Timbunan Bantuan Banjir Digerebek Anggota Dewan, Puluhan Petugas BPBD Demo DPRK Bireun",0,0,0.6139799,0.20430632,0.18171377
banjir lagi... bersihinnya pr banget ya Allah 43,0,0,0.731495,0.23368573,0.034819186
"Evakuasi jasad korban banjir bandang di desa Geudumbak,kecamatan Langkahan ,Kabupaten Aceh Utara. 2 226",0,0,0.7943527,0.13589773,0.06974951
"Akhirnya Warga Terdampak Banjir di Aceh Tamiang Mulai Menempati Huntara ! Setelah lebih dari sebulan tinggal di tenda, sekarang warga mulai nempatin huntara dari Danantara. Rika Jahara salah satunya yang merasa senang dan bersyukur banget bisa tinggal di huntara. 6 12 52",2,2,0.046552017,0.15211739,0.80133057
"Rakyat Sumatera khususnya Aceh Sumut n Sumbar Sabar dulu ya,mereka lagi berdansa dan tertawa.mereka juga sadar kok menari diatas penderitaan.harao maklum",0,0,0.6201926,0.19372816,0.18607925
"Bergerak Bersama, Pulihkan Aceh dan Sumatra Kita semua berharap, kehadiran para dapat meringankan beban masyarakat di lokasi terdampak bencana dan mempercepat pemulihan! TarunaKKP 2026KKPGrowStronger SaktiWahyuTrenggono KKPGOID kkpterus5F31P 2 13",2,2,0.017298037,0.022451,0.9602509
Aceh Beranjak Status dari Tanggap Darurat ke Transisi Darurat banjirsumatera banjiraceh korbanbanjir transisidarurat BNPB Aceh Beranjak Status dari Tanggap Darurat ke Transisi Darurat | Bongkah. 13,0,0,0.5123805,0.43527654,0.05234296
"Kemarin malam anter paket ke JNE dan lihat tumpukan paket2 di depan pintu untuk korban banjir di sumatra, hari ini paketnya makin banyak diluar (yg lagi proses memasuki ke mobil) sampai ke dalem pun sebanyak ini. Jujur gue menahan menangis banget ya allah 2 502",0,0,0.90716,0.030470658,0.06236927
"Pemerintah Hadir untuk mengatasi pasca bencana di aceh, dengan menyiapkan skema bantuan korban banjir. 37",0,0,0.5130276,0.08153026,0.4054421
"Detik-detik Banjir Bandang Menerjang benar Meriah, Aceh di Hari Pertama. Viral video amatir yang direkam oleh seorang warga di benar Meriah, Aceh, berhasil mengabadikan momen awal terjadinya banjir bandang yang menerjang wilayah tersebut. Dalam rekaman, tampak jelas dahsyatnya 13 144 692",1,1,0.117437676,0.8440382,0.038524084
"sehari-hari terasa lebih berat. Bencana ekologis ini akhirnya tidak hanya soal bangunan yang rusak, tapi juga tentang konsumen yang harus menanggung beban, sekaligus menegaskan ketimpangan yang ada. prayforSumatera deforestasi banjir longsor bencanaalamindonesia2025 ylki 71",0,0,0.93183297,0.036467846,0.031699285
"Ini ujian keberanian moral para legislator. Apakah mereka berpihak pada keselamatan rakyat atau tetap nyaman berada dalam barisan kekuasaan? Ketika parlemen bungkam, yang terendam bukan hanya rumah warga, tetapi fungsi representasi rakyat itu sendiri. aceh.tribunnews. Akademisi Unimal Kritik Lambannya Penanganan Banjir di Sumatera, DPR Kehilangan Fungsi Pengawasan -... Lambannya penanganan banjir di berbagai daerah di Sumatera, terutama Aceh, dinilai sebagai cermin lemahnya keberpihakan 92",0,0,0.9306898,0.031139126,0.038171086
"Lu yang mau liburan new year ke Bali pikir ulang deh, sekarang musim hujan di Bali yang hujan dikit langsung air naik, apalagi dengan sikap pemerintah disana yang kurang gesit ngatasin hal kayak beginian berulang-ulang Tadi malam sudah BANJIR PARAH. Ya Allah Bali ku kena lagi. 3 1 493",0,0,0.91395104,0.0656591,0.02038996
"Selamat siang, wahai para crazy rich , owner perusahaan besar dan konglomerat Indonesia ini waktu terbaik anda untuk tambah amal kebaikan didunia. dengan cara sewa beberapa helikopter untuk proses pengiriman bantuan/ evakuasi korban banjir di Aceh Sumatra Utara dan Sumatra Barat. 89",0,2,0.21748388,0.063448064,0.7190681
"Apaan, boro-boro di aceh, di medan saja rumah terendam banjir 2 hari enggak ada bantuan, teman terjebak banjir di rumah, enggak bisa keluar, enggak ada makanan enggak ada bantuan perahu karet antar makanan atau cek daerah tsb. Bisa keluar setelah dijemput saudara pakai mobil jeep ban besar. 32",0,0,0.5933142,0.12552457,0.28116128
"Akun parodi Banyak kritik boleh dilontarkan. Tapi yang adil juga perlu disampaikan: POLRI menjadi tulang utama dalam evakuasi banjir di Sumut, Sumbar, Aceh. Polisi Tanggap Bencana Terimakasih POLRI 1 3",0,2,0.1205639,0.10733652,0.7720995
TNI terus hadir di garis depan penanggulangan bencana di Sumatra dan Aceh. Sebanyak 119 unit alat berat dan kendaraan pendukung dikerahkan TNIUntukRakyat TNISiap PenanggulanganBencana BencanaSumatra BencanaAceh AksiNyataTNI TanggapDarurat UntukIndonesia Kemanusiaan,2,2,0.01574981,0.08219133,0.90205884
"Beda dengan Gubernur sumbar malah menuai pujian karena beliau membatalkan resepsi pernikahan anaknya yang seharusnya berlangsung tanggal 6 dan 7 desember, padahal undangan telah tersebar, tak mungkin kita berbahagia di saat masyarakat berduka kita Buya (begitu biasa beliau dipanggil) 34",0,0,0.8195922,0.118912384,0.06149545
Upaya pemulihan pasca banjir di Sumatera makin terlihat hasilnya. Dukungan relawan dan instansi bikin proses evakuasi serta distribusi bantuan lebih efektif. BNPB Update tetap memonitor kondisi. 40,2,2,0.010055691,0.018823229,0.9711211
"Aceh terkena Bencana Banjir bandang karena ulah dari pimpinan Aceh sendiri, yang mengijinkan terjadinya explotasi Hutan Aceh secara besar-besaran, tanpa berpikir akan dampak Bencana yang akan terjadi. 8",0,0,0.78620607,0.1733296,0.04046438
"Memang karena iklim dan sialnya penggundulan hutan yang masif memperparah tapi ada benarnya juga, kabarnya sumatra lagi di guyur ujan terus²an. Salah satu faktor banjir ya karena intensitas hujan yang tinggi, jadi mungkin akan di lakukan rekayasa cuaca untuk mengurangi curah ujan 41",0,1,0.18993409,0.78667855,0.023387335
Siapa yang mengirim air ke rumah gue anjer. tiba-tiba banget airnya langsung naik inii. Pliss jangan banjir lagi trauma berat 10,0,0,0.85222447,0.11307763,0.034697864
"Berkasih Sayang dalam Pemulihan Bencana, Meneladani Rasulullah dalam Cinta yang Memanusiakan Duka di pulau Sumatera masih begitu terasa. Bencana alam banjir dan tanah longsor yang terjadi di akhir November lalu telah meluluhlantakkan Aceh, Sumatera Utara, dan Sumatera Barat.",0,0,0.70125204,0.09126841,0.20747957
Mayor Jenderal Rio Firdianto menegaskan bahwa tidak ada penggundulan hutan di Sumatera Utara setelah meninjau langsung titik-titik bencana menggunakan helikopter. 1 29,1,1,0.01807377,0.95550036,0.026425898
"kalian kuat banget, yang meminta bantuan pbb keren banget, memang semua harus diviralkan apalagi kalau daerah bukan pusat indonesia sering terabaikan. Ini bakal kena penjara apa bagaimana penyebab banjir besar ini?? tapi siapa yang dipenjara?? apa ini bakal ditetapkan bencana alam?? 23",0,0,0.9449082,0.024027832,0.031063972
Sumatera is still struggling tapi recover. Sumatra still needs our attention. Keep all eyes on Sumatra. The mud left by the disaster has not even dried and today they are struck by flooding again SUMATERA BUTUH STATUS BENCANANASIONAL NATIONALDISASTER 40,1,2,0.30631533,0.2710989,0.42258576
"*Polres Aceh Tamiang Evakuasi Truck Tangki Pasca Bencana Banjir Bandang* Aceh Tamiang - Banjir bandang yang melanda kabupaten Aceh Tamiang beberapa pekan lalu yang meluluhlantakan sebagian besar wilayah Aceh Tamiang, baik pemukiman warga, perkebunan, peternakan 1 37",1,1,0.04527859,0.840278,0.11444341
Banjir nya tinggi kah?? Yaampun 1 57,0,0,0.61677855,0.35801136,0.025210096
"Bencana Sumut 2025 jadi pengingat agar TPL konsisten mengelola 46 ribu hektar lahan eukaliptusnya, industri lestari seperti TPL harus didukung, pokoknya terus semangat! Pelajaran dari Banjir Sumatera: Penguatan Lanskap dan Tata Kelola Berbasis Ilmiah Mendesak Dilaku... 39",2,2,0.06555788,0.19652468,0.73791736
"Pratikno mengatakan fokus pemerintah adalah percepatan pemulihan, keselamatan, dan pemenuhan kebutuhan dasar warga terdampak bencana banjir dan tanah longsor. Pratikno: Pemerintah Pastikan Pemulihan Banjir di Aceh, Sumut, dan Sumbar Terus Berjalan Tanpa... 75",2,2,0.013217037,0.14804588,0.8387371
"Menteri Dalam Negeri (Mendagri) Tito Karnavian mengungkapkan, pemulihan wilayah Aceh, Sumatera Utara (Sumut), dan Sumatera Barat (Sumbar) memerlukan anggaran Rp 59,25 triliun. Taksiran ini mengemuka setelah ia rapat dengan Badan Nasional Penanggulangan Bencana (BNPB). ""Dari 1 3",1,1,0.022088602,0.8386391,0.13927233
"Sebanyak lebih 2,000 tan bantuan berbentuk makanan, ubat-ubatan, generator, penapis air, khemah dan pelbagai lagi dari Malaysia masih tersekat dan tidak dibenarkan mendarat di 3 wilayah Sumatera yang terkena bencana banjir. 32",2,1,0.19044203,0.4244786,0.38507938
"Pemerintah harus cepat tanggap membantu para korban bencana alam yang ada di seluruh Indonesia, khususnya di pulau Sumatera saat ini. PrayForSumatera 1 32",0,0,0.7343077,0.05324505,0.21244727
Kejadian dugaan hilangnya 80 kardus air mineral bantuan dari relawan Malang untuk Aceh ditemukan pada 29 Desember 2025 saat pemeriksaan di gudang BPBD Sumut. Bantuan tersebut tertahan sejak 21 Desember 2025 karena masalah administrasi. Sumber: tvOnenews.,0,1,0.28235286,0.59803295,0.119614124
"Telkomsel menegaskan keberhasilan pemulihan total infrastruktur jaringan telekomunikasi pascabencana banjir berskala besar di wilayah Aceh, Sumatra Utara, dan Sumatra Barat. Baca Selengkapnya:",2,2,0.011165325,0.086133964,0.9027007
"Menko Pangan Targetkan Revitalisasi 30 Ribu Hektare Tambak di Aceh Pascabencana , Menko Pangan Targetkan Revitalisasi 30 Ribu Hektare Tambak di Aceh Pascabencana 13",1,1,0.054268975,0.81320554,0.13252549
"BREAKING: Bupati Aceh Selatan Mirwan masih akhirnya meminta maaf via video Instagram. Ia meminta maaf ke Presiden , Mendagri , Gubernur Aceh, & seluruh masyarakat. Alasan: umrah saat banjir besar di Sumatra. BupatiAcehSelatan MirwanMS rajamedia. Terancam Dicopot, Bupati Aceh Selatan meminta Maaf Pergi Umrah di Tengah Bencana RAJAMEDIA. - Jakarta - Bupati Aceh Selatan Mirwan masih langsung memberikan klarifikasi setelah mendapat sorotan luas karena pergi ke Tanah Suci untuk 1 40",0,0,0.586882,0.36744073,0.045677282
"Sumatra masih membutuhkan kita. Banjir telah merenggut rumah, harta, dan rasa aman dari saudara-saudara kita di Aceh, Sumatera Barat, dan Sumatera Utara. Di saat mereka berjuang dari sisa-sisa yang ada, kita masih diberi kelapangan untuk memilih berbuat kebaikan. 13",2,2,0.33197787,0.06674106,0.60128105
Bang Poltak wilayah mana.. Sumatra bukan.. Banjir enggak disana... Bengkulu jambi lampung padang palembang dskt,1,1,0.26560196,0.7133955,0.021002581
"Data terbaru mencatat banjir dan longsor di Sumatera menelan 883 korban jiwa, 520 hilang, serta ribuan warga luka dan rumah rusak berat. Proses evakuasi dan distribusi bantuan terhambat medan sulit, sementara ribuan warga masih mengungsi. banjirsumatera sumatera wuzzsupdate 90",0,0,0.93581945,0.024600105,0.0395805
"Terima kasih kepada Universitas Bina Nusantara, Yayasan Eka Budhis Indonesia dan seluruh Dermawan Ehsan yang telah memberikan bantuan pada saudara kita yang terdampak banjir bandang dan tanah longsor di Aceh. 60",2,2,0.035312895,0.02870918,0.935978
"Komisi V DPR RI menegaskan komitmennya mempercepat penanganan banjir dan longsor di Aceh, Sumut, dan Sumbar, termasuk penyediaan hunian tetap Rp60 juta per unit, pembukaan akses, evakuasi, dan layanan kesehatan. WargaNya 7 19 80",2,2,0.011042072,0.36997357,0.61898434
Telkomsel memastikan kesiapan layanan GraPARI untuk mendukung kebutuhan pelanggan pascabencana yang melanda wilayah Aceh dan Sumatra Utara. Baca Selengkapnya: 36 GraPARI Telkomsel di Aceh dan Sumut Siap Berikan Kemudahan Layanan Pascabencana 668,1,1,0.012496298,0.6328523,0.35465145
"Ya ampun, parah banget Aceh Tamiang masih ada area gelap loh enggak dapat listrik, baunya nyengat lagi. sudah gitu, ini pemerintah mau bikin pemilihan presiden lewat DPR lho, balik kayak jaman orba lagiiii. seram bangett, jangan terkecoh sama pengalihan isu kayak begini ya 77",0,0,0.9584666,0.024683995,0.016849468
Mereka ini enggak pernah malu yang lain para relawan para prajurit bahu membahu membantu rakyat Aceh Sumut dan Sumbar eeeh lo orang malah main bendera benderaan pakai demo bantuin tuh relawan bukan demo saja 16,2,2,0.18701375,0.041799784,0.7711865
"Di platform sebelah, seorang selebriti yang ngarah ke politik dirujak karena enggak posting mengenai banjir Sumatera. Terus entah kenapa menyambung sampai ke beasiswa dia ke LN dulu. Perihal beasiswa ini kayaknya benaran subyek tiap tahun ya. Moga2 tahun ini enggak ada lagi yang kena doxxing. 77",0,0,0.6509138,0.31445408,0.034632184
"Pemerintah Bareng Warga, Aceh Sumatra Pulih. Sinergi pemerintah dan masyarakat menjadi kekuatan utama dalam proses pemulihan pasca bencana. 1 18",2,2,0.011509786,0.019926006,0.9685642
"Alfiansyah Bustami atau yang lebih dikenal dengan nama Komeng, mengunjungi posko pengungsian korban bencana di Palembayan, Kabupaten Agam, Sumatera Barat. Selengkapnya di video berikut ini! tvOne Viral Komeng Pengungsian Agam Sumbar FYI02 3 911",0,0,0.62287307,0.31635103,0.060775954
Bencana ini sepertinya cara Allah membuka mata rakyat indonesia. Ini lo pemimpin yang kalian pilih kemarin. Ini lo wakil2mu yang kalian pilih kemarin Semoga Allah memberikan kekuatan kepada sodara2 kita yang tertimpa bencana PrayForSumatera 1 5 22,0,0,0.5888145,0.1279009,0.28328463
Itu tanah di bukit lunak banget ya diterjang air luluh juga. PrayForSumatera 54,0,0,0.49941716,0.44789326,0.052689612
"Banjir bandang dan longsor melanda tujuh kabupaten/kota di Sumatera Utara pada 24–25 November 2025. Berdasarkan data BNPB dan BPBD Sumut per Rabu (26/11/2025) pagi, total 17 warga meninggal dunia, 58 luka-luka, dan tiga orang masih hilang di Tapanuli Selatan. “BNPB mengimbau 498",0,0,0.76373017,0.21539369,0.020876104
"Polri Perkuat Penanganan Pasca Bencana, 1.500 Personel Diberangkatkan ke Aceh, Sumut dan Sumbar ElJohnMedia eljohnnews. Polri Perkuat Penanganan Pasca Bencana, 1.500 Personel Diberangkatkan ke Aceh, Sumut dan Sumbar |... Polri kembali memperkuat penanganan bencana di wilayah Sumatera dengan memberangkatkan 1.500 personel ke Aceh, Sumatera Utara, dan Sumatera Barat. Kegiatan ini dipimpin langsung oleh Wakil Kepala... 1 18",2,1,0.020439453,0.5000622,0.4794983
Bencana Sumatera dianggap remeh jika tak ditetapkan statusnya sebagai Bencana Nasional. Ribuan nyawa dan rumah terendam lumpur kering sampai ke ring balok atau rumah hancur total bahkan desa hilang dianggap Bencana biasa oleh pemerintah Pusat. Kejam 30,0,0,0.96859926,0.020439155,0.01096168
"Diare, badan enggak enak deh dari malam kemarin. Cuaca enggak jelas. Belum lagi pusing dapat kabar keluarga di padang kena banjir. Rumah nenek mau jenguk dan nolong di tempat pun enggak bisa ke sana, akses dibatasi, dan pastinya juga rawan. Baik² kalian Pemerintah ajg",0,0,0.8875059,0.08590225,0.026591795
"Negara 1001 perizinan, bencana kayak begini enggak usah mesti izin langsung action yang diperlukan sama saudara-saudara kita di Aceh, Sumut dan Sumbar. 15",0,1,0.26621637,0.3739616,0.35982195
"untuk korban bencana di Aceh, Sumatera Utara, dan Sumatera Barat, serta peninjauan implementasi kebijakan Work From Anywhere (WFA) di pusat perbelanjaan. 1 12",0,0,0.82764065,0.06466775,0.10769168
"Banjir bandang dan longsor melanda 11 kabupaten dan kota di Sumatera Utara. Sebanyak 25 orang meninggal akibat bencana itu. Akses jalan menuju Tapanuli Tengah, Tapanuli Selatan, dan Kota Sibolga masih lumpuh. Sementara akses internet dan telepon belum tersambung. Baca di 2 4 6",0,0,0.85824853,0.11552911,0.026222361
Banjir susulan sangat mengkhawatirkan mari terus fokus penanganan agar Aceh Sumatra Bangkit,0,2,0.061357833,0.062172104,0.87647
Polda sumbar gelar bakti kesehatan ke 222 warga terdampak bencana. Masyarakat terbantu dengan cek kesehatan gratis ini WujudkanSumateraPulih Melakukan Upaya Perbaikan 44,2,2,0.011173392,0.03934325,0.9494834
"Akun parodi Menanggapi rangkaian banjir dan longsor di Aceh, Sumut, dan Sumbar, melakukan aksi nyata dengan menyalurkan bantuan berupa pangan (makanan instan, biskuit), obat-obatan, selimut, serta kebutuhan bayi dan wanita ke tiga wilayah terdampak tersebut. PDIPerjuangan 15 12",2,2,0.027290517,0.06543458,0.90727484
"rawan banjir juga, enggak enak banget pokoknya 46",0,0,0.640099,0.32981667,0.030084366
"Kepala Badan Nasional Penanggulangan Bencana (BNPB) Letjen TNI Suharyanto mengaku kaget dengan besarnya bencana banjir di Tapanuli Selatan, Sumatera Utara. Permintaan maaf itu ia sampaikan kepada Bupati Tapanuli Selatan, saat mengunjungi Desa Aek Garoga, Kecamatan Batang Toru 74",0,1,0.20778324,0.73971933,0.05249736
"Kritik Bencana Banjir Sumatra dan Utang PLN, Influencer Sherly Annavita hingga DJ Donny Diteror",0,0,0.6904004,0.28285596,0.0267436
"jadi kalau volumer air meluap yaudah airnya saja yang naik, enggak sampai setanah2nya haduh. Dikira baru pohon enggak ada bisa pakai sawit sebagai pengganti oksigen. 18",0,0,0.7766476,0.20245227,0.020900065
Presiden dengan tegas memerintahkan untuk memecat bupati Aceh Selatan yang disersi saat warganya di timpa bencana tapi merta melaksanakanperintah presiden karena menurut nya perintah ceroboh Tito mau mengbefaluasivdahulu 150,0,0,0.87870127,0.08538293,0.035915878
[SALAH] Puan Ajak Warga Gotong Royong Beli Hutan Beredar unggahan video dari akun Facebook “A’uvi” pada Selasa (9/12/2025) berisi narasi: “Viral Puan meminta masyarakat gotong royong membeli hutan untuk banjir sumatra banjirsumatra puanmaharani*. Hingga Senin (15/12/2025) 13 243,0,1,0.29718453,0.6088904,0.0939251
"Majelis permusyawaratan ulama (MPU) Aceh dan ulama diaceh Menyatakan kekecewaan terhadap pemerintahan pusat terkait penanganan bencana yang melanda Aceh, terutama banjir besar dan tanah longsor yang terjadi akhir-akhir ini 3 74 155",0,0,0.67046684,0.30286783,0.026665347
Antrean Mengular! Ribuan Pengungsi Antre Makanan di Tengah Banjir Aceh update banjiraceh 25,1,1,0.19016358,0.7770051,0.032831367
"Saya memantau situasi di Indonesia. Banjir Sumatra Desember 2025 menewaskan >1.000 orang, ribuan mengungsi, respons pemerintah dikritik lambat (sumber: Reuters, Economist). Sementara, koalisi politik Prabowo terus konsolidasi (Jakarta Post, SCMP). Untuk fakta terkini, cek BNPB",0,0,0.79207385,0.19439058,0.01353554
"Warung Makan di Bantul Gratiskan Makan Warga KTP Aceh Sumut dan Sumbar jogja.idntimes. Warung Makan di Bantul Gratiskan Makan Warga KTP Aceh Sumut dan Sumbar Dua tempat makan di Bantul menggratiskan mahasiswa ber-KTP Aceh, Sumut dan Sumbar yang keluarganya jadi korban bencana 1 38",0,0,0.8934849,0.060123384,0.046391748
Semoga Tuhan melindungi saudara-saudara kita yang ada di Aceh dan Sumatera. Dan kiranya Tuhan menghukum mereka yang menyebabkan bencana ini...,0,2,0.24678743,0.19380027,0.5594123
"Mending dananya digunakan bantu saudara yang terkena bencana banjir di Aceh, Sumut, dan Sumbar! 21",1,2,0.06417861,0.16005033,0.7757711
"Menteri boleh Hanif Faisol mengawasi ketat dua perusahaan AR dan NSHE pascabanjir di Aceh, Sumut, Sumbar Pantauan udara tunjuk perubahan bentang alam di DAS Batang Toru akibat HTI, proyek PLTA masif, dan tambang emas yang memperparah banjir. KLH akan review seluruh persetujuan",0,1,0.17198229,0.7933958,0.034621894
Akun komentar Ada sekitar 50 kabupaten/kota yang tdampak bencana banjir longsor Sumatera. Ratusan kecamatan dan kelurahan. yang berani buzzer capture? 1 orang 2 titik yang sudah agak mendingan buat kbthn PR kinerja gov pusat agar tkesan kerja maksimal. Sakit! PrayForSumatera 2 62,0,0,0.93094254,0.042802975,0.02625452
aku mau ngungsi bukan karena banjir tapi karena mati lampu 70,1,0,0.6494282,0.3300798,0.02049206
Bupati Aceh Timur Serahkan Data 1.094 Penerima Hunian Tetap kepada BNPB Penyerahan dilakukan secara bertahap untuk mempercepat proses pembangunan hunian bagi korban banjir yang terdampak di wilayah tersebut. Bupati Aceh Timur Serahkan Data 1.094 Penerima Hunian Tetap kepada BNPB - Serambinews. 64,2,0,0.79227287,0.09297473,0.11475243
"halo SobATRBPNTapsel Wamen ATR/BPN Bapak Ossy Dermawan serahkan bantuan ATR/BPN Peduli Bencana untuk warga Desa Tolang Julu, Kec. Sayur Matinggi, Kabupaten Tapanuli Selatan, Provinsi Sumatera Utara, yang terdampak banjir & longsor. Bantuan disalurkan bersama MUI 1 23",2,2,0.021853222,0.062436685,0.91571015
gambar peta rilisan BNPB daerah terdampak bencana banjir longsor sumatera 2025. yujiem! 5 141,1,1,0.02810548,0.9518671,0.02002732
Dari point2 tersebut ada berapa yang sudah kita dan pemerintah kita terapkan dalam menjaga hutan kita? deforestation PrayForSumatera PrayForAceh PrayForSumatra banjirsumatra 33,1,1,0.12053771,0.5962115,0.2832508
Personel Satbrimob Polda Sumatera Selatan yang sedang melaksanakan BKO di Polda Aceh terus menunjukkan kepedulian nyata kepada masyarakat. PrayForSumatra Polriuntukmasyarakat BrimobUntukNusadanBangsa Jiwaragakudemikemanusiaan humaskorbrimobpolri 1 34,1,2,0.016423596,0.041087802,0.94248855
"Bahlil meminta Maaf, Pemulihan Listrik Pasca-Banjir di Aceh Belum Rampung Bahlil meminta Maaf, Pemulihan Listrik Pasca-Banjir di Aceh Belum Rampung 11 3 7",2,1,0.26269397,0.5823853,0.15492073
dengan kondisi hutan yang gundul dan alam yang rusak di Aceh berpotensi menjadi ancaman besar saat terjadi hujan lebat lagi berubah manjadi banjir bandang 1 83,0,0,0.8376221,0.14580588,0.016572017
"Banjir yang menggenangi sejumlah ruas jalan arteri di Jakarta, Senin (12/1/2026), memaksa Ditlantas Polda Metro Jaya mengambil langkah darurat dengan mengizinkan pemotor masuk tol. Banjir Parah di Jalan Arteri, Ditlantas Polda Metro Jaya Arahkan Pemotor Masuk Tol | ERAKINI. 147",1,1,0.144552,0.8307739,0.02467415
"Ayo bersatu untuk membantu pemerintah dalam mempercepat pemulihan pasca bencana Aceh,Sumut dan sumbar 31",2,2,0.0094155455,0.03671561,0.95386887
"Presiden Prabowo Subianto memerintahkan jajarannya juga memperhatikan sekolah-sekolah, RS, dan puskesmas-puskesmas yang rusak akibat banjir bandang dan longsor di Aceh, Sumatera Utara, dan Sumatera Barat. Tidak hanya rumah, Prabowo meminta RS, Puskesmas, sekolah diperhatikan 1 149",0,1,0.07217966,0.55539834,0.37242192
"Hai SobatBMKG Minkage mau kasih tahu update peringatan dini cuaca 6-8 Desember 2025. Disimak baik-baik ya WASPADA: Aceh, Sumut, Sumbar, Riau, Kep. Riau, Jambi, Sumsel, Banten, DKI Jakarta, DIY, Jabar, Bali, NTB, NTT, Kalbar, Kalteng, Kaltim, Kalut, Kalsel, Gorontalo, 1 16 43",1,1,0.034829296,0.94044894,0.024721801
"Apalagi kayunya tuh banyak banget ya? lihat saja saat banjir longsor di Aceh dan Sumatera, banyak kayu gelondongan berserakan, ada nomor nya lagi. 1 1 43",0,1,0.22797908,0.7330564,0.03896455
Pemprov Sumatera Utara Siapkan Rp430 Miliar untuk Pemulihan Pascabencana Pemprov Sumatera Utara Siapkan Rp430 Miliar untuk Pemulihan Pascabencana - Teritorial24 3,1,2,0.024578769,0.15750024,0.81792104
Akun parodi Budiman Sudjatmiko memimpin BP Taskin meninjau Aceh pasca bencana demi memastikan respons berlanjut ke fase pemulihan warga. BPTaskinFokusPascaBencana Ancaman Lonjakan Kemiskinan Sumbar Pasca Bencana Jadi Perhatian Khusus BP Taskin - harianhaluan. 11,0,2,0.023669958,0.24069792,0.7356321
"Video Bupati Aceh Utara Singgung Prabowo: Apa enggak Tahu Ada Banjir? 20.detik. Video Harapan Bupati Aceh Utara Agar Daerahnya Diperhatikan oleh Pusat Bupati Aceh Utara, Ismail Jalil, berharap agar daeranya mendapat perhatian setelah menjadi korban bencana banjir bandang dan longsor. 25",0,0,0.6692544,0.25595012,0.074795514
"wan pun menyoroti jalan dan jembatan yang rusak akibat bencana banjir. Terlebih, kata dia, rusaknya jalan dan jembatan itu semakin memperlambat evakuasi dan menghambat layanan medis darurat. 1 83",0,0,0.60678434,0.35015252,0.04306306
"enggak banyak yang tahu, gajah punya peran penting dalam penanganan bencana di Aceh. Dulu bantu di tsunami 2004, sekarang turun lagi buat bersihin sisa banjir bandang. Kerja gajah-gajah ini membantu banget meringankan tugas tim di lapangan. Salut buat para mahot dan gajah-gajah 255",1,2,0.0365119,0.035527047,0.927961
Mungkin 50 tahun kedepan Aceh & Sumut setiap musim penghujan akan banjir terus selama belum ada reboisasi 85,0,1,0.18034485,0.7507092,0.06894596
"Banjir bandang yang terjadi di Pulau Sumatra, menjadi pukulan tersendiri bagi Indonesia di penghujung tahun 2025 ini. Selengkapnya di video berikut ini! ForYourInformation FYI05 CariBeritaditvOne ViralMedsos BanjirSumatra GelondonganKayuSumatra 1 10 27",2,1,0.07731255,0.8774812,0.045206245
Terimakasih sudah berdonasi kak SketsauntukSumatra PrayForSumatera 1 2 5,2,2,0.033559967,0.05404929,0.9123907
"Menyeberang jalan di Aceh kini mempertaruhkan nyawa . Pasca banjir dan longsor Aceh–Sumatra, ratusan jalan dan jembatan banyak yang rusak dan terputus. Warga diminta ekstra waspada menugaskan TNI, dipimpin KSAD Jenderal Maruli Simanjuntak, untuk percepatan 17 174 273",0,0,0.6439075,0.2964624,0.0596301
dan Aceh punya hukum mencambuk LGBT sehingga turunlah bencana banjir 2 2 248,0,0,0.83083725,0.14206143,0.027101317
Baca artikel ini dan share pendapat kalian di kolom komentar!,2,1,0.1364713,0.6933969,0.17013179
"Akun parodi Presiden ke 7 Pak menyampaikan Rasa Duka yang mendalam pada musibah banjir dan Longsor yang menimpa Aceh, Sumut dan Sumbar Serta mengatakan pentingnya rasa solidaritas dan gotong royong antara pemerintahan pusat, daerah dan masyarakat, karena akan menjadi semangat dan 6 24 81 856",0,0,0.8305789,0.05969871,0.109722346
Akses jalan menjadi salah satu faktor yang menjadi tantangan dalam pendistribusian bantuan. Diperlukan kendaraan khusus untuk menjangkau lokasi yang terisolir. prayforsumatera rumahzakat 1 6 6 248,2,2,0.048317436,0.10521341,0.8464692
"""Itu kalau tentara itu namanya desersi itu. Dalam keadaan bahaya meninggalkan anak buah. Waduh, itu enggak bisa itu,"" kata Prabowo PrayForSumatera banjiraceh aceh.antaranews. Presiden Prabowo perintahkan Mendagri copot Bupati Aceh Selatan yang umrah saat bencana - ANTARA... Presiden Prabowo Subianto memerintahkan Menteri Dalam Negeri (Mendagri) untuk menjatuhkan sanksi tegas berupa pencopotan jabatan kepada Bupati ... 55",0,0,0.80979544,0.17980967,0.010394875
Alhamdulillah banjir surut sebelum masuk dalam rumah. Soalnya agak rendah rumahku. Terima kasih untuk doa dan perhatian dari teman-teman. BanjirAceh2025 3 308,2,2,0.031797476,0.15133198,0.81687057
Akun komentar Belum ada yang dipenjara sampai detik ini para perusahaan pembuka lahan sebagai pemicu bencana besar banjir longsor ... 1 3 83,0,0,0.88250417,0.09360755,0.023888294
Korban banjir Aceh dan Sumatra enggak bahagia tuh stad.berarti enggak Rido dikasi bencana oleh Alloh.astagfirulloh... 1 43,0,0,0.94797575,0.03077167,0.02125256
Doa dan usaha terbaik terus mengalir agar Aceh Sumatra Pulih dan masyarakat bisa kembali tersenyum bahagia. 6,2,2,0.014088486,0.030487923,0.95542365
"Status Tanggap Darurat Bencana di Sumbar Diperpanjang, Kenapa Keputusan Ini Penting? salingkamedia. Status Tanggap Darurat Bencana di Sumbar Diperpanjang, Kenapa Keputusan Ini Penting? Gubernur Sumbar Mahyeldi resmi memperpanjang Status Tanggap Darurat Bencana akibat banjir dan longsor di Sumatra Barat 3",1,1,0.018309863,0.92455727,0.057132863
Kita ikut berduka bencana alam banjir bandang di Sumatra Utara Sumatera Barat dan Aceh itu akibat badai siklon tropis Pihak yang berwajib bisa mengusut siapa penyebab tapi tidak asal nuduh. Kita berdoa semoga tidak ada lagi bencana alam yang membahayakan wilayah Indonesia 59,0,0,0.8449496,0.055893976,0.09915645
Akun penggemar YA ALLAH enggak TAU LAGI sudah BANJIR BANHT INI MATAAA Dari ً 17,0,0,0.8105155,0.16177723,0.027707247
"Banjir dan Longsor Melanda, Pemkot Padang Liburkan Siswa sumsel.idntimes. Banjir dan Longsor Melanda, Pemkot Padang Liburkan Siswa Pemerintah Kota Padang meliburkan seluruh siswa yang dimulai hari ini, Kamis (27/11/2025) hingga Sabtu (29/11/2022) mendatang. 76",1,1,0.048597824,0.92146194,0.029940248
"yang input data itu semua siapa?? memang Ai bisa identifikasi asal telur lalu ngontrol perjalanan dan distribusi siapa yang data? Terus yang nimbang anak² lalu input ke sumber data Ai nya siapa? Orang aneh², banjir sumatra noh yang jelas 1 2 556",0,0,0.6667239,0.31771827,0.015557821
"Ketua MPR Ahmad Muzani sebut Presiden Prabowo Subianto sudah mengetahui penyebab banjir bandang di Aceh, Sumatera Utara dan Sumatera Barat. Muzani Sebut Prabowo Sudah Tahu Penyebab Banjir Bandang di Sumatera 4 1 3",1,1,0.03869537,0.947628,0.013676523
"Polri hadir di tengah bencana, bantuan terus dikirim ke Aceh Tamiang dan Aceh Timur. jatim1news Polri nasional bencana banjir Aceh Sumatra JATIM SATU NEWS: Polri Hadir di Tengah Bencana, Bantuan Terus Dikirim ke Aceh Tamiang dan Aceh Timur 31",2,2,0.014947081,0.041149486,0.94390345
"Pelepasan 30 Ambulans, 30 dokter, dan 60 relawan kesehatan (perawat dan paramedis) PDI Perjuangan ke Aceh, Sumut, dan Sumbar oleh Sekjen PDI Perjuangan Hasto Kristiyanto dan Ketua DPP PDI Perjuangan Bidang Kesehatan Ribka Tjiptaning, Senin (29/12/2025). 2 14 61",2,2,0.03728263,0.42150027,0.5412171
"Selain itu, kata Tito, material ini juga akan digunakan untuk membangun sarana konektivitas, termasuk jembatan darurat dan perbaikan berbagai fasilitas publik yang terdampak. Pemamfaatan KayubekasBanjir Aceh Mendagri Izinkan Pemanfaatan Kayu Bekas Banjir Aceh, Regulasi akan Dikaji - Serambinews. 62",2,1,0.024040293,0.58301204,0.39294773
"Air kembali naik lagi, Rabu (3/12/2025) di seputaran Medan Labuhan hingga kemacetan pun terjadi. Bagaimana tanggapan anda terkiat hal ini, silakan komentar anda? Sumber video kiriman warga kliksumut foryou fyp klik beritaterkini 2 36",1,1,0.059595738,0.91286504,0.027539227
"Hahah lucu Saat peraturan dan kebijakan membuatmu terancam, kamu turun ke jalan"" raya sambil berteriak. Tetapi ketika orang-orang yang di cintai kehilangan segalanya kamu diam dan hanya menyampaikan bela sungkawa kerena itu tidak terjadi kepadamu. PrayForSumatera PrayForIndonesia 35",0,0,0.8961099,0.031543996,0.07234609
"Banjir telah merenggut banyak hal di Sumatra dan Aceh. Rumah terendam, aktivitas terhenti, dan yang paling mendesak: air bersih. Air yang bagi kita mudah didapat, kini menjadi barang langka bagi saudara-saudara kita. PMISelaluBantu 1 256",2,0,0.8601921,0.050069187,0.089738674
dan 10 lainnya Perhatian Presiden Prabowo begitu besar pada rakyat Aceh Sumut Sumbar Saat ini bencana banjir mengancam semua wilayah namun semua maklum bila Presiden fokus pada Sumatera 1 2 76,2,2,0.097606756,0.35425222,0.54814106
"Di tengah duka pascabencana, harapan kembali tumbuh di Kecamatan Batang Toru, Kabupaten Tapanuli Selatan. Satuan Brimob Polda Sumatera Utara hadir bukan hanya membawa bantuan, tetapi juga membangun harapan melalui pembuatan hunian sementara bagi masyarakat terdampak bencana. 47",2,2,0.47221792,0.04294755,0.48483458
BPBD Kebumen yang tergabung dalam Tim Jawa Tengah Intensifkan Penanganan Banjir dan Longsor di Sumatra Barat. BNPB Indonesia dan 3 lainnya 65,1,1,0.016495304,0.7517559,0.23174874
"Bantuan Terus Dikirimkan sebagai Upaya Pemulihan Pembelajaran SobatBelajar, dalam kunjungannya ke Kabupaten Agam, Sumatra Barat, Mendikdasmen, Abdul Mu’ti, melihat secara langsung dampak bencana banjir yang menerjang salah satu sekolah yakni sampai Negeri 1 Tanjung Raya yang 4 4 5",2,2,0.013335621,0.035186186,0.95147824
"• Lewat PT Tusam Hutani Lestari, PRABOWO memiliki Hutan Tanaman Industri (HTI) di HULU2 SUNGAI yang terdampak Banjir Bandang di Aceh Sumut Sumbar. • Prabowo = KONTRIBUTOR KERUSAKAN EKOLOGI. • Everybody knows! Termasuk semua Menteri2, Wamen2 & Kepala2 Badan. 2 1 9 213",0,0,0.78558797,0.17862566,0.035786305
"Sebanyak empat kecamatan di Kabupaten Aceh Barat dilanda banjir dengan ketinggian air mencapai 1 meter, Rabu (26/11). Bencana yang dipicu hujan deras menyebabkan puluhan desa terendam. Sejumlah rumah warga rusak, dan akses jalan terputus. Keempat kecamatan yang terdampak adalah 1 4 4",0,0,0.7443432,0.23674756,0.018909238
"Dana Pemulihan Pascabencana Sumatra Rp59,25 Triliun, DPR meminta Transparans dan Tepat Sasaran bencanasumatra aceh sumut sumbar Dana Pemulihan Pascabencana Sumatra Rp59,25 Triliun, DPR meminta Transparans dan Tepat Sasaran 20",2,2,0.06132943,0.3727647,0.56590587
"Ya Allah, banjir lagi. Mau tidur takut air makin naik. Beberapa hari sudah panas, tempat ku sudah aman tapi di daerah lain masih ada yang banjir. Di tambah ini hujan lagi dan belum berhenti, air makin naik 80",0,0,0.78089917,0.19918521,0.01991555
"gerakan nyata menuju Pemulihan Awal Kebangkitan sumatera harus terus jalan, kita dukung evakuasi korban banjir bandang biar semua segera pulih lagi KerjasamaUntukSumatera 6",0,2,0.15481257,0.031846147,0.81334126
Aksi tanggap darurat Projo Peduli Bencana pimpinan Budi Arie Setiadi mengutamakan pemenuhan gizi dan air bersih bagi anak anak korban banjir Sumatra sebagai wujud kasih sayang yang Setia Digaris Rakyat DPD Projo Aceh Terjunkan Mobil Tangki Air Bersih 69,0,2,0.27356586,0.04003153,0.68640256
Kalo sudah sampai jadi bencana seperti ini tapi masih tetap tidak diusut tuntas dan tidak ada yang diseret ke pengadilan berarti pemerintah memang tidak punya niat untuk melindungi hutan.. PrayForSumatera 1 1 58,0,0,0.92423713,0.04354491,0.03221794
"BREAKING NEWS Alhamdulillah terima amanah menyalurkan bantuan kemanusiaan 30 ton beras dari emirates red crescent UEA yang sudah sampai di pemko medan untuk korban banjir&longsor di aceh,sumut,sumbar. Syukron UEA Syukron Muhammadiyah PrayForSumatera 2 1 3 206",0,0,0.5367101,0.05358445,0.40970546
"dan 8 lainnya Para Aktifis Menyuarakan Perlindungan Hutan(Alam jangan diRusak dengan Dalih Apapun) Menyuarakan Fakta diLapangan korban Banjir Aceh,Sumut,Sumbar Di Intimidasi bahkan Ada yang ditangkap Koruptor n Para Pejabat Bangsat yang Maling duit Negara diberi karpet ""Merah"". Makin aneh saja Aturanya. 11",0,0,0.96713656,0.012103326,0.020760065
"Sebuah video viral di linimasa yang menyebut Presiden Prabowo telah menyerahkan 90.000 hektare lahan pribadi untuk konservasi gajah tahun 2024. Hal ini sekaligus membantah isu yang menyebut banjir bandang di Sumatera, khususnya Aceh, baru baru ini disebabkan oleh keberadaan lahan 1 1 298",1,1,0.17349458,0.7930297,0.03347576
"ya Allah… Aceh sudah kehilangan 4 kampung. Dan Aceh Tamiang masih rentan bencana susulan. ya Allah timpakan azab pada yang memgundang bencana ini, pada mereka pelaku perusakan alam.",0,0,0.94337004,0.033895653,0.02273425
"Btw kemensos apa kabar, kok enggak ada suara atau gebrakannya? Bagian humasnya diumpetin kah? PrayForSumatera 68",0,1,0.45711124,0.47116116,0.071727626
Prof ini penyebab banjir bandang di Tapanuli ya? benar sih kayanya jarang dengar bibit siklon melanda Sumatra. Apalagi dekat sekali dengan equator ya? 14,1,1,0.21564233,0.7665744,0.017783301
"Akun parodi EDUNNNN Hujan intensitas tinggi n lama buat banjir di beberapa daerah. Pjabat sptnya lagi turun lapang, kontrol n turunkan bantuan. KASIH TAU, yang dilakukan deh bagus tapi bukan sebagai solusi jangka panjang.. Infokan prubahan fungsi lahan pnyebab banjir yang mungkin sebelumnya tidak trjadi. 1 204",0,0,0.55834055,0.18295611,0.25870332
"Hai Sahabat Wantimpres Menjaga lingkungan adalah tanggung jawab bersama. Menanam pohon menjadi langkah sederhana dengan dampak besar: menjaga air, mencegah banjir, menyerap karbon, dan menyejukkan lingkungan. Menanam hari ini berarti menjaga masa depan generasi mendatang. 1 30",2,2,0.050235413,0.24879637,0.70096815
di padang dari kemarin hujan gede terus di atas enggak di tanamin pohon ya wajar jadi banjir longsor bebatuan untung keluarga disana bisa ngungsi ke tmp saudara...semoga ini bukan karena ada proyek tapi lalai amdal 1 1 88,0,0,0.81741285,0.14294958,0.039637562
Dalang Pengrusakan alam sebenarnya sudah jelas siapa Pelakunya. Dengan di temukan Label Kemenhut telah menjelaskan kayu itu memang resmi milik Presiden Prabowo. sebagai atasan Kemenhut & pemilik 3 Pabrik Pulp (Monster Pemakan kayu) Sumber: detikcom Ada Label Kemenhut di Kayu Gelondongan asal Sumbar yang Terdampar di Lampung 38,0,0,0.774174,0.18701771,0.038808238
dan Eh kunyuk!! Itu kayu gelondongan yang terbawa banjir bandang di sumatra apa masih belum jadi bukti kerusakan yang dibuat oleh pemerintah hah??! 1 30,0,0,0.921678,0.06466457,0.013657405
"Akun penggemar Ya yaapa lagi, mereka kekurangan makanan, kelaparan, bertahan hidup dengan makanan² sisa, minum air banjir yang dimana sudah terkontaminasi bakteri dari ratusan orang meninggal.. bantuan tidak merata, cuma bisa berharap bantuan dari warga² yang berdonasi.. pemerintah biadab 1 52",0,0,0.85183805,0.025225747,0.12293631
"Pemulihan pasca banjir dan longsor di Aceh, Sumut, dan Sumbar terus dipercepat. Pemerintah terus bergerak mendistribusikan logistik, mendirikan shelter, serta mengoperasikan dapur umum di wilayah terdampak banjir. Simak selengkapnya di video berikut. 21 9 36",1,2,0.009031355,0.07333682,0.9176318
Curhat Relawan Tunjukkan Gelondongan Kayu Besar Berserakan di Aceh Tamiang usai Terjangan Banjir Bandang ronajateng. Curhat Relawan Tunjukkan Gelondongan Kayu Besar Berserakan di Aceh Tamiang usai Terjangan Banjir... Menyoroti penuturan relawan bencana di Aceh Tamiang yang menemukan batang kayu super besar yang terbawa arus banjir bandang 1 27,2,1,0.14396082,0.4748033,0.38123584
"Presiden Prabowo turun langsung meninjau lokasi banjir besar di Sumut kemarin, memastikan kebutuhan warga terpenuhi dan jalur evakuasi berjalan aman. Kehadiran beliau menunjukkan komitmen kuat pada Respons Cepat Negara PrabowoPeduliSumatera 1 18",2,2,0.01235579,0.056522146,0.93112206
"Pratikno menambahkan, bencana juga menimbulkan dampak terhadap aktivitas ekonomi di Aceh, Sumatera Utara (Sumut), dan Sumatera Barat (Sumbar). Sebanyak 112 pasar tradisional di Aceh terdampak, dan hingga kini 18 sudah sepenuhnya beroperasi. 1 1 1 119",1,1,0.12112167,0.8228806,0.05599773
Benci banget sama macet tahi gue kagak bisa beli padang tahi akibat macet gue malesssss 18,0,0,0.86106145,0.11363817,0.025300447
Zigo Rolanda Desak Pemulihan Cepat Akses Jalan Padang-Bukittinggi Usai Banjir Bandang bahlillahadalia kuningkeren golkarindonesia partaigolkar golkarpedia Berita Golkar - Zigo Rolanda Desak Pemulihan Cepat Akses Jalan Padang-Bukittinggi Usai Banjir... 2 34,1,2,0.034785114,0.274677,0.69053787
"Dalam upaya menjaga keandalan pasokan listrik pascabencana, PLN UID Riau dan Kepulauan Riau menurunkan relawan ke Aceh. Langkah ini menjadi bukti nyata komitmen kami dalam memberikan pelayanan terbaik dan memastikan energi tetap hadir untuk seluruh pelanggan. Melalui pengiriman 28",2,2,0.014561309,0.12076497,0.86467373
"Anak sekecil itu melihat banjir yang besarnya kayak apa juga gue enggak bisa bayangin. Dia bilang ""itu rumah aku kak, di bawah pohon yang tumpuk dua"" GUE enggak bisa DENGERNYA. SEDIH banget MONYET ini kawasan gue biasanya main bareng temen... sekarang sudah hancur parah... 1 30",0,0,0.96141154,0.023259712,0.0153287565
Video Masa Tanggap Darurat Banjir Bandang Sumbar Diperpanjang 14 Hari 20.detik. Video Masa Tanggap Darurat Banjir Bandang Sumbar Diperpanjang 14 Hari Pemerintah Provinsi Sumatera Barat memperpanjang masa status tanggap darurat bencana banjir bandang selama 14 hari atau sampai 22 Desember 2025 mendatang. Berdasarkan rekapitulasi data sementara yang... 21,1,1,0.026749259,0.9420235,0.031227278
BRIMOB ACEH BERSIHKAN PUSKESMAS PEMBANTU DI ACEH UTARA PASCA BANJIR Batalyonapeloporaceh () • Instagram photo 21,2,1,0.04021774,0.7640583,0.19572401
Ternak sampah.... Banjir Aceh dan Sumatra akibat pembalakan hutan ... 1.000% kebijakan. yang salah dari pemerintah terdahulu..lalu sekarang menteri belaga mau jadi sinterklas taiiikkkkl.. Coba tebak itu hutan lahan perusahaan siapa 27,0,0,0.97357464,0.017641116,0.008784306
"Wakapolri: Polri memberangkatkan 1.500 personel untuk penanggulangan bencana di Aceh, Sumut, dan Sumbar. jatim1news Polri nasional Jakarta banjir Aceh Sumut Sumbar Sumatra jatimsatunews. JATIM SATU NEWS: Wakapolri: Polri Berangkatkan 1.500 Personel untuk Penanggulangan Bencana di Aceh,... JAKARTA - Wakil Kepala Kepolisian Republik Indonesia (Wakapolri) Komjen Pol Prof. Dr. Dedi Prasetyo memimpin apel pemberangkatan personel Po... 49",1,1,0.03686049,0.75644106,0.2066985
"BMMF15XLYKN BMMF15xFOURTH นัทปง BMMF15 Aksi Kemanusiaan, Ditpolairud Polda Jambi Turun Langsung Bantu Korban Banjir Bandang di Sumatera Barat 1 207",0,0,0.6159908,0.046309233,0.33769998
"bagaimana kalau kesusahan yang kita terima akhir akhir ini bukan semata mata karena bencana alam tapi karena bocornya skandal kebijakan, kegagalan pengawasan, juga adanya rambut merah penegakan hukum dalam lingkar pemerintah? 45",0,0,0.9464285,0.03711146,0.01646007
"PLN Padang Salurkan Bantuan untuk TAD Terdampak Banjir rakyatterkini. - info berita, olahraga, politik: PLN Padang Salurkan Bantuan untuk TAD Terdampak... 14",2,2,0.022971291,0.27004823,0.70698047
"Gaes kasih aku semangat. Salah satu korban banjir aceh tamiang. CC/PC PerthSanta enggak ada yang selamat, itu semua sebenarnya sudah terbelah dua. Tapi karena basah jadi menyatu lagi Aku stres 1 tahun ngumpulin ini semua Mana PhotoBook Time Stopper ku enggak selamat 1 222",0,0,0.91567713,0.022856468,0.061466478
"Presiden Prabowo Subianto memimpin Sidang Kabinet Paripurna di Istana Negara, Jakarta, Senin (15/12/2025), membahas perkembangan strategis nasional dan penanganan bencana banjir serta tanah longsor di Aceh, Sumatra Utara, dan Sumatra Barat. Foto: BPMI Setpres/Laily Rachev 1 141",1,1,0.01227825,0.95745116,0.030270483
"Update Resmi BNPB terkait Bencana Sumatra Per 19 Desember 2025 1.071 korban jiwa (+3) | Terbanyak di Agam (188 [+1]) | Penambahan terbanyak di Agam, Langkat, Tapsel, Tapteng (+1) 185 orang hilang (-5) | Terbanyak di Agam (52) | Pengurangan terbanyak di Tapanuli Tengah (-4)",0,0,0.7455761,0.23540919,0.019014692
"Gue lihat banjir di Sumut saja bisa terenyuhh sedih, melas,.. Eh ini ada lewat di Explore IG 2 Harimau Sumatra pun muncul ikut ngungsi, tambah menangis lah gue 79",0,0,0.9033205,0.06992923,0.026750313
"Kakanwil BPN Aceh didampingi para Kepala Bidang melakukan kunjungan ke Kantor Pertanahan Kabupaten Aceh Tamiang pasca banjir. Kunjungan ditempuh melalui jalur darat dari Sumatera Utara, mengingat akses Banda Aceh–Aceh Tamiang masih terputus di wilayah Kutablang, Bireuen. 1 66",1,1,0.0137771685,0.88805026,0.09817261
"Ketua Dewan Masjid Indonesia (DMI) Jusuf Kalla (JK) mengimbau seluruh masjid di Indonesia untuk melaksanakan salat Ghaib pada Jumat mendatang sebagai bentuk doa dan solidaritas bagi para korban musibah besar yang melanda Aceh, Sumatera Utara, dan Sumatera Barat. jika mengungkapkan 2 241",0,0,0.732452,0.1257982,0.14174984
Akun komentar JANGAN DITONTON BAGI yang enggak KUAT PrayForSumatera 22,1,1,0.348191,0.5917147,0.06009432
"Ya betol!!..oknum2 pemimpin daerah itu paling pintar kalau sudah bicara politik apalagi kalau sudah coba2 mau korupsi,Suap ,Kolusi,Nepotisme.yg menguntungkan mereka dan klompoknya tapi untuk memikirkan nasib warganya bahkan beri solusi agar tidak terjadi banjir dan longsor lagi enggak becus!. 1 33",0,0,0.92340726,0.04572747,0.03086531
*Dari Tambang hingga PLTA: WALHI Ungkap Akar Bencana Tapanuli*,0,1,0.3287132,0.6240927,0.04719404
"HAAAAHHH KAGET Dirjen Longsor, Dirjen Banjir??? Bancakan lagi aja, mending dimaksimalin Pak yang sudah ada, anggaran untuk penanganan bencana, mitigasi bencana, recovery pasca bencana itu yang harus dipikirin. Yaallah, nasib jadi WNI begini amat 4",0,0,0.7938414,0.13221155,0.073947
"Akun parodi Banjir sih di atas, tapi sekarang aku tiba tiba disuruh ngungsi 1 24",0,1,0.41092288,0.56386334,0.025213763
anjing ah motor mogok 1 15,0,0,0.9015031,0.06926234,0.02923459
"Prabowo Respon Cepat Listrik Kembali Menyala Pemerintah Prabowo bersama TNI Polri BNPB dari awal bencana hadir membantu evakuasi warga hingga pemulihan pasca bencana di Sumatera. Sistem kelistrikan pulih, listrik menyala di rumah dan fasilitas publik Kondisi Terkini Pasokan BBM, LPG, Listrik ke Daerah Terdampak Banjir Sumbar 23",2,2,0.013496104,0.02732952,0.95917434
Akun parodi PrayForIndonesia AllEyesOnSumatera PrayForSumatera PrayForTapanuli PrayForSibolga PrayForAceh dampak yang terjadi jika kita tidak mulai sekarang protes atau aware akan masalah ini 1 107,0,0,0.61049455,0.3234406,0.066064835
"Electrizen Banjir dan longsor yang terjadi di wilayah Sibolga, Tapanuli Selatan, Tapanuli Tengah dan Tapanuli Utara memutus akses jalan sehingga menjadi tantangan dalam proses pemulihan listrik. 1 29",0,1,0.07302431,0.6234844,0.30349132
"Bergerak bersama memulihkan Aceh dan Sumatra melalui penugasan Taruna KKP dalam dua tahap selama 45 hari, guna meringankan beban masyarakat terdampak bencana. Mohon doa dan dukungan agar kegiatan berjalan lancar. 2 46",2,2,0.016251387,0.02341584,0.9603328
"Sepekan pasca musibah bencana alam di Aceh, Sumatera Utara dan Sumatera Barat. Ya Allah, lindungilah saudara-saudara kami disana, ringankanlah beban mereka, semoga yang belum bertemu dengan keluarganya dapat segera bertemu. 1 44",2,2,0.32548305,0.10271828,0.5717987
Ajaibnya sawit jadi tertuduh padahal yang merusak adalah tambang. Riau punya 4 juta hektare lahan sawitnya 10 kali lebih besar dari Aceh enggak ada banjir bandang. Narasi sawit biang kerok adalah agenda barat. yang ingin Indonesia tidak merdeka soal energi terbarukan..!!,0,0,0.963538,0.023898952,0.012563153
qadarullah deh pulang dari Aceh & Sumut sebelum ‘Bencana’ kemarin… Alhamdulillāh PrayForSumatera 65,2,2,0.049427744,0.46078604,0.48978618
"PLN terus bekerja maksimal memulihkan sistem kelistrikan yang terdampak banjir, tanah longsor, dan gempa di Aceh, Sumatera Utara, dan Sumatera Barat. 1 142",1,2,0.019321825,0.14452355,0.8361546
"gunung muria di kudus saja kena, berdampak ke kudus hingfa sekitarnya, banjir bandang kayak aceh kemarin. 63",0,0,0.668073,0.3033377,0.028589237
"Turut berduka atas banjir bandang & longsor di Aceh, Sumut, Sumbar: 1.138 jiwa meninggal, 163 hilang, hampir 450 ribu mengungsi. Hormat kepada relawan & petugas yang sudah berjuang. Bersama wujudkan Sumatra pulih kembali. WujudkanSumatraPulih SumatraBangkit 1 91",0,0,0.7469027,0.063132256,0.18996505
"Keluhkan Fasilitas yang Rusak Parah Imbas Banjir Bandang, Warga Aceh Tamiang Bandingkan Kondisi saat Tsunami di 2004 Silam matapersindonesia. Keluhkan Fasilitas yang Rusak Parah Imbas Banjir Bandang, Warga Aceh Tamiang Bandingkan Kondisi... Menyoroti pengakuan korban banjir bandang di Aceh Tamiang yang membandingkan kerusakan bencana itu dengan tragedi tsunami pada 2004. 15",0,0,0.9447556,0.034412723,0.020831645
"Akses jalan menuju Desa Kubu, Kecamatan Sawang, Aceh Utara terputus akibat banjir. Relawan Nurul Hayat menempuh perjalanan menggunakan perahu getek untuk menyalurkan bantuan. Sebanyak 209 kakak atau 713 jiwa terdampak di desa ini. Terima kasih Sahabat Sejuk atas doa dan dukungannya 183",2,2,0.06179854,0.035384096,0.90281737
Dari point2 tersebut ada berapa yang sudah kita dan pemerintah kita terapkan dalam menjaga hutan kita? deforestation PrayForSumatera PrayForAceh PrayForSumatra banjirsumatra,1,1,0.12989122,0.5884191,0.2816897
"Bantuan sandang tersebut meliputi baju koko dan celana panjang pria, busana wanita, hijab, mukena, sajadah, serta pakaian dalam pria dan wanita, yang disiapkan untuk memenuhi kebutuhan dasar para korban banjir Fokus Kebutuhan Dasar, PMI Kirim 120 Ribu Pakaian untuk Warga Terdampak Banjir Sumatra - Serambin... 103",0,2,0.39256433,0.085209474,0.5222262
dan Tega banget lu bilang begini sedangkan warga yang terdampak bencana enggak bisa melanjutkan hidup mereka pasca banjir bahkan sekarang sungai di padang sudah mulai naik lagi Lu enggak mikir EKONOMI dan HAK ASASI MANUSIA warga indonesia sendiri??? Apa harus lo yang kena dulu baru paham? 1 6 211,0,0,0.9291467,0.021199832,0.04965343
"Kementerian Lingkungan Hidup resmi menyegel 4 perusahaan yang diduga menjadi salah satu penyebab utama terjadinya banjir bandang dan longsor yang melanda wilayah Sumatra sejak akhir November lalu. youtube. 4 Perusahaan Disegel akibat Banjir Bandang di Sumatra Jakarta, CNBC Indonesia - Kementerian Lingkungan Hidup resmi menyegel empat perusahaan yang diduga menjadi salah satu penyebab utama terjadinya banjir bandan... 117",1,1,0.10850079,0.8677113,0.023787957
Banjir ditangani. Bantuan tetap jalan. Logistik warga Garoga jadi prioritas. 1 35,2,2,0.018565543,0.052170143,0.92926425
"Bukan berarti mengkultuskan sosok lagi ya, kelihatan saja kalo kondisi seperti sekarang, Actions speak louder tahan words, promises, and especially excuses. So, siapa yang tanggung jawab atas ""banjir kayu"" ini? Usut tuntas korporasi sawit dan HTI di hulu Bukit Barisan. 1 28",0,0,0.8755336,0.088399366,0.036067076
"Dari Bandara Internasional Sultan Iskandar Muda, Presiden Prabowo beserta beberapa pejabat negara naik helikopter kepresidenan Caracal menuju Bireuen PrayForSumatera prabowo aceh.antaranews. Agenda Presiden Prabowo tinjau bencana Aceh untuk kedua kalinya - ANTARA News Aceh Presiden Prabowo Subianto tiba di Bandara Internasional Sultan Iskandar Muda, Kabupaten Aceh Besar, Provinsi Aceh, Minggu pagi. Ini adalah kunjungan ... 69",1,1,0.033364188,0.82026833,0.14636752
"Video Party tersebut viral dan menuai kecaman dari warganet. Sebab dinilai tidak memiliki rasa kemanusiaan atau empati. Pasalnya, video party itu disebut-disebut terjadi di tengah banjir di daerah Sumatera Barat (Sumbar). Bikin Geram, Viral Video Party di Tengah Bencana Banjir Tuai Kecaman Warganet: Gila Banget 1 35",0,0,0.8906071,0.06972369,0.03966921
"Pembalakan Liar Penyebab Banjir Maut 1953: 82 Orang Tewas, Kenapa Tak Belajar? Tahun 1953, banjir parah landa Aceh & Tapanuli – 82 korban jiwa (koran Belanda laporkan). Di Aceh: Hujan 2 hari di lereng Gunung Seulawah → tanggul jebol, Banda Aceh terendam, listrik mati, radio 1 93",0,0,0.95410883,0.036904607,0.008986636
"- Day 1 (senin, 24 nov 2025), hujan deras parah tapi masih ada listrik n jaringan. - Day 2 (selasa, 25 nov 2025), masih hujan parah enggak berhenti"" dari day 1, enggak bisa pergi ke kampus karena hujan terlalu parah. note: gara-gara kamar sudah banjir jadinya ngungsi di cafe dulu sekalian nugas 2 1 1 170",0,0,0.69905466,0.28341064,0.017534707
"upayaa membantu warga terdampak ... Tim Trauma Healing Polda Riau diturunkan untuk BKO penanganan banjir bandang di Kabupaten Agam, Sumatera Barat. polri peduli polri berbagi polri PolriPeduli PeduliBencana PrayForSumatera 1 45",2,2,0.018898543,0.03516947,0.945932
Sudah ada inisiatif yang lebih terhormat dan manusiawi dari untuk potong gaji lalu disumbangkan kepada korban bencana di Sumatera dan Aceh??? DPR Usul Anggaran mbak Belum Terserap Dialokasikan ke Banjir Sumatra DPR Usul Anggaran mbak Belum Terserap Dialokasikan ke Banjir Sumatra 1 200,0,0,0.8561347,0.058431633,0.08543367
"Pemprov Sumatera Barat perpanjang masa tanggap darurat bencana hingga 22 Desember 2025. Masa tanggap darurat yang ditetapkan awalnya pada 25 November 2025 berakhir Senin 8 Desember 2025. Gubernur Sumbar Mahyeldi mengatakan, ada tujuh nagari atau desa yang masih terisolir di tiga 43",1,1,0.023492632,0.94300324,0.033504084
Nomor cantik tapi PrayForSumatera PiaraanMembantu 4 14 306,2,2,0.23997208,0.31137258,0.44865537
"Banjir dan longsor yang melanda Aceh berdampak pada sejumlah wilayah, memicu evakuasi warga serta gangguan akses jalan dan layanan dasar. Upaya penanganan dan distribusi bantuan terus dilakukan oleh berbagai pihak untuk memastikan kebutuhan mendesak masyarakat dapat terpenuhi. 22",1,2,0.055740964,0.13390346,0.81035554
ditengah duka banjir sumatera Projo Peduli Bencana tetap Setia Digaris Rakyat mendampingi warga sesuai visi Budi Arie Setiadi dalam solidaritas sosial Projo Ajak Publik Bersatu Hadapi Banjir Besar di Sumatera 4,2,2,0.11712837,0.039410684,0.843461
"Layanan kesehatan di Rumah Sakit Umum Daerah (RSUD) Muda Sedia Aceh Tamiang lumpuh setelah turut terdampak parah akibat banjir yang melanda kabupaten tersebut sejak 27 November lalu. Ketinggian banjir mencapai 1,5 meter, menerobos masuk ke dalam setiap ruangan rumah sakit. Meski 1 2 1",0,0,0.7959683,0.13727567,0.06675597
"Pemulihan pascabencana banjir di Sumatra Barat terus dilakukan, salah satunya dengan menyediakan Hunian Sementara (Huntara). Di Kota Padang, Taruna Siaga Bencana (Tagana) terlibat aktif di lapangan, mendukung proses percepatan pembangunan bersama pihak terkait. Kehadiran Tagana 2 1 600",2,2,0.010126042,0.039265063,0.95060885
"Belanda telah berkomitmen memberikan bantuan darurat pemulihan dampak banjir dan longsor sebesar €3 juta (setara dengan Rp586,72 miliar) untuk mendukung masyarakat di Sumatera, demikian pernyataan Kedutaan Besar Belanda. Belanda salurkan bantuan darurat sebesar Rp586,72 miliar untuk korban banjir dan siklon di Sumatera 108",2,0,0.4733324,0.059534486,0.4671331
Kemenhut mengatakan pengoptimalan kayu hanyutan banjir terus dilakukan di Aceh Utara dan Sumatera Utara sebagai bagian dari strategi pemulihan cepat lingkungan dan penyediaan hunian bagi warga. Kemenhut terus optimalkan kayu banjir bangun huntara di Aceh Utara 271,2,2,0.01331492,0.16933076,0.8173543
"PBNU Kerahkan Elemen NU Bantu Penyintas Banjir Sumatra, Dari Sembako Hingga Trauma Healing. Pengurus Besar Nahdlatul Ulama (PBNU) mengerahkan seluruh elemen lembaga dan badan otonom (banom) untuk terlibat aktif dalam penanggulangan dampak bencana alam yang wilayah Aceh, Sumatra 483",2,2,0.052202746,0.040378567,0.9074186
Kunjungan Direktur OPP bersama Pemimpin Wilayah ke Gudang Rawang Timur dilakukan dalam rangka Monitoring dan Evaluasi untuk memastikan ketersediaan stok pangan pascabencana alam di Sumatera Barat. Melalui pemantauan langsung ini. 35,1,1,0.011804874,0.8792413,0.10895386
Ngeri banjir doang gue mah kalo hujan nonstop begini 1 22,0,0,0.61197716,0.36382586,0.024196941
Tsunami aceh 2004 terjadi sekali. Banjir sumatra bisa jadi terus terusan sepanjang musim penghujan tahun ini dan tahun-tahun kemudian. 44,0,1,0.447652,0.5357693,0.016578684
"Pasca Banjir Aceh Singkil, Prajurit TNI Mulai Rakit Jembatan Bailey di Gosong Telaga Barat kodim0109.my. Pasca Banjir Aceh Singkil, Prajurit TNI Mulai Rakit Jembatan Bailey di Gosong Telaga Barat proses perakitan Jembatan Bailey di Desa Gosong Telaga Barat 1 46",2,1,0.033404514,0.6922457,0.27434975
Dunia kegelisahan Banjir susulan terus terjadi,0,0,0.5846604,0.38380426,0.031535354
"TemanPemilih, Keluarga Besar Komisi Pemilihan Umum Kabupaten Halmahera Selatan Turut Berduka atas musibah banjir dan longsor yang menimpa Halmahera Barat, Desa Gamlamo, Desa Tongute Ternate Asal, Desa Gam Ici, dan Desa Tongute Ternate . KPUMelayani KPUHALSEL KPURI 58",1,0,0.77890867,0.15004288,0.07104849
"mantap nih pak Zulkifli Hasan langsung terjun ke daerah dampak bencana di Sumatera. Memasok 2 kali lipat bantuan dari sebelumnya bahkan Janji Rumah Zulhas membantu para korban bencana memiliki hunian lagi Kunjungi Padang, Zulhas Janji Pasokan Pangan 2 Kali Lipat untuk Korban Banjir 33",2,2,0.107512414,0.03665972,0.85582787
"Coba pindahkan posisi. yang buat aturan itu jadi korban banjir terus disuruh bawa berkasnya, bagaimana responnya? Minimal mikir dulu kalau buat syarat 4",0,0,0.87266,0.11677563,0.010564333
Akun parodi Membangkitkan semangat gotong royong nasional Budi Arie Setiadi jadikan Projo Peduli Bencana garda terdepan penanganan darurat di Sumatera mengukuhkan posisi kami sebagai organisasi yang Setia Digaris Rakyat Projo Ajak Publik Bersatu Hadapi Banjir Besar di Sumatera 6,2,2,0.01753491,0.030684698,0.9517804
Sinergi Polri dan BKSDA : Gajah Dikerahkan Bersihkan Material Banjir di Pidie Jaya Meureudu – Empat ekor gajah milik Balai Konservasi Sumber Daya Alam (BKSDA) Aceh telah tiba lengkap di Kabupaten Pidie Jaya untuk membantu proses pembersihan material pascabencana banjir. 40,2,2,0.016997179,0.2920127,0.6909901
Menteri Sosial memastikan percepatan penyaluran bantuan sosial pascabencana di Sumatra dengan memanfaatkan sistem satu data guna pemulihan yang tepat sasaran. sufmidascoahmad 9,2,2,0.012069487,0.06135005,0.9265804
"Akun komentar Banjir lagi malam ini Ya Allah Desa Kuning I, Aceh Selatan Dari Volcaholic 36",0,1,0.38148504,0.5842571,0.03425784
"Prabowo Diminta Tetapkan Banjir Bandang di Padang hingga Tapanuli Jadi Bencana Nasional PrayForSumatera Presiden RI, Prabowo Subianto, diminta segera menetapkan banjir besar yang melanda berbagai provinsi sebagai bencana nasional. Sebab, kondisi di lapangan sudah sangat 210",0,1,0.044046257,0.93032444,0.025629308
"Ya, benar. Elon Musk mengumumkan di kali bahwa Starlink memberikan layanan internet gratis untuk korban banjir parah di Indonesia, termasuk Sumatra, hingga akhir Desember 2025. Ini kebijakan standar SpaceX untuk tidak mengambil untung dari bencana.",2,0,0.848479,0.05793741,0.093583636
"Peduli Korban Banjir, DPP FPI Serta DPD HILMI FPI Sulteng Dan Komunitas Pemulung Amal Terus Bantu Warga Aceh Tamiang hilmi hilalmerahindonesia AcehTamiang PeduliBanjir kemanusiaan banjirsulteng BanjirBandang HILMI FPI Dan Komunitas Pemulung Amal Terus Bantu Warga Aceh Tamiang Dari hilmi.news 14",2,0,0.6006887,0.046184637,0.35312665
Apa susahnya bikin kupon sederhana terus meminta semua orang antri terima bantuan sih? Birokrasi ribet itu jangan sampai santunan Rp15 juta/1 orang korban tewas Banjir Bandang dan Longsor Sumatera pun meminta para korban langsung hadir macam meme pocong datang ke kantor BPJS ini ajg 9 125,0,0,0.9551033,0.019344447,0.02555226
Penyerahan Bantuan Kemanusiaan Polda Sumsel dan Bhayangkari Tiba di Polres Tapanuli Selatan Bantuan kemanusiaan dari Polda Sumatera Selatan bersama Bhayangkari Daerah Sumsel untuk korban bencana alam di Polsek Ilir Timur I Palembang () • Instagram photo 34,0,0,0.77792263,0.058597356,0.16347998
Jangan kritik pemerintah lagi.. Karsian mereka Mereka sudah nyaman dengan ketololan nya. GIF 20,0,0,0.8717693,0.077980764,0.05024993
Pemerintah kayaknya memang gapeduli sama sumatera. Jambi langganan banjir dan pernah surutnya sampai berminggu2 enggak pernah tuh diperhatiin,0,0,0.88923544,0.08012788,0.030636681
"Warga wargi sumut memang darderdor ya belakangan banyak orang live banjir daritadi subuh di medan dan literally tinggi poll, teman ku yang di Aceh ada sampai ngungsi & mati lampu seharian, mana tadi sempat gempa juga )): 1 560",0,1,0.38100466,0.58609134,0.03290395
"Badan Nasional Penanggulangan Bencana (BNPB) mencatat, di Aceh ada 232 gampong di benar Meriah, 295 gampong Aceh Tengah, dan 216 gampong di Tamiang, masih terisolasi. Sebagian gampong bahkan tertimbun sepenuhnya oleh material yang tersapu banjir. 1 1 38",0,1,0.077248946,0.9105732,0.01217788
Mari kita bantu saudara-saudari kita di Sumatra untuk pulih dan bangkit kembali. PrayForSumatera 49,2,2,0.027509091,0.027996922,0.94449395
"Pemerintah Hadir, membantu pembangunan infrastruktur pasca bencana Aceh Sumatera 13",2,2,0.008429478,0.07090732,0.9206632
Jaksa Agung Ungkap Temuan 27 Entitas Diduga Penyebab Banjir Sumatra,0,1,0.06137766,0.90679556,0.031826768
"dikomando Prabowo, penanganan banjir Sumatera lebih sigap. Sukses berat 22",2,2,0.061293416,0.27651477,0.6621918
"rumahku tinggi bahkan enggak pernah banjir tapi sekarang kebanjiran sampai masuk ke rumah, huhu prayforsumatera staysafe semua yang kebanjiran 69",0,0,0.4159921,0.22307262,0.36093524
"Donasi untuk korban banjir terus mengalir, penyaluran bantuan tepat sasaran. Aceh Sumatera Update 20",2,0,0.49981326,0.05607749,0.44410923
"Rohta Anjulian · 11j Akun komentar PrayForSumatra AllEyesOnSumatra SUMATRA BUTUH BANTUAN Sibolga | Padang | Aceh | Medan Ribuan warga terdampak Rumah hancur, keluarga terpencar Ayo jadi bagian dari penyelamat mereka! Aksi Peduli Kemanusiaan Donasi via QRIS sekarang. Mohon bantu RT 1 269",2,2,0.11674523,0.03998326,0.84327155
"Di balik duka ada harapan melalui Janji Rumah Zulhas yang disampaikan Zulkifli Hasan kepada warga terdampak banjir Sumatera Kunjungi Padang, Zulhas Janji Pasokan Pangan 2 Kali Lipat untuk Korban Banjir 55",0,0,0.87703294,0.02863614,0.09433084
Tindakan nyata di lapangan ini mencerminkan komitmen bahwa Pemerintah Sigap untuk Aceh Sumatra dalam menghadapi kondisi darurat. 8,2,2,0.009101562,0.049733967,0.94116443
"Alhamdulillah rumah aku banjir nya enggak sampai masuk ke dalam, hanya dihalaman depan saja 23",0,1,0.27856612,0.54344547,0.17798842
"Iya bang harus ke yang betul-betul amanah karena saya korban banjir Aceh Tamiang, selama seminggu saya dan anak bungsu saya di pengungsian kelaparan enggak pernah dapat bantuan apapun dan dari pihak manapun, sampai akhirnya saya di evakuasi/di jemput sama anak-anak saya dan dibawa pulang ke jakarta 44",0,0,0.888126,0.03225535,0.079618655
Distribusi Bantuan dari Slog Polri untuk masyarakat korban banjir dan longsor di Aceh bidhumaspoldaaceh poldaaceh polripresisi poldaacehmeutuah kapoldaaceh PoldaAcehSiagaBencana 1 12,0,0,0.51561356,0.05651014,0.42787632
"dan Masalah perambahan hutan bukan hanya terjadi di Aceh, seluruh RI terjadi. Penguasa dan DPR nya dari berbagai partai. Banjir kemarin saja, menghantam Sumut dan Sumbar. Kepala daerah di sana kan bukan GAM, hehe Nah, harus diselesaikan dari hulu, jangan di hilir saja.. 1 1 79",0,0,0.8095269,0.17692009,0.013552977
Sekretaris Kabinet (Seskab) Teddy Indra Wijaya menjawab protes dan kritikan sejumlah pihak yang meminta agar bencana banjir bandang dan longsor di Sumatera dinaikan statusnya menjadi Bencana Nasional. Hal itu dikatakan Teddy dalam konferensi pers Penanganan Bencana Sumatra di,0,1,0.092372134,0.8902038,0.01742414
"Pemerintah Siapkan Diskon Tarif Listrik bagi Warga Terdampak Banjir di Sumatra Pemerintah berencana memberikan diskon tarif listrik kepada pelanggan PT PLN (Persero) yang terdampak bencana banjir bandang di Aceh, Sumatra Utara, dan Sumatra Barat. Ini disampaikan Menteri Energi 1 39 675",2,2,0.013804818,0.4914122,0.49478298
"Perjalanan BKO Brimob Polda Sumsel menuju Polda Aceh untuk penanganan pasca bencana banjir Bila ada permasalahan dan butuh bantuan Polisi silakan hubungi : Call Center: 110 (Bebas Pulsa) ""KAMI SIAP MELAYANI 24 JAM"" musisatu kapoldasumsel humaspoldasumsel poldasumsel",0,2,0.0358254,0.19669613,0.7674784
Brimob Polda Sumatera Utara Salurkan Bantuan Kemanusiaan untuk Warga Terdampak Bencana di Sibolga dan Tapanuli Tengah Tim Produksi Humas Korps Brimob Polri PrayForSumatra Polriuntukmasyarakat BrimobUntukNusadanBangsa Jiwaragakudemikemanusiaan humaskorbrimobpolri 62,2,2,0.032192286,0.043404147,0.92440355
Bantuan pangan dan sandang dari Projo Peduli Bencana atas instruksi Budi Arie Setiadi telah disalurkan secara merata ke titik pengungsian di Sumatra sebagai bukti cinta kami yang Setia Digaris Rakyat DPD Projo Aceh Terjunkan Mobil Tangki Air Bersih 74,2,2,0.020284807,0.029629735,0.9500854
"Otomatis oleh Any interactions will be appreciated. Halo, semuanya. Saya membuka jasa joki game Genshin Impact & Honkai: Star Rail yang 50% penghasilannya akan didonasikan untuk korban banjir dan longsor di Sumatera. Check ALT & scroll down for more information. PrayForSumatera zonauang 1 110 53",0,2,0.17219494,0.146927,0.68087804
"Baru-baru ini ramai soal Anggota Komisi I DPR Endipat Wijaya, yang diduga menyindir sejumlah relawan saat membantu korban bencana di Aceh, Sumatera Utara, dan Sumatera Barat. Endipat Wijaya meminta pemerintah lebih sigap menyebarkan informasi penanganan bencana Sumatra. Sebab, 1 2 3",0,0,0.85064036,0.05103506,0.09832463
"FLOOD WATCH Flash Flood - E of Tanjungpandan, Bangka Belitung, Indonesia HAZARD DETAILS Southeastern Asia - Oceania Flash Flood Guidance (SAOFFG) has issued a flood Watch for December 19, 2025, UTC through December 19, 2025, UTC for E of 155 223",0,1,0.05983972,0.89799607,0.042164218
"“Saya sangat prihatin dengan kondisi masyarakat, termasuk keluarga saya yang masih berada di Aceh. Meski sedang berada di luar negeri, saya ingin memastikan bantuan ini segera sampai kepada warga terdampak,” ujar Ismail. IsmailRasyid aceh.tribunnews. PT Trans Continent Salurkan Rp 100 Juta untuk Korban Banjir di Aceh - Serambinews. Bantuan dari perusahaan milik putra Aceh Ismail Rasyid ini, disalurkan dan akan didistribusikan melalui Yayasan Al-Sumatrani 48",0,2,0.19311704,0.043090235,0.76379275
"Banjir melanda Utara Sumatera, termasuk rumah dinas Gubernur Bobby Nasution di Medan. Ketinggian air mencapai selutut orang dewasa di gerbang rumah. via Penampakan Rumah Dinas Gubsu Bobby yang Terendam Banjir 1 1 2",1,1,0.3739279,0.61349994,0.012572161
Presiden Prabowo apresiasi capaian luar biasa dari Program mbak yang telah menjangkau 58 juta penerima manfaat serta penanganan bencana di Sumatra. Kerja Nyata untuk rakyat Indonesia. LanjutkanMBG Selasa Aurelie Warga Aceh Tamiang TGAT69 シャーレのお手紙大作戦 Survivor2026 252,2,2,0.025792379,0.07734095,0.8968666
"Banjir Bandang Sumatera, Walhi Riau: Bukan Bencana Biasa, Ini akibat Deforestasi Masif Klik untuk baca:",0,1,0.18469644,0.7873436,0.02795998
Satgas PKH: 12 Perusahaan Diduga Jadi Penyebab Banjir Sumatra Satgas PKH: 12 Perusahaan Diduga Jadi Penyebab Banjir Sumatra 11,0,1,0.29669377,0.67665625,0.026649978
"Sebelumnya, Kementerian Kehutanan bilang kayu yang berserakan itu cuma kayu lapuk yang kebetulan ikut hanyut. Dan kita diminta percaya begitu saja.Mereka bicara dengan tenang karena mereka tahu: kita tidak punya ruang untuk melawan. PrayForSumatera 16",0,0,0.7184969,0.25481564,0.02668743
"Aksi tanggap bencana BRI terus jalan berkat sinergi luas, bantuan disalurkan merata biar warga terdampak banjir bisa bertahan dan mulai bangkit perlahan CSRBRI BRIPeduli qrisbri",2,2,0.013515927,0.015526381,0.97095764
"BNPB melaporkan jumlah korban meninggal dunia akibat banjir dan longsor di Aceh, Sumatra Utara, serta Sumatra Barat bertambah menjadi 1.053 jiwa berdasarkan data yang diakses pada Rabu (17/12/2025) pukul 08.00 WIB. “Data per tanggal 16 Desember 2025, total korban meninggal dunia 17 506 580",0,0,0.66342574,0.31139722,0.025177043
"Akun komentar Banjir bandang yang membawa tumpukan kayu gelondongan besar menerjang Damaran Baru, Kabupaten benar Meriah, Provinsi Aceh Dari Weather Monitor 1 4 197",1,1,0.23612788,0.7487658,0.015106212
"Seorang Ibu harus memanjat tebing demi membawa bayinya ke Puskesmas. Gampong (Desa) Sikundo,Aceh Barat,masih terisolasi. Jalan dan jembatan terputus.Warga terpaksa berpegangan tali di tepi sungai dan tebing untuk melintas. Banjir dan longsor AcehBangkit akibat Siklon",0,0,0.82645136,0.15192932,0.0216193
"Banjir rob yang melanda pesisir Jakarta Utara pada Kamis (4/12/2025) menyebabkan banyak sepeda motor tidak mampu melintasi genangan yang mencapai 40–50 sentimeter. Sejumlah pengendara tampak nekat menerobos banjir, namun sebagian besar akhirnya berhenti karena mesin motor mogok 1 3 8 987",0,0,0.6482867,0.3397931,0.011920257
"Sejak awal banjir menerjang, Polri dan TNI langsung dikerahkan untuk evakuasi, membuka akses jalan, hingga membantu dapur umum. Semua bergerak serentak sebagai bentuk Respons Cepat Negara yang dipimpin langsung Presiden. PrabowoPeduliSumatera 1 4",2,2,0.018538497,0.041695636,0.93976593
Budi Arie Setiadi memfasilitasi gerakan Projo Peduli Bencana untuk berkolaborasi dengan pemerintah dalam memperbaiki infrastruktur rusak di Sumatra demi kenyamanan mobilitas warga yang Setia Digaris Rakyat PROJO Serukan Persatuan Nasional untuk Ringankan Derita Korban Banjir Sumatera 84,0,2,0.15303749,0.0368667,0.81009585
Banjir JIS,1,1,0.11102306,0.7896992,0.099277765
"Ada yang ditebang ada yang karena banjir juga. Karena penggundulan hutan, tanahnya menjadi labil. Ibaratnya longsor yang menumbangkan pohon2. Bisa dilihat dari banjirnya yang keruh karena bercanpur tanah. Yang jelas semuanya karena penggundulan hutan.",0,0,0.8268128,0.16488917,0.0082980115
Alhamdulillah. Iyaa. Ini mertuaku lagi berkunjung ke aceh juga alhamdulillah enggak banjir tapi ya merasai mati listrik. Mogaa teman-teman kak Sirin aman semua segera surut banjirnya. 1 117,1,2,0.057424657,0.46875638,0.473819
"dan Makaasi banyak ya bang, infonya bisa buat sedikit lega temanku. Kalau ada info terbaru terkait banjir dan listriknya boleh banget kasih tau bang (kalo enggak keberatan). Ibu temanku namanya yenny, pakleknya namanya haris. Sekali lagi terimakasih banyak 1 56",0,2,0.1398108,0.39158294,0.4686062
"Video tersebut tampak asli, menunjukkan banjir dan longsor di Aceh Tamiang, Sibolga, dan wilayah Sumatera lainnya pada Desember 2025. Dikonfirmasi oleh laporan berita dari Kompas, MetroTV, dan BNPB. Semoga bantuan segera tiba.",1,2,0.03749907,0.12143699,0.841064
"Akun parodi Banjir besar, rakyat ngungsi, Presiden Prabowo langsung turun tangan dan sikat yang enggak hadir. Hampir 1 Juta Orang Mengungsi Akibat Banjir Sumatera, Terbanyak di Aceh 22",0,0,0.87138796,0.0886059,0.040006123
"Anggota GAM memaksa meminta Jatah Bantuan Kemanusiaan korban bencana Banjir Aceh, dengan dalih perintah Staf Khusus Gubernur Aceh, namu anggota TNI menghalangi langkah anggota GAM tersebut. Apakah dibenarkan, ormas memalak Anggota TNI? 56",0,0,0.80015826,0.07074121,0.12910046
"dan Tidak punya kemauan untuk membuat kebijakan yang benar-benar untuk rakyat, korban bencana di Aceh dan Sumatera Utara contohnya. Money follow Program bagi-bagi Proyek Suplayer makanan sangat berguna untuk patronisasi APBN membesarkan tabungan sirkel Penguasa yang kebagian proyek. 1 9 740",0,0,0.90901977,0.024224557,0.06675564
Presiden Prabowo Tinjau Jalan Lembah Anai Sumbar yang Rusak Parah Akibat Banjir Sumatra merdeka. Presiden Prabowo Tinjau Jalan Lembah Anai Sumbar yang Rusak Parah Akibat Banjir Sumatra Prabowo juga meninjau pembangunan Jembatan Bailey Padang Mantuang di Padang Pariaman. 260,0,1,0.13151433,0.6874055,0.18108019
"Kerusakan alam hari ini seharusnya sudah lebih dari cukup untuk membuka mata kita. Banjir besar yang kini melanda Sumatra bukan sekadar bencana alam, ini adalah cermin dari keserakahan yang dibiarkan tumbuh tanpa kendali. Lagi² rakyat kecil yang harus menanggung luka. PrayForSumatera 62",0,0,0.95700496,0.014460573,0.028534483
"masih banjir? partnerku ngeluh kemarin naik gojek doang, slain beberapa kali kena cancel sampai telat krja... HARGANYA.G NGOTAK 70",0,0,0.866415,0.10757437,0.026010614
"Alhamdulillah sampai rumah setelah menerjang banjir. Baru kali ini ujan deres enggak kelar2 sampai banjir Tapi gapapa, mending di sini saja banjirnya enggak lama langsung surut. Daripada Aceh dan Sumatera yang kebanjiran lagi~ 30",1,1,0.11474138,0.6381039,0.24715476
Pemilu itu ibarat.membantu dorong mobil mogok. Setelah mobil berjalan yang bantu dorong di tinggalkan..sama persis seperti yang dialami oleh kakek ini yang kehilangan segalanya akibat banjir..pemimpin yang dia pilih ketika pemilu 2024 diharapkan akan membantunya tapi malah menibggalkannya. 1 31,0,0,0.9053876,0.027798017,0.06681434
"dan Bayangkan kalau salah satu Dirjen terbentuk, misal Dirjen Angin Topan, terus calon Mertua tanya; : Kamu kerja di mana? : ASN di Dirjen Angin Topan, Om !! : Hah, bagian apa itu? : Bagian halau Badai Siklon, Om PrayForSumatera 1 1 4 249",1,1,0.39591542,0.57887316,0.025211351
"Adaikan semua orang seperti group band Slank.pastikan warga Aceh,Sumut,Dan Sumbar mencari para relawan yang bekerja di lapangan,Dan donatur yang memberikan sumbangan bagi keluarga kita yang terkena bencana banjir bandang bisa segera membaik pasca bencana korban bencana saat ini. 74",0,2,0.05001463,0.03218169,0.91780365
"Pemerintah wajib buka data koorporasi, pemilik serta luas lahan & jenis aktifitas pemanfaatan hutan yang dilakukan koorporasi di wilayah hulu sungai daerah Aceh, Sumut dan Sumbar yang mengalami banjir bandang 2 87",1,1,0.027957132,0.95520157,0.016841339
"Pjbt Negara,para Donator jangan fokus banjir Aceh Sumut Sumbar saja bencana Semeru,banjir Jabar tempatnya KDM,Jateng&tempat lain ATENSI JUGA DONG masih Indonesia loh,Rakyat mah hanya mengingatkan saja 9Naga 9Haji dkk kok belum monitor cawe2nya kalian andil juga kan perusak Hutan&SDA 309",0,0,0.7860701,0.16768096,0.046248924
"Bantuan kemanusiaan Polda Riau untuk korban bencana alam Prov Aceh, Sumut dan Sumbar Kapoldariaubantusumbar Kapoldariiaubantuaceh Kapoldariaubantumedan Poldariaubantubencana Herimenbantuaceh Herimenbantusumbar Herimenbantumedan PrayForSumatera LekasPulihSumatera 7 16 67",0,0,0.7697056,0.0407929,0.18950146
"dan Selama hutan yang digundul oleh korporasi tidak ditanami kembali, selama itu pula setiap musim penghujan, Aceh, Sumut dan Sumbar akan terus banjir. Tapi hutan gundul itu harus ditanami pohon kayu ya, bukan pohon sawit, meskipun sama-sama pohon dan sama-sama ada daunnya, 1 5 311",0,0,0.66412973,0.31310055,0.022769699
"Aceh, Sumut, dan Sumbar enggak sendirian, ada 33 ribu TNI siap bantu pulihkan infrastruktur dengan penuh semangat FokusPenanganan 8",2,2,0.022573719,0.063309565,0.91411674
"Akun komentar Korban bencana butuh tenda, makanan, dan obat. Pemerintah butuh waktu, rapat, dan dokumentasi, plus pasukan pendengung. fakta PrayForSumatera 45",0,0,0.89589816,0.05710531,0.046996485
"Jasa Raharja Serahkan Bantuan di Lubuk Minturun, Sumatra Barat,Pascabencana Banjir Bandang dan Tanah Longsor 1 34",2,2,0.032845184,0.061904583,0.90525025
"Satu bulan paska bencana banjir di Aceh, kita bisa belajar bahwa lambannya penanganan oleh pemerintah adalah tsunami kedua bagi Aceh. Aceh tsunami banjir Sumatera hydrometereologi peradaban bangsa negara akhirtahun status 66",0,0,0.62764,0.2720784,0.10028161
"Di saat banyak pihak sibuk berdebat, mbak bekerja tanpa banyak bicara. Kerja Nyata inilah yang layak mendapat apresiasi setinggi-tingginya. LanjutkanMBG Dari Timur Maju Berdaya PrayForSumatera 90",2,2,0.0916348,0.1819486,0.7264166
"Gubernur Aceh, Mualem, menangis melihat dampak banjir bandang yang ia sebut sebagai “tsunami kedua.” Beberapa desa hilang seketika. Di tengah krisis, Malaysia mengirim obat-obatan senilai 1 juta ringgit, logistik darurat, dan tim medis di aceh 1 83",0,0,0.8657312,0.0859495,0.04831936
"jalanan di rumahku sudah banjir, ci kepikiran takut masuk rumah itu air 317",0,0,0.6495264,0.33353224,0.016941378
"Warga Aceh Tengah, Salihin, membuat perahu dari kayu gelondongan yang terbawa banjir. Dia berujar perahu adalah solusi mencari nafkah, karena sawahnya tertimbun material longsor. Inisiatif Salihin ini muncul di tengah polemik pemanfaatan kayu gelondongan. Banjir Sumatra: Penyintas banjir di Aceh Tengah manfaatkan kayu gelondongan jadi perahu - BBC News... 1 19 27",2,0,0.5978414,0.35231194,0.049846616
"Pemerintah hadir dalam penanganan bencana banjir bandang di Aceh, sungai Krueng Meudeuru kembali pulih. 2 40",2,2,0.017134722,0.04459626,0.938269
"Aceh dan Sumatera makin ceria! Penanganan bencana sudah nunjukin kemajuan signifikan. Yuk, terus dukung upaya ini biar makin maju! 12",2,2,0.016928308,0.08900167,0.89406997
PKS Jambi Turunkan Relawan ke Lokasi Longsor dan Banjir Sumatra PKS Jambi Turunkan Relawan ke Lokasi Longsor dan Banjir Sumatra 1 48,2,1,0.034851056,0.49011406,0.4750348
"Ketua Komisi I DPR RI, Utut Adianto, mengungkapkan rasa duka yang mendalam terkait bencana banjir yang melanda Aceh, Sumatera Utara, dan Sumatera Barat. Ia menyarankan agar ke depan dibentuk kementerian khusus yang akan fokus menangani masalah bencana nawabineka. DPR Usul Kementerian Khusus Bencana, Ada Dirjen Longsor, Dirjen Banjir, dan Dirjen Angin Topan Ketua Komisi I DPR RI, Utut Adianto, mengungkapkan rasa duka yang mendalam terkait bencana banjir ya... 65",0,0,0.9054173,0.056734152,0.037848495
"Sempat lewat video, para korban bencana di Aceh Tamiang yang rumahnya terendam TANAH itu bagaimana ya nasibnya, mereka enggak bisa kembali ke rumah apalagi dengan pergerakan pemerintah yang seperti ini, butuh alat berat dll bukan hanya sekadar dikasih makan dan baju 1 96",0,0,0.9353157,0.019988976,0.044695303
"dan Nyatanya program mbak tidak memakai dana penanggulangan bencana, dan justru lebih dulu hadir menghantar makanan kepada korban banjir di Aceh sebagai kerja nyata yang dirasakan langsung masyarakat LanjutkanMBG 1 46",0,0,0.65208596,0.041241053,0.30667296
"dan 3 lainnya Terus kenapa? Rakyat Sumatera dijanjiin dibangun rumah untuk korban banjir, rakyatnya sendiri korban jadi korban banjir janji belum dipenuhi 1 1 54",0,0,0.97013694,0.016226033,0.013637028
"Kementerian ESDM dan PLN menyalurkan 1.000 genset untuk wilayah Aceh yang masih terisolasi akibat banjir, membantu warga tetap mendapatkan penerangan sementara.",0,2,0.019168697,0.06799212,0.91283923
"semoga hasil LID yang dilakukan Satgas PKH , tersangkanya bukan ""pengawas dan Operator Alat Berat"", tapi yang HARUS BERTANGGUNG JAWAB adanya bencana di Aceh, Sumut, Sumbar : Direktur Perusahaan dan ""Pemberi ijin"" 1 4 751",0,0,0.5180139,0.41239214,0.06959396
"Akun komentar Potret banjir ini perlu terus diangkat, agar tak ada lagi yang mengiranya cukup dihadapi dengan cara biasa Jangan sampai masalah seserius ini pun tenggelam oleh berita gosip artis dan tumbler PrayForSumatera PrayForSumatra PrayForIndonesia PrayForAceh 10 7 352",0,0,0.52064335,0.38100383,0.09835284
"dan Ya, begitulah ketololan mereka Relawan dan buzer mulyono Begitu banjir bandang , bencana yang makan korban banyak Mereka jd,diam , bisu, lumpuh tidak berbuat apa -apa Giliran JIS banjir sedengkol bebek, seolah-olah bencana nasional jadi kegoblokan mana lagi yang kau dustakan. 35",0,0,0.9642822,0.014330636,0.021387147
"Banjir di Cupak Tengah,Pauh,Kota Padang, Minggu 14/12/2025. 3 4 278",1,1,0.15703987,0.83171666,0.011243396
"teman-teman di Medan dan wilayah Sumatera yang lagi kena banjir, jaga diri baik-baik ya. Stay safe semuanya. 177",1,1,0.071675226,0.76309276,0.16523196
"cek sumsel, kiri kanan sepanjang sungai musi kebun sawit kabehh. bisa dibayangin kalo banjir, mana rumah rumah berada di pinggir musi, dem lah 1 6 111",0,1,0.42211837,0.5583974,0.019484166
"Pemulihan pascabencana di Aceh, Sumatera Barat, dan Sumatera Utara terus berlanjut. Berikut update proses pemulihan yang sedang berlangsung di lapangan. PemulihanPascabencana Kemendagri BersamaPulih Aceh Sumbar Sumut NegaraHadir",2,2,0.008139994,0.06649531,0.92536473
Akibat Menebang Pohon Peradaban prayforsumatera bencanasumatera banjirsumatera deforestasi 5 172 286,0,0,0.5892002,0.38508847,0.025711289
"Bantuan dari Laut Mulai Berlabuh Ke Lhokseumawe dan Langsa ""Kita bergerak cepat agar masyarakat yang masih terjebak banjir tidak kekurangan logistik. Semua ini akan segera kita salurkan ke titik-titik terdampak,"" Muzakir Manaf, Gubernur Aceh aceh.tribunnews. Bantuan dari Laut Mulai Berlabuh Ke Lhokseumawe dan Langsa - Serambinews. Bantuan logistik untuk korban bencana banjir yang dikirim melalui laut, mulai berlabuh di Lhokseumawe dan Langsa. 1 208",2,0,0.82798064,0.052416638,0.119602695
"Pemerintah menyatakan jaringan listrik di sebagian besar kabupaten dan kota terdampak bencana banjir di Provinsi Aceh, Sumatera Utara, dan Sumatera Barat berangsur pulih. Meski demikian, di sejumlah wilayah terpencil masih terjadi gangguan sehingga pelayanan listrik dan 2 898",2,2,0.019188823,0.41673604,0.5640751
Memang Bangsat Pemilik Kayu Gelondongan disaat Banjir Bandang melanda Aceh Sumut Sumbar Truk2 pembawa Kayu tersebut seakan meledek Negara sungguh menyakitkan yang mendiamkan bisa diduga dapat setoran dari Bajingan2 itu,0,0,0.925124,0.030473026,0.04440298
"“Pause dulu foto makan cantik—banyak saudara kita sedang berjuang menghadapi banjir. Empati dulu, gaya belakangan.” “Doa & solidaritas untuk semua yang terdampak bencana. Stay safe.” Sumatra PrayForSumatera PrayForTapanuli PrayForAceh PrayForSibolga PrayForIndonesia 74",2,2,0.20694402,0.0993959,0.6936601
"kita tahu akhir-akhir ini, Provinsi NAD dan Provinsi lainnya di Sumatera tengah berduka atas tragedi Banjir yang telah merenggut banyak korban jiwa. namun, jika kita bandingkan 2 hal ini, jumlah ini sangatlah kecil dibanding jumlah korban Tsunami 26 Desember 2004. 1 44",0,0,0.8864814,0.08255633,0.030962229
Dewan (DPRK) Temui Tumpukan Bantuan Korban Banjir Di Gudang BPBD Bireuen 4 267,0,0,0.78292125,0.088142075,0.12893665
Akun parodi Projo Peduli Bencana bersama Budi Arie Setiadi Setia Digaris Rakyat hadir di Sumatera mengalirkan bantuan untuk warga terdampak banjir dan mendukung langkah pemerintah Presiden Prabowo membangun kembali rumah dan masa depan rakyat Projo Ajak Publik Bersatu Hadapi Banjir Besar di Sumatera 1 13,2,2,0.019053226,0.022604182,0.95834255
