id,text_with_emoticon,sentimen_old,label_old,label_llm,confidence,reason,need_review
6,Masyarakat Aceh terpaksa mengangkut barang dagangan dan kebutuhan lainnya melewati medan berbahaya akibat terputusnya akses jalan dan jembatan. Skala kehancuran infrastruktur di Aceh akibat Banjir Besar Aceh–Sumatra Nov 2025 melampaui bencana Tsunami 2004. Sebanyak 461 ruas Tampilkan lebih banyak 14 561 726 15 rb,negatif,0,negatif,95,"Menggambarkan kesulitan, bahaya, dan skala kehancuran infrastruktur yang parah.",False
11,Kebenaran tentang banjir Sumatra Siklon Tropis pada Tahun 2025 Sumber: Death toll after tropical cyclones hit Indonesia's Sumatra rises to 442 - Nikkei Asia 45,netral,1,netral,90,Menyajikan informasi faktual mengenai banjir dan jumlah korban tanpa emosi.,False
13,"Warga Apresiasi Upaya Pemerintah Normalisasi Sungai Batang Kuranji di Sumbar: Bisa Nikmati Jalan Seperti Semula Jakarta - Sungai Batang Kuranji di Padang, Sumatra Barat, meluap hingga menyebabkan banjir bandang pada November 2025 lalu. Warga setempat bernama Asriluju bercerita, Tampilkan lebih banyak 1 493",positif,2,positif,90,Mengungkapkan apresiasi warga terhadap upaya pemerintah dalam penanganan pasca-banjir.,False
36,"Menutup tahun 2025, Presiden Prabowo Subianto kembali menunjukkan komitmen kepemimpinan yang hadir di tengah rakyat. Presiden Prabowo Subianto melakukan peninjauan ke wilayah terdampak bencana banjir di Pulau Sumatra pada Rabu (31/12/2025). 1 68",netral,1,positif,90,Mengapresiasi komitmen dan kehadiran pemimpin di tengah rakyat terdampak bencana.,True
49,"Membalas @iPopBase Ah baru banjir biasa, Belum bandang ke Sumatra... 6 2 rb",negatif,0,negatif,80,Mengandung sarkasme yang meremehkan tingkat keparahan banjir.,False
81,Membalas @detikcom Karena retreat di Magelang gagal total hal ini bisa dilihat dari respon masyarakat atas penanganan korban banjir bandang Sumatra Keberhasilan retreat Magelang hanya menciptakan manusia yg patuh thd pencitraan @prabowo dgn sikap penjilatnya Retreat di Hambalang hanya OMON OMON 18,negatif,0,negatif,95,Mengandung kritik tajam terhadap penanganan bencana dan pencitraan politik.,False
85,"PAKAR kebencanaan Universitas Gadjah Mada (UGM) Prof. Dwikorita Karnawati mengapresiasi progres pembangunan hunian sementara (huntara) bagi warga terdampak banjir bandang dan tanah longsor di Aceh, Pakar UGM Ingatkan Aspek Keselamatan dalam Pembangunan Huntara Sumatra Dari mediaindonesia.com 169",positif,2,positif,90,Mengungkapkan apresiasi terhadap progres pembangunan hunian sementara bagi korban.,False
126,"Membalas @pplpbinu Di tengah situasi yang penuh tantangan, bantuan ini diharapkan dapat memperkuat harapan, menumbuhkan semangat, serta mendukung proses pemulihan masyarakat agar dapat bangkit secara bertahap. #lpbinu #nupeduli #prayforsumatera #prayforaceh 6",positif,2,positif,95,"Menyampaikan harapan, semangat, dan dukungan untuk pemulihan masyarakat.",False
140,Membalas @negativisme Pesawat yg baru dibeli langsung ditugaskan ke lokasi bencana. #PrayForSumatera 156,positif,2,positif,85,Mengapresiasi tindakan cepat pemerintah dalam menugaskan bantuan ke lokasi bencana.,False
143,Membalas @KangManto123 Menunggu sampai jatuh korban berapa lagi sampai bencana ini di tetapkan sebagai bencana nasional wo @prabowo ???? #PrayForSumatera #BencanaNasional??? 2 2 4 307,negatif,0,negatif,90,Mengandung kritik dan pertanyaan sarkastik tentang lambatnya penetapan bencana nasional.,False
149,"Kerjain gw, buka fb,buka ig, buka tiktok, lihat akun2 teman gw di kampung, buat tau gimana kondisi disana. Hari ini masih banjir dan hujan pun masih turun tpi alhamdulillahnya ngk setinggi kemarin. Semoga cepat berakhir ujian ini #PrayForSumatera #prayforsumbar 117",positif,2,negatif,85,Menggambarkan kondisi banjir yang masih berlangsung dan harapan agar kesulitan segera berakhir.,True
161,"Pemerintah harus cepat tanggap membantu para korban bencana alam yang ada di seluruh Indonesia, khususnya di pulau Sumatera saat ini. #PrayForSumatera 1 32",positif,2,negatif,85,Menyatakan tuntutan agar pemerintah lebih cepat tanggap dalam membantu korban bencana.,True
166,"Akun komentar UPDATE KORBAN JIWA Perkembangan terkini total korban jiwa bencana Sumatera, angka terus bertambah Ayo bangkit sumatera kita pasti bisa #PrayForSumatra #PrayForSumatera #AllEyesOnSumatera #SumateraBangkit 3 6 578",positif,2,positif,90,Menyampaikan seruan untuk bangkit dan memberikan semangat kepada Sumatera.,False
189,"Akhirnya Warga Terdampak Banjir di Aceh Tamiang Mulai Menempati Huntara ! Setelah lebih dari sebulan tinggal di tenda, sekarang warga mulai nempatin huntara dari Danantara. Rika Jahara salah satunya yang merasa senang dan bersyukur banget bisa tinggal di huntara. Tampilkan lebih banyak 6 12 52 9 rb",positif,2,positif,95,Mengungkapkan rasa senang dan syukur warga atas ketersediaan hunian sementara.,False
196,"Membalas @tijabar Solusi tepat! Warga Aceh Tamiang bisa pilih huntara terpusat atau in-situ, sesuai kebutuhan dan preferensi. Terima kasih, Pak Prabowo, atas perhatian dan prioritas untuk penyediaan hunian! #Prabowo #AcehTamiang #Banjir 87",positif,2,positif,90,Mengapresiasi solusi dan perhatian pemerintah dalam penyediaan hunian bagi korban.,False
233,TNI masih bersihkan lumpur sisa banjir di Tapteng Aceh Sumatra Pulih 23,positif,2,netral,85,Menyajikan informasi faktual mengenai kegiatan pembersihan lumpur pasca-banjir.,True
236,Membalas @ekowboy2 270 jembatan bailey? Berarti Ada 270 jembatan yang rusak Karena banjir bandang di Aceh. Sumut Dan Sumbar. Itu sedikit atau banyak ya? 1 191,negatif,0,netral,80,Mengajukan pertanyaan faktual mengenai skala kerusakan infrastruktur.,True
259,𝐊𝐨𝐫𝐛𝐚𝐧 𝐁𝐚𝐧𝐣𝐢𝐫 𝐀𝐜𝐞𝐡 ‘𝐉𝐚𝐝𝐢 𝐓𝐞𝐧𝐭𝐚𝐫𝐚’ 𝐁𝐞𝐫𝐤𝐚𝐭 𝐃𝐨𝐧𝐚𝐬𝐢 𝐁𝐚𝐣𝐮 𝐃𝐚𝐫𝐢 𝐑𝐞𝐥𝐚𝐰𝐚𝐧 Sebuah momen mengharukan dari wilayah terdampak banjir di Aceh menjadi perhatian warganet. 2 pria korban banjir tampak tersenyum bahagia setelah menerima Tampilkan lebih banyak 94,positif,2,positif,90,Menggambarkan momen positif dan kebahagiaan korban atas bantuan yang diterima.,False
262,Brimob Aceh BKO Ops Aman Nusa II Bergerak Cepat Pulihkan Permukiman Warga Tamiang Pasca Banjir 1 23,positif,2,positif,90,Mengapresiasi kecepatan dan tindakan Brimob dalam memulihkan permukiman pasca-banjir.,False
271,"Pemerintah terus bekerja keras pulihkan Sumatra pasca bencana banjir, bukti Pemerintah Sigap untuk Aceh Sumatra 1 29",positif,2,positif,90,Mengapresiasi kerja keras dan kesigapan pemerintah dalam upaya pemulihan pasca-bencana.,False
277,"*Di Tengah Lumpur dan Harapan, Polri Bersama Warga Buka Akses Jalan Kampung Setie Pascabencana* Bener Meriah — Kepolisian Resor Bener Meriah bersama personel Satuan Brimob Polda Aceh turun langsung membantu masyarakat membersihkan akses jalan yang tertutup material banjir 1 33",positif,2,positif,90,Menggambarkan upaya kolaborasi positif antara Polri dan warga dalam pemulihan akses jalan.,False
280,"Jembatan penghubung di Desa Alue Leuhob, Cot Girek, Aceh Utara, rusak parah sejak banjir November 2025. Hingga kini belum ada perbaikan. Anak-anak dan warga terpaksa melewati jalur alternatif dengan arus sungai yang sangat kencang. Baru-baru ini, satu anak terseret Editor: Tampilkan lebih banyak 0:50 1 1 363",negatif,0,negatif,95,Menggambarkan kerusakan infrastruktur yang belum tertangani dan bahaya yang dihadapi warga.,False
284,"Lebih dari satu bulan pascabencana banjir melanda sejumlah wilayah di Aceh, duka dan kelelahan masih dirasakan para korban. Banyak keluarga kini harus memulai hidup dari nol setelah rumah, harta benda, dan sumber penghidupan mereka rusak atau hilang. Di tengah keterbatasan dan Tampilkan lebih banyak 1 210",negatif,0,negatif,95,"Menggambarkan duka, kelelahan, dan kesulitan hidup para korban pasca-bencana.",False
285,"Kejagung gercep turunin Satgas PKH buat selidiki kerusakan hutan pemicu banjir di Sumatra. Sinergi TNI, Polri & Kejaksaan ini bukti Pemerintah Sigap untuk Aceh Sumatra. Jangan sampe ada yang main-main sama kelestarian hutan kita lagi! #AcehSumatraPulih 42",positif,2,positif,90,Mengapresiasi kesigapan pemerintah dan penegak hukum dalam menangani penyebab banjir dan menjaga lingkungan.,False
288,Pembangunan hunian korban banjir di Sumatera terus dikebut agar masyarakat segera menempati rumah yang layak dan aman. Aceh Sumatera Update 28,positif,2,positif,85,Menginformasikan percepatan pembangunan hunian untuk korban banjir.,False
293,Kerusakan hutan memperparah risiko banjir bandang Aceh Sumatera Update 25,negatif,0,netral,85,Menyajikan informasi faktual mengenai dampak kerusakan hutan terhadap risiko banjir.,True
309,Banjir bandang jadi alarm serius. Aceh Sumatera Update mencatat 12 perusahaan kini disorot terkait kerusakan lingkungan di wilayah Ace 16,negatif,0,netral,85,Menyajikan informasi faktual mengenai perusahaan yang disorot terkait kerusakan lingkungan.,True
315,Satgas PKH ungkap 12 perusahaan perusak lingkungan di Aceh. Perusahaan itu diduga berkontribusi atas banjir bandang di Aceh Aceh Sumatera Update 21,negatif,0,netral,85,Menyajikan informasi faktual mengenai pengungkapan perusahaan perusak lingkungan.,True
319,"Guna meringankan beban masyarakat dan memulihkan roda ekonomi, pemerintah memberikan bantuan uang tunai bagi keluarga korban banjir. Aceh Sumatera Update 25",positif,2,positif,90,Menginformasikan bantuan uang tunai dari pemerintah untuk meringankan beban korban banjir.,False
322,"Satgas PKH ungkap 12 perusahaan perusak lingkungan di Aceh, diduga berkontribusi atas banjir bandang, penegak hukum kini menyiapkan sanksi administratif hingga pidana, termasuk pencabutan izin dan penerapan UU Kehutanan. Aceh Sumatera Update 21",negatif,0,netral,85,Menyajikan informasi faktual mengenai pengungkapan perusahaan perusak lingkungan dan sanksi hukum.,True
327,Video: KemenPU Gerak Cepat Tangani Sungai Meureudu Terdampak Banjir Aceh Video: KemenPU Gerak Cepat Tangani Sungai Meureudu Terdampak Banjir Aceh Dari 20.detik.com 28,positif,2,positif,90,Mengapresiasi gerak cepat KemenPU dalam penanganan sungai terdampak banjir.,False
329,"Warga terdampak banjir dapatkan bantuan logistik dan kebutuhan pokok, distribusi berlangsung lancar. Aceh Sumatera Update 14",positif,2,positif,90,Menginformasikan kelancaran distribusi bantuan logistik kepada warga terdampak.,False
330,Pemerintah berkomitmen mengganti semua rumah warga yang terseret oleh banjir Aceh Sumatera Update 25,positif,2,positif,90,Menginformasikan komitmen pemerintah untuk mengganti rumah warga yang rusak akibat banjir.,False
334,"Pemerintah segera tangani warga terdampak banjir, bantuan langsung disalurkan. Pemulihan infrastruktur dimulai. Aceh Sumatera Update 16",positif,2,positif,90,"Menginformasikan penanganan cepat, penyaluran bantuan, dan dimulainya pemulihan infrastruktur.",False
351,TNI ikut bantu bangun hunian sementara supaya warga Aceh punya tempat berteduh lagi setelah banjir melanda #GerakCepat 18,positif,2,positif,90,Mengapresiasi bantuan TNI dalam pembangunan hunian sementara bagi korban.,False
356,Kerja bareng pemerintah dan TNI hasilkan pemulihan cepat bagi korban banjir di Aceh #GerakCepat 12,positif,2,positif,90,Mengapresiasi kolaborasi pemerintah dan TNI yang menghasilkan pemulihan cepat.,False
363,Membalas @Ghurem2 Sepertinya cuma jago berpidato terbukti kerja menangani bencana di Sumatera lemotnya kek hilang sinyal Lihat aceh sudah mau dia bulan masih belum bersih juga dari sisa sisa material bencana banjir bandang 29,negatif,0,negatif,95,Mengandung kritik keras terhadap lambatnya penanganan bencana dan kinerja pemerintah.,False
369,"Pemulihan listrik pasca banjir emang gak gampang, apalagi di area fasilitas kesehatan. Tapi PLN berhasil nyiapin langkah-langkah supaya 34 fasilitas kesehatan di Aceh bisa kembali beroperasi. Kerja keras yang patut dihargai 31",positif,2,positif,90,"Mengapresiasi kerja keras PLN dalam memulihkan listrik pasca-banjir, terutama di fasilitas kesehatan.",False
377,"Menyeberang jalan di Aceh kini mempertaruhkan nyawa . Pasca banjir dan longsor Aceh–Sumatra, ratusan jalan dan jembatan banyak yang rusak dan terputus. Warga diminta ekstra waspada @Prabowo menugaskan TNI, dipimpin KSAD Jenderal Maruli Simanjuntak, untuk percepatan Tampilkan lebih banyak 17 174 273 6 rb",negatif,0,negatif,90,Menggambarkan kondisi jalan yang berbahaya dan kerusakan infrastruktur yang parah.,False
378,Trimakasih pemerintah.. Atas huniannya untuk korban banjir.. Aceh.. 1 85,positif,2,positif,95,Mengucapkan terima kasih kepada pemerintah atas penyediaan hunian bagi korban banjir.,False
383,"Terjadi Lagi, Banjir Bandang Bawa Kayu Gelondongan Terjang Bener Meriah Aceh | BERUT Terjadi Lagi, Banjir Bandang Bawa Kayu Gelondongan Terjang Bener Meriah Aceh | BERUT Dari kompas.tv 1 1 648",netral,1,netral,85,Menyajikan informasi faktual mengenai kejadian banjir bandang.,False
387,"Di Tengah Lumpur dan Harapan, Polres Bener Meriah dan Brimob Polda Aceh Bersihkan Jalan Warga Kampung Setie Bener Meriah Sisa lumpur, bebatuan dan kayu masih menutupi badan jalan di Kampung Setie,Kecamatan TimangGajah, pascabencana banjir dan longsor yang melanda wilayah tersebut 30",positif,2,positif,90,Menggambarkan upaya kolaborasi positif antara Polres dan Brimob dalam membersihkan jalan.,False
394,Pemerintah siapkan skema bantuan untuk korban banjir di Aceh 13,positif,2,positif,85,Menginformasikan persiapan skema bantuan oleh pemerintah untuk korban banjir.,False
395,"𝐉𝐞𝐦𝐛𝐚𝐭𝐚𝐧 𝐑𝐮𝐬𝐚𝐤 𝐏𝐢𝐜𝐮 𝐈𝐧𝐬𝐢𝐝𝐞𝐧, 𝐒𝐞𝐨𝐫𝐚𝐧𝐠 𝐖𝐚𝐫𝐠𝐚 𝐍𝐲𝐚𝐫𝐢𝐬 𝐇𝐚𝐧𝐲𝐮𝐭 𝐓𝐞𝐫𝐛𝐚𝐰𝐚 𝐀𝐫𝐮𝐬 𝐒𝐮𝐧𝐠𝐚𝐢 Sebuah Jembatan penghubung antar dua desa di Desa Alue Leuhob, Kecamatan Cot Girek, Kabupaten Aceh Utara, dilaporkan rusak sejak banjir Tampilkan lebih banyak 2 116",negatif,0,negatif,90,Menggambarkan kerusakan jembatan yang memicu insiden berbahaya bagi warga.,False
410,"Membalas @cupang_fish dan @NenkMonica Saya pikir juga seperti itu, saya asli dari aceh, dan kondisi aceh hari ini benar2 memprihatinkan m, ditambah lagi dengan longsor dan banjir susulan yg baru terjadi, tapi media sudah tertutupi dengan isu “Mens rea”. Aceh lagi urgent woi !!! 2 695",negatif,0,negatif,95,"Mengungkapkan keprihatinan mendalam, kondisi darurat, dan kritik terhadap media.",False
411,Ya Allah Aceh banjir lagi 657,negatif,0,negatif,90,Ungkapan kesedihan atau keputusasaan atas kejadian banjir yang berulang.,False
431,"Akses Jalan Terputus, Sat Brimob Polda Sumbar Bangun Jembatan Alternatif Di Area Terdampak Bencana Banjir Di Padang 25",positif,2,positif,90,Mengapresiasi upaya Sat Brimob dalam membangun jembatan alternatif untuk akses jalan.,False
436,"Padang Butuh Rp5,5 Triliun untuk Rehabilitasi dan Rekonstruksi Pascabencana Banjir Bandang Padang Butuh Rp5,5 Triliun untuk Rehabilitasi dan Rekonstruksi Pascabencana Banjir Bandang - Padek... Dari padek.jawapos.com 22",netral,1,netral,85,Menyajikan informasi faktual mengenai kebutuhan dana untuk rehabilitasi pasca-bencana.,False
450,"Sumatera Utara menargetkan penanaman satu juta pohon sebagai langkah nyata untuk memulihkan lingkungan pascabencana banjir dan tanah longsor yang melanda sejumlah daerah. Mari sama-sama kita cintai alam, rawat hutan, dan hijaukan kembali alam Sumut. #KolaborasiSumutBerkah Tampilkan lebih banyak 3 183",positif,2,positif,95,Menginformasikan upaya pemulihan lingkungan dan ajakan positif untuk mencintai alam.,False
453,Kemenhut mengatakan pengoptimalan kayu hanyutan banjir terus dilakukan di Aceh Utara dan Sumatera Utara sebagai bagian dari strategi pemulihan cepat lingkungan dan penyediaan hunian bagi warga. Kemenhut terus optimalkan kayu banjir bangun huntara di Aceh Utara Dari antaranews.com 271,positif,2,positif,90,Menginformasikan upaya pengoptimalan sumber daya untuk pemulihan lingkungan dan penyediaan hunian.,False
454,Pemerintah menyiapkan hunian tetap (huntap) gratis bagi warga terdampak banjir dan longsor di wilayah utara Sumatera yang kehilangan rumah. Huntap tipe 36 ini dibangun dengan APBN dan akan menjadi hak milik penerima. Saat ini pemerintah menunggu pendataan korban serta kesiapan l 143,positif,2,netral,95,Memberikan informasi faktual tentang bantuan pemerintah berupa hunian tetap bagi warga terdampak.,True
481,"Bareskrim Polri telah menetapkan tersangka dalam kasus pembalakan liar yang diduga menyebabkan banjir hebat di Sumatera Utara. Penetapan mencakup korporasi dan individu, dan pelaku akan dijerat dengan pidana lingkungan hidup serta TPPU. Bareskrim Polri tetapkan tersangka kasus pembalakan liar di Sumut Dari antaranews.com 5 30 33 103",positif,2,netral,95,Memberikan informasi faktual tentang penetapan tersangka kasus pembalakan liar.,True
514,"Badan Nasional Penanggulangan Bencana (BNPB) mencatat korban meninggal akibat bencana banjir bandang dan longsor di sejumlah wilayah Sumatera mencapai 1.177 orang per 4 Januari 2026. Jumlah tersebut bertambah 10 korban dari hari sebelumnya, dengan sebaran di Aceh Utara, Tampilkan lebih banyak 148",netral,1,netral,90,Menyampaikan informasi faktual mengenai jumlah korban meninggal akibat bencana.,False
520,"Gubernur Aceh, Muzakir Manaf yang akrab disapa Mualem, meninjau langsung kesiapan bantuan alat berat di gudang transit Tanjung Morawa, Sumatera Utara. Alat-alat berat ini disiapkan khusus untuk menangani dampak kerusakan infrastruktur akibat banjir bandang yang melanda Aceh. Tampilkan lebih banyak 19 93 451 22 rb",positif,2,netral,95,Memberikan informasi faktual tentang peninjauan kesiapan bantuan alat berat oleh gubernur.,True
529,"Bersama kita dukung korban banjir di Sumatera Utara! Video bantuan logistik dan layanan terus mengalir demi kebangkitan mereka. Ayo, semangat terus! 8",positif,2,positif,98,Mengajak untuk mendukung korban banjir dan memberikan semangat.,False
542,"Operasi Aman Nusa II, Brimob Batalyon A Evakuasi Puluhan Warga Terdampak Banjir di Tapanuli Tengah Tapanuli Tengah – Personel Batalyon A Satuan Brimob Polda Sumatera Utara bergerak cepat melakukan evakuasi warga yang terdampak banjir 41",positif,2,netral,95,Memberikan informasi faktual tentang operasi evakuasi warga terdampak banjir oleh Brimob.,True
557,"Hujan deras yang kembali mengguyur Kota Sibolga, Sumatera Utara, membuat air Sungai Aek Doras meluap, Jumat (2/1/2026). Kondisi ini membuat warga sekitar cemas lantara banjir bandang yang dikhawatirkan akan kembali menerjang. 201",negatif,0,negatif,90,Menyatakan kecemasan warga akan potensi banjir bandang yang kembali menerjang.,False
559,"Sekretaris Kabinet (Seskab) Teddy Indra Wijaya menyebut, pembangunan rumah ini seiring dengan perbaikan fasilitas publik yang sempat rusak karena banjir bandang dan tanah longsor di Aceh, Sumatera Utara (Sumut), dan Sumatera Barat (Sumbar). Baca selengkapnya Tampilkan lebih banyak 1 826",negatif,0,netral,95,Memberikan informasi faktual tentang rencana pembangunan kembali fasilitas publik yang rusak.,True
580,"BREAKING NEWS Tetap Fokus Jgn Tinggalkan Saudara Kita Di Aceh,Sumatera Utara,Sumatera Barat Yg Masih Butuh Bantuan&Pertolongan. Yaa Allah Lindungilah Saudara2 Kami Yg Dilanda Musibah Banjir&Longsor,Berilah Kesehatan,Keselamatan&Kekuatan Cc @salimafillah #PrayForSumatera 1 1 3 108",positif,2,positif,98,Berisi doa dan seruan untuk tidak meninggalkan saudara yang membutuhkan bantuan.,False
593,"Bencana banjir bandang dan longsor melanda Aceh, Sumatera Utara, dan Sumatera Barat. Ribuan warga kehilangan rumah, harta benda, bahkan orang tercinta. Di tengah situasi sulit ini, Polri hadir menyalurkan bantuan kemanusiaan dan menerjunkan personel ke lokasi terdampak. 37",negatif,0,netral,90,Memberikan informasi faktual tentang bencana dan bantuan kemanusiaan yang disalurkan oleh Polri.,True
609,"Kapolri Jenderal Listyo Sigit Prabowo menyatakan Polri membuka layanan servis dan cuci motor gratis bagi warga terdampak bencana banjir dan longsor di Aceh, Sumatera Utara, dan Sumatera Barat. Layanan tersebut disiapkan agar kendaraan roda dua milik warga yang sempat rusak Tampilkan lebih banyak 1 1 182",negatif,0,netral,95,Memberikan informasi faktual tentang layanan gratis yang disediakan Polri untuk warga terdampak bencana.,True
615,"Setelah Sumatera, banjir juga melanda Kalimantan Selatan (Kalsel). Di provinsi ini, kejadian bencana ini berulang tiap tahun. Banjir Kalimantan Selatan, Buah Pembiaran Kerusakan Lingkungan? Dari mongabay.co.id 17",negatif,0,negatif,85,Menyampaikan informasi faktual tentang banjir berulang dan mengkritisi pembiaran kerusakan lingkungan sebagai penyebabnya.,False
626,BMKG Peringatkan Potensi Hujan Lebat Meluas hingga 14 Januari 2026 baca selengkapnya BMKG Peringatkan Potensi Hujan Lebat Meluas hingga 14 Januari 2026 Dari netralnews.com 1 59,netral,1,netral,95,Memberikan informasi faktual berupa peringatan potensi hujan lebat dari BMKG.,False
628,CUACA ekstrem yang melanda ibu kota pada Senin (12/1/2026) pagi menyebabkan kenaikan debit air yang signifikan di wilayah Jakarta Selatan. Banjir Cilandak Timur Hari Ini 12 Januari 2026 Titik Terparah Jakarta 95 Cm Dari mediaindonesia.com 392,negatif,0,netral,95,Memberikan informasi faktual tentang cuaca ekstrem dan banjir di Jakarta.,True
637,Walikota Cilegon Robinsar Tetapkan Status Siaga Banjir Usai Peringatan BMKG #bahlillahadalia #kuningkeren #golkarindonesia #partaigolkar #golkarpedia Berita Golkar - Walikota Cilegon Robinsar Tetapkan Status Siaga Banjir Usai Peringatan BMKG -... Dari golkarpedia.com 49,netral,1,netral,95,Memberikan informasi faktual tentang penetapan status siaga banjir oleh walikota.,False
642,Kapolsek Sindue Pimpin Giat Kurvei Pasca Banjir serta Longsor. . @DivHumas_Polri @humaspolsulteng #polseksindue #humaspolresdonggala #polriuntukmasyarakat 16,netral,1,netral,95,Memberikan informasi faktual tentang kegiatan kurvei pasca banjir dan longsor.,False
662,"Akun komentar Membalas @Aceh potret Pendidikan yang Hanyut, di mana narasi besar soal Sekolah Rakyat dan Makan Bergizi Gratis di Jakarta terasa seperti ejekan bagi belasan ribu pelajar di Aceh yg jangankan makan siang, meja untuk belajarnya saja mungkin sudah jadi kayu bakar di tengah banjir. 3 109",negatif,0,negatif,95,"Mengungkapkan kritik dan rasa sedih atas kondisi pendidikan di Aceh yang terdampak banjir, membandingkannya dengan janji di Jakarta.",False
682,"Membalas @nccamelia Sudah runtuh, lalu hanyut terbawa banjir sebab banyak hutan gundul. 1 8",negatif,0,negatif,90,Menyatakan kerusakan akibat banjir dan mengaitkannya dengan penyebab negatif yaitu hutan gundul.,False
683,Hari Ketiga Pasca Banjir Desa Wani: Tim SAR Gabungan Fokus Bersihkan Lumpur dan Evakuasi Pohon Tumbang Tim Produksi Humas Korps Brimob Polri #PrayForSumatra #Polriuntukmasyarakat #BrimobUntukNusadanBangsa #Jiwaragakudemikemanusiaan #humaskorbrimobpolri 1 34,positif,2,netral,85,Memberikan informasi faktual tentang kegiatan pasca banjir dengan sedikit sentimen positif melalui hashtag.,True
696,Membalas @psi_id Kita butuh titik terang kapan banjir bisa dikurangi signifikan 131,negatif,0,negatif,80,"Mengungkapkan kebutuhan akan solusi yang signifikan untuk mengurangi banjir, menyiratkan ketidakpuasan.",False
706,"Membalas @loucagj masih banjir? partnerku ngeluh kmaren naek gojek doang, slain bbrp kali kena cancel sampe telat krja... HARGANYA.G NGOTAK 70",negatif,0,negatif,95,"Mengeluh tentang banjir yang masih terjadi, pembatalan layanan, dan harga yang tidak masuk akal.",False
745,"Cuaca Riau Didominasi Cerah Berawan, Hujan Turun Malam Hari Cuaca Riau Didominasi Cerah Berawan, Hujan Turun Malam Hari Dari goriau.com 34",netral,1,netral,95,Memberikan informasi faktual tentang prakiraan cuaca di Riau.,False
764,"Membalas @G0LIATH87 dan @temanduit Iya, pernah lihat juga yang di Jambi. Semoga aja ada koordinasi dan solusi untuk masalah banjir ini. 1 25",positif,2,positif,90,Menyatakan harapan akan adanya koordinasi dan solusi untuk masalah banjir.,False
770,"Kisah Pilu Banjir Aceh Tamiang: Dikira Biasa Ternyata Bencana Besar, Warga Terpaksa Lahiran Darurat di Tengah Kepungan Air Kisah Pilu Banjir Aceh Tamiang: Dikira Biasa Ternyata Bencana Besar, Warga Terpaksa Lahiran Darurat... Dari bangbara.com 27",negatif,0,negatif,95,Menggambarkan kisah pilu dan bencana besar dengan situasi darurat yang menyedihkan.,False
773,"Upaya ini dilakukan agar proses pendidikan tetap berjalan tanpa harus menunggu pengadaan baru yang memerlukan waktu dan biaya besar. #HematAnggaran #DisdikAceh #MobilerBekasBanjir Alasan Hemat Anggaran, Disdik Aceh Sulap Mobiler Bekas Banjir Demi Percepat Pemulihan KBM -... Dari aceh.tribunnews.com 30",positif,2,netral,85,Memberikan informasi faktual tentang upaya pemulihan pendidikan pasca banjir dengan efisiensi anggaran.,True
791,Membalas @kemenkumjabar Dukungan moral bagi pegawai Lapas yang terdampak banjir sangat penting untuk menjaga integritas pelayanan. Taruna Poltekpin hadir membantu membersihkan rumah dinas mereka sebagai bentuk solidaritas sesama keluarga besar Kementerian Hukum. Kemenkum Jabar - Asep Sutandar 1 1 33,positif,2,positif,95,Menyatakan dukungan moral dan solidaritas serta bantuan nyata untuk pegawai terdampak banjir.,False
828,"Membalas @infomitigasi Rumah sy dari bukit kalau selatan 300 meter kalau utara 500 meter,dg sungai 400 meter,sementara ini aman dari banjir besar,setelah dibangun waduk sermo 1 30",netral,1,netral,90,Memberikan informasi faktual tentang kondisi rumah yang aman dari banjir setelah pembangunan waduk.,False
830,"Membalas @Excel_Dee Orang jawa kuno lebih percaya bilang kalau pohon besar itu di tebang nanti mbahe ngamuk.. sebaliknya kalau bilang pohon itu ditebang dapat menyebabkan banjir longsor, mungkin tak akan percaya 1 155",netral,1,negatif,80,"Mengaitkan penebangan pohon besar dengan potensi banjir dan longsor, menyiratkan dampak negatif.",True
835,"Akun komentar Banjir bandang yang membawa tumpukan kayu gelondongan besar menerjang Damaran Baru, Kabupaten Bener Meriah, Provinsi Aceh Dari Weather Monitor 1 4 197",negatif,0,netral,90,Memberikan informasi faktual tentang kejadian banjir bandang yang membawa kayu gelondongan.,True
838,"Banjir besar akhir November 2025 sempat melumpuhkan RSUD Muda Sedia, Aceh Tamiang. Air setinggi tiga meter dan lumpur tebal merendam bangunan, merusak fasilitas, hingga membuat mobil ambulans tak bisa digunakan. Namun harapan tak ikut tenggelam. TNI, Polri, BPBD, relawan dan Tampilkan lebih banyak 2 5 1 967",negatif,0,positif,85,Menggambarkan dampak negatif banjir namun diakhiri dengan pesan harapan dan bantuan dari berbagai pihak.,True
862,"Membalas @rikywolf444 Ini baru aksi nyata, bukan sekadar wacana. Semoga langkah ini menjadi awal yang baik untuk pemulihan hutan kita secara berkelanjutan. Aceh Sumatra Bangkit! 9",positif,2,positif,98,Mengapresiasi aksi nyata dan menyatakan harapan untuk pemulihan hutan serta semangat kebangkitan.,False
870,Negara Hadir tanpa menunggu. Semangat untuk Aceh Sumatra Bangkit 1 35,netral,1,positif,98,Mengapresiasi kehadiran negara dan memberikan semangat untuk kebangkitan Aceh dan Sumatera.,True
871,"Membalas @virdianaurellio dan @dewi_darmawati Masyaalloh benar2 manusia hebat kamu anak muda, kepahlawananmu dalam membantu saudara di aceh dan sumatra ta perlu penghargaan, karena iklasmu membantu sesama adalah bukti kepedulianmu. Salut untukmu kawan.. 91",positif,2,positif,98,Mengungkapkan apresiasi dan salut atas kepahlawanan dalam membantu korban bencana.,False
872,"10 Wilayah Aceh dengan Kehilangan Tutupan Pohon Terluas, 10 Wilayah Aceh dengan Kehilangan Tutupan Pohon Terluas Dari ajnn.net 5",negatif,0,netral,90,Memberikan informasi faktual tentang wilayah dengan kehilangan tutupan pohon terluas.,True
896,polri ga kaleng2! Gercep bantuin warga bintang aceh yg terisolir. Thank u so much 18,positif,2,positif,98,Mengapresiasi kecepatan dan efektivitas Polri dalam membantu warga.,False
902,Gak ada kata telat buat bantu warga. BNPB langsung gaspol pasang ratusan jembatan di Aceh sampe Sumbar. Definisi kerja nyata tanpa tapi. #BNPB #Gaspol #UpdateTerkini #AksiSosial 12,positif,2,positif,98,Mengapresiasi kerja cepat dan nyata BNPB dalam membantu warga.,False
903,"Membalas @youngaaabbb96 Aminnn, semoga semuanya lekas membaik dan normal kembali. Terimakasih pemerintah atas segala kebijakan-kebijakan dalam melakukan penanganan pascabencana. Aceh Sumatra Pulih 1 22",positif,2,positif,98,"Menyatakan harapan untuk pemulihan, berterima kasih kepada pemerintah, dan optimisme.",False
914,Membalas @akumalesaja Aceh dan Sumatra tidak sendirian. seluruh negeri berdoa dan membnatu dalam bentuk apapun 3,positif,2,positif,98,"Menyatakan dukungan, solidaritas, dan doa untuk Aceh dan Sumatera.",False
940,Apresiasi atas kerja keras Pemerintah dan para relawan yang tak kenal lelah memulihkan kondisi Aceh dan Sumatra. Pemerintah Hadir #BersamaPulihkanSumutAceh 3,positif,2,positif,98,Mengapresiasi kerja keras pemerintah dan relawan dalam pemulihan kondisi.,False
950,"Banjir bandang dan banjir kayu kembali melanda Aceh pada 8 Januari 2026 di wilayah Lampahan, Bener Meriah. Bencana ini berpotensi memicu longsor baru dan menutup kembali jalan yang baru saja diperbaiki oleh warga. Cerita bencana di Aceh belum berakhir—masyarakat diimbau Tampilkan lebih banyak 4 272 359 4 rb",negatif,0,negatif,90,Memberikan informasi faktual tentang banjir berulang dan potensi dampak negatif seperti longsor baru.,False
960,"Aceh sekarang udah damai, bro! Rakyatnya bisa nikmatin hidup bareng Indonesia. Kerjasama yang solid bikin semua lebih baik! 4",positif,2,positif,98,Menyatakan kondisi damai dan kerjasama yang solid membawa kebaikan.,False
962,"Aceh kini udah nikmatin kedamaian, guys! Bareng Indonesia, kita terus jaga harmoni dan kerukunan. Ayo, kita dukung pembangunan bersama! 6",positif,2,positif,98,Menyatakan kedamaian dan mengajak untuk menjaga harmoni serta mendukung pembangunan.,False
965,"Penanganan bencana di Aceh dan Sumatera makin oke, bro! Lihat kemajuan yang signifikan, pemerintah beneran kerja keras demi kita semua. Semangat terus, ya! 27",positif,2,positif,98,Mengapresiasi kemajuan signifikan dalam penanganan bencana dan kerja keras pemerintah.,False
974,Membalas @Dyananjani89 dan @Flyingfighter27 Taun berapa emang aceh sumut pernah kejadian bencana banjir bandang longsor berapa kali 155,netral,1,netral,90,Mengajukan pertanyaan faktual untuk mencari informasi tentang frekuensi bencana.,False
978,"Rakyat Aceh kini udah merasakan kedamaian bareng Indonesia. Yuk, kita jaga dan syukuri momen ini, guys! Bersama, kita pasti lebih kuat! 7",positif,2,positif,98,"Menyatakan kedamaian, mengajak bersyukur, dan memberikan semangat persatuan.",False
984,"Pasca banjir bandang yang melanda sejumlah wilayah di Aceh, Kementerian PU bergerak cepat melakukan penanganan Sungai Krueng Meureudu melalui pembersihan kayu dan sedimen, pengerukan, serta pembuatan alur pandu sungai. #pu608 #SigapMembangunNegeriUntukRakyat 28",positif,2,netral,95,Memberikan informasi faktual tentang penanganan cepat pasca banjir oleh Kementerian PU.,True
989,Penanganan bencana di Aceh dan Sumatera makin oke! Kerjasama pemerintah dan masyarakat bikin perubahan yang signifikan. Ayo terus dukung dan jaga keberlanjutan! 10,positif,2,positif,98,Mengapresiasi penanganan bencana yang efektif dan mengajak untuk mendukung keberlanjutan.,False
1010,"Kehadiran negara diwujudkan melalui kerja nyata dan pendampingan berkelanjutan. Pemerintah hadir dan konsisten, memastikan Aceh Sumatra pulih secara menyeluruh dan merata. #PemerintahHadir #AcehSumatraPulih #IndonesiaKuat #NegaraUntukRakyat 4",positif,2,positif,98,Mengapresiasi kehadiran dan konsistensi pemerintah dalam memastikan pemulihan Aceh dan Sumatera.,False
1028,Membalas @haujju tp maksudnya gmn deh ngetik gt? lu berharap sumatera aceh banjir lg gt? I've been so worried setengah mati with my sister yg kerja di aceh & tinggal di sana skrg. alhamdulilah dia gakena musibah yang sebelumya terjadi di aceh. 1 40,negatif,0,negatif,95,Mengungkapkan kemarahan atas komentar negatif dan kekhawatiran mendalam terhadap anggota keluarga.,False
1035,"Yuk jangan saling fitnah, mari kita bantu agar Aceh Sumatra Bangkit 6",positif,2,positif,95,Mengajak untuk tidak saling fitnah dan membantu agar Aceh dan Sumatera bangkit.,False
1037,"Jangan sampai mau di pecah belah, NKRI Harga Mati!! Aceh Sumatra Pulih 5",positif,2,positif,90,Mengandung semangat persatuan dan harapan untuk pemulihan Aceh dan Sumatra.,False
1051,"IDN Times @IDNTimes · 16j Wakil Gubernur Sumatra Barat (Sumbar), Vasko Ruseimy, mengisahkan pengalaman saat turun langsung ke lapangan melihat kondisi wilayah bencana banjir dan tanah longsor akibat siklon tropis pada November 2025 lalu. Dia mengaku sangat sedih dan miris melihat kondisi warga yang Tampilkan lebih banyak 1:06 192",negatif,0,negatif,95,Mengungkapkan perasaan sedih dan miris terhadap kondisi warga terdampak bencana.,False
1073,Pemprov Sumatera Utara Siapkan Rp430 Miliar untuk Pemulihan Pascabencana Pemprov Sumatera Utara Siapkan Rp430 Miliar untuk Pemulihan Pascabencana - Teritorial24 Dari teritorial24.com 3,positif,2,netral,90,Menyampaikan informasi faktual mengenai anggaran pemulihan pascabencana.,True
1078,"Alhamdulillah, donasi dari Komunitas, Jamaah, dan Pegawai JIC telah tersalurkan. UPZ Masjid Raya PPIJ telah menyerahkan bantuan bencana alam sebesar Rp30.700.000 melalui BAZNAS BAZIS Provinsi DKI Jakarta untuk saudara-saudara kita yang terdampak bencana di Aceh, Sumatera Utara, Tampilkan lebih banyak 55",positif,2,positif,95,Melaporkan penyaluran bantuan bencana dengan nada syukur.,False
1080,Aiptu andar Winarto Bhabinkamtimas Polsek Perbaungan Polres Serdang Bedagai Polda Sumatera Utara melaksanakan kegiatan himbauan Kamtibmas di desa Deli muda kecamatan Perbaungan kabupaten Serdang Bedagai 13,netral,1,netral,80,Laporan kegiatan rutin kepolisian yang tidak secara langsung terkait bencana banjir.,False
1081,"Duduk Bersama Forkopimda Se-Sumatera Utara, Mendagri: Percepatan Pemulihan Pascabencana Prioritas Utama Duduk Bersama Forkopimda Se-Sumatera Utara, Mendagri: Percepatan Pemulihan Pascabencana Prioritas... Dari tintaindependen.com 4",positif,2,netral,90,Menyampaikan informasi faktual tentang prioritas percepatan pemulihan pascabencana.,True
1082,TNI AL KEMBALI KIRIM EXCAVATOR GUNA PERCEPAT PEMULIHAN PASCA BENCANA DI SUMATERA UTARA 1 37,positif,2,positif,90,Melaporkan pengiriman bantuan untuk mempercepat pemulihan pascabencana.,False
1097,"Membalas @wakekefriend 5. Model ini relevan untuk wilayah rawan bencana seperti Aceh, Sumatera Utara, dan Sumatera Barat—di mana masyarakat butuh solusi cepat, bukan janji jangka panjang tanpa hasil nyata. 1 43",netral,1,negatif,85,Mengkritik janji tanpa hasil nyata dan menekankan kebutuhan solusi cepat.,True
1100,"Membalas @muhammadiyah 1) Ketua Muhammadiyah Disaster Management Center (MDMC) Pimpinan Pusat Muhammadiyah, Budi Setiawan, meninjau langsung lokasi Hunian Darurat (Huntara) Batu Hula, Kecamatan Batang Toru, Kabupaten Tapanuli Selatan, Sumatera Utara, Jumat (9/1). Kunjungan tersebut dilakukan untuk Tampilkan lebih banyak 1 3 213",netral,1,netral,90,Laporan faktual mengenai kunjungan peninjauan lokasi hunian darurat.,False
1106,"Personel Polisi bersama instansi terkait menyalurkan bantuan perlengkapan sekolah kepada siswa di sekolah darurat Kecamatan Tukka, Kabupaten Tapanuli Tengah, Sumatera Utara. #BersamaPulihkanSumatera 14",positif,2,positif,90,Melaporkan penyaluran bantuan dan mengandung semangat pemulihan.,False
1114,"Kepala Pusat Data, Informasi, dan Komunikasi Kebencanaan BNPB Abdul Muhari menyebut, pemasangan 270 unit jembatan darurat bailey untuk tiga provinsi terdampak bencana di Aceh, Sumatera Utara (Sumut), dan Sumatera Barat (Sumbar) dikebut. @BNPB_Indonesia 1 1 71",netral,1,netral,90,Menyampaikan informasi faktual tentang upaya pembangunan jembatan darurat.,False
1134,"Membalas @kemenkumjogja Wilayah terdampak meliputi Provinsi Aceh, Sumatera Utara, dan Sumatera Barat sepanjang tahun 2025. #KementerianHukum #KanwilKemenkumDIY #LayananHukumMakinMudah #Setahunberdampak Kanwil Kemenkum DIY 1 6",netral,1,netral,90,Menyampaikan informasi faktual mengenai wilayah terdampak bencana.,False
1144,"Langkah kecil menuju masa depan besar. Di tengah pemulihan pasca bencana, harapan tetap harus berjalan. Pada Rabu, 7 Januari 2026, Satuan Brimob Polda Sumatera Utara hadir di Desa Garoga, Kecamatan Batang Toru, Kabupaten Tapanuli Selatan. 0:39 1 60",positif,2,positif,90,Mengandung harapan dan semangat untuk pemulihan pascabencana.,False
1146,"Di tengah duka pascabencana, harapan kembali tumbuh di Kecamatan Batang Toru, Kabupaten Tapanuli Selatan. Satuan Brimob Polda Sumatera Utara hadir bukan hanya membawa bantuan, tetapi juga membangun harapan melalui pembuatan hunian sementara bagi masyarakat terdampak bencana. 47",negatif,0,positif,95,Mengandung harapan dan melaporkan upaya pembangunan hunian sementara.,True
1153,"Rombongan relawan asal Banten yang membawa bantuan kemanusiaan ke Aceh menjadi korban pungutan liar saat melintas di depan Terminal Karya Jaya, Palembang, Sumatera Selatan, Rabu (7/1/2026). #RajaTega 81",negatif,0,negatif,95,Melaporkan kejadian pungutan liar yang merugikan relawan bantuan.,False
1165,"Bergerak Bersama, Pulihkan Aceh dan Sumatra Kita semua berharap, kehadiran para dapat meringankan beban masyarakat di lokasi terdampak bencana dan mempercepat pemulihan. Aamiin! @kkpgoid @swtrenggono #TarunaKKP #2026KKPGrowStronger 1 20",positif,2,positif,95,Mengandung harapan dan doa untuk meringankan beban serta mempercepat pemulihan.,False
1166,"Kemenhut Bersihakan 1.272 Meter Gelondongan Kayu, Aceh Sumatra Bangkit 1 62",positif,2,positif,90,Melaporkan upaya pembersihan dan mengandung semangat kebangkitan.,False
1178,"Aceh Sumatra Pulih, bantuan terus berdatangan dari pemerintah dan seluruh masyarakat Indonesia 6",positif,2,positif,90,Melaporkan bantuan yang terus berdatangan dan harapan pemulihan.,False
1182,"Melalui kerja sama lintas sektor, pemerintah, aparat, relawan, dan warga bahu-membahu menangani dampak bencana di Aceh. Kolaborasi ini menjadi fondasi kuat untuk pemulihan berkelanjutan dan membangun harapan baru. Aceh Sumatra Bangkit. 11",positif,2,positif,95,Mengapresiasi kolaborasi dan membangun harapan baru untuk pemulihan.,False
1186,"Warga Aceh Tamiang kini mulai menempati rumah sementara pascabencana. Hunian ini menjadi awal pemulihan kehidupan yang lebih aman dan layak, sekaligus bukti kerja nyata pemerintah di lapangan. Aceh Sumatra Pulih. 1 6",positif,2,positif,95,Melaporkan pemulihan warga dan mengapresiasi kerja nyata pemerintah.,False
1198,"Upaya pembersihan kayu ilegal oleh Kemenhut menunjukkan komitmen serius memulihkan kawasan terdampak. Langkah ini menjadi bagian dari proses pemulihan ekosistem dan ekonomi lokal. Aceh Sumatra Pulih lewat kerja nyata, bukan sekadar wacana. 2 3 14",positif,2,positif,95,Mengapresiasi komitmen dan kerja nyata pemerintah dalam pemulihan.,False
1201,"Bergerak Bersama, Pulihkan Aceh dan Sumatra Mari bangkit dan pulih bersama! @kkpgoid @swtrenggono #TarunaKKP #2026KKPGrowStronger #kkpterus5F6HW 6",positif,2,positif,90,Mengandung ajakan dan semangat untuk bangkit dan pulih bersama.,False
1206,Kondisi yang menantang di lapangan tak menyurutkan semangat insan Telkom untuk menyalurkan bantuan kemanusiaan dan melakukan aksi sosial. Hal ini menjadi bentuk nyata untuk mendukung pemulihan masyarakat terdampak becana di wilayah Sumatra. Dengan semangat gotong royong dan Tampilkan lebih banyak 3 3 9 329,positif,2,positif,95,Mengapresiasi semangat dan dukungan untuk pemulihan masyarakat terdampak.,False
1212,Berbagai langkah rehabilitasi terus didorong agar Aceh Sumatra Pulih dan aktivitas warga kembali normal 1 16,positif,2,positif,90,Mengandung harapan dan dorongan agar Aceh Sumatra pulih.,False
1224,Tindakan nyata di lapangan ini mencerminkan komitmen bahwa Pemerintah Sigap untuk Aceh Sumatra dalam menghadapi kondisi darurat. 0:38 8,positif,2,positif,95,Mengapresiasi komitmen dan kesigapan pemerintah dalam menghadapi kondisi darurat.,False
1243,"Warga Aceh Tamiang sudah huni rumah sementara, Pemerintah Sigap untuk Aceh Sumatra #Aceh #Sumatra 14",positif,2,positif,90,Melaporkan pemulihan warga dan mengapresiasi kesigapan pemerintah.,False
1254,"Membalas @bsbsjsnwu784998 Dengan kerja bersama dan gotong royong, Aceh Sumatra Bangkit dari bencana menuju kehidupan yang lebih aman dan tangguh 10",positif,2,positif,95,Mengandung harapan dan semangat kebangkitan melalui kerja sama dan gotong royong.,False
1257,Pemerintah hadir terdepan tangani bencana Aceh sumatra 15,positif,2,positif,90,Mengapresiasi kehadiran dan penanganan pemerintah dalam bencana.,False
1268,"Selain bantuan darurat, pembangunan hunian sementara di Aceh dan Sumatra menjadi prioritas utama kami. #PemerintahHadir #AcehSumatraBangkit #PemerintahBarengWarga #BersamaPulihkanSumutAceh #PemerintahSigapAcehSumatra 1 9",positif,2,positif,90,Menyampaikan prioritas pembangunan dan mengandung semangat kebangkitan.,False
1269,"Pulihkan Anak, Bangkitkan Masa Depan, KPAI Kawal Ketat Penanganan Anak Pascabencana di Sumatra Pulihkan Anak, Bangkitkan Masa Depan, KPAI Kawal Ketat Penanganan Anak Pascabencana di Sumatra -... Dari lombokpost.jawapos.com 3",positif,2,positif,95,Mengandung harapan pemulihan dan pengawalan ketat untuk masa depan anak-anak pascabencana.,False
1271,"Membalas @beritaKBR Mereka turun ke lokasi, membuka donasi, menyisir titik pengungsian, menembus akses yang cuma bisa dilewati dengan berjalan kaki, motor trail, atau jembatan darurat. Di banyak wilayah Sumatra, banjir dan longsor memutus jalan, jembatan, bahkan harapan. Negara belum sepenuhnya Tampilkan lebih banyak 1 52",netral,1,negatif,85,Mengungkapkan kondisi sulit dan kritik terhadap kehadiran negara yang belum sepenuhnya.,True
1272,"Membalas @BobbieTrussell Dari tanggap darurat sampai pemulihan, Pemerintah Sigap untuk Aceh Sumatra demi bangkit lebih kuat. #PemerintahSigap #PemerintahHadir #AcehSumatraBangkit #AcehSumatraPulih #PemerintahBarengWarga 14",positif,2,positif,95,Mengapresiasi kesigapan pemerintah dan mengandung harapan untuk bangkit lebih kuat.,False
1280,"Bergerak Bersama, Pulihkan Aceh dan Sumatra Kita semua berharap, kehadiran para dapat meringankan beban masyarakat di lokasi terdampak bencana dan mempercepat pemulihan! @kkpgoid @swtrenggono #TarunaKKP #2026KKPGrowStronger #SaktiWahyuTrenggono #KKPGOID #kkpterus5F31P 2 13",positif,2,positif,95,Mengandung harapan dan doa untuk meringankan beban serta mempercepat pemulihan.,False
1312,Pendistribusian Genset ke Desa terisolir di Aceh Aceh Sumatra Bangkit 11,positif,2,positif,90,Melaporkan pendistribusian bantuan dan mengandung semangat kebangkitan.,False
1319,Membalas @penjagaharapan Menjaga pasokan pangan ditengah bencana Sumatra itu hal yg bagus 4,netral,1,positif,90,Mengapresiasi upaya menjaga pasokan pangan di tengah bencana.,True
1333,Membalas @tekarok007 klo di sumatra penyebab hilang 1000++ nya rame di omongin 7,negatif,0,negatif,85,Menyampaikan informasi negatif tentang banyaknya korban hilang.,False
1345,"Bagaimana pun kondisinya, tetap maju ke depan demi warga yang terdampak #aceh #sumatra 4",netral,1,positif,90,Mengandung semangat untuk terus maju demi warga terdampak.,True
1361,Pemerintah Sigap untuk bencana Aceh dan Sumatra. #PemerintahHadir #AcehSumatraBangkit #PemerintahBarengWarga #AcehSumatraPulih 1 1 28,positif,2,positif,95,Mengapresiasi kesigapan pemerintah dan mengandung semangat kebangkitan serta pemulihan.,False
1362,Menteri Kesehatan Budi Gunadi Sadikin memastikan rehabilitasi rumah tenaga kesehatan (nakes) korban banjir Sumatra akan dituntaskan sebelum Ramadhan 2026. Pemerintah menargetkan para nakes sudah bisa kembali menempati rumah masing-masing agar pelayanan kesehatan berjalan normal Tampilkan lebih banyak 1 1 293,negatif,0,positif,95,Menyampaikan komitmen pemerintah untuk rehabilitasi dan pemulihan layanan kesehatan.,True
1367,"Membalas @BobbieTrussell Upaya berkelanjutan dalam pemulihan sosial dan ekonomi menunjukkan keseriusan pemerintah. Aceh Sumatra Pulih bukan sekadar slogan, melainkan tujuan bersama 12",positif,2,positif,95,Mengapresiasi keseriusan pemerintah dan tujuan bersama untuk pemulihan.,False
1377,"Bencana banjir bandang dan tanah longsor yang terjadi akhir November 2025 lalu, menyebabkan banyak alat-alat kesehatan atau Alkes RSUD Langsa terendam air dan lumpur #AlatKesehatanRusak #RSUDLangsa #DampakBanjir Paska Banjir 2025 lalu, Alat Kesehatan di RSUD Langsa Banyak Rusak Terendam Air dan Lumpur -... Dari aceh.tribunnews.com 55",negatif,0,negatif,95,Melaporkan kerusakan alat kesehatan yang signifikan akibat banjir.,False
1385,"Hujan deras yang mengguyur Kota Bandar Lampung sejak Kamis sore mengakibatkan tujuh kecamatan terdampak banjir. BPBD Kota Bandar Lampung bersama tim gabungan Damkar, Satpol PP, dan Forkopimda melakukan evakuasi di wilayah terdampak. 1 74",negatif,0,netral,90,Laporan faktual mengenai dampak banjir dan upaya evakuasi.,True
1389,"Banjir susulan akibat hujan deras merendam lima kecamatan di Aceh Timur setelah sungai meluap, dengan ketinggian air mencapai dada orang dewasa di sejumlah lokasi. BPBD menyiagakan tim pemantauan dan evakuasi serta mengimbau warga tetap waspada. #MERONA4D 19",netral,1,netral,90,Laporan faktual mengenai banjir susulan dan imbauan kewaspadaan.,False
1425,Antusias warga sambut kehadiran Wakil Presiden Gibran Rakabuming Raka saat Wapres Tinjau BanjirKalsel di Sungai Tabuk turun langsung memastikan kondisi warga dan penanganan berjalan cepat bukti negara hadir di saat rakyat butuh #GibranPeduliRakyat Wapres Gibran tinjau banjir di Sungai Tabuk disambut antusias warga - ANTARA News Kalimantan Selatan Dari kalsel.antaranews.com 20,positif,2,positif,95,Mengapresiasi kehadiran dan kepedulian wakil presiden terhadap warga terdampak.,False
1435,"Membalas @Aceh @humasaceh dan 3 lainnya Motif nya apalagi kalo bukan buat di foto2/dokumentasi ulang saat foto/dokumentasi penyerahan Motif nya sama persis dari jaman covid; masker, obat2an, sanitizer, oksigen dsb,., barang/bantuannya itu2 aja, buat foto dan laporan ke donatur bahwa dana udah di belanjain 5 289",negatif,0,negatif,90,Mengandung kritik dan sarkasme negatif terhadap motif penyaluran bantuan.,False
1439,Membalas @Aceh @humasaceh dan 3 lainnya Seburuk-buruknya manusia adalah yang menimbun logistik ketika bencana. Laknat Allah untuk kalian para penimbun. 7 42 1 rb,negatif,0,negatif,95,Mengungkapkan kemarahan dan kutukan terhadap penimbun logistik saat bencana.,False
1443,"Banjir Bandang Sitaro Sulut, Komisi VIII Minta BNPB Pastikan Kebutuhan Pengungsi Terpenuhi Banjir Bandang Sitaro Sulut, Komisi VIII Minta BNPB Pastikan Kebutuhan Pengungsi Terpenuhi Dari radarbangsa.com 1 1 209",netral,1,netral,90,Laporan faktual mengenai permintaan untuk memastikan kebutuhan pengungsi terpenuhi.,False
1445,"Percepat Perbaikan Rumah Nakes Terdampak Bencana Sumatera, BNPB Siapkan Skema Reimburse Pemerintah menyediakan Dana Siap Pakai (DSP) untuk membantu perbaikan rumah tenaga kesehatan (nakes) terdampak bencana di Sumatera. Dana tersebut digunakan untuk perbaikan rumah kategori Tampilkan lebih banyak 76",positif,2,positif,90,Menyampaikan upaya percepatan perbaikan rumah dan bantuan pemerintah.,False
1448,"Membalas @kemenkumjabar Sinergi lintas instansi di Aceh membuat gerak Kemenkum lebih efisien. Kami bekerja sama dengan TNI, Polri, dan BNPB untuk memastikan proses pemulihan infrastruktur berjalan selaras dengan rencana besar penanganan bencana. Kemenkum Jabar - Asep Sutandar 1 1 15",positif,2,positif,95,Mengapresiasi sinergi dan kerja sama antar instansi dalam pemulihan infrastruktur.,False
1467,Update terbaru nih! BNPB lagi kebut jembatan darurat biar gak ada lagi daerah yang terisolasi pasca bencana. Semangat terus buat tim lapangan. #BNPB #UpdateTerbaru #InfoWarga #JembatanDarurat 15,positif,2,positif,95,Menyampaikan informasi upaya BNPB dan memberikan semangat kepada tim lapangan.,False
1469,"Berdasarkan data BNPB, terdapat puluhan ribu rumah yang terdampak di tiga provinsi Sumatera. Rinciannya: 76.588 rusak ringan, 45.106 rusak sedang, dan 53.432 rusak berat. Penanganan serius terus berjalan! #DataBNPB #Sumatera Semua Rumah Korban Bencana Sumatera akan Diganti Pemerintah Dari kompasiana.com 15",negatif,0,netral,95,Menyajikan informasi faktual tentang dampak banjir dan upaya penanganan pemerintah.,True
1471,"Membalas @albert_morafia @BukeLeadee dan @WeatherMonitors Amiiin Page. kasihan orang, pasien, sawah kebun rumah ternak warga yg terendam. Semua terhalang. Pula bukan kayak di Jawa yg BNPB n BPBD sibuk dan turun. Jangan² malah dianggap rutinitas biasa. Tapi semoga ngga lah dan semoga surut gaceh² 1 1 2 30",positif,2,negatif,90,Mengungkapkan rasa kasihan dan kritik terhadap penanganan bencana yang dianggap kurang sigap.,True
1478,"Badan Nasional Penanggulangan Bencana (BNPB) mencatat adanya penambahan korban jiwa akibat bencana dalam dua hari terakhir. Kepala Pusat Data, Informasi, dan Komunikasi Kebencanaan BNPB, Abdul Muhari, menyebutkan penambahan korban meninggal berasal dari Aceh Utara sebanyak 1 Tampilkan lebih banyak 356",negatif,0,netral,95,Menyampaikan informasi faktual mengenai penambahan korban jiwa berdasarkan data BNPB.,True
1482,"Badan Nasional Penanggulangan Bencana (BNPB) kembali memperbarui data korban bencana alam yang melanda sejumlah wilayah di Sumatera #BNPB #bencanaalam #sumatera Update Korban Bencana Sumatera: 1.182 Meninggal-145 Hilang, Ratusan Ribu Masih Mengungsi Dari mistar.id 24",negatif,0,netral,95,"Melaporkan data terbaru mengenai jumlah korban meninggal, hilang, dan mengungsi akibat bencana.",True
1497,"Sejak 30 November 2025 hingga 6 Januari 2026, pemerintah telah mendistribusikan 1.788 ton bantuan logistik untuk korban banjir dan longsor di Aceh. Upaya ini dilakukan agar kebutuhan dasar warga terdampak tetap terpenuhi 1 44",negatif,0,netral,95,Memberikan informasi faktual tentang distribusi bantuan logistik oleh pemerintah.,True
1499,Respons cepat pemerintah dengan mendistribusikan 1.780 ton bantuan logistik untuk korban banjir dan longsor di Aceh. 19,negatif,0,positif,85,Mengapresiasi respons cepat pemerintah dalam mendistribusikan bantuan.,True
1510,"Membalas @Aceh @pln_123 dan 3 lainnya Kasihan banget. Moga saudara2ku di Aceh tabah hadapi semua keadaan ini. Maklum pemerintah kita Superman, ga butuh bantuan negara lain. Seandainya terbuka menerima bantuan dan jadikan bencana Sumatera dan Aceh bencana nasional, mgkin sikon di daerah terdampak banjir jauh LBH baik 2 372",positif,2,negatif,90,Mengungkapkan rasa kasihan dan kritik sarkastik terhadap kebijakan pemerintah terkait penanganan bencana.,True
1514,Amarah warga terdampak banjir bandang di Kabupaten Aceh Tamiang mencuat setelah muncul dugaan ketidakadilan dalam penyaluran bantuan. Sejumlah ibu-ibu dan warga lainnya mendatangi sebuah posko bantuan untuk menyampaikan protes secara langsung. 1 176,positif,2,negatif,95,Melaporkan kemarahan dan protes warga akibat dugaan ketidakadilan dalam penyaluran bantuan.,True
1516,"Aktor Nicholas Saputra menyalurkan bantuan kepada anak-anak korban bencana longsor dan banjir di Aceh. Ia datang langsung ke salah satu sekolah di Desa Kelitu, Kecamatan Bintang, Aceh Tengah. Dalam unggahan video di Instagram @leuser .coffee, Nicholas Saputra tampak mengenakan Tampilkan lebih banyak 1 4 563",negatif,0,positif,90,Melaporkan tindakan positif penyaluran bantuan oleh seorang aktor kepada korban bencana.,True
1532,"Pantau Bantuan Banjir Aceh, Megawati Minta Tim Bergerak Cepat Video: Pantau Bantuan Banjir Aceh, Megawati Minta Tim Bergerak Cepat Dari cnbcindonesia.com 394",positif,2,netral,85,Melaporkan instruksi seorang tokoh politik untuk mempercepat pergerakan tim bantuan.,True
1538,"Membalas @Iunatico_feliz Buat donasi banjir kak, kebetulan pagi tadi baru bagi2 bantuan sembako di sana, yang udah 1 bulanan terendam,, yang dibutuhkan saat ini adalah ibat2an, pembalut, popok.. Sekalian juga perbaikan motor aku yang sering kena banjir karena kerja kurir. Hee 433",negatif,0,netral,80,"Berisi permintaan donasi dan daftar kebutuhan, serta informasi tentang penyaluran bantuan.",True
1547,"Tim SAR Resimen II Pasukan Pelopor BKO Polda Sumatera Barat terus bergerak membantu masyarakat terdampak bencana banjir di wil Sumatera Barat. Pada Jumat, (9/1), tim melaksanakan kegiatan pencarian korban sekaligus penyaluran bantuan kemanusiaan di Kecamatan Palembayan, Kab Agam. 108",negatif,0,positif,90,Melaporkan tindakan positif tim SAR dalam membantu korban bencana dan menyalurkan bantuan.,True
1573,"Membalas @nzn44_ dan @ARSIPAJA Gk merasakah banjir tiap tahun, saat ini makin parah!!!... Karena kerusakan alam akibat tambang dan pembabatan hutan... Jg dg kebun sawit!!! 1 1 1 rb",negatif,0,negatif,95,Mengungkapkan keluhan dan kemarahan atas banjir yang semakin parah dan menyalahkan kerusakan lingkungan.,False
1578,banjir pluit bahkan dr jembatan 3 arah empo aj udah parah 1 431,negatif,0,negatif,90,Menggambarkan kondisi banjir yang parah.,False
1579,"Banjir hari ini lumayan parah, tambah tadi pagi udh hujan + angin nya dingin 246",negatif,0,negatif,90,Menggambarkan kondisi banjir yang cukup parah.,False
1585,"disini ujan deres, daerah sekitar udh banjir parah jadi listrik dipadamin pln pusat, jadinya ak pulang mana rumahku jauh bgt, ojek ga ada yg ambil, jadinya bareng temenku wkwkwk kerumahnya 7 1 509",negatif,0,negatif,90,Menggambarkan kondisi banjir yang parah dan dampaknya seperti pemadaman listrik dan kesulitan pulang.,False
1590,445 Hektare Kebun Kopi di Bener Meriah Rusak Parah Akibat Banjir Bandang Banjir Bandang Bener Meriah Hantam Sentra Kopi Gayo Dari punca.co 24,negatif,0,negatif,95,Melaporkan kerusakan parah pada kebun kopi akibat banjir bandang.,False
1592,"Banjir parah? Tenang! Pemerintah gerak cepat, bantu warga tanpa nunggu lama! 6",positif,2,positif,85,Memberikan semangat dan mengapresiasi respons cepat pemerintah dalam membantu warga.,False
1599,"Akun parodi MENCEKAMNYA HANYA DI MEDSOS? Pernyataan BNPB Dipertanyakan, Data Korban Justru Meningkat. Kepala BNPB Suharyanto menyebut banjir Sumatra belum menjadi bencana nasional karena kondisi yang ""terlihat mencekam di medsos"" dinilai tidak sepenuhnya sesuai di lapangan. Namun data BNPB Tampilkan lebih banyak 108 208 238 13 rb",negatif,0,negatif,90,Mengkritik dan mempertanyakan pernyataan BNPB yang dianggap tidak sesuai dengan data korban yang meningkat.,False
1602,"Bencana Sumut 2025 jadi pengingat agar TPL konsisten mengelola 46 ribu hektar lahan eukaliptusnya, industri lestari seperti TPL harus didukung, pokoknya terus semangat! Pelajaran dari Banjir Sumatera: Penguatan Lanskap dan Tata Kelola Berbasis Ilmiah Mendesak Dilaku... Dari jawapos.com 39",netral,1,positif,85,Mengajak untuk mendukung industri lestari dan memberikan semangat untuk perbaikan tata kelola lingkungan.,True
1609,"Banjir dan longsor Sumut jadi pengingat pentingnya pengelolaan hutan yang berkelanjutan. Dalam konteks itu, TPL bisa jadi contoh praktik industri lestari yang perlu terus didukung dan diawasi secara adil. 1:54 24",netral,1,positif,85,Menggunakan bencana sebagai pengingat pentingnya pengelolaan hutan berkelanjutan dan mendukung praktik industri lestari.,True
1610,"Ribut soal TPL tapi lupa lihat datanya. Prinsip tebang pilih dan tanam kembali sudah jadi SOP. Sebagai industri lestari, TPL justru bawa manfaat lingkungan & ekonomi. Bencana Banjir Sumut harus jadi evaluasi bersama, bukan kambing hitam. 29",positif,2,positif,85,Membela praktik industri lestari dan menyerukan evaluasi bersama yang konstruktif daripada mencari kambing hitam.,False
1625,"Satgas PKH Temukan 12 Perusahaan Pemicu Banjir Bandang di Aceh, Sumut, dan Sumbar jurnallugas.com Satgas PKH Temukan 12 Perusahaan Pemicu Banjir Bandang di Aceh, Sumut, dan Sumbar Satgas PKH mengungkap 12 perusahaan diduga jadi penyebab banjir bandang di Aceh, Sumut, dan Sumbar. Proses hukum kini berjalan. 22",negatif,0,netral,95,Melaporkan temuan investigasi mengenai penyebab banjir dan proses hukum yang sedang berjalan.,True
1630,"Membalas @Dyananjani89 Semoga kakak merasakan apa yg dirasakan korban banjir aceh,Sumut,Sumbar. Biar tau, jgn kan setelah berita mereda,setelah 1 thnpun rasa sedih,kehilangan masih sangat kerasa. 1 5 385",negatif,0,negatif,95,Mengungkapkan harapan negatif agar orang lain merasakan penderitaan korban banjir untuk memahami kesedihan dan kehilangan.,False
1634,"Bantu Korban Banjir dan Longsor, TIDAR Sumut dan Tapteng Turun Langsung ke Lokasi Bantu Korban Banjir dan Longsor, TIDAR Sumut dan Tapteng Turun Langsung ke Lokasi Dari fajar.co.id 11",netral,1,positif,90,Melaporkan tindakan positif organisasi dalam membantu korban banjir dan longsor.,True
1637,"UPDATE DONASI Banjir Aceh, Sumut & Sumbar 7 Januari 2026 | 07.30 WIB Bank bjb 0000017091945 a.n PMI Kabupaten Tangerang Konfirmasi: 0857 1130 9137 Dari Tangerang untuk Pulau Sumatera. Setiap bantuan adalah harapan. 2 249",positif,2,positif,85,Berisi ajakan donasi dan menyampaikan pesan harapan melalui setiap bantuan.,False
1641,Membalas @Franken_blues dan @gibran_tweet bagusnya sama kami juga pendamping desa Sumut yg di PHK sepihak setelah kami kena banjir sumut ada sebanyak 1.150 orang di PHK @bpsdmkemendesa akhir 2025 dengan sk no 733 1 1 26,negatif,0,negatif,90,Mengungkapkan keluhan tentang pemutusan hubungan kerja sepihak setelah terdampak banjir.,False
1646,"[UPDATE ] Banjir Sumatra: 543 Korban Jiwa di Aceh, 371 di Sumut [UPDATE ] Banjir Sumatra: 543 Korban Jiwa di Aceh, 371 di Sumut Dari sumut.idntimes.com 37",negatif,0,netral,95,Menyampaikan informasi faktual mengenai jumlah korban jiwa akibat banjir.,True
1654,"Membalas @msaid_didu Bang Said sudah mengunjungi saudara-saudara kita di Aceh, Sumut & Sumbar yang menjadi Korban Bencana Banjir & Longsor? 20",negatif,0,netral,80,Mengajukan pertanyaan faktual mengenai kunjungan ke korban bencana.,True
1667,Sebanyak 100 keluarga korban banjir bandang di Gampong Geunteng diusulkan masuk huntara Pidie Jaya karena rumah rusak berat dan tertimbun lumpur. #gta777aceh #portalberitaacehterkini 100 Keluarga Korban Banjir Masuk Huntara Pidie Jaya Dari gta777aceh.com 33,negatif,0,netral,90,Melaporkan informasi faktual tentang usulan relokasi korban banjir ke hunian sementara.,True
1669,Banjir Rendam Jalan Perumahan Elite Sunter Banjir Rendam Jalan Perumahan Elite Sunter Dari detik.com 205,netral,1,netral,90,Melaporkan kejadian faktual banjir yang merendam jalan.,False
1682,"Banjir tadi siang, skrg udh masuk ke rumah air nya 1 16",negatif,0,negatif,95,Menggambarkan situasi negatif air banjir yang sudah masuk ke dalam rumah.,False
1696,Beneran dah masuk rumah cuiii banjir skrg 68,negatif,0,negatif,95,Mengungkapkan kekesalan atau keprihatinan karena air banjir sudah masuk ke dalam rumah.,False
1716,"Ya Allah Banjir lagi .. Hujan Deras Picu Banjir Lagi, Desa-desa di Pidie Jaya Terendam Luapan Sungai 9 254 456 5 rb",negatif,0,negatif,95,Mengungkapkan keputusasaan atau kesedihan atas kejadian banjir yang berulang.,False
1720,"Membalas @TaliUdeng dan @AntoniusCDN Lagi-lagi memuji diri sendiri, kasih nilai sendiri. Coba tanyain korban banjir bandang Sumatera, korban tanahnya yg dirampas di PIK-2, Rempang, Galang, Morowali dll, bahagia gak? Apa kalian tanya di gorong-gorong ya? 325",negatif,0,negatif,95,Mengkritik pihak yang memuji diri sendiri dengan menyoroti penderitaan korban banjir dan masyarakat terdampak lainnya.,False
1726,Banjir rob makin sering datang dan dampaknya kian terasa. Jumlah kasus pun terus meningkat bahkan puluhan ribu rumah terendam menjadi korban tiap tahunnya. Yuk simak data pada infografis ini biar tahu separah apa banjir rob yang terjadi di pesisir pantai Indonesia! 1 97,negatif,0,netral,85,"Menyajikan informasi faktual tentang peningkatan frekuensi dan dampak banjir rob, serta ajakan untuk melihat data.",True
1743,Diguyur hujan terus-menerus. Seiringan udara dingin yang menyerbu kalbu. Banjir mulai tak terkendali. Lekas membaik alam negeriku 61,negatif,0,negatif,80,"Menggambarkan kondisi banjir yang tidak terkendali, meskipun diakhiri dengan harapan.",False
1797,"Pesan Natal Prabowo membawa makna persatuan Presiden Perkuat Solidaritas dengan seruan nyata membantu korban banjir bandang dan longsor di berbagai wilayah Sumatera Pesan Natal 2025, Presiden Prabowo Ajak Gotong Royong untuk Sumatra Dari kabar24.bisnis.com 10",negatif,0,positif,90,"Menyoroti pesan persatuan dan ajakan untuk membantu korban bencana, yang bernada positif.",True
1799,"Pesan Natal Prabowo menempatkan kepedulian sebagai nilai utama. Presiden Perkuat Solidaritas dengan mengajak rakyat Indonesia bersatu membantu korban banjir bandang dan longsor di Sumatera. Natal bukan sekadar simbol, tetapi aksi nyata. Pesan Natal 2025, Presiden Prabowo Ajak Gotong Royong untuk Sumatra Dari kabar24.bisnis.com 18",negatif,0,positif,90,"Menekankan nilai kepedulian, solidaritas, dan ajakan aksi nyata untuk membantu korban bencana.",True
1809,"Kejaksaan Agung menyatakan banjir Sumatra disebabkan alih fungsi lahan masif di hulu, bukan semata fenomena alam. Bukan Alam, Jaksa Agung Sebut Bencana Sumatra Akibat Alih Fungsi Hutan Dari suara.com 1 176",netral,1,netral,90,Melaporkan pernyataan faktual dari Kejaksaan Agung mengenai penyebab banjir.,False
1813,Membalas @poconxg Banjir bandang sumatra 2025 10,netral,1,netral,95,Menyatakan fakta kejadian banjir bandang.,False
1820,"Pemerintah Provinsi Kalimantan Tengah kembali menyalurkan bantuan kemanusiaan bagi masyarakat terdampak banjir bandang di Sumatra Barat, sebagai kelanjutan dari bantuan yang sebelumnya telah disalurkan ke Aceh dan Sumatra Utara, pada tahun 2025. 0:53 1 40 131",positif,2,positif,90,Melaporkan tindakan positif pemerintah provinsi dalam menyalurkan bantuan kemanusiaan.,False
1823,Tim Tanggap Darurat Bencana UM beraksi di Kabupaten Agam. Bantuan kesehatan dan edukasi diberikan kepada masyarakat. #jatim1news #UM #Malang #Jatim #Agam #banjir #Sumatra #nasional JATIM SATU NEWS: Tim Tanggap Darurat Bencana UM Beraksi di Kabupaten Agam: Bantuan Kesehatan dan... Dari jatimsatunews.com 36,negatif,0,positif,90,Melaporkan tindakan positif tim tanggap darurat dalam memberikan bantuan kesehatan dan edukasi.,True
1827,"Banjir bandang Sumatera 2025: 1.090 tewas, 186 hilang, rugi Rp68,67 T. Deforestasi 1,4 juta ha sawit–tambang picu bencana. Infrastruktur hancur, logistik lumpuh. Tanpa solusi nyata. Pertamina justru sigap suplai BBM, LPG & avtur. #banjirsumatra #sumatra #luhut #svesmtra 171",negatif,0,negatif,90,Menyajikan data dampak negatif yang parah dan mengkritik kurangnya solusi nyata.,False
1832,"Pengungsi Banjir Bandang di Sumatra Menurun rakyatterkini.com rakyatterkini.com - info berita, olahraga, politik: Pengungsi Banjir Bandang di Sumatra Menurun Anak-anak korban banjir dan longsor di Sumatra lokasi pengungsian Akademi Maritim Sapta Samudra, Kecamatan Koto Tengah, Kota Padang. Jakarta... 13",negatif,0,netral,90,Melaporkan informasi faktual mengenai penurunan jumlah pengungsi banjir.,True
1836,"CHRISTMAS CHARITY CERIATHON 2025 #JakaCeria #VtuberID #Vtuber #Charity #Ceriathon CERIATHON 2025 KEMBALI LAGI!!! Untuk tahun ini kita akan menyalurkan bantuan ke saudara-saudara kita yang terkena dampak bencana banjir di sumatra, info lebih lanjut di reply~ 1 5 11 1 rb",positif,2,positif,90,Mengumumkan acara amal untuk menyalurkan bantuan kepada korban banjir.,False
1849,"Membalas @kafirliberal ..membuka akses bantuan internasional."" Aksi ini muncul setelah banjir bandang dan longsor besar akibat Siklon Senyar akhir November 2025 menewaskan lebih dari 1.000 orang & mengungsikan jutaan warga di Aceh dan wilayah Sumatra. Krisis pangan, air bersih,listrik,serta ancaman.. 17",negatif,0,negatif,95,Menggambarkan dampak bencana yang sangat parah dengan ribuan korban jiwa dan jutaan pengungsi serta krisis kebutuhan dasar.,False
1855,Kepedulian sosial nasional terus ditingkatkan Budi Arie Setiadi melalui gerakan Projo Peduli Bencana yang fokus pada bantuan sandang pangan bagi korban banjir Sumatra demi menjaga janji Setia Digaris Rakyat Projo: Solidaritas Nasional Kunci Mengatasi Banjir Sumatera Dari rmol.id 34,negatif,0,positif,90,"Menyoroti peningkatan kepedulian sosial dan gerakan bantuan untuk korban banjir, menekankan solidaritas.",True
1869,Budi Arie Setiadi mengajak seluruh komponen bangsa untuk bersatu dalam Projo Peduli Bencana guna mempercepat pemulihan fasilitas umum di Sumatra sebagai bentuk dedikasi yang selalu Setia Digaris Rakyat PROJO Serukan Persatuan Nasional untuk Ringankan Derita Korban Banjir Sumatera Dari news.fin.co.id 103,negatif,0,positif,90,Mengajak persatuan nasional untuk mempercepat pemulihan fasilitas umum dan meringankan penderitaan korban banjir.,True
1886,Kemenag Mencatat Ada 226 Pesantren Terdampak Banjir dan Longsor di Sumatra Kemenag Mencatat Ada 226 Pesantren Terdampak Banjir dan Longsor di Sumatra Dari suarasurabaya.net 1 1 rb,netral,1,netral,95,Menyampaikan informasi faktual mengenai jumlah pesantren yang terdampak banjir dan longsor.,False
1887,"Personel Polres Mojokerto memberikan donasi yang akan digunakan membantu korban Bencana Alam Banjir dan Tanah Longsor di pulau Sumatra pada Selasa, 16 Desember 2025. @divisihumaspolri #PolriUntukMasyarakat #PolriPresisi #HumasPolri #HumasPoldaJatim #PoldaJatim #PolriPeduli 2 3 114",negatif,0,positif,95,Tweet ini melaporkan tindakan bantuan berupa donasi untuk korban bencana.,True
1889,"Membalas @Iqbal_langdon Presiden Prabowo Subianto memimpin Sidang Kabinet Paripurna di Istana Negara, Jakarta, Senin (15/12/2025), membahas perkembangan strategis nasional dan penanganan bencana banjir serta tanah longsor di Aceh, Sumatra Utara, dan Sumatra Barat. Foto: BPMI Setpres/Laily Rachev 1 141",positif,2,netral,90,Tweet ini memberikan informasi faktual tentang rapat kabinet yang membahas penanganan bencana.,True
1906,"""Kemensos berdagang timpanan filantropi salurkan aid logistik korban bangkai dan landslip Kemensos Gandeng Filantropi Salurkan Bantuan Logistik Korban Banjir Sumatra Dari thecuy.com 33",negatif,0,positif,95,Tweet ini melaporkan penyaluran bantuan logistik oleh Kemensos untuk korban banjir.,True
1909,"Laporan jumlah korban meninggal dunia pada bencana banjir bandang dan longsor di Aceh, Sumatra Utara, dan Sumatra Barat perhari Jumat, 12 Desember 2025, mencapai 995 jiwa. Jumlah masyarakat yang mengungsi tercatat 884.800 jiwa. Hal terungkap dari data Badan Nasional Tampilkan lebih banyak 77",negatif,0,netral,90,Tweet ini menyajikan data faktual mengenai jumlah korban meninggal dan pengungsi akibat bencana.,True
1910,"Presiden Prabowo Subianto melanjutkan agenda peninjauan penanganan bencana banjir ke Kabupaten Langkat, Sumatra Utara, pada Sabtu (13/12/2025). Kunjungan ini dilakukan sehari setelah Kepala Negara menyambangi wilayah terdampak banjir di Provinsi Aceh. Presiden Prabowo yang Tampilkan lebih banyak 1 4 986",positif,2,netral,90,Tweet ini melaporkan kunjungan presiden untuk meninjau penanganan bencana banjir.,True
1911,"Presiden Prabowo Subianto melanjutkan agenda peninjauan penanganan bencana banjir ke Kabupaten Langkat, Sumatra Utara, pada Sabtu (13/12/2025). Kunjungan ini dilakukan sehari setelah Kepala Negara menyambangi wilayah terdampak banjir di Provinsi Aceh. Presiden Prabowo bertolak Tampilkan lebih banyak 928",positif,2,netral,90,Tweet ini melaporkan kunjungan presiden untuk meninjau penanganan bencana banjir.,True
1918,Prabowo Tanpa Lelah menegaskan pemulihan infrastruktur dan kebutuhan dasar adalah langkah prioritas Pemulihan Pasca Bencana bagi masyarakat yang ingin segera bangkit Prabowo Setujui Bantuan Rp60 Juta per Rumah untuk Korban Banjir Bandang di Aceh & Sumatra ·... Dari ifakta.co 27,negatif,0,positif,95,Tweet ini melaporkan persetujuan bantuan dan penegasan prioritas pemulihan pasca bencana.,True
1933,"Tidak tepat menyalahkan Pemerintahan Presiden Prabowo. WWF Indonesia menilai musibah banjir bandang dan tanah longsor yg melanda Aceh, Sumatra Utara & Sumatra Barat adalah akumulasi dari tata kelola lingkungan yg bermasalah selama bertahun-tahun lampau. WWF Indonesia Sebut Banjir Sumatra Bukan Kesalahan Menhut Sekarang, Ini Alasannya Dari suara.com 2 10 16 805",negatif,0,netral,85,"Tweet ini menyajikan pandangan dari WWF Indonesia mengenai penyebab banjir, bersifat informatif.",True
1962,"Intelektual Muda jangan lupa dengerin Info Aktual hari ini, Selasa, 9 Desember 2025, yang akan membahas mengenai Ferry Irwandi yang menghimpun 10M dalam waktu 24 jam untuk korban banjir di Sumatra, barengan sama aku Rista dan Exau #InfoAktual 75",negatif,0,positif,90,Tweet ini menginformasikan upaya penggalangan dana yang berhasil untuk korban banjir.,True
1969,"ya Allah, selamatkanlah saudara-saudari kami, ayah ibu kami, kakek nenek kami yang sedang berada dalam kesulitan dan kepayahan menghadapi bencana alam bertubi ini. berikanlah mereka senantiasa perlindungan-Mu, aamiin. #PrayForSumatera #PrayForAceh #PrayForPadang 1 43",positif,2,positif,95,Tweet ini berisi doa dan harapan untuk keselamatan dan perlindungan korban bencana.,False
1981,gakuat sesegukan baca berita #PrayForSumatera 68,positif,2,negatif,90,Tweet ini mengekspresikan kesedihan dan emosi negatif setelah membaca berita bencana.,True
1990,Akun parodi :: Ini foto kenyataan bukan rekayasa AI. #PrayForSumatera #PrayForTapanuli #PrayForAceh #PrayForSibolga #PrayForPrabowo Kerna ulah Oligarki rakyat banyak yg mati. *kapan revolusi.? [aku bertanya dengan hati-hati] •• 1 11 20 511,negatif,0,negatif,90,"Tweet ini menyalahkan pihak tertentu dan menyerukan perubahan, menunjukkan sentimen negatif dan kemarahan.",False
2003,"Membalas @starfess Stay safe teman teman, semoga lekas pulih untuk yang terdampak #AllEyesOnSumatera #PrayForSumatera #PrayForTapanuli #PrayForSibolga #PrayForAceh 41",positif,2,positif,95,Tweet ini berisi doa dan harapan untuk keselamatan dan pemulihan bagi yang terdampak.,False
2011,Membalas @MOQEELFORTRESS SEGERA TETAPKAN JADI BENCANA NASIONAL #AllEyesOnSumatera #PrayForSumatera 1 1 72,positif,2,negatif,85,"Tweet ini berisi tuntutan kepada pemerintah, menyiratkan ketidakpuasan atau urgensi yang belum ditangani.",True
2015,Akun parodi Sudah hancur luluh lantah begitu masih juga momonitor. Apa Menunggu IKRAR (Sumatera Merdeka) dulu baru kalian orang pusat peduli. Sadis kalian! #PrayForSumatera 3 6 13 406,negatif,0,negatif,95,Tweet ini berisi kritik keras dan kemarahan terhadap pemerintah yang dianggap tidak peduli.,False
2017,"Turut berdukacita, Al Fatihah *Bhineka tunggal ika #PrayForSumatera #PrayForAceh #PrayForIndonesia 29",negatif,0,positif,95,Tweet ini mengekspresikan duka cita dan doa untuk korban bencana.,True
2026,Akun komentar Update lokasi jembatan gunung nago dan lambung bukit #PrayForSumatera #PrayForSumatra #PrayForAceh 1 4 94,netral,1,netral,90,Tweet ini memberikan informasi faktual mengenai update lokasi.,False
2028,"Membalas @jyh_xc i don't fucking care masalah pemilu kemarin, 01, 02, 03 TERSERAH tp bisa ga sih otaknya di pake dulu? atleast buat kepedulian dan kemanusiaan aja deh sesama manusia, ga bisa ya? atau gimana? #PrayForSumatera 39",negatif,0,negatif,90,"Tweet ini mengekspresikan kemarahan dan frustrasi atas kurangnya kepedulian, menggunakan bahasa kasar.",False
2067,"ketika manusia mengambil terlalu banyak dari alam, maka alam akan mengambil bagian yang sama dari manusia #tessonilo #PrayForSumatera #PrayForIndonesia 41",positif,2,netral,80,"Tweet ini berisi pernyataan reflektif tentang hubungan manusia dan alam, bersifat observatif.",True
2074,Membalas @txtdrimedia apa yg mau di cek ya bangsat org udh jelas #PrayForSumatera #PrayForTapanuli #PrayForSibolga #PrayForAceh #SaveTessoNilo #SaveOrangutans #PrayForIndonesia 1 41,negatif,0,negatif,90,Tweet ini mengekspresikan kemarahan dan frustrasi dengan menggunakan kata kasar.,False
2078,Mereka lapar Pak Ibu pejabat pengurus negeri... kalian dimana? #PrayForSumatera 85,negatif,0,negatif,90,Tweet ini berisi kritik dan ketidakpuasan terhadap kurangnya perhatian dari pejabat.,False
2082,Membalas @dyahNeZza Bgtulah...hanya celotehan aja. #PrayForSumatera 1 19,negatif,0,negatif,85,Tweet ini menyiratkan kekecewaan atau sinisme terhadap kurangnya tindakan nyata.,False
2083,Fii amanillah #PrayForSumatera 49,positif,2,positif,95,Tweet ini berisi doa untuk keselamatan.,False
2085,Membalas @MOQEELFORTRESS SEGERA TETAPKAN JADI BENCANA NASIONAL #AllEyesOnSumatera #PrayForSumatera #PrayForTapanuli #PrayForSibolga #PrayForAceh #PrayForPadang 1 396,positif,2,negatif,85,"Tweet ini berisi tuntutan kepada pemerintah, menyiratkan ketidakpuasan atau urgensi yang belum ditangani.",True
2094,Akun parodi SEGERA TETAPKAN JADI BENCANA NASIONAL #AllEyesOnSumatera #PrayForSumatera #PrayForTapanuli #PrayForSibolga #PrayForAceh #PrayForPadang 44,positif,2,negatif,85,"Tweet ini berisi tuntutan kepada pemerintah, menyiratkan ketidakpuasan atau urgensi yang belum ditangani.",True
2098,Kementerian Kehutanan mengklaim kayu-kayu tersebut adalah pepohonan tua yang tumbang saat diterjang derasnya banjir. Dari menteri kek si @RajaJuliAntoni Sampee anak buahnya PAOK semua..bangsat*ttt #PrayForSumatera 38,negatif,0,negatif,95,Tweet ini berisi kritik keras dan penggunaan kata-kata kasar terhadap pejabat pemerintah.,False
2104,Buat Warga Sumatera Utara ; Apakah Terealisasi atau Justru menjadi Petaka ? #PrayForSumatera 66,negatif,0,negatif,85,Tweet ini menyiratkan keraguan dan kekhawatiran akan potensi dampak negatif.,False
2112,Kumpulan Video Banjir di Sumatera Barat #PrayForSumatera 1. SMAN 1 banuhampu 3 1 104,netral,1,netral,90,Tweet ini memberikan informasi faktual tentang kumpulan video banjir.,False
2119,"Bawaslu Kabupaten Sleman menyampaikan empati dan duka yang mendalam atas terjadinya musibah banjir dan tanah longsor di wilayah Aceh, Sumatera Utara, dan Sumatera Barat. Semoga masyarakat yang terdampak diberikan kekuatan dan keselamatan. . #prayforsumatera 81",negatif,0,positif,95,"Tweet ini mengekspresikan empati, duka cita, dan doa untuk korban bencana.",True
2128,bantuan ke sibolga sesedikit itukah??? atau masih blm ada??? di sibolga udh terjadi penjarahan dimana² #PrayForSibolga #PrayForSumatera 1 2 101,negatif,0,negatif,90,Tweet ini mengeluhkan kurangnya bantuan dan melaporkan situasi negatif seperti penjarahan.,False
2131,"Mari panjatkan doa untuk saudara kita yang berada di Sumatera, semoga selalu diberikan perlindungan dan keselamatan.. lekas membaik #PrayForSumatera 9 38 1 rb",positif,2,positif,95,Tweet ini berisi ajakan untuk berdoa dan harapan baik untuk korban bencana.,False
2132,Akun komentar @Aceh Aceh Tamiang paska Banjir Aceh tamiang Cyclone Senyar #PrayForAceh #PrayForSumatera 2 7 401,netral,1,netral,90,Tweet ini memberikan informasi faktual mengenai kondisi pasca banjir di suatu lokasi.,False
2133,"Akun parodi Baru bisa dapat update berita hari ini setelah total 3 hari hujan banjir, mati listrik dan gada signal di Aceh, Alhamdulillah keluarga aman semua, kendalanya sekarang stock pangan menipis, lalu lintas terhambat krn ada jembatan utama yang putus.. #PrayForAceh #PrayForSumatera 61",negatif,0,netral,85,"Tweet ini melaporkan kondisi faktual pasca bencana, termasuk kendala yang dihadapi.",True
2140,"Membalas @indibiz_sumatra Tantangan infrastruktur yang terdampak bencana mempengaruhi kualitas layanan, namun progress perbaikan terus berjalan. #IndibizSumatera #BanjirSumatera #PrayForSumatera 1 1 75",netral,1,positif,90,Tweet ini mengakui tantangan namun menekankan adanya kemajuan dalam perbaikan.,True
2156,Waktu itu untuk Maluku. Hari ini untuk Sumatera #PrayForAceh #PrayForSumatera #PrayForIndonesia 5 6 510,netral,1,netral,80,Tweet ini berisi pernyataan observatif yang membandingkan situasi bencana.,False
2160,"Kalian punya mata punya telinga kenapa ga dipake sih? Rakyat kalian itu lg menderita hehh tp bisa""nya kalian msh yapping soal pencapaian negara yg se bullshit itu kenyataannya #AllEyesOnSumatera #PrayForSumatera #PrayForTapanuli #PrayForSibolga #PrayForAceh 65",negatif,0,negatif,95,Tweet ini berisi kritik keras dan kemarahan terhadap pihak yang dianggap tidak peduli.,False
2162,"Harga diri kita di injak-injak, seakan tidak dianggap ada, pilihan kita hanya dua Diam atau melawan. #PrayForSumatera #SumateraMelawa 17 120 274 4 rb",negatif,0,negatif,90,"Tweet ini mengekspresikan perasaan direndahkan dan seruan untuk melawan, menunjukkan kemarahan.",False
2163,Bencana Banjir dan Longsor disumatera ini sudah termasuk Bencana dalam skala Besar dan Luas. Harapan yang tinggi adanya Bantuan yang cepat tepat dan tanggap dari dinas terkait dan pemerintahan. Cc Bapak Presiden @prabowo #PrayForSumatera Dari èxceĺ 58,positif,2,positif,90,Tweet ini mengekspresikan harapan positif akan bantuan yang cepat dan tanggap.,False
2167,"Membalas @ommi_siregar innalillahi wainna ilaihi raji'un #PrayForTapanuli #PrayForSumatera semoga pemerintah, dprd sgr action utk membantu rakyat yg terdampak dan kondisi segera pulih kembali. 1 87",positif,2,positif,95,Tweet ini berisi doa dan harapan agar pemerintah segera bertindak dan kondisi pulih.,False
2175,Akun parodi Gerak cepat! Presiden Prabowo instruksikan penanganan banjir Sumatera dan pemulihan infrastruktur secara menyeluruh ROTY Ya Allah #PrayForSumatera #ExploreGalaxyWay #AbracadabraOnViu 2 56,positif,2,positif,90,Tweet ini melaporkan instruksi presiden untuk penanganan cepat dan pemulihan bencana.,False
2201,Semoga segera pulih Pulau Sumatera-ku tercinta #PrayForSumatera #PrayForSumateraBarat #PrayForAceh #PrayForSumateraUtara 49,positif,2,positif,95,Tweet ini berisi doa dan harapan untuk pemulihan wilayah terdampak.,False
2223,"Membalas @Valhallaah PAD Aceh cuma 3T. APBD 11T ditalangi pusat, TDK termasuk dana Otsus 8T, dana bencana banjir 25T. Total 44T. Mau merdeka dimasa bencana? Yg terjadi Aceh bangkrut. Cuma punya duit 3T buat bayar ASN aja kurang. 46",negatif,0,netral,85,"Tweet ini menyajikan analisis finansial dan data anggaran terkait Aceh, bersifat informatif.",True
2229,Membalas @lilaccountz Yaallahhh ini udh sebulan lebih gak sih dan beneran belum ada perkembangan yang massive?? gue sampe search banjir sumatera aceh tanggal berapa yaallahhhh nyesek bgtttt 10 686,negatif,0,negatif,90,Tweet ini mengekspresikan frustrasi dan kesedihan atas kurangnya perkembangan penanganan bencana.,False
2250,BNI hadirkan posko kesehatan untuk dukung pemulihan warga terdampak banjir bandang di Aceh Klik untuk baca selengkapnya! BNI Hadirkan Posko Kesehatan untuk Dukung Pemulihan Warga Terdampak Banjir Bandang di Aceh Dari medcom.id 70,positif,2,positif,95,Tweet ini melaporkan kehadiran posko kesehatan dan dukungan untuk pemulihan korban bencana.,False
2274,"Akun parodi Karena mbak Sherly terus bersuara soal banjir Sumatera–Aceh, yang datang bukan bantahan, tapi teror dari para bajingan tolol, mobil dicoret, rumah dilempar telur busuk. . . . . Sepanjang 2025 Atep Anjing dtsen LHKPN Jelang Libur Tahun Baru 2026 #PresidenOmon2Turunlah 7 10 11 1 rb",negatif,0,negatif,90,Tweet ini mengeluhkan teror dan perlakuan buruk terhadap seseorang yang menyuarakan masalah banjir.,False
2275,"Selain fokus pada pembersihan lingkungan, PMI juga memberikan perhatian khusus pada sektor pendidikan dengan menyalurkan bantuan buku pelajaran sebanyak 1 juta eksemplar untuk anak-anak sekolah terdampak. PMI Salurkan 1 Juta Buku untuk Anak Sekolah Korban Banjir Sumatera dan Aceh - Serambinews.com Dari aceh.tribunnews.com 64",negatif,0,positif,95,Tweet ini melaporkan penyaluran bantuan buku pelajaran oleh PMI untuk korban bencana.,True
2277,"Prabowo dan Jokowi zionis-zionis Indonesia. Mereka membiarkan korban bencana banjir bandang dan tanah longsor kelaparan. Dapur umum tak lagi beroperasi, warga Pidie Jaya Aceh, kesulitan makanan #PresidenOmon2Turunlah #PresidenOmon2Turunlah 1 147",negatif,0,negatif,95,Tweet ini berisi kritik keras dan tuduhan terhadap pemimpin negara atas penderitaan korban bencana.,False
2281,"Banjir yang menghantam Aceh bukanlah ujian bagi masyarakat saja, tetapi juga bagi pemerintah. Dengan sigap, mereka berkoordinasi untuk menyalurkan bantuan dan mendirikan posko darurat demi keselamatan warga #BantuanPemerintah 1 40",positif,2,positif,90,Tweet ini mengapresiasi kesigapan pemerintah dalam penanganan bencana.,False
2284,"Banjir air bisa surut, tapi jangan biarkan ""banjir provokasi"" merusak kerukunan kita.Mari jaga kedamaian dan fokus pulih kembali untuk Aceh tercinta #Negarahadir #Indonesiabaik #sumaterapulih #bersatunegeriku #SemangatLuarBiasa 24",negatif,0,positif,95,Tweet ini mengajak untuk menjaga kedamaian dan fokus pada pemulihan dengan semangat positif.,True
2308,Bos PLN Sebut Kerusakan Listrik Imbas Banjir Aceh Lampaui Tsunami 2004 Bos PLN Sebut Kerusakan Listrik Imbas Banjir Aceh Lampaui Tsunami 2004 Dari cnnindonesia.com 2 1 rb,negatif,0,netral,90,Tweet ini melaporkan informasi faktual dari pejabat mengenai tingkat kerusakan akibat banjir.,True
2326,"Bupati Aceh Tamiang, Armia Fahmi, meminta arahan langsung dari pemerintah pusat terkait penanganan tumpukan kayu gelondongan sisa banjir bandang yang melanda wilayahnya. Ia menilai persoalan ini tak bisa ditangani sembarangan karena berpotensi menimbulkan masalah hukum di Tampilkan lebih banyak 9 14 36 3 rb",negatif,0,netral,90,Laporan faktual tentang permintaan arahan terkait penanganan sisa banjir yang berpotensi masalah hukum.,True
2330,Telkomsel dan Komdigi Perkuat bantuan kemanusiaan pascabencana di Aceh. Pemerintah hadir memberikan bantuan untuk masyarakat yang terdampak banjir. 1 51,positif,2,positif,95,Menginformasikan penguatan bantuan kemanusiaan dan kehadiran pemerintah untuk membantu korban banjir.,False
2331,"#SatgasPemulihanBencana siapkan bantuan untuk warga terdampak banjir aceh sumatra. harapan mulai kembali tumbuh , yuk kita bantu Pemulihan Bencana Aceh Sumatera Dari dhanesa 1 39",positif,2,positif,95,"Menunjukkan persiapan bantuan, menumbuhkan harapan, dan ajakan untuk membantu pemulihan bencana.",False
2334,banjir tak hentikan semangat! #SatgasPemulihanBencana bantu warga aceh sumatra bangkit kembali yuk bersama sama untuk Pemulihan Bencana Aceh Sumatra Dari dhanesa 26,positif,2,positif,95,Mengungkapkan semangat pantang menyerah dan ajakan untuk bangkit bersama dalam pemulihan bencana.,False
2337,PLN Bicara Beda Dampak Kerusakan Listrik Banjir Sumatra & Tsunami Aceh PLN Bicara Beda Dampak Kerusakan Listrik Banjir Sumatra & Tsunami Aceh Dari cnbcindonesia.com 166,negatif,0,netral,90,Judul berita faktual yang membandingkan dampak kerusakan listrik akibat dua bencana berbeda.,True
2343,Penanganan banjir di Sumatera dan Aceh terus berjalan di lapangan meski muncul polemik terkait perbedaan persepsi pernyataan pemerintah dan kondisi di lokasi terdampak. #PemerintahHadir #TransparansiPublik #AcehSumateraPulih 13,positif,2,netral,80,Laporan faktual tentang penanganan banjir yang terus berjalan meskipun ada polemik perbedaan persepsi.,True
2346,"PDIP berangkatkan 30 ambulans dan 90 tenaga medis ke Aceh-Sumatra, libatkan Dokter Diaspora. #ThePhraseID #PDIP #PDIPerjuangan #Bantuan #Bencana #BencanaAceh #BencanaSumatra #Banjir #DokterDiaspora #HastoKristiyanto thephrase.id PDIP Berangkatkan 30 Ambulans dan 90 Tenaga Medis ke Aceh-Sumatra, Libatkan Dokter Diaspora PDIP berangkatkan 30 ambulans dan 90 tenaga medis ke Aceh-Sumatra, libatkan Dokter Diaspora. 37",positif,2,positif,95,Menginformasikan pengiriman bantuan berupa ambulans dan tenaga medis untuk korban bencana.,False
2348,"Personel Yonif 115/ML dan BNPB bersihkan Pasar Kota Hongkong Aceh Tamiang Dalam rangka mempercepat proses pemulihan pascabencana banjir yang melanda sejumlah wilayah di Kabupaten Aceh Tamiang, TNI dari Satuan Tugas (Satgas) Penanggulangan Bencana Alam Yonif 115/Macan Leuser (ML) Tampilkan lebih banyak 1 14 44 1 rb",positif,2,positif,90,Menggambarkan upaya pembersihan oleh personel untuk mempercepat pemulihan pascabencana banjir.,False
2351,"Penanganan banjir tetap prioritas, Pemerintah tegaskan aktivitas logistik tak hambat bantuan warga Garoga, Aceh Sumatra Bangkit #Aceh #Sumatra 21",positif,2,positif,90,"Menegaskan prioritas penanganan banjir dan kelancaran logistik bantuan, serta harapan untuk bangkit.",False
2358,"Terancam kelaparan warga Aceh Tengah, Bener Meriah, dan Gayo Lues yang terisolasi 13 hari jalan kaki lewat gunung dan nyebrang sungai mencari beras dan obat obatan ke perbatasan Aceh Utara dan ke kota Lhokseumawe untuk keluarga mereka. Banjir Aceh cyclone senyar adalah Tampilkan lebih banyak 53 1 rb 2 rb 518 rb",negatif,0,negatif,95,Menggambarkan kondisi warga yang terancam kelaparan dan terisolasi akibat banjir.,False
2364,"The tense situation remains evident today in Aceh Tamiang. A foul odor emanates from a car parked along the road. The car has not been recovered, and it is suspected that a body is still inside. Floods have been ravaging Aceh, Sumatra, for almost a week (November 27, 2025). Tampilkan lebih banyak 82 6 rb 13 rb 763 rb",negatif,0,negatif,95,"Menggambarkan situasi tegang, bau busuk, dugaan adanya jenazah, dan dampak buruk banjir.",False
2366,Komisi X Akan Panggil Mendikdasmen Terkait 1.009 Sekolah Terdampak Banjir di Aceh-Sumatera Komisi X Akan Panggil Mendikdasmen Terkait 1.009 Sekolah Terdampak Banjir di Aceh-Sumatera Dari suarasurabaya.net 1 1 rb,netral,1,netral,90,Laporan faktual tentang pemanggilan menteri terkait sekolah yang terdampak banjir.,False
2374,Akun parodi Presiden Prabowo tinjau ke wilayah terdampak banjir di Sumatera Barat Aceh & Sumatera Selasa Pagi di bulan Desember 2 34,netral,1,netral,70,"Laporan faktual tentang kunjungan ke wilayah terdampak banjir, meskipun dari akun parodi.",True
2378,"Membalas @madokafc1 @HidupJokoWick dan @MilitaryObs_ID Tapi bantuan logistik obat2 itu memang lebih cepat Malaysia, coba cek berita mas, Malaysia kirim satu pesawat penuh obat senilai 1 juta Ringgit, ke bandara sultan Iskandar muda kota Banda Aceh, di hari kedua atau ketiga setelah berita banjir besar di Sumatra 4 568",positif,2,netral,80,Perbandingan faktual mengenai kecepatan pengiriman bantuan logistik dari negara lain.,True
2389,"Daftar 10 banjir besar di Indonesia Bencana banjir Sumatera Utara, Aceh, dan Sumatera Barat saat ini bukan yang pertama terjadi di Indonesia. Semestinya pemerintah bisa belajar dari bencana sebelumnya. #PrayForSumatera #PrayForAceh Berikut banjir dengan jumlah korban Tampilkan lebih banyak 125",negatif,0,negatif,90,Mengandung kritik tersirat bahwa pemerintah seharusnya belajar dari bencana sebelumnya.,False
2391,"Membalas @ekageka_ Di tengah banjir Aceh Utara, tim SPPG tetap gercep nyediain Makanan Bergizi Gratis buat anak-anak & masyarakat terdampak. Ini baru namanya solid. ​Bapak Prabowo Subianto juga sempet apresiasi dapur MBG di Kutacane. Totalitas tanpa batas! 72",positif,2,positif,95,"Memuji respons cepat dan penyediaan bantuan makanan, serta apresiasi terhadap solidaritas.",False
2393,"MENCEKAM... LISTRIK PADAM, AKSES INTERNET TERPUTUS, 4 DESA HILANG... ACEH DILANDA BANJIR DAHSYAT LEBIH PARAH DARI MUSIBAH SUNAMI TEMPO HARI HINGGA MENGAKIBATKAN 4 DESA HILANG TANPA BEKAS TERSAPU BANJIR.... #HukumMatiPembalakHutan #HukumMatiPembalakHutan 37 34 480",negatif,0,negatif,95,"Menggambarkan kondisi yang mencekam dan dahsyat akibat banjir, serta seruan marah terhadap pembalak hutan.",False
2395,"Air bisa diprediksi, karakter manusia tidak. Laporan lapangan menunjukkan harga beras, mie instan, air minum, dan bahan bakar melonjak hingga 50%, rak pasar kosong, sementara di gudang spekulan, barang menumpuk menunggu “harga naik”. aceh.tribunnews.com Banjir Bukan Takdir, Tapi Buah Keserakahan - Serambinews.com Dalam tradisi Islam, ihtikar, menimbun barang demi keuntungan saat kelangkaan, adalah dosa publik. 53",negatif,0,negatif,95,Mengkritik keserakahan manusia dan penimbunan barang yang menyebabkan kenaikan harga di tengah bencana.,False
2401,"Bantuan dari Laut Mulai Berlabuh Ke Lhokseumawe dan Langsa ""Kita bergerak cepat agar masyarakat yang masih terjebak banjir tidak kekurangan logistik. Semua ini akan segera kita salurkan ke titik-titik terdampak,"" Muzakir Manaf, Gubernur Aceh aceh.tribunnews.com Bantuan dari Laut Mulai Berlabuh Ke Lhokseumawe dan Langsa - Serambinews.com Bantuan logistik untuk korban bencana banjir yang dikirim melalui laut, mulai berlabuh di Lhokseumawe dan Langsa. 1 208",negatif,0,positif,95,Menginformasikan kedatangan dan penyaluran bantuan logistik yang cepat untuk korban banjir.,True
2409,"Banjir Aceh itu mengingatkan saya banjir di Mojokerto awal tahun 2004. Bukan banjir yang menggenang karena curah hujan. Namun banjir bandang yang disebabkan ada tanggul yang jebol di dataran tinggi. Memang karena curah hujan juga, tapi lebih karena ""dikirim"" dari daerah yang Tampilkan lebih banyak 3 12 46 6 rb",netral,1,netral,85,"Perbandingan faktual antara banjir Aceh dengan kejadian banjir sebelumnya di Mojokerto, menjelaskan penyebabnya.",False
2411,"7 Rumah 2 Balai Pengajian di Blang Pandak Hilang Disapu Banjir, Bupati Pidie dan BNPB Antar Bantuan #BanjirLandaAceh #7RumahHilang #Bupati #AntarBantuan #Tangse aceh.tribunnews.com 7 Rumah 2 Balai Pengajian di Blang Pandak Hilang Disapu Banjir, Bupati Pidie dan BNPB Antar Bantuan... Bupati Pidie, H Sarjani Abdullah SH MH mengunjungi lokasi terdampak banjir di Gampong Blang Pandak, Kecamatan Tangse, Pidie. 62",negatif,0,netral,80,Laporan faktual mengenai kerusakan akibat banjir dan penyaluran bantuan oleh pihak berwenang.,True
2413,"Banjir Aceh-Sumatra, IDAI Harap Pemerintah Tetapkan Bencana Nasional idntimes.com Banjir Aceh-Sumatra, IDAI Harap Pemerintah Tetapkan Bencana Nasional IDAI meminta pemeritah untuk menetapkan peristiwa banjir dan tanah longsor di Aceh, Sumatra Barat dan Sumatra Utara sebagai bencana nasional. 33",netral,1,netral,85,Laporan faktual tentang harapan sebuah organisasi agar pemerintah menetapkan bencana nasional.,False
2418,Kerja Nyata Relawan SPPG MBG Tanah Jambo Aye Aceh bekerja keras mendistribusikan paket MBG utk anak-anak pengungsi banjir di beberapa wilayah Aceh. Bantuan MBG ini utk memenuhi kebutuhan gizi para pengungsi yg terdampak bencana alam. #LanjutkanMBG Pecat Aceh Desember Sumatera 77,positif,2,positif,95,Memuji kerja keras relawan dalam mendistribusikan bantuan gizi untuk pengungsi banjir.,False
2424,"Aksi cepat tanggap! Dalam kondisi darurat seperti banjir di Aceh, kehadiran bantuan logistik dan kunjungan langsung ke lokasi sangat berarti bagi masyarakat terdampak. Melalui tugas dan fungsinya sebagai anggota DPR RI, T.A. Khalid menunjukkan komitmen dalam menjalankan peran. 2 1 57",positif,2,positif,95,"Memuji aksi cepat tanggap, pentingnya bantuan, dan komitmen pejabat dalam penanganan bencana.",False
2429,"#REPOST Kementerian ATR/BPN Saat ini saudara kita di Provinsi Aceh, Sumatra Utara, dan Sumatra Barat sedang mengalami musibah banjir serta longsor. Untuk itu, Kementerian ATR/BPN membuka donasi bagi masyarakat yang terdampak. #KementerianATRBPN #sobATRBPNTT 2 2 47",netral,1,positif,95,Menginformasikan pembukaan donasi untuk masyarakat yang terdampak musibah banjir dan longsor.,True
2436,"Hoaks tsunami di Pidie Jaya memicu kepanikan massal di tengah banjir bandang dan longsor. Ribuan warga berlari ke pegunungan dalam gelap, dihantui trauma 2004. #KabarNetID #PidieJaya #Aceh #HoaksTsunami #CekFakta #LawanHoaks 1 36",negatif,0,negatif,95,Menggambarkan kepanikan massal dan trauma yang disebabkan oleh hoaks di tengah bencana.,False
2455,"Gunung Dikeruk, Banjir Mengintai! Tambang Galian C Padang Disorot #tambang #banjirsumatera #ancaman 59",negatif,0,negatif,90,Mengungkapkan kekhawatiran akan ancaman banjir akibat aktivitas penambangan.,False
2457,"Akun parodi Dari IG info.minang Kawasan Batu Busuk di Kota Padang kembali dilanda banjir Selasa (30/12) sore... Begitu juga Nagari Saniang Baka di Kabupaten Solok banjir kembali terulang, Selasa (30/12)... 5 5 599",negatif,0,netral,80,Laporan faktual tentang banjir yang kembali melanda beberapa kawasan.,True
2458,"Brimoblampung – Personel Satuan Brimob Polda Lampung yang tergabung dalam BKO Polda Sumatera Barat melaksanakan kegiatan kemanusiaan dengan membantu penanganan dampak bencana banjir dan tanah longsor di wilayah Kabupaten Padang Pariaman, Selasa (30/12/2025). 80",positif,2,positif,95,Menggambarkan kegiatan kemanusiaan personel dalam membantu penanganan dampak bencana.,False
2460,"Wakapolri Komjen Pol. Prof. Dr. Dedi Prasetyo, S.H., M.Hum., M. Si., M.M., melakukan kunjungan kerja ke hunian sementara (huntara) korban banjir dan tanah longsor di Korong Asam Pulau, Nagari Anduriang, Kecamatan 2x11 Kayu Tanam, Kabupaten Padang Pariaman, Sumatera Barat. 45",negatif,0,netral,90,Laporan faktual tentang kunjungan kerja pejabat tinggi ke hunian sementara korban bencana.,True
2464,**Kayu Lapuk.. Mgkin yg ngomong itu sdh Lapuk'an.. #bencana #banjir #longsor #tifa #rismon #jokowi #sumatra #aceh #sibolga #padang #jawa 57,negatif,0,negatif,85,Menggunakan bahasa merendahkan yang mengindikasikan kritik atau sarkasme.,False
2484,"Akun penggemar REGILIOS X DOMPET DHUAFA - PRAY FOR SUMATERA Ribuan Warga Meninggal, Ratusan Ribu Warga Butuh Bantuanmu! Longsor dan banjir bandang menimpah sejumlah wilayah di wilayah pulau sumatera. Banjir di Sumatera Utara, Padang, serta Aceh mengakibatkan jaringan transportasi dan Tampilkan lebih banyak 2 74 208 16 rb",negatif,0,negatif,90,"Menggambarkan dampak bencana yang parah (korban meninggal, butuh bantuan) dan seruan doa yang menunjukkan kondisi genting.",False
2495,"Alhamdulillah, Puluhan wanita di Kota Padang, Sumatra Barat, memasak 2,5 ton rendang untuk korban bencana banjir bandang dan tanah longsor di Pulau Sumatra. Kegiatan ini merupakan inisiatif warga dan kelompok wanita di Padang untuk mengirimkan rendang tersebut ke posko-posko Tampilkan lebih banyak 3 11 20 874",negatif,0,positif,95,Mengungkapkan rasa syukur dan menggambarkan inisiatif positif warga dalam menyediakan bantuan makanan.,True
2509,Hunian Korban Bencana Dikebut! Pemerintah Tancap Gas Bangun Rumah Tetap di Sumatra Klik! #banjir #SumateraPrioritasNasional #ACEH #padang #BENCANANASIONAL One.News - Satu Portal Semua Berita Dari one.news 38,negatif,0,positif,95,Menyoroti tindakan cepat pemerintah dalam membangun hunian tetap bagi korban bencana.,True
2511,"Membalas @pulupuluextra @arman_dhani dan @ssunniestd Di Padang & Palu bencananya GEMPA. di aceh, sumbar, sumut bencananya BANJIR Bandang yg disebabkan deforestisasi. Ga lihat apa kayu gelondongan gede2 ikut hanyut? 182",negatif,0,negatif,90,"Mengkritik deforestasi sebagai penyebab banjir bandang, menunjukkan frustrasi terhadap masalah lingkungan.",False
2513,"Viral Evakuasi Ibu Hamil di Padang Jelang Lahiran, Jalan Putus Akibat Banjir Salurkan bantuan antum ke: * BSI 7800-000-658 Konfirmasi Transfer : * ⁠⁠0859-2340-0001 (Admin Little Project) Mari follow @littleproject .idn #PrayForSumatera #BencanaSumatera #BanjirAceh 1 63",positif,2,negatif,85,"Menggambarkan situasi sulit evakuasi dan kerusakan infrastruktur akibat banjir, serta seruan untuk donasi.",True
2516,"Banjir Susulan Robohkan Jembatan Darurat, Ratusan Keluarga di Padang Terisolasi Banjir Susulan Robohkan Jembatan Darurat, Ratusan Keluarga di Padang Terisolasi | SAPA PAGI Dari kompas.tv 1 1 rb",netral,1,negatif,95,Melaporkan kerusakan infrastruktur (jembatan roboh) dan isolasi ratusan keluarga akibat banjir susulan.,True
2544,"Membalas @likyled Pengalaman bencana gempa Aceh (2004), Nias (2005) Padang (2009). Bencana longsor dan banjir jg bukan pertama kali. Daerah harusnya sdh siap dgn bencana besar. Pusat backup. Semuanya tidak harus dengan status bencana nasional. 1 76",netral,1,netral,80,Diskusi faktual mengenai pengalaman bencana sebelumnya dan kesiapan daerah tanpa emosi kuat.,False
2545,"Hallo #SahabatTangguh! Pemerintah mengoptimalkan distribusi air bersih bagi masyarakat terdampak banjir dan longsor di Kabupaten Padang Pariaman, Provinsi Sumatera Barat. Upaya ini dilakukan bersama 36",netral,1,positif,95,Menginformasikan upaya pemerintah dalam mengoptimalkan distribusi air bersih bagi korban bencana.,True
2559,Zigo Rolanda Desak Pemulihan Cepat Akses Jalan Padang-Bukittinggi Usai Banjir Bandang #bahlillahadalia #kuningkeren #golkarindonesia #partaigolkar #golkarpedia Berita Golkar - Zigo Rolanda Desak Pemulihan Cepat Akses Jalan Padang-Bukittinggi Usai Banjir... Dari golkarpedia.com 2 34,netral,1,netral,80,Laporan faktual tentang desakan seorang politisi untuk pemulihan cepat akses jalan pascabanjir.,False
2563,"Hujan lebat memicu banjir bandang susulan di Padang, Sumatera Barat pada 14 Desember, video ini merekam momen menegangkan saat tim evakuasi berusaha menyelamatkan delapan warga yang terjebak di tengah derasnya arus. 88",netral,1,negatif,90,Menggambarkan momen menegangkan evakuasi warga yang terjebak banjir bandang.,True
2592,"Akun komentar LIHAT PAK @prabowo Momen evakuasi warga yang terjebak banjir di Batu Busuk, Kota Padang, Sumatera Barat Air naik cepat usai hujan deras, warga dievakuasi demi keselamatan . Dari Disaster News 1 1 207",negatif,0,netral,80,Laporan faktual tentang momen evakuasi warga yang terjebak banjir.,True
2594,"Akun komentar Debit air di Gunung Nago, Puah, Kota Padang, Sumatera Barat, meningkat Minggu (14/12) sore. Potensi banjir Warga diminta siaga . Dari t°Jabar 1 3 137",positif,2,netral,90,Laporan faktual tentang peningkatan debit air dan peringatan siaga banjir kepada warga.,True
2609,"Beberapa menit yang lalu: Banjir hebat di Koto Tuo, kawasan Jembatan Batu Busuk, Kecamatan Kapalo Koto, Kota Padang, Sumatera Barat, Indonesia. Dari Weather Monitor 1 151",netral,1,netral,85,Laporan faktual mengenai kejadian banjir hebat di suatu lokasi.,False
2621,"mantap nih pak Zulkifli Hasan langsung terjun ke daerah dampak bencana di Sumatera. Memasok 2 kali lipat bantuan dari sebelumnya bahkan Janji Rumah Zulhas membantu para korban bencana memiliki hunian lagi Kunjungi Padang, Zulhas Janji Pasokan Pangan 2 Kali Lipat untuk Korban Banjir Dari detik.com 33",negatif,0,positif,95,"Memuji tindakan cepat pejabat, peningkatan bantuan, dan janji pembangunan rumah bagi korban.",True
2628,"Banjir merusak rumah namun tidak memadamkan harapan, Janji Rumah Zulhas ditegaskan Zulkifli Hasan sebagai komitmen nyata untuk rakyat Sumatera Kunjungi Padang, Zulhas Janji Pasokan Pangan 2 Kali Lipat untuk Korban Banjir Dari detik.com 17",negatif,0,positif,95,Mengungkapkan harapan di tengah kerusakan dan menyoroti komitmen pejabat untuk membantu pemulihan.,True
2629,"Akun parodi Kita sambut optimisme baru di tengah duka Zulkifli Hasan membuka jalan dengan Janji Rumah Zulhas Kunjungi Padang, Zulhas Janji Pasokan Pangan 2 Kali Lipat untuk Korban Banjir Dari detik.com 21",positif,2,positif,90,Menyambut optimisme baru dan menyoroti janji bantuan serta pembangunan rumah dari pejabat.,False
2631,"Janji Rumah Zulhas menjadi penopang harapan di Sumatera Zulkifli Hasan menjaga proses pemulihan Kunjungi Padang, Zulhas Janji Pasokan Pangan 2 Kali Lipat untuk Korban Banjir Dari detik.com 36",negatif,0,positif,95,Menyoroti janji pembangunan rumah sebagai penopang harapan dan proses pemulihan.,True
2632,"Zulkifli Hasan dengan Janji Rumah Zulhas datang ke tempat bencana Sumatera dengan pasokan bantuan yang 2 kali lipat banyaknya. Meringankan beban saudara kami di Sumatera detik.com Kunjungi Padang, Zulhas Janji Pasokan Pangan 2 Kali Lipat untuk Korban Banjir Menkop Pangan Zulkifli Hasan kunjungi posko bencana banjir di Padang, janjikan pasokan pangan dua kali lipat untuk korban dan rencanakan pembangunan rumah. 1 24",negatif,0,positif,95,Memuji pejabat yang membawa bantuan berlipat ganda dan berjanji membangun rumah untuk meringankan beban korban.,True
2634,"Cuma pak Zulkifli Hasan yang gerak cepat bantu warga Sumatera yang terdampak bencana. Pasokan bantuan tersalurkan dengan cepat dan Janji Rumah Zulhas melahirkan kembali semangat para korban untuk menata hidup kembali lebih baik detik.com Kunjungi Padang, Zulhas Janji Pasokan Pangan 2 Kali Lipat untuk Korban Banjir Menkop Pangan Zulkifli Hasan kunjungi posko bencana banjir di Padang, janjikan pasokan pangan dua kali lipat untuk korban dan rencanakan pembangunan rumah. 1 21",negatif,0,positif,95,"Memuji tindakan cepat pejabat, penyaluran bantuan yang efisien, dan janji yang membangkitkan semangat korban.",True
2638,"Janji Rumah Zulhas menjadi harapan korban banjir Sumatera saat Zulkifli Hasan menegaskan negara hadir membangun kembali rumah warga dan mempercepat pemulihan Kunjungi Padang, Zulhas Janji Pasokan Pangan 2 Kali Lipat untuk Korban Banjir Dari detik.com 14",negatif,0,positif,95,Tweet berisi janji bantuan dan pemulihan yang memberikan harapan bagi korban.,True
2642,Janji Rumah Zulhas bukan berasal dari pemerintah tapi dari dana secara pripadinya. Zulkifli Hasan juga ber Janji memberikan pasokan pangan dua kali lipat untuk warga Padang yang terdampak dalam bencana banjir Sumatera Zulhas Gerak Cepat Tangani Korban Bencana di Sumatera - Portal Berita Batam Kepri Dari batamtimes.co 19,negatif,0,positif,95,Tweet melaporkan janji bantuan pribadi dan tindakan cepat untuk korban bencana.,True
2643,"Kungker Menteri Koordinator Bidang Pangan Zulkifli Hasan ke wilayah bencana banjir dan longsor di Sumatera menjanjikan untuk pasokan pangan menjadi dua kali lebih banyak dari sebelumnya . Janji Rumah Zulhas Kunjungi Padang, Zulhas Janji Pasokan Pangan 2 Kali Lipat untuk Korban Banjir Dari detik.com 24",negatif,0,positif,90,Tweet melaporkan janji peningkatan pasokan pangan untuk korban banjir.,True
2645,"Akun parodi Kita berhutang pada korban untuk mengembalikan kehidupan mereka Janji Rumah Zulhas adalah pembayaran hutang itu oleh Zulkifli Hasan Kunjungi Padang, Zulhas Janji Pasokan Pangan 2 Kali Lipat untuk Korban Banjir Dari detik.com 3",netral,1,positif,90,Tweet menyatakan janji bantuan sebagai bentuk pembayaran hutang moral untuk mengembalikan kehidupan korban.,True
2658,Membalas @Heraloebss Kalo sawit yg disalahkan kok gak ada banjir bandang di propinsi Riau?? Padahal punya lahan 4 juta hektare 10 kali lipat lebih besar yg ada di Aceh? Jawabannya adalah pemuja Anies Baswedan anti sawit sebagai energi terbarukan..!! 2 1 6 410,negatif,0,negatif,85,"Tweet berisi kritik dan tuduhan politik terkait penyebab banjir, dengan nada sarkasme.",False
2659,"Baznas Riau Salurkan Bantuan Uang Hingga Logistik untuk Peduli Korban Banjir Sumatera riaupagi.com Baznas Riau Salurkan Bantuan Uang Hingga Logistik untuk Peduli Korban Banjir Sumatera PEKANBARU - Badan Amil Zakat (Baznas) Provinsi Riau menyalurkan bantuan terhadap korban terdampak bencana di Provinsi Sumatera Utara. Di mana, pada penyalura 22",negatif,0,positif,95,Tweet melaporkan penyaluran bantuan uang dan logistik untuk korban banjir.,True
2677,Pesan Natal Prabowo menguatkan hati bangsa saat Presiden Perkuat Solidaritas di tengah cobaan Natal menjadi seruan kasih untuk bersama membantu saudara kita korban banjir bandang dan longsor di Sumatera Prabowo: Selamat Natal dan Tahun Baru 2026 - ANTARA News Jambi Dari jambi.antaranews.com 14,negatif,0,positif,95,"Tweet berisi pesan yang menguatkan, menyerukan solidaritas, dan ajakan membantu korban.",True
2686,"Membalas @KangManto123 Wowo bacott gausa sok mau rehabilitasi reboisasi hutan sawit di daerah banjir Sumatera. Ini aja dulu yg depan biji mata, tn.tesso nilo & bukit 12 jambi blm yg taman2 nasional lain yg udah jdi sawit bisa ga diberesin yg udah jelas2. Bacot punya 50 helikopter, ribuan tentara..prett 453",negatif,0,negatif,95,Tweet berisi kritik keras dan kemarahan terhadap janji penanganan banjir yang dianggap omong kosong.,False
2687,yuhuuu Pemerintah Hadir Tanpa Tunda kerahkan truk banjir buat evakuasi warga di jambi. siap dan cepet tanggap mantuull bangett terimakasihh lohhh #SatuIndonesia 24,positif,2,positif,95,Tweet menunjukkan apresiasi terhadap respons cepat pemerintah dalam evakuasi warga.,False
2711,"Rabu, 10/12 PT SGPJB menyerahkan donasi bantuan penyintas Banjir Sumatera. Bantuan diserahkan Direktur General Affairs PT SGPJB, Tumpal Sirait, kepada Bupati Tapanuli Selatan, Gus Irawan Pasaribu, di Posko Tanggap Darurat Bencana Banjir & Tanah Longsor Kabupaten Tapanuli Selatan. 49",positif,2,positif,95,Tweet melaporkan penyerahan donasi bantuan untuk penyintas banjir.,False
2717,"Membalas @Heraloebss Banjir besar yang melanda Kecamatan Batang Toru, Kabupaten Tapanuli Selatan, Sumatera Utara, pada akhir November lalu menyisakan kisah keberanian seorang polisi. Aipda Jhon Kennedy Habiahan, Bhabinkamtibmas Polsek Batang Toru, turun langsung membantu warga saat Sungai Batang Tampilkan lebih banyak 9 15 1 rb",positif,2,positif,90,Tweet menyoroti kisah keberanian seorang polisi yang membantu warga saat banjir.,False
2730,"Bencana banjir dan longsor di Sumatera, meliputi Sumatera Utara, Sumatera Selatan dan Aceh menyebabkan 1.003 orang meninggal hingga Sabtu (13/12). Banjir Sumatera Tewaskan 1.003 Orang, 218 Jiwa Belum Ditemukan, Presiden Prabowo Minta Maaf -... Dari kaltim.tribunnews.com 87",negatif,0,negatif,95,"Tweet melaporkan jumlah korban meninggal dan hilang yang tinggi akibat bencana, serta permintaan maaf presiden.",False
2736,"Kapolri Telah Kantongi Tersangka Pembalakan Liar Di Tapanuli Selatan, Perparah Banjir Di Sumatera Kapolri Telah Kantongi Tersangka Pembalakan Liar Di Tapanuli Selatan, Perparah Banjir Di Sumatera Dari newestindonesia.co.id 53",negatif,0,negatif,90,Tweet melaporkan adanya tersangka pembalakan liar yang memperparah banjir.,False
2737,"Pemerintah Kota Palembang, Sumatera Selatan menggelar kegiatan sholawat akbar untuk mengajak warga mendoakan khususnya kepada korban banjir di Sumatera Barat, Sumatera Utara, dan Aceh. Pemkot Palembang gelar sholawat akbar untuk doakan korban banjir di Sumatra - ANTARA News Bengkulu Dari bengkulu.antaranews.com 88",negatif,0,positif,95,Tweet melaporkan kegiatan sholawat akbar untuk mendoakan korban banjir.,True
2766,"Saat Aceh dilanda banjir dan longsor, sorotan tertuju pada tanggung jawab pemimpin daerah. Pernyataan Presiden menegaskan bahwa kehadiran pemimpin di lapangan bukan sekadar formalitas—itu kewajiban. kompas.com Prabowo Sentil Keras Bupati Aceh Selatan, Minta Mendagri Ambil Tindakan Tegas Prabowo soroti Bupati Aceh Selatan yang umrah tanpa izin saat banjir melanda wilayahnya dan meminta Mendagri segera ambil tindakan tegas. 23",positif,2,negatif,95,Tweet berisi kritik keras terhadap bupati yang tidak hadir saat bencana dan tuntutan tindakan tegas.,True
2784,"Bupati Aceh Selatan di Pecat Gerindra dari Ketua DPC, Imbas Umrah saat Bencana Banjir Longsor di Sumatera riau24.com Bupati Aceh Selatan di Pecat Gerindra dari Ketua DPC, Imbas Umrah saat Bencana Banjir Longsor di... Partai Gerindra mengambil sikap tegas terhadap Mirwan MS, Ketua DPC Gerindra Aceh Selatan, yang juga Bupati wilayah tersebut. 40",negatif,0,negatif,95,Tweet melaporkan pemecatan bupati sebagai konsekuensi dari ketidakpedulian saat bencana.,False
2787,"Usai meninjau wilayah terdampak bencana di Kabupaten Tapanuli Selatan, Sumatera Utara, Wapres Gibran Rakabuming melanjutkan rangkaian peninjauan lapangan ke sejumlah wilayah terdampak bencana di Kabupaten Aceh Singkil, Aceh, Kamis, 4 Desember 2025. indomedia.co Wapres Tinjau Dampak Banjir dan Longsor Aceh Singkil Usai meninjau wilayah terdampak bencana di Kabupaten Tapanuli Selatan, Sumatera Utara, Wakil Presiden (Wapres) Gibran Rakabuming melanjutkan rangkaian peninjauan lapangan ke sejumlah wilayah terdam... 97",netral,1,netral,90,Tweet melaporkan kunjungan wakil presiden untuk meninjau wilayah terdampak bencana.,False
2794,"Wakil Presiden Gibran Rakabuming Raka mencatat langsung keluhan para korban banjir bandang dan longsor di dua posko pengungsian di Tapanuli Selatan (Tapsel), Sumatera Utara, Kamis (4/12/2025). Ia membawa buku saku yang sudah digunakannya sejak kunjungan ke Kabupaten Agam, Tampilkan lebih banyak 68 24 63 32 rb",negatif,0,netral,85,Tweet melaporkan wakil presiden mencatat keluhan korban banjir.,True
2796,"Banjir dan longsor yang terjadi di wilayah Sibolga, Tapanuli Selatan, Tapanuli Tengah dan Tapanuli Utara memutus akses jalan sehingga menjadi tantangan dalam proses pemulihan listrik. Semua bekerjasama demi menyalakan kembali harapan masyarakat Sumatera Utara. #PLNUntukSemua 45",positif,2,positif,90,Tweet mengakui tantangan akibat bencana namun menekankan kerjasama dan harapan untuk pemulihan.,False
2805,"Selamat Siang Bantuan datang untuk warga Sumut, next kita update Sumbar dan Aceh ya. Relawan Rumah Zakat menuju lokasi yang terkepung banjir di Sumatera Utara tepatnya di Kecamatan Batang Toru, Tapanuli Selatan. (Rabu, 3 Desember 2025) 2 2 5 434",positif,2,positif,95,Tweet melaporkan kedatangan bantuan dan pergerakan relawan ke lokasi banjir.,False
2808,"Sumsel Kirim 52,9 Ton Bantuan untuk 3 Provinsi Terdampak Banjir Sumatra sumsel.idntimes.com Sumsel Kirim 52,9 Ton Bantuan untuk 3 Provinsi Terdampak Banjir Sumatra Pemerintah Provinsi Sumatra Selatan menyalurkan bantuan sebanyak 52,9 ton bantuan ketiga wilayah terdampak bencana di Sumatra seperti, Aceh, Sumatra Utara dan Sumatra Barat. 39",positif,2,positif,95,Tweet melaporkan pengiriman bantuan dalam jumlah besar untuk provinsi terdampak banjir.,False
2810,"Pemerintah Provinsi Sumatera Selatan akan mengirimkan bantuan 52,9 ton bantuan untuk korban banjir bandang yang melanda Aceh, Sumatera Utara, dan Sumatera Barat. aceh.tribunnews.com Sumatera Selatan Segera Kirim 52,9 Ton Bantuan untuk Korban Banjir di Aceh, Sumut, dan Sumbar -... Bantuan tersebut meliputi, beras, paket sembako, tenda, obat-obatan serta Alat Pelindung Diri (APD) yang diperlukan oleh para korban bencana banjir 72",negatif,0,positif,95,Tweet melaporkan rencana pengiriman bantuan dalam jumlah besar untuk korban banjir.,True
2820,"PRAY FOR SUMBAR Kondisi sungai Gunung Nago, Sumatera Barat, Hari Minggu (14/12/2025), sekitar pukul 16: 00 : beritasumbar 26 277 654 41 rb",netral,1,positif,90,Tweet berisi doa dan dukungan untuk Sumatera Barat yang terdampak bencana.,True
2827,"Membalas @KedaiPenaCom hanya sebulan sebelum banjir bandang meluluhlantakkan Batang Toru, Kecamatan Tapanuli Selatan, Sumatera Utara. 1 35",netral,1,negatif,90,Tweet menggambarkan dampak kehancuran akibat banjir bandang.,True
2839,"Data Korban Bencana di Aceh, Sumbar, Sumut hingga Senin, 1 Desember 2025 Total Korban - 604 orang meninggal dunia - 464 orang hilang - 2.600 korban luka-luka - 1.5 juta warga terdampak - 570 ribu pengungsi Detail korban per wilayah sebagai berikut: Aceh - 156 orang Tampilkan lebih banyak 21 5 rb 6 rb 308 rb",negatif,0,negatif,95,"Tweet melaporkan data korban meninggal, hilang, luka-luka, dan terdampak yang sangat tinggi.",False
2842,"Sumbar Alami Bencana Banjir, Bawang Merah Jadi Langka di Sumsel sumsel.idntimes.com Sumbar Alami Bencana Banjir, Bawang Merah Jadi Langka di Sumsel Bencana banjir di Sumatra Barat (Sumbar) akibat curah hujan yang tinggi berdampak terhadap ketersediaan komoditas bawang merah di Sumatra Selatan (Sumsel). 48",netral,1,negatif,90,Tweet melaporkan dampak negatif banjir berupa kelangkaan komoditas bawang merah.,True
2844,"Kepala Badan Nasional Penanggulangan Bencana (BNPB) Letjen TNI Suharyanto mengaku kaget dengan besarnya bencana banjir di Tapanuli Selatan, Sumatera Utara. Permintaan maaf itu ia sampaikan kepada Bupati Tapanuli Selatan, saat mengunjungi Desa Aek Garoga, Kecamatan Batang Toru 74",netral,1,negatif,90,"Tweet melaporkan pengakuan kaget atas besarnya bencana dan permintaan maaf, menunjukkan situasi negatif.",True
2851,"Kondisi Tapanuli Selatan usai diterjang banjir bandang Wilayah Tapanuli Selatan, Sumatera Utara, menjadi sorotan setelah banjir bandang melanda kawasan tersebut pada Selasa (25/11). Rekaman video yang beredar menunjukkan kondisi pemukiman warga yang porak-poranda, dengan Tampilkan lebih banyak 2 125",negatif,0,negatif,95,Tweet menggambarkan kondisi pemukiman warga yang porak-poranda akibat banjir bandang.,False
2861,"Foto-foto: Kerusakan meluas di Aek Garoga, Kecamatan Batang Toru, Tapanuli Selatan, Sumatera Utara, Sabtu (29/11/2025). #PrayForTapanuli BPBD Tapanuli Selatan mencatat hingga Sabtu (29/11) sebanyak 43 korban meninggal dunia di wilayahnya akibat banjir bandang pada Selasa Tampilkan lebih banyak 1 3 1 rb",negatif,0,negatif,90,Tweet melaporkan kerusakan meluas dan jumlah korban meninggal yang tinggi akibat banjir bandang.,False
2872,"Duka di Aceh, Sumatera Barat, dan Sumatera Utara adalah duka kita bersama. Karantina Sulawesi Selatan turut berempati dan mendoakan keselamatan seluruh warga terdampak pada musibah banjir dan longsor. Semoga kondisi segera pulih dan masyarakat diberi ketabahan. #PrayForSumatera 1 102",negatif,0,positif,95,"Tweet berisi ungkapan duka, empati, doa, dan harapan untuk pemulihan korban bencana.",True
2875,"Antisipasi Banjir, Pemkot Palembang Bangun Pintu Air di Kolam Retensi sumsel.idntimes.com Antisipasi Banjir, Pemkot Palembang Bangun Pintu Air di Kolam Retensi Antisipasi dan pengendalian banjir di Palembang masih jadi pekerjaan rumah bagi pemerintah kota (pemkot) saat musim penghujan berlangsung. Salah satu upaya mengatasi kenaikan debit air tersebut dilaku 112",positif,2,positif,90,Tweet melaporkan upaya pemerintah kota untuk mengantisipasi dan mengendalikan banjir.,False
2879,"Sejumlah video viral di media sosial memperlihatkan kayu gelondongan ikut terseret arus deras saat banjir melanda wilayah Tapanuli Selatan-Tengah, Sumatera Utara, Rabu (26/11/2025). Kepala Dinas Lingkungan Hidup dan Kehutanan (DLHK) Sumatera Utara, Heri Wahyudi Marpaung 2 112",netral,1,negatif,85,"Tweet menggambarkan dampak banjir yang membawa kayu gelondongan, mengindikasikan kerusakan lingkungan.",True
2892,"Hati kami turut berduka cita atas bencana banjir dan longsor yang melanda sejumlah wilayah di Sumatera Utara, termasuk Tapanuli Tengah, Tapanuli Selatan, Tapanuli Utara, Sibolga, Padangsidempuan, Mandailing Natal, Nias, dan Nias Selatan. #PrayForSumut #SumateraUtara #BanjirSumut 3 2 5 366",negatif,0,positif,95,Tweet berisi ungkapan duka cita dan doa untuk wilayah yang dilanda bencana.,True
2895,"Empat kabupaten di Sumatera Utara—Sibolga, Tapanuli Utara, Tapanuli Tengah, dan Tapanuli Selatan—mengalami banjir, banjir bandang, dan longsor akibat cuaca ekstrem pada Senin (24/11) dan Selasa (25/11). BNPB pun mengambil langkah penanganan darurat. Kepala BNPB, Letjen TNI Tampilkan lebih banyak 1 3 605",netral,1,netral,90,Tweet melaporkan kejadian bencana dan langkah penanganan darurat yang diambil.,False
2898,Membalas @narkosun Terjadi banjir bandang yang sama di sipirok kabupaten Tapanuli Selatan Sumatera Utara 194,netral,1,netral,90,Tweet hanya melaporkan fakta terjadinya banjir bandang.,False
2900,"Kemkomdigi melaporkan terjadinya gangguan layanan telekomunikasi di Kabupaten Tapanuli Tengah, Kabupaten Tapanuli Selatan dan Kota Sibolga, Provinsi Sumatera Utara imbas bencana banjir dan longsor yang melanda wilayah tersebut pada Rabu (26/11). ""Berdasarkan data sebaran Tampilkan lebih banyak 4 3 698",netral,1,negatif,90,Tweet melaporkan gangguan layanan telekomunikasi sebagai dampak negatif bencana.,True
2907,"Banjir bandang dan longsor melanda 11 kabupaten dan kota di Sumatera Utara. Sebanyak 25 orang meninggal akibat bencana itu. Akses jalan menuju Tapanuli Tengah, Tapanuli Selatan, dan Kota Sibolga masih lumpuh. Sementara akses internet dan telepon belum tersambung. Baca di Tampilkan lebih banyak 2 4 6 1 rb",negatif,0,negatif,95,"Tweet melaporkan bencana yang meluas, korban meninggal, dan lumpuhnya akses jalan serta komunikasi.",False
2928,"Membalas @illegirl7_twt @0xfullwin dan 2 lainnya coba bayangkan tua hanyut behari2 diatas atap ga makan dan minum air banjir, begitu surut tua gapunya baju gapunya rumah, kelaparan, kehausan,kedinginan, ketakutan tiap malam ditengah kegelapan. Selama sebulan penuh, hidup berdampingan sama mayat yg busuk apakah orng tua kuat? 1 64",negatif,0,negatif,95,"Tweet menggambarkan penderitaan, ketakutan, dan kondisi mengerikan yang dialami korban banjir.",False
2943,VIDEO Banjir Susulan Polres Aceh Selatan Kembali Bersihkan Lumpur VIDEO Banjir Susulan Polres Aceh Selatan Kembali Bersihkan Lumpur - Serambinews.com Dari aceh.tribunnews.com 51,netral,1,negatif,85,"Tweet melaporkan adanya banjir susulan dan upaya pembersihan lumpur, menunjukkan dampak negatif yang berulang.",True
2963,"Membalas @eotteonnyeon akan mengendap dan mengakibatkan pendangkalan pada sungai eksisting. perubahan penampang dan kapasitas sungai ini berdampak trhdap kemampuan sungai dalam menerima debit banjir, dalam skala hujan curah rendahpun, sungai dgn keadaan sprti itu tidak akan mampu sebagaimana mestinya 1 71",negatif,0,negatif,90,Tweet menjelaskan dampak negatif pendangkalan sungai yang memperburuk risiko banjir.,False
2969,"Tanggap darurat banjir Aceh masih lanjut, penanganan dilakukan tanpa henti, tim BNPB dkk sigap jalankan misi #PercepatanPenanganan biar warga tetap aman dan kebutuhan terpenuhi 25",positif,2,positif,95,Tweet melaporkan penanganan darurat yang sigap dan berkelanjutan untuk memastikan keamanan dan kebutuhan warga.,False
2971,banjir mlm mlm 86,negatif,0,netral,80,Tweet hanya menyatakan fakta terjadinya banjir di malam hari tanpa emosi.,True
2980,Banjir Sumatera 2025 harus jadi pengingat bagi semua pihak untuk pny komitmen yang sama. Salut u/ TPL yg konsisten menjadi industri lestari Buletin Medan (@buletinmedan) • Instagram reel Dari instagram.com 7,positif,2,positif,90,Tweet memberikan apresiasi kepada perusahaan yang konsisten menjadi industri lestari sebagai pengingat pasca banjir.,False
2981,Toba Pulp Lestari sejauh ini selalu konsisten menjadi industri lestari. kita selayaknya mengapresiasi TPL. maju terus toba pulp.. bencana banjir Sumatera adalah pengingat. semoga tidak ada lagi kedepannya Buletin Medan (@buletinmedan) • Instagram reel Dari instagram.com 21,positif,2,positif,95,Tweet memberikan apresiasi tinggi terhadap perusahaan dan harapan agar bencana tidak terulang.,False
2997,"Membalas @steffaniBPM ada kolega yang bapake yo wes ngono iku tapi dia acab. ada juga yang keluarganya oligarchhh dan ga pernah peduli soal peringatan darurat, banjir di sumatra, dst dst. ada yang bukan sapa2 tapi ga peduli juga. ada yang bukan sapa2 tapi vokal soal isu sosial. 1 129",netral,1,negatif,90,"Tweet mengkritik ketidakpedulian beberapa pihak, termasuk keluarga oligarki, terhadap bencana banjir.",True
2998,"Cerita Warga Aceh Tamiang saat Banjir Datang, Bertahan di Atap dengan Kondisi Gelap Gulita: Cuma Bisa Teriak Minta Tolong jurnalnews.id Cerita Warga Aceh Tamiang saat Banjir Datang, Bertahan di Atap dengan Kondisi Gelap Gulita: Cuma... Usai banjir datang, listrik terputus dan membuat malam gelap gulita saat para warga berteriak minta tolong kepada tim penyelamat. Sampai m 23",negatif,0,negatif,95,Tweet menceritakan kondisi warga yang bertahan di atap dalam kegelapan dan berteriak minta tolong.,False
3002,"Membalas @tvOneNews Adinda @davelaksono @DPR_RI segera bentuk Pansus Bencana Aceh dan Sumatera, Negara lamban bahkan tidak mampu mengatasi bencana Aceh lebih dahsyat dari sunami karena ber ulang - ulang terjadi Banjir, @prabowo alzheimer mengidap narsistik ( NPD) rakyat Aceh jadi korban, akar Tampilkan lebih banyak 1 78",negatif,0,negatif,95,Tweet berisi kritik keras terhadap kelambanan negara dalam mengatasi bencana berulang dan serangan pribadi terhadap pejabat.,False
3011,"guys hari ini kita turut berduka cita atas bencana banjir yang menimpa Sumatera. khususnya di Aceh. mengapa begitu? karena hari ini 21 tahun silam kita mengenang tragedi mahadahsyat yang takkan pernah lupa oleh masyarakat Aceh, Gempa dan Tsunami Samudra Hindia 2004. 1 203",negatif,0,negatif,90,Tweet menyatakan duka cita atas bencana banjir dan mengenang tragedi dahsyat masa lalu.,False
3034,"Bantuan masih terus mengalir untuk korban bencana hidrometeorologi di Indonesia. Kali ini, Starbucks bersama beberapa yayasan memberikan bantuan pasca-bencana. #Lingkungan #AdadiKompas kompas.id Starbucks Bantu Korban Banjir Sumatera Bantuan masih terus mengalir untuk korban bencana hidrometeorologi di Indonesia. Kali ini, Starbucks bersama beberapa yayasan memberikan bantuan pascabencana. 1 327",negatif,0,positif,95,Tweet melaporkan bantuan yang terus mengalir dan diberikan untuk korban bencana.,True
3039,Kepolisian Daerah Nusa Tenggara Barat mengirim satu satuan setingkat kompi atau setara 100 personel Brimob untuk membantu pemulihan pascabencana banjir bandang di Aceh Tamiang. Polda NTB kirim satu SSK Brimob bantu pemulihan di Aceh Tamiang Dari antaranews.com 537,positif,2,positif,95,Tweet melaporkan pengiriman personel Brimob untuk membantu pemulihan pascabencana.,False
3042,USK menyatakan akan membebaskan UKT hingga selesai studi bagi mahasiswa yang keluarganya meninggal dunia dalam bencana banjir dan longsor. USK bebaskan uang kuliah mahasiswa yang keluarganya meninggal dunia Dari antaranews.com 331,negatif,0,positif,95,Universitas memberikan bantuan pembebasan UKT bagi mahasiswa terdampak bencana.,True
3055,Bupati Aceh Utara Ismail A Jalil mengeluhkan Presiden Prabowo Subianto dan Wakil Presiden Gibran Rakabuming Raka belum menjenguk wilayahnya sejak bencana banjir besar melanda akhir November 2025 lalu. “Mungkin di Aceh Utara selama ini… Pak Presiden selalu ke Tamiang dan Tampilkan lebih banyak 4 2 1 rb,negatif,0,negatif,95,Bupati mengeluhkan presiden belum menjenguk wilayahnya yang terdampak banjir.,False
3075,Membalas @BANGSAygSUJUD @prabowo dan 10 lainnya Perhatian Presiden Prabowo begitu besar pd rakyat Aceh Sumut Sumbar Saat ini bencana banjir mengancam semua wilayah namun semua maklum bila Presiden fokus pd Sumatera 1 2 76,negatif,0,positif,90,Tweet mengapresiasi perhatian presiden terhadap rakyat terdampak bencana di Sumatera.,True
3101,"Sinergi pemerintah TNI Polri BNPB hadir membantu warga terdampak bencana Sumatera Prabowo Respon Cepat memastikan pemulihan menyeluruh berjalan Listrik Kembali Menyala sistem besar Sumatera aktivitas warga berangsur normal aman stabil. Kondisi Terkini Pasokan BBM, LPG, Listrik ke Daerah Terdampak Banjir Sumbar Dari finance.detik.com 46",positif,2,positif,95,Menggambarkan sinergi pemerintah dan respons cepat dalam pemulihan pascabencana.,False
3107,"Sejak hari pertama, penanganan bencana banjir dan longsor besar di Sumatera telah ditetapkan sebagai skala nasional. Presiden RI Prabowo Subianto turun langsung meninjau daerah terdampak, khususnya di Sumatera Barat. 1 rb",positif,2,positif,90,Menginformasikan penanganan bencana skala nasional dan peninjauan langsung oleh presiden.,False
3150,"Membalas @chairmanGLC Egonya kesenggol, Kak. 'Kita Bangsa yang Besar' katanya, jadi tidak butuh bantuan dari luar negeri. Padahal sampai hari ini masih ada beberapa daerah yang masih sangat membutuhkan bantuan. Banyak korban yang selamat dari banjir, tapi gugur akibat penyakit/malnutrisi 2 286",negatif,0,negatif,95,Mengkritik penolakan bantuan luar negeri dan kondisi korban yang masih membutuhkan bantuan.,False
3171,Direktorat Tindak Pidana Tertentu Badan Reserse Kriminal Polri menyelidiki temuan kayu gelondongan yang diduga terbawa banjir bandang di wilayah Aceh Tamiang. Kayu-kayu berukuran besar itu berserakan di sekitar puing-puing bangunan yang tersapu banjir bandang. #infoPKU 2 266,netral,1,netral,95,Laporan faktual mengenai penyelidikan temuan kayu gelondongan pasca banjir bandang.,False
3192,ditengah duka banjir sumatera Projo Peduli Bencana tetap Setia Digaris Rakyat mendampingi warga sesuai visi Budi Arie Setiadi dalam solidaritas sosial Projo Ajak Publik Bersatu Hadapi Banjir Besar di Sumatera Dari gonews.co.id 4,negatif,0,positif,90,Menggambarkan Projo yang peduli bencana dan mendampingi warga terdampak banjir.,True
3216,Projo Peduli Bencana tidak tinggal diam melihat banjir Sumatera Setia Digaris Rakyat diwujudkan lewat gotong royong nasional Budi Arie Setiadi mendorong Projo membantu warga sekaligus mendukung kerja keras pemerintah. Projo Ajak Publik Bersatu Hadapi Banjir Besar di Sumatera Dari gonews.co.id 19,positif,2,positif,90,Menggambarkan Projo yang aktif membantu warga terdampak banjir melalui gotong royong.,False
3221,Projo Peduli Bencana di bawah Budi Arie Setiadi Setia Digaris Rakyat menjaga Indonesia saling peduli kuatkan Sumatera bangkit bersama Projo Ajak Publik Bersatu Hadapi Banjir Besar di Sumatera Dari gonews.co.id 3,positif,2,positif,90,Menggambarkan Projo yang peduli dan mengajak persatuan untuk bangkit bersama.,False
3226,persatuan nasional adalah kunci dan Projo Peduli Bencana tetap Setia Digaris Rakyat bersama Budi Arie Setiadi memulihkan sumatera dari dampak bencana banjir besar PROJO Serukan Persatuan Nasional untuk Ringankan Derita Korban Banjir Sumatera Dari news.fin.co.id 4,negatif,0,positif,90,Menyerukan persatuan nasional untuk memulihkan Sumatera dari dampak bencana banjir.,True
3241,"Membalas @CNNIndonesia Halo pemimpin negara besar, negara kuat @prabowo ...berkat ulah anda tdk becus menangani korban banjir Sumatra, ada anak2 yg bahkan belum dapat makan. Puaskah anda menyaksikan kondisi demikian??? 107",negatif,0,negatif,95,Mengkritik pemimpin negara yang dianggap tidak becus menangani korban banjir.,False
3254,"Belanda telah berkomitmen memberikan bantuan darurat pemulihan dampak banjir dan longsor sebesar €3 juta (setara dengan Rp586,72 miliar) untuk mendukung masyarakat di Sumatera, demikian pernyataan Kedutaan Besar Belanda. Belanda salurkan bantuan darurat sebesar Rp586,72 miliar untuk korban banjir dan siklon di Sumatera Dari trtindonesia.com 108",negatif,0,positif,95,Menginformasikan bantuan darurat dari Belanda untuk korban banjir di Sumatera.,True
3262,"Membalas @Gerindra Hari ini tgl. 17 Desember 2025... Sekian minggu setelah ""banjir besar dan longsor"" di SumBar, SuMut dan Aceh...... Desakan status BENCANA NASIONAL semacam tuit 21. Agsts 18 ini sampe kiamat pun nggak kan ada lagi.... 114",negatif,0,negatif,90,Mengeluhkan tidak adanya penetapan status bencana nasional meskipun sudah berminggu-minggu.,False
3303,"Wakapolri Komjen Pol. Prof. Dr. Dedi Prasetyo, S.H., M.Hum., M. Si., M.M., meninjau langsung penyaluran bantuan kemanusiaan Polri bagi warga terdampak bencana di Kabupaten Padang Pariaman, Sumatera Barat, Minggu (28/12/2025). Kunjungan tersebut menjadi bagian dari komitmen Polri Tampilkan lebih banyak 45 10 70 3 rb",positif,2,positif,95,Menginformasikan kunjungan Wakapolri dan penyaluran bantuan kemanusiaan Polri.,False
3304,Membalas @cikinsausntar2 dan @salam4jari Kayunya di tebang di Mentawai. Mentawai letaknya 150KM di seberang lautan dari Padang. Jadi nggak ada hubungan dengan bencana Sumbar. 99,negatif,0,netral,90,Memberikan klarifikasi faktual mengenai asal kayu dan hubungannya dengan bencana Sumbar.,True
3324,"Pemerintah mempercepat penyaluran Dana Tunggu Hunian (DTH) bagi korban bencana alam di Sumatera Barat, Sumatera Utara, dan Aceh. #pemerintah #DTH #pancabencana #sumatera #indonesia 26",negatif,0,positif,95,Menginformasikan percepatan penyaluran Dana Tunggu Hunian oleh pemerintah.,True
3326,"Polsek Parongil bersama dengan dengan Porkopinca, Tokoh Agama, Tokoh Pemuda dan Tokoh Organisasi Melaksanakan Acara Doa Bersama Lintas Agama Untuk Korban Bencana Alam Aceh, Sumatera Utara Dan Sumatera Barat di Polsek Parongil instagram.com Polsek Parongil Presisi (@polsekparongilpresisi) • Instagram photos and videos 22",negatif,0,positif,90,Menginformasikan acara doa bersama lintas agama untuk korban bencana.,True
3329,"Membalas @brokxoli Pemerintah terus berkomitmen untuk mempercepat penanganan dampak bencana, khususnya kerusakan rumah warga, bantuan sosial, serta penguatan kembali pemerintahan daerah di wilayah terdampak di Provinsi Aceh, Sumatera Utara, dan Sumatera Barat. 1 16",negatif,0,positif,95,Menginformasikan komitmen pemerintah untuk mempercepat penanganan dampak bencana.,True
3336,"Tahap awal pembangunan huntara untuk korban terdampak banjir di Agam Sumatera Barat tengah berlangsung. Alhamdulillah, semoga tidak membutuhkan waktu lama bisa selesai, sehingga ada tempat berlindung dan beristirahat lebih layak. Good job TNI. Untuk diketahui, pembangunan Tampilkan lebih banyak 4 10 21 445",negatif,0,positif,95,Menginformasikan pembangunan hunian sementara dan harapan agar cepat selesai.,True
3337,"#Ketua BADKO HMI Sumbar #Ketua Umum SEMMI Sumbar Kami sangat apresiasi atas apa yg telah diberika kepada masyarakat dari POLRI dan kunjungan langsung dari Bapak Wakapolri, semoga dgn bantuan POLRI hari ini Sumatera Barat Pulih & Bangkit Kembali. D Maulana (@minang_kabau_new) • Instagram reel Dari instagram.com 16",positif,2,positif,95,"Mengapresiasi bantuan dari Polri dan kunjungan Wakapolri, serta harapan pemulihan.",False
3358,"Banjir dan longsor di Sumatera disebut sebagai salah satu bencana terbesar dalam sejarah. Total korban meninggal di Aceh, Sumatera Utara, dan Sumatera Barat terus bertambah. #PrayForSumatera 42",negatif,0,negatif,90,Menginformasikan bencana besar dengan jumlah korban meninggal yang terus bertambah.,False
3359,PLN kerahkan petugas untuk pulihkan kondisi jaringan listrik yang terdampak bencana banjir dan tanah longsor di Sumatera Barat. Sejumlah lokasi di Kabupaten Padang Panjang dan Solok sedang kami lakukan pemulihan dan mohon doa Electrizen agar kondisi kian membaik. #PLN 72,positif,2,positif,90,Menginformasikan upaya PLN memulihkan jaringan listrik dan permohonan doa.,False
3361,"Hingga Rabu pagi, (3/12/2025), banjir bandang yang melanda Aceh, Sumatera Utara, dan Sumatera Barat telah menelan 753 korban jiwa. Hanya dalam satu malam, angka itu melonjak 45 orang dari laporan sebelumnya. Update Korban Banjir di Aceh, Sumut dan Sumbar hari Ini: Korban Meninggal Bertambah Jadi 753 Orang... Dari aceh.tribunnews.com 71",negatif,0,negatif,95,Laporan faktual mengenai jumlah korban jiwa yang tinggi dan terus bertambah akibat banjir bandang.,False
3388,"Doa kami untuk masyarakat di Aceh, Sumatera Utara, Sumatera Barat, dan sekitarnya Kesehatan Healthies adalah modal utama untuk bangkit kembali. Yuk, bersama kita saling bantu, saling jaga, saling menguatkan saudara-saudara kita yang sedang tertimpa bencana PRAY FOR SUMATERA 71",positif,2,positif,95,"Mengungkapkan doa, dukungan, dan ajakan untuk saling membantu korban bencana.",False
3390,"Tim SAR gabungan pagi ini masih membersihkan lumpur di SMA Negeri 12 Padang pasca banjir yang melanda Sumatera Barat. Sementara siswa tetap belajar dengan sistem daring, Rabu (03/12) pagi. Mth #SAR #Bencana #Pasca #Banjir #Sumatera #Padang 593",netral,1,netral,90,Laporan faktual mengenai kegiatan tim SAR membersihkan lumpur dan sistem belajar siswa pasca banjir.,False
3393,"Polda DIY resmi memberangkatkan bantuan kemanusiaan untuk masyarakat terdampak bencana banjir dan longsor di sejumlah wilayah Provinsi Aceh, Sumatera Utara dan Sumatera Barat. Bid Humas Polda DIY (@poldajogja) • Instagram photos and videos Dari instagram.com 1 62",positif,2,positif,95,Menginformasikan pengiriman bantuan kemanusiaan oleh Polda DIY untuk korban bencana.,False
3409,"Akun komentar NarasiNewsRoom | Update Korban Jiwa lebih dari 744 orang Sepekan setelah banjir bandang dan longsor yang melanda Aceh, Sumatera Utara, dan Sumatera Barat, jumlah korban hilang dan meninggal dunia masih terus bertambah. Per Selasa (2/12/2025) siang, Badan Nasional Tampilkan lebih banyak 1 163",negatif,0,negatif,95,Laporan faktual mengenai jumlah korban jiwa yang tinggi dan terus bertambah akibat banjir bandang.,False
3412,"Membalas @sadindaayu @prabowo SUKA PAK. KARENA MALING POHON SAMPE BERHEKTAR2 JADI BANYAK MANUSIA YANG MENANGGUNG AKIBATNYA. DARIPADA BAPAK JADI MERAH DI FOTO SITU UDAH KEK DI API LAHAR MAGMA, MENDING TOLONG KAMI DI SUMATERA BARAT, SUMATERA UTARA,DAN ACEH INI PAK. PANDANG KAMI. PRIORITASKAN KAMI. 1 3 996",negatif,0,negatif,95,"Kritik keras dan permohonan bantuan mendesak kepada presiden, menyalahkan penebangan pohon.",False
3414,"Tengah malem begini sedih banget kebayang Sumatera Utara, Sumatera Barat & Aceh yang lagi kena musibah... banyak keluarga lagi berjuang bertahan. Tapi kok rasanya negara pelan banget geraknya? Ya Allah, kuatkan mereka :( 1 87",negatif,0,negatif,95,"Ungkapan kesedihan, keprihatinan, dan kritik terhadap lambatnya respons negara.",False
3420,Kunjungan Direktur OPP bersama Pemimpin Wilayah ke Gudang Rawang Timur dilakukan dalam rangka Monitoring dan Evaluasi untuk memastikan ketersediaan stok pangan pascabencana alam di Sumatera Barat. Melalui pemantauan langsung ini. 35,netral,1,netral,90,Laporan faktual mengenai kunjungan monitoring dan evaluasi ketersediaan stok pangan pascabencana.,False
3429,"Yang melanda Aceh, Sumatera Utara, dan Sumatera Barat adalah sebuah krisis ekologis yang meledak. Bencana ini tidak boleh berlalu begitu saja sebagai rutinitas tahunan. Tidak boleh hanya menjadi headline lalu hilang. Tidak boleh menjadi memori gelap yang dikubur. Negara harus Tampilkan lebih banyak 1 372",negatif,0,negatif,95,Menggambarkan bencana sebagai krisis ekologis serius dan menuntut negara untuk tidak mengabaikannya.,False
3437,"Bencana banjir di Sumatera disebabkan oleh kerentanan ekologis yang terus meningkat akibat perubahan bentang ekosistem penting seperti hutan, dan diperparah oleh krisis iklim. Periode 2016 hingga 2025, seluas 1,4 juta hektar hutan di Aceh, Sumatera Utara, dan Sumatera Barat yang Tampilkan lebih banyak walhi.or.id Legalisasi Bencana Ekologis di Sumatera dan Tuntutan Tanggung Jawab Negara Serta Korporasi - WALHI Banjir dan longsor yang menerjang Aceh, Sumatera Utara, dan Sumatera Barat pada 25-27 November lalu menyebabkan 442 orang meninggal, 402 orang hilang, dan 156.918 orang harus mengungsi. Berdasarkan... 1 83 120 129 rb",negatif,0,negatif,95,"Analisis penyebab bencana yang menyalahkan kerentanan ekologis dan kerusakan hutan, serta menuntut tanggung jawab.",False
3443,"Personel SAR Satbrimob Polda Sumbar bergerak cepat melakukan evakuasi warga di Jorong Nantigo, Kecamatan Palambalan, Kabupaten Agam, Sumatera Barat. #BrimobSumbar #SatbrimobPoldaSumbar #EvakuasiWarga #BencanaSumbar #Agam #Palambalan #SigapBencana #Polri #Sahabatpropam 31",netral,1,positif,95,Menginformasikan tindakan cepat evakuasi warga oleh personel SAR.,True
3445,"Pemerintah Provinsi (Pemprov) Lampung mengirimkan 50 relawan terlatih untuk membantu penanganan bencana banjir besar yang melanda Aceh, Sumatera Utara, dan Sumatera Barat. #banjirsumatera Solidaritas Lampung! 50 Relawan Diterjunkan untuk Bantu Banjir Besar di Tiga Provinsi Dari radarlampung.co.id 1 130",positif,2,positif,95,Menginformasikan pengiriman relawan dari Pemprov Lampung untuk membantu penanganan bencana.,False
3456,"Tim Trauma Healing Polda Riau diturunkan untuk BKO penanganan banjir bandang di Kabupaten Agam, Sumatera Barat. good job polri #polri #PolriPeduli #PeduliBencana #PrayForSumatera 1 50",netral,1,positif,95,Menginformasikan pengiriman tim trauma healing oleh Polda Riau dan apresiasi.,True
3457,"Gerak cepat hadirkan pemulihan mental bagi korban bencana. Tim Trauma Healing Polda Riau diterjunkan BKO ke lokasi banjir bandang di Kabupaten Agam, Sumatera Barat. #polri #PolriPeduli #PeduliBencana #PrayForSumatera 1 62",negatif,0,positif,95,Menginformasikan pengiriman tim trauma healing untuk pemulihan mental korban bencana.,True
3491,"Kementerian Kesehatan menambah dukungan layanan dan logistik kesehatan untuk wilayah terdampak bencana banjir dan longsor di Aceh, Sumatera Utara, dan Sumatera Barat. antaranews.com Kemenkes tambah logistik kesehatan ke lokasi bencana di Sumatera Kementerian Kesehatan menambah dukungan layanan dan logistik kesehatan untuk wilayah terdampak bencana banjir dan longsor di Aceh, Sumatera Utara, dan ... 1 336",positif,2,positif,95,Menginformasikan penambahan dukungan layanan dan logistik kesehatan oleh Kementerian Kesehatan.,False
3519,"Membalas @__AnakKolong Knp Tdk Mau Jujur gakui Kalau itu Akibat Kebijakan yg NGAWUR ! Klpun Krn Perubahan Iklim/Iklim nya extrem jika Alamnya tdk di RUSAK ,kl Banjir pst tdk separah di Aceh Sumut Sumbar. Ibarat bdn kita,kl Imun tubuhnya bagus dibarengi dg jaga Pola Hdp yg baik. Kl skit pst tdk parah. 1 2 106",negatif,0,negatif,95,Mengkritik kebijakan yang dianggap ngawur dan merusak alam sebagai penyebab parahnya banjir.,False
3529,"Turut berduka atas banjir bandang & longsor di Aceh, Sumut, Sumbar: 1.138 jiwa meninggal, 163 hilang, hampir 450 ribu mengungsi. Hormat kepada relawan & petugas yang sudah berjuang. Bersama wujudkan Sumatra pulih kembali. #WujudkanSumatraPulih #SumatraBangkit 1 91",negatif,0,negatif,85,"Menyampaikan duka atas jumlah korban jiwa yang sangat tinggi, meskipun ada apresiasi untuk relawan.",False
3533,"Membalas @tempodotco Hampir 40 ribu anggota bapak yg dikirim ke Aceh, Sumut & sumbar apa ga ada yg ditugasin u jga jemputan bailey pak. Ko ada yg buka baut jembatan sampe ga ketahuan ? 1 85",negatif,0,negatif,90,Pertanyaan bernada kritik mengenai kelalaian pengamanan jembatan meskipun banyak anggota dikirim.,False
3534,Akun parodi Pengiriman 1 Ton Rendang dari peternak ayam bertelur Sumbar untuk Aceh yang dalam perjalanan sudah memasuki daerah danau toba sumut Semoga perjalanan lancar dan segera dapat dinikmati oleh para korban banjir bandang di Aceh 8 182 394 3 rb,negatif,0,positif,90,Menginformasikan pengiriman bantuan makanan (rendang) dan harapan agar segera dinikmati korban.,True
3545,"Menteri Sekretaris Negara (Mensesneg) Prasetyo Hadi mengatakan, Kementerian Kehutanan (Kemenhut) tengah mengevaluasi perizinan 24 perusahaan yang membuka lahan di kawasan hutan Aceh, Sumatera Utara (Sumut), dan Sumatera Barat (Sumbar). Perizinan tersebut meliputi Hutan Tanaman Tampilkan lebih banyak 9 6 12 3 rb",netral,1,netral,90,Laporan faktual mengenai evaluasi perizinan perusahaan di kawasan hutan oleh Kementerian Kehutanan.,False
3550,"Pembangunan Hunian Tetap dan Hunian Sementara Terus Dikebut di Aceh, Sumut, dan Sumbar Pembangunan Hunian Tetap dan Hunian Sementara Terus Dikebut di Aceh, Sumut, dan Sumbar Dari infojambi.com 23",positif,2,positif,95,Menginformasikan percepatan pembangunan hunian tetap dan sementara untuk korban bencana.,False
3577,Ada aksi yang nyata di lapangan dan dapur lapangan dibuka lagi demi kebutuhan makan masyarakat. Respect untuk Sat Brimob Polda Lampung BKO Polda Sumbar. #polri #PolriPeduli #PeduliBencana 16,positif,2,positif,95,Mengapresiasi aksi nyata dan pembukaan dapur lapangan oleh Sat Brimob Polda Lampung.,False
3579,"APINDO menyalurkan donasi dari Pou Chen Group Indonesia bagi korban banjir dan longsor di Aceh, Sumut, dan Sumbar bersama PMI. Sinergi dunia usaha dan kemanusiaan mempercepat pemulihan pascabencana. 6 115",negatif,0,positif,95,Menginformasikan penyaluran donasi oleh APINDO dan sinergi untuk pemulihan pascabencana.,True
3584,"polri sumbar terus ada di tengah masyarakat terdampak bencana. mulai dari bakti kesehatan sampai pendampingan warga, semua dilakukan sebagai bentuk Melakukan Upaya Perbaikan agar kondisi cepat membaik. bersama kita bangkitkan kembali sumatera. #WujudkanSumateraPulih 7",positif,2,positif,95,Menggambarkan upaya Polri dalam bakti kesehatan dan pendampingan warga untuk pemulihan.,False
3585,"PDIP Kirim Tim Medis dan Dokter Diaspora ke Aceh, Sumut, dan Sumbar, Ribka: Instruksi Bu Megawati gesuri.id PDIP Kirim Tim Medis dan Dokter Diaspora ke Aceh, Sumut, dan Sumbar, Ribka: Instruksi Bu Megawati Dilepas dengan Indonesia Raya Tim Kemanusiaan PDI Perjuangan Meluncur ke Titik Bencana Sumatera 41",positif,2,positif,95,Menginformasikan pengiriman tim medis dan dokter oleh PDIP untuk korban bencana.,False
3602,Polda sumbar gelar bakti kesehatan ke 222 warga terdampak bencana. Masyarakat terbantu dengan cek kesehatan gratis ini #WujudkanSumateraPulih Melakukan Upaya Perbaikan 44,positif,2,positif,95,Menginformasikan kegiatan bakti kesehatan gratis oleh Polda Sumbar yang membantu warga.,False
3604,"Jelang Pergantian Tahun, Pemerintah Pastikan Percepatan Penanganan dan Pemulihan di Aceh, Sumut, dan Sumbar Terus Berjalan romisaputra.com Jelang Pergantian Tahun, Pemerintah Pastikan Percepatan Penanganan dan Pemulihan di Aceh, Sumut,... Jelang Pergantian Tahun, Pemerintah Pastikan Percepatan Penanganan dan Pemulihan di Aceh, Sumut, dan Sumbar Terus Berjalan 1 8",positif,2,positif,95,Menginformasikan kepastian percepatan penanganan dan pemulihan oleh pemerintah menjelang pergantian tahun.,False
3618,Kepolisian Negara Republik Indonesia (Polri) kembali menambah jumlah alat berat di wilayah Sumatra Barat (Sumbar) pada Minggu untuk mempercepat penanganan di lokasi bencana provinsi setempat. Polri tambah lima alat berat percepat penanganan bencana di Sumbar - ANTARA News Bengkulu Dari bengkulu.antaranews.com 33,netral,1,netral,95,Melaporkan tindakan konkret pemerintah untuk penanganan bencana.,False
3631,Membalas @MARQUEZ__93 @prabowo dan 3 lainnya Provokator Aceh .. bukan nya membangun mlh bikin kisruh .. buat yg bela dia berati sama tak ada rasa kemanusiaan nya buat korban banjir Aceh Sumbar & sumut 1 40,negatif,0,negatif,95,Mengungkapkan kemarahan dan kritik terhadap pihak yang dianggap memperkeruh suasana di tengah bencana.,False
3633,Membalas @Opposisi6890 dan @prabowo Artinya Aceh lbh banyak korban meninggalnya dibandingkan Sumut dan sumbar. 8 1 rb,negatif,0,negatif,90,Menyampaikan informasi faktual yang menyedihkan tentang jumlah korban meninggal.,False
3660,"Pemerintah fokus tangani aceh sumbar dan sumut dalam agenda Prabowo Pulihkan PascaBencana sekaligus mempercepat Pembangunan Rumah Korban Bencana supaya kehidupan warga normal kembali Presiden RI Prabowo Subianto Minta Pemerintah Tidak Libur, Fokus Tangani Bencana Aceh, Sumatera... Dari melansir.com 29",negatif,0,positif,90,Melaporkan fokus pemerintah dalam penanganan dan pemulihan pascabencana dengan tujuan positif.,True
3661,"Membalas @KangManto123 Pengakuan jujur. Ribuan orang merasakan sengsara; lapar, dingin dan lelah dalam bencana di Aceh, Sumut dan Sumbar 9",negatif,0,negatif,95,Menggambarkan penderitaan dan kesengsaraan yang dialami korban bencana.,False
3662,"Membalas @Flamboyan59 Kasihkan ke 3 Propinsi di Aceh, Sumut dan Sumbar mengikuti Besarnya kerusakan. Habiskan buat Rakyat. Jangan lupa Tangkap Pelakunya 1 6",negatif,0,negatif,85,Mengandung tuntutan untuk menghukum pelaku dan memastikan bantuan sampai ke rakyat.,False
3666,"Dampak banjir bandang Aceh Sumut Sumbar akibat sawit belum mampu diatasi pemerintah. Sekarang bencana serupa menghancurkan Kalsel, Pak @prabowo Pak @bang_dasco Pelakunya pejabat pemerintah yg mjd pengusaha tambang. Pengusaha untung rakyat buntung. Zalim! Bisnis Tambang Boy dan Erick Thohir di Balik Bencana Banjir Kalimantan Selatan Dari liranews.com 1 167",negatif,0,negatif,95,Mengungkapkan kritik keras dan tuduhan terhadap pemerintah serta pihak yang dianggap bertanggung jawab atas bencana.,False
3670,"Membalas @deatalkaza Sulit memang memprediksi bencana Aceh, Sumut & Sumbar bisa selesai tertangani Yg pasti sudah 1 bulan setelah terjadinya bencana, masih banyak Yg belum terselesaikan Tentunya berharap makin cepat bisa terselesaikan semakin baik 1 9 1 rb",negatif,0,negatif,80,Menyatakan kesulitan dalam penanganan bencana dan masih banyak masalah yang belum terselesaikan.,False
3672,Membalas @kamto_adi Jadi kepikir mas gimana perasaan semua korban di aceh sumbar dsk??? 2 400,negatif,0,negatif,90,Mengungkapkan empati dan keprihatinan terhadap perasaan korban bencana.,False
3673,"Membalas @DS_yantie Banjir bandang di Aceh Sumut dan Sumbar. Gedung DPRD Bojonegoro ambruk. Semuanya karena hujan, hujanlah biang kerok dan pasti dipersalahkan oleh anggota DPRD, anggota DPR, pejabat Pemda dan pejabat pemerintah. Padahal merekalah para pejabat biang keroknya. 1 1 2 rb",negatif,0,negatif,95,"Mengkritik dan menuduh pejabat sebagai penyebab masalah, bukan hujan.",False
3674,Membalas @SanieTuyeGoblok dan @prabowo Banyak yg menarasikan BANTUAN PRESIDEN @prabowo yg ditempel foto seakan beliau mengejek Aceh dan Sumbar dengan menampilkan data kekalahan beliau di sana. Padahal yg namanya BANTUAN PRESIDEN sejak jaman SBY pun WAJIB tertulis BANTUAN PRESIDEN. Terserah Presiden pake foto atau ga. 67,positif,2,negatif,80,"Membahas narasi negatif dan kritik terhadap bantuan presiden, meskipun mencoba memberikan klarifikasi.",True
3676,"Aceh Sumatra Bangkit, Kunjungi Sumbar Presiden Pastikan pemulihan berjalan Cepat 1 22",positif,2,positif,90,Menyampaikan harapan kebangkitan dan jaminan pemulihan yang cepat.,False
3683,"Pulau Jawa dari kemaren ujan terus, Aceh, Sumbar, Sulawesi sama Kalsel gimana ya kabarnya ;( semoga mereka baik baik aja dan gaada korban lagi aamiin 38",negatif,0,positif,90,Mengungkapkan kekhawatiran dan doa untuk keselamatan korban bencana.,True
3686,"Aliansi Pemangku Adat Minangkabau: Bencana Alam Di Sumbar Pemicunya Perusakan Hutan Oleh Oknum, Harus Diusut. blknnews.com Aliansi Pemangku Adat Minangkabau: Bencana Alam Di Sumbar Pemicunya Perusakan Hutan Oleh Oknum,... SUMATERA BARAT, blknnews.com, - Aliansi Pemangku Adat dan Bundo Kanduang Minangkabau Kabupaten/Kota di Sumbar menggelar musyawarah bersama ... 15",negatif,0,negatif,90,Menyatakan penyebab bencana yang negatif (perusakan hutan) dan tuntutan untuk mengusut.,False
3704,"Membalas @sukabumistandar Alih fungsi lahan di hulu DAS dinilai menurunkan daya serap tanah. Satgas PKH telah memeriksa 27 korporasi dan sejumlah individu di Aceh, Sumut, dan Sumbar untuk penegakan hukum lingkungan. 8",netral,1,netral,90,Memberikan informasi faktual mengenai penyebab bencana dan tindakan penegakan hukum.,False
3708,BP Taskin menempatkan kemanusiaan sebagai titik awal pemulihan pasca bencana melalui peninjauan lapangan di Aceh bersama Budiman Sudjatmiko #BPTaskinFokusPascaBencana Ancaman Lonjakan Kemiskinan Sumbar Pasca Bencana Jadi Perhatian Khusus BP Taskin - harianhaluan.id Dari harianhaluan.id 47,negatif,0,positif,90,Melaporkan upaya positif dan perhatian khusus terhadap pemulihan pascabencana.,True
3716,Upaya pengentasan kemiskinan pasca bencana dimulai dari kehadiran di lapangan. BP Taskin menunjukkan komitmen itu di Aceh di bawah arahan Budiman Sudjatmiko dengan fokus pemulihan yang berkelanjutan #BPTaskinFokusPascaBencana Ancaman Lonjakan Kemiskinan Sumbar Pasca Bencana Jadi Perhatian Khusus BP Taskin - harianhaluan.id Dari harianhaluan.id 11,negatif,0,positif,90,Melaporkan komitmen dan upaya positif untuk pengentasan kemiskinan pascabencana.,True
3724,Akun parodi Langkah cepat BP Taskin di Aceh menegaskan bahwa tanggap darurat harus dibarengi rencana pemulihan. Budiman Sudjatmiko memastikan pendekatan profesional berjalan seiring dengan misi #BPTaskinFokusPascaBencana Ancaman Lonjakan Kemiskinan Sumbar Pasca Bencana Jadi Perhatian Khusus BP Taskin - Harian Haluan Dari harianhaluan.id 12,negatif,0,positif,90,Melaporkan langkah cepat dan pendekatan profesional dalam penanganan bencana.,True
3744,"Kepala Kepolisian Daerah Sumatera Selatan Beserta Staff dan Bhayangkari Mengucapkan Selamat Natal 2025 & Tahun Baru 2026 Bila ada permasalahan dan butuh bantuan Polisi silahkan hubungi : Call Center : 110 (Bebas Pulsa) ""KAMI SIAP MELAYANI 24 JAM"" #musisatu #kapoldasumsel Tampilkan lebih banyak 2 2 93",negatif,0,positif,90,Mengucapkan selamat dan menawarkan layanan bantuan kepolisian.,True
3745,"Perjalan hari ke-3 tim Polda Sumsel mengirimkan bantuan sosial ke Aceh dan Sumut Bila ada permasalahan dan butuh bantuan Polisi silahkan hubungi : Call Center : 110 (Bebas Pulsa) ""KAMI SIAP MELAYANI 24 JAM"" #musisatu #kapoldasumsel #humaspoldasumsel #poldasumsel Tampilkan lebih banyak 47",negatif,0,positif,90,Melaporkan pengiriman bantuan sosial dan kesiapan pelayanan polisi.,True
3752,"Kantor SAR Palembang Berangkatkan 15 Personel Bantu Evakuasi di Sumbar sumsel.idntimes.com Kantor SAR Palembang Berangkatkan 15 Personel Bantu Evakuasi di Sumbar Kantor SAR Palembang menerjunkan 15 personel untuk membantu proses evakuasi pasca banjir dan longsor yang terjadi di Sumatra Barat (Sumbar). Tak hanya personel, SAR Palembang turut mengirim peralatan 36",positif,2,positif,95,Melaporkan pengiriman personel dan peralatan untuk membantu evakuasi.,False
3755,Upaya penanganan darurat bencana banjir dan tanah longsor di Sumatera Utara terus diperkuat seiring mengalirnya bantuan logistik dari berbagai unsur. Beragam pasokan kebutuhan dasar kini telah terkumpul di Posko Terpadu Kontijensi Penanggulangan Bencana Alam dan disimpan Tampilkan lebih banyak 1 53,positif,2,positif,90,Melaporkan penguatan upaya penanganan bencana dan terkumpulnya bantuan logistik.,False
3763,"Membalas @achehsultanate Setuju, Sumatra (khususnya sampai Sumsel) lebih mirip Malaysia karena sesama Melayu. 261",netral,1,netral,95,Menyatakan opini tentang kemiripan budaya yang tidak terkait langsung dengan sentimen bencana.,False
3783,"Membalas @Nadira720 @DahriLagang dan 2 lainnya sama, sedih banget udah berapa tahun kyc tapi gk elig gara gara POA ni doang gk tau sejak kapan ada ginian karena dah lama gk pakai binance padahal rumah kebanjiran juga 8",negatif,0,negatif,95,Mengungkapkan kesedihan pribadi karena masalah teknis dan rumah yang kebanjiran.,False
3808,"Banjir di Kebon Pala, Jatinegara, Jaktim, mulai surut. Warga membersihkan rumah dan menyerok air, genangan tersisa di bawah 50 cm. Sempat Kebanjiran, Begini Kondisi Terkini Permukiman di Kebon Pala Jaktim Dari news.detik.com 1 2 rb",netral,1,netral,90,Melaporkan kondisi banjir yang mulai surut dan aktivitas warga membersihkan rumah.,False
3817,"bener-bener luar biasa kiprah POLRI di banjir Sumatera! Hadir tepat waktu, bantu evakuasi & distribusi logistik. Terus support masyarakat, ga kenal lelah ya. Proud of you all 18",positif,2,positif,95,Mengungkapkan apresiasi dan pujian atas kinerja Polri dalam penanganan banjir.,False
3835,"Penanganan banjir Aceh jalan bareng antara BNPB, TNI, Polri, dan BMKG, fokus ke evakuasi dan distribusi bantuan biar #PercepatanPenanganan makin terasa buat semua yang terdampak 28",positif,2,positif,90,Melaporkan kolaborasi antar lembaga dan fokus pada evakuasi serta distribusi bantuan.,False
3849,"Prajurit TNI dari Yonif TP 853/Bawar Reje Bur (BRB) menunjukkan aksi heroik saat menyelamatkan warga yang terdampak banjir bandang di Kecamatan Peureulak Barat, Kabupaten Aceh Timur, Kamis (28/11). Sejumlah personel diterjunkan untuk membantu evakuasi warga yang terjebak genangan Tampilkan lebih banyak 1 1 415",positif,2,positif,95,Melaporkan aksi heroik prajurit TNI dalam menyelamatkan warga terdampak banjir.,False
3851,"Malam Mencekam di Bona Lumban Tapanuli Tengah, Warga Terjebak Banjir dan Memohon Evakuasi Malam Mencekam di Bona Lumban Tapanuli Tengah, Warga Terjebak Banjir dan Memohon Evakuasi - Bangbara Dari bangbara.com 3",negatif,0,negatif,95,Menggambarkan situasi mencekam dan penderitaan warga yang terjebak banjir.,False
3855,"Pemerintah Sigap untuk Aceh Sumatra hadir sejak fase darurat, mempercepat evakuasi, menyalurkan bantuan, dan memperkuat pemulihan pasca banjir demi menjaga aktivitas warga kembali normal 1 14",positif,2,positif,95,"Melaporkan kesigapan pemerintah dalam evakuasi, penyaluran bantuan, dan pemulihan.",False
3869,"di setiap posko dan jalur evakuasi, kehadiran negara terasa nyata. penanganan banjir sumatera menjadi bukti Pemerintah Hadir Tanpa Tunda, memperkuat solidaritas nasional #SatuIndonesia 8",positif,2,positif,95,Mengapresiasi kehadiran nyata pemerintah dan penguatan solidaritas nasional.,False
3871,"bencana banjir dan longsor melanda sumatra, ribuan rumah terendam dan puluhan orang hilang. Pemerintah Hadir Tanpa Tunda cepet bgt ngirim bantuan dan tim sar buat evakuasi dan distribusi logistik ke daerah terdampak. #SatuIndonesia 7",negatif,0,netral,85,Melaporkan fakta bencana dan respons cepat pemerintah dalam mengirimkan bantuan.,True
3878,"Duka Sumatra adalah duka kita semua. Di tengah masa sulit akibat banjir dan longsor di Aceh, Sumut, dan Sumbar, Pemerintah Hadir Tanpa Tunda untuk menyalurkan bantuan logistik dan evakuasi warga. Mari kita rapatkan barisan, saling bantu untuk saudara kita. #SatuIndonesia 33",negatif,0,positif,95,"Mengungkapkan empati, melaporkan tindakan pemerintah, dan mengajak untuk saling membantu.",True
3885,"banyak warga terdampak banjir di sumatera harus meninggalkan rumahnya, sehingga evakuasi, distribusi logistik, dan bantuan kesehatan terus diperkuat Pemerintah Hadir Tanpa Tunda untuk memastikan semua kebutuhan masyarakat #SatuIndonesia 29",negatif,0,positif,90,Melaporkan upaya pemerintah yang kuat dan cepat dalam evakuasi dan distribusi bantuan.,True
3895,"Hadirnya pemerintah bersama TNI Polri dan BNPB di Sumatera bukti kepedulian nyata Prabowo respon cepat tangani evakuasi hingga pemulihan infrastruktur kini listrik kembali menyala dan warga beraktivitas normal ​ Kondisi Terkini Pasokan BBM, LPG, Listrik ke Daerah Terdampak Banjir Sumbar Dari finance.detik.com 18",positif,2,positif,95,Mengapresiasi respons cepat pemerintah dan hasil pemulihan yang membuat warga beraktivitas normal.,False
3901,"Kerja cepat dan kolaboratif terlihat di Sumatera Prabowo Respon Cepat menggerakkan TNI Polri BNPB dari evakuasi hingga pemulihan saat Listrik Kembali Menyala kehidupan kembali berdenyut Kondisi Terkini Pasokan BBM, LPG, Listrik ke Daerah Terdampak Banjir Sumbar Dari finance.detik.com 6",positif,2,positif,95,Mengapresiasi kerja cepat dan kolaboratif serta pemulihan yang membuat kehidupan kembali normal.,False
3908,"Membalas @sithik_edheng @Ind007Bar dan 3 lainnya Setidaknya saat itu ditetapkan jadi bencana nasional, dan boleh dpt bantuan Asing, dll. jadi evakuasi korban cepat. Sementara banjir Sumatra ini, korban yg baru Ketahuan 1000an org, dan masih byk lagi korban tertimbun, blm lagi korban akan bertambah karena kurangnya obat2an 2 134",negatif,0,negatif,95,Mengungkapkan kekhawatiran serius tentang jumlah korban dan kurangnya penanganan.,False
3912,"Pemerintah serius & all out bantu korban banjir di Sumatera, dari evakuasi sampai bantuan logistik terus jalan. Soal ancaman DPRD Sumut yang bawa isu pemisahan, itu jelas nggak tepat. Negara fokus ke kemanusiaan & penanganan bencana, bukan politik tekanan. 33",negatif,0,positif,90,Mengapresiasi keseriusan pemerintah dalam membantu korban banjir dan fokus pada kemanusiaan.,True
3922,"Banjir dan longsor di Aceh, Sumut, dan Sumbar menewaskan 1.016 orang, 212 hilang. Bantuan pangan, logistik, dan kesehatan disalurkan JNE, Baznas, Bank Mandiri, Rumah Zakat, dan pemerintah, sementara evakuasi dan pemulihan akses terus berjalan. 1 1 87",negatif,0,netral,90,Melaporkan fakta jumlah korban dan upaya penyaluran bantuan serta evakuasi.,True
3942,"UPDATE Banjir Bandang dan Longsor Sumatra: 995 Tewas, 226 Hilang Saat Evakuasi Berlanjut wartakita.id UPDATE Banjir Bandang dan Longsor Sumatra: 995 Tewas, 226 Hilang Saat Evakuasi Berlanjut Banjir dan lonsor di Sumatra tewaskan 995 jiwa, 226 hilang. Evakuasi lanjutan di tengah hujan deras. Kerugian Rp 10 triliun, 100.000 mengungsi. 25",negatif,0,negatif,95,"Menyampaikan informasi faktual yang tragis tentang jumlah korban tewas, hilang, dan kerugian besar.",False
3944,"jika padam listrik di Aceh dalam dua pekan lebih ini bukan sekadar merugikan korban banjir dan longsor, menghambat pencarian korban dan evakuasi, namun menjalar ke sektor bisnis #ListrikPadam #PLN #Aceh Klaim 97 Persen Menyala, Pengamat Unimal: Komunikasi Publik PLN Sekacau Padam Listrik di Aceh -... Dari aceh.tribunnews.com 1 118",negatif,0,negatif,95,Mengeluhkan dampak negatif pemadaman listrik dan mengkritik komunikasi publik PLN.,False
3958,Brimob Polda Sumut sigap banget evakuasi warga lanjut usia di tengah kondisi banjir. Upaya kayak gini penting banget buat Pemulihan Awal Kebangkitan di daerah terdampak #KerjasamaUntukSumatera 5,positif,2,positif,95,Mengapresiasi kesigapan Brimob dalam evakuasi dan pentingnya upaya pemulihan.,False
3967,"Relawan Rumah Zakat berhasil melakukan evakuasi korban banjir di Kebun Sawit Salereh Aia Barat, Kecamatan. Palembayan, Kabupaten Agam, Sumatera Barat.Selasa, 09 Desember 2025, pukul 10.15 WIB Lumpur sedalam 1 meter, jadi salah satu kendala ketika proses evakuasi dilakukan. Tampilkan lebih banyak 2 4 270",negatif,0,netral,90,Melaporkan keberhasilan evakuasi oleh relawan meskipun ada kendala.,True
3968,"Update terkini BNPB: Penanganan banjir dan longsor di Aceh, Sumut, dan Sumbar terus dilakukan secara terkoordinasi. Tim gabungan bergerak aktif melakukan evakuasi, pendataan, hingga distribusi bantuan. Live Konferensi Pers BNPB youtube.com BNPB Indonesia The Indonesia National Disaster Management Authority 48",positif,2,netral,95,Memberikan informasi faktual tentang penanganan bencana yang terkoordinasi.,True
3969,"Update terbaru dari BNPB: Tim gabungan terus bergerak menangani banjir dan longsor di Aceh, Sumut, dan Sumbar. Upaya evakuasi, distribusi bantuan, dan pemulihan wilayah terdampak dilakukan secara terkoordinasi. Live Konferensi Pers BNPB youtube.com BNPB Indonesia The Indonesia National Disaster Management Authority 41",positif,2,netral,95,Memberikan informasi faktual tentang upaya penanganan bencana yang terkoordinasi.,True
3978,"Ya ampun sedih banget lihat video gajah evakuasi puing2 bekas banjir, padahal rumahnya udah dihancurkan, dibom mereka ga punya tempat tapi malah disuruh kerja 1 14",negatif,0,negatif,95,Mengungkapkan kesedihan dan empati terhadap kondisi gajah yang menderita.,False
3981,Pemerintah Hadir untuk pemulihan Aceh Sumatra 1 10,positif,2,positif,90,Menyatakan kehadiran pemerintah untuk pemulihan di Aceh Sumatra.,False
3987,Membalas @KangManto123 Karena alasan inilah sebenarnya yg menyebabkan pemerintah pusat tdk mau menetapkan status bencana nasional karena takut kegilaannya dilihat pihak asing secara langsung. Jadi alasan utk harga diri bangsa itu cuma bullshit. 1 4 446,negatif,0,negatif,95,Mengkritik pemerintah karena tidak menetapkan status bencana nasional dan menuduh motif tersembunyi.,False
3989,Akun parodi Pemulihan pascabencana di Sumatera Utara terus bergerak maju secara bertahap dan berkelanjutan. Pemerintah Provinsi Sumatera Utara di bawah kepemimpinan Gubernur Bobby Nasution memastikan perbaikan infrastruktur serta normalisasi sungai di wilayah Tapanuli berjalan sesuai Tampilkan lebih banyak 1 13 147,positif,2,positif,90,Melaporkan kemajuan pemulihan pascabencana dan jaminan perbaikan infrastruktur.,False
4003,"Top banget, TPL hadir langsung menyalurkan bantuan untuk membantu masyarakat yang terdampak banjir dan sangat membutuhkan. PT Toba Pulp Lestari Tbk. (@tobapulplestari) • Instagram photos and videos Dari instagram.com 10",positif,2,positif,95,Mengapresiasi tindakan perusahaan yang menyalurkan bantuan kepada masyarakat terdampak.,False
4023,𝐁𝐍𝐏𝐁 𝐏𝐚𝐬𝐭𝐢𝐤𝐚𝐧 𝐋𝐨𝐠𝐢𝐬𝐭𝐢𝐤 𝐓𝐚𝐤 𝐌𝐞𝐧𝐠𝐞𝐧𝐝𝐚𝐩 𝐝𝐢 𝐒𝐞𝐥𝐮𝐫𝐮𝐡 𝐏𝐨𝐬𝐤𝐨 𝐁𝐞𝐧𝐜𝐚𝐧𝐚 Pengiriman bantuan logistik untuk masyarakat yang terdampak bencana banjir dan longsor di Sumatra dilakukan secepat mungkin. Badan Nasional Penanggulangan Bencana Tampilkan lebih banyak 74,positif,2,netral,95,Informasi faktual tentang upaya BNPB memastikan logistik tidak mengendap.,True
4031,"Di tengah banjir dan longsor,kepedulian tidak ikut tenggelam. Kerja Nyata BGN memastikan MBG tetap tersalurkan bagi yang membutuhkan. Hingga hari ini lebih dari 2,2 juta porsi bantuan telah disalurkan di Aceh #LanjutkanMBG Selasa Slank Air 86% #ZhangLinghe #OurFortunateShuaDay 3 262",positif,2,positif,90,"Menunjukkan kepedulian dan penyaluran bantuan yang masif, bernada positif dan semangat.",False
4038,"Membalas @indepenSumatera Bencana banjir bandang di 3 Provinsi, Pemerintah mengalokasikan Aceh 25 triliun, Sumatera Utara 13 triliun, Sumatera Barat 13 triliun. Belum lagi bantuan dari masyarakat dari berbagai pulau untuk membantu kesusahan masyarakat Aceh.Sekarang ada masyarakatnya merasa tidak puas ? 53",positif,2,netral,80,"Menyampaikan informasi alokasi dana dan bantuan, dengan pertanyaan retoris yang tidak menunjukkan sentimen kuat dari penulis tweet.",True
4053,"Membalas @99propaganda @are_inismyname dan 5 lainnya Bagaimana Bapak Presiden Republik Indonesia menolak bantuan Asing ? Rakyat yg dipelosok masih dibiarkan menghadapi bencana banjir, kelaparan, berjuang bertahan hidup hingga kematian 1 bulan paska bencana! Harga Diri Apa yang Kau Maksud Bapak Presiden Republik Indonesia! 35",negatif,0,negatif,98,Mengungkapkan kemarahan dan kritik keras terhadap pemerintah yang dianggap menolak bantuan asing sementara rakyat menderita.,False
4063,salut sama dedikasi POLRI dalam menangani korban banjir di Sumatera. Semoga bantuan yg disalurkan bisa tepat sasaran dan bawa kebaikan utk semuanya 20,negatif,0,positif,95,Mengungkapkan apresiasi dan harapan baik terhadap dedikasi Polri.,True
4073,"NU Care-LAZISNU bersama NU Peduli melanjutkan penyaluran bantuan kemanusiaan kepada warga terdampak banjir bandang di Banda Tangah, Jorong Gando dan Cacang Batu, Jorong Subarang, Kabupaten Solok, Sumatra Barat. Bantuan berupa air minum, beras, paket sembako, dan kebutuhan lainnya Tampilkan lebih banyak 1 176",positif,2,positif,90,Melaporkan kegiatan penyaluran bantuan kemanusiaan yang merupakan tindakan positif.,False
4105,"Membalas @VIVAcoid @VIVAcoid ; kondisi yg masih sedemikian parah , apakah banjir bandang Sunatera masih layak dikatakan bencana lokal ?? 8 23 74 3 rb",negatif,0,negatif,85,Pertanyaan retoris yang menyiratkan kritik bahwa kondisi banjir sangat parah dan tidak layak disebut bencana lokal.,False
4106,"Membalas @saturngguk Ya Allah, kok begini parah pemimpin Negeri ini. Mrk sama sekali tdk memhami apa yg dibutuhkan rakyat yg kena musibah, tdk memahami hati yg luluh-lantak diterjang banjir, tdk memahami orangtua yg kehilangan semuanya. Cabutlah jabtan Mrk ya Allah, gantilah dg pemimpin yg baik. 16",negatif,0,negatif,98,"Mengungkapkan kekecewaan dan kemarahan yang mendalam terhadap pemimpin, disertai doa negatif.",False
4130,"Membalas @susipudjiastuti @prabowo dan @setkabgoid Presiden guoblok pooolll, banjir parah di Sumatera gak diambil pelajarannya. 1 38",negatif,0,negatif,98,Mengandung kata-kata kasar dan kritik keras terhadap presiden terkait penanganan banjir.,False
4133,Kaget karena sahabat gue di aceh tamiang. Bener bener aceh yg paling parah kena banjir bandang Na gue udah ikhlas sama kondisi apapun lu... tp pls gue ttp berdoa lu masih hidup na 35,negatif,0,negatif,90,Mengungkapkan kekhawatiran dan ketakutan akan keselamatan sahabat yang terdampak banjir parah.,False
4134,"50 helikopter kurang pak. Aceh paling parah terkena banjir seluas hampir 5 juta Ha , Sumbar 500.000 Ha, Sumut 400.000. Wilayah terdampak mencakup sekitar 50 kabupaten/kota, ribuan desa, dan lebih dari 3,3 juta penduduk. Korban jiwa total mencapai 1.030 orang, dengan pengungsi.. 1 7 6 649",negatif,0,negatif,90,"Menyatakan bahwa bantuan tidak cukup dan memberikan data dampak bencana yang parah, menyiratkan kritik atau keprihatinan.",False
4160,"Apakah ini Aceh? No. Sumbar? No. Sibolga? No. Ini di Kalimantan Selatan. Deforestasi besar2an seluruh daerah akan rawan banjir dan longsor. Yg panen cuan pengusaha tambang, Kayu dan Perkebunan. Rugi besar Negara dan Rakyatnya. Putus kita @prabowo , putus! 5 7 613",negatif,0,negatif,95,Mengkritik deforestasi sebagai penyebab banjir dan menyalahkan pengusaha serta pemerintah.,False
4162,"Kemenperin Salurkan Bantuan Untuk Korban Bencana Banjir di Aceh, Sumut, dan Sumbar Menteri Perindustrian, Agus Gumiwang #golkarpedia #partaigolkar #bahlillahadalia #dprri #agusgumiwang 3 1 55",negatif,0,positif,90,"Melaporkan penyaluran bantuan untuk korban bencana, yang merupakan tindakan positif.",True
4167,"Membalas @tvOneNews • Lewat PT Tusam Hutan Lestari, PRABOWO memiliki Hutan Tanaman Industri (HTI) yg berada di HULU SUNGAI yg terdampak Banjir Bandang di Aceh Sumut Sumbar. • HTI BERKONTRIBUSI pd KERUSAKAN EKOLOGI! 5 185",negatif,0,negatif,95,Mengkritik keterlibatan Prabowo dalam HTI yang dianggap berkontribusi pada kerusakan ekologi dan banjir.,False
4181,Membalas @volcaholic1 banjir susulan yang masih terjadi di sumbar. kini pemerintah masih terus mengupayakan bantuan untuk warga di sumbar 59 3 3 118,negatif,0,netral,90,Memberikan informasi faktual tentang banjir susulan dan upaya pemerintah menyalurkan bantuan.,True
4183,"Pengurus Pusat Taman Iskandar Muda (PPTIM) mendesak agar Presiden RI, Prabowo Subianto untuk segera menetapkan status darurat bencana nasional terhadap banjir dan tanah longsor yang melanda Aceh, Sumut dan Sumbar. #BanjirLandaAceh aceh.tribunnews.com PPTIM Usul Bentuk Badan Pemulihan & Pembangunan Pascabencana, Desak Tetapkan Status Darurat... Selain penetapan status bencana nasional, mereka juga mengusul dibentuk badan yang secara terintegrasi mampu menjadi unit kerja untuk pemulihan 112",negatif,0,netral,85,"Melaporkan desakan atau usulan kepada pemerintah, yang merupakan informasi faktual tanpa emosi kuat.",True
4209,"OJK beri relaksasi pembiayaan bagi debitur terdampak banjir & longsor di Aceh, Sumut, dan Sumbar. Berlaku sejak 10 Desember 2025 hingga 3 tahun ke depan untuk bantu pemulihan ekonomi. #OJK #RelaksasiPembiayaan #Bencana 34",positif,2,positif,90,Memberikan informasi tentang relaksasi pembiayaan oleh OJK yang bertujuan membantu pemulihan ekonomi.,False
4226,"Tsunami 2004 16 Kabupaten dan Kota di Aceh terdampak (Bencana Nasional). Bencana Banjir - Longsor 2025 18 Kabupaten dan Kota di Aceh terdampak + Juga 3 Provinsi (Sumut, Sumbar dan Riau) Humas Pemerintah Aceh 6 194 373 13 rb",netral,1,netral,95,Menyajikan perbandingan data dampak bencana secara faktual.,False
4233,Membalas @Gendoet3G Mikir napa kapolri keluarkan per pol saat terjadi banjir bandang bencana di Aceh Sumut dan Sumbar. 1 25,negatif,0,negatif,80,Menyiratkan kritik atau pertanyaan skeptis terhadap tindakan Kapolri di tengah bencana.,False
4247,"Apa Yang Membuat Pemerintah Pusat Belum Menetapkan Bencana Banjir Bandang Sumatera (Aceh, Sumut, Sumbar) Sebagai Bencana Nasional??? #banjirbandang #sumatera #aceh #info #berita 39",negatif,0,negatif,90,Pertanyaan retoris yang menunjukkan ketidakpuasan atau kritik terhadap pemerintah pusat yang belum menetapkan status bencana nasional.,False
4249,"323 Dapur MBG/SPPG hadir melayani warga terdampak bencana banjir di Aceh, Sumut, & Sumbar. ​Kepala BGN Dadan Hindayana pastikan anggaran SPPG di wilayah bencana selalu tersedia. Ini bukti negara hadir saat rakyat membutuhkan gizi seimbang. 73",positif,2,positif,95,"Melaporkan kehadiran dan ketersediaan bantuan serta menegaskan kehadiran negara, bernada positif.",False
4254,Membalas @kumparan Parah banget tapi LEBIH PARAH BENCANA DI ACEH MEDAN SUMBAR YANG GAK DPT PERHATIAN PEMERINTAH SMP BANYAK ORG MENINGGAL KELAPARAN BUKAN KRN KENA BANJIR 784,negatif,0,negatif,98,Mengungkapkan kemarahan dan kritik keras terhadap pemerintah yang dianggap tidak memperhatikan bencana di Sumatera.,False
4265,anjing ah motor mogok 1 15,negatif,0,negatif,95,Mengungkapkan kekesalan dengan kata umpatan karena motor mogok.,False
4267,"buat kang bengkel yg curang, gak jujur gw sumpahin ya lo pada rejekinya seret, bengkel lo bangkrut, dan lo sakit2an. masa motor baru gw service, udh ganti komponen2nya pake yg baru eh gk lama mogok lagi? pdhl gk prnh nabrak atau jatuh tapi rusak sendiri gitu aja 1 293",negatif,0,negatif,98,Mengungkapkan kemarahan dan sumpah serapah terhadap bengkel yang curang.,False
4271,"Banjir rob merendam jalan di kawasan Jakarta International Stadium (JIS) pagi ini. Ketinggian air bahkan mencapai 50 cm hingga banyak motor mogok akibat nekat terjang banjir. Video: Jalan di Kawasan JIS Terendam Banjir Rob, Sejumlah Motor Mogok Dari 20.detik.com 3 rb",positif,2,netral,95,Melaporkan kejadian banjir rob dan dampaknya secara faktual.,True
4276,"dah 2 kali dibangunin gara gara motor mogok disuruh jemput buat tukeran motor, rewel banget motornya minta ke bengkel mulu jir 21",negatif,0,negatif,90,Mengungkapkan kekesalan dan frustrasi karena motor sering mogok.,False
4281,"Cape ngurus motor ieu, meulina mah murah. Ririwitna moal aya:( Jaba jibrug jaba mogok anzeeeengglah 2 1 380",negatif,0,negatif,95,Mengungkapkan kekesalan dan frustrasi yang mendalam karena motor rewel dan mogok.,False
4283,capek bgt anjir tiap mau benerin hp mesti motor mogok lah apalah 13,negatif,0,negatif,90,Mengungkapkan kekesalan dan frustrasi karena motor mogok.,False
4287,Relawan paruh baya yang setiap hari mengantarkan air bersih dari posko kami di Nagan Raya masih sempat membantu menarik mobil mogok di jalan. Pak Adri ini saat tsunami dulu wara-wiri dgn mayat korban di Aceh Barat dan Nagan Raya. Hari ini pun tak mau tinggal diam. 11 37 1 rb,negatif,0,positif,95,Mengapresiasi dedikasi relawan yang terus membantu di tengah kesulitan.,True
4289,Anggota Pos Terpadu Zero Point bantu dorong mobil masyarakat yang mogok di jalan raya. #PolriPresisi #PolresminutHEBAT #Polriuntukmasyarakat #opslilinsamrat2025 #pospam 13,netral,1,positif,90,"Melaporkan tindakan bantuan oleh anggota Polri, menunjukkan dukungan dan pelayanan.",True
4295,"Pembangunan Rumah Korban Bencana mulai jalan nih, Presiden Prabowo gas pol buat Prabowo Pulihkan PascaBencana biar korban gak lama-lama ngungsi di tenda suaradewata.com Presiden Prabowo Tegaskan Pemerintah Siap Bangun Hunian Sementara utk Korban Banjir Sumatera Oleh : Putroe Siron )* Komitmen pemerintah dalam mempercepat pemulihan pascabencana banjir di wilayah Sumatera kembali ditegaskan oleh Presiden Prabowo Subianto. Penegasan tersebut disampaikan saat... 32",negatif,0,positif,95,"Melaporkan komitmen dan tindakan pemerintah untuk membangun hunian bagi korban bencana, bernada positif.",True
4297,"Membalas @dmssptr08 dan @indepenSumatera bayangin dari pulau Jawa itu kan yang kena banjir tiga provinsi tuh (yang Sumatera) nah di gambarin pulau Jawa disitu tapi yang selamat cuma yang di madura. karena madura posisi dipeta ada di pekanbaru, gak selamat kan pulau lainnya kalian ngungsi sementara orang madura santuy 96",netral,1,netral,70,"Menggambarkan skenario hipotetis terkait dampak banjir dan lokasi geografis, lebih bersifat informatif/narasi.",True
4311,"Gaslighting publik itu gampang. Tapi reality check datang pas banjir, rakyat ngungsi, dan pemimpin malah umrah tanpa izin. Teguran Presiden di momen krusial ini penting banget: negara gak boleh toleransi pemimpin yang kabur pas rakyat lagi susah. merdeka.com Presiden Prabowo Tegur Bupati Aceh Selatan Mirwan M.S. yang Umrah Saat Bencana, Sebut Sikap Desersi Presiden Prabowo Subianto tegur keras Bupati Aceh Selatan Mirwan M.S. yang nekat umrah saat wilayahnya dilanda bencana banjir dan longsor, menyebutnya sebagai desersi dan berujung pemberhentian dari... 36",negatif,0,negatif,98,Mengkritik keras tindakan pemimpin yang meninggalkan rakyat saat bencana dan mendukung teguran presiden.,False
4315,"Samalanga kabupaten Bireuen Provinsi Aceh, sedang diguyur hujan dan lokasi ini pernah ngungsi akibat banjir kemarin 130",netral,1,netral,90,Memberikan informasi faktual tentang kondisi cuaca dan riwayat banjir di suatu lokasi.,False
4337,"Terkaget kaget atau shock krn bestieku yg jadi perantau dari BDG ke Medan krn ikut suami kerja disana harus ngungsi di posko bencana alam di wilayah sekitar akibat banjir bandang yang terkena dampak di Aceh, Sumatra Utara dan Sumatra Barat. Stay safe kalian semua! 70",negatif,0,negatif,90,Mengungkapkan keterkejutan dan kekhawatiran atas kondisi teman yang harus mengungsi akibat banjir.,False
4366,"bencana di pulau sumatera ini (aceh-sumut-sumbar) belom ditetapkan sebagai bencana nasional padahal banjir disini udah siaga 1, demi Allah gada satupun tempat yg gak terkena banjir. kami semua ngungsi di mesjid dan tempat ibadah lain, mati lampu dan gada jaringan, kami terisolir. 14 13 61 3 rb",netral,1,negatif,98,"Mengungkapkan keluhan dan keputusasaan atas kondisi banjir yang parah, kurangnya perhatian pemerintah, dan isolasi.",True
4369,alhamdullilah keluargaku masih aman kondisinya cuma masih tetap jaga-jaga buat ngungsi karena kita gapernah tau cuaca. karena kalo didaerahku hujan udah berhenti aku gatau ya kenapa kalo disini agak susah dapet info tentang banjir disumatera tapi kalo diig dan tiktok- 1 77,netral,1,netral,80,"Memberikan informasi tentang kondisi keluarga yang aman namun tetap waspada, serta kesulitan mendapatkan informasi.",False
4379,"Akun penggemar maaf banget ya moots kalo twt aku berisik soal bencana alam di Sumatera, beneran gak tega hati karena ada beberapa mutualku yg terdampak rumahnya banjir sampe sepinggang (alhamdulillah udah ngungsi). plis tetep berisik soal bencana alam ini drpd tumblr anitaasu itu pliss 36",negatif,0,negatif,90,"Mengungkapkan rasa tidak tega dan keprihatinan mendalam terhadap korban banjir, serta desakan untuk terus menyuarakan bencana.",False
4382,"Membalas @marikitaparty dan @wildrafts Alhamdulillah aman ecy, udah pada ngungsi dari kemaren, cuma ya itu, longsor, banjir di mana2, hujan ga berenti2, dan keluarga susah dihubungi soalnya gangguan sinyal, listrik padam 1 35",negatif,0,netral,85,"Memberikan informasi tentang kondisi keluarga yang aman setelah mengungsi, namun juga melaporkan kondisi sulit.",True
4395,"Membalas @santiicuitcuit dan @pshfly3424 Iya aku sempat baca tweetnya yg pas ngungsi karena banjir, tapi yg abis gempa belum ada update kayanya internetnya mati juga 68",negatif,0,netral,85,Memberikan informasi tentang kurangnya update berita karena gangguan internet.,True
4399,"Jujur, kena banjir itu ga enak banget. Barang abis, ga bisa tidur karena air dimana2, ga tenang takut air makin naik, kalo ada lantai 2 ya syukur bisa ngungsi ke atas dulu lah kl ga ada? Aduh nyiksa banget, belum lagi pas udahan banjirnya harus bersihin lumpur dll 13 127 292 14 rb",negatif,0,negatif,98,"Mengungkapkan keluhan dan penderitaan yang dialami akibat banjir, termasuk kerugian dan ketidaknyamanan.",False
4422,"Yg di medan kata gua siap siaga deh. Beberapa uda padam listrik dan internet. Bahkan daerah kota uda banjir tinggi dan mulai ngungsi. Siapin PB, tampung air, stok makanan dll gais. 6 10 698",netral,1,netral,90,Memberikan informasi peringatan dan saran persiapan menghadapi banjir.,False
4450,"Membalas @Kristiy27879988 @Ann_Gwynetha dan 3 lainnya Ada dari seminggu kena banjir rumah terendam , lemari semua sampai seleher cuma dapat bantuan roti sebungkus untuk 1 kk ada cap Kemensos 20",negatif,0,negatif,95,Mengeluhkan bantuan yang tidak memadai meskipun rumah terendam parah.,False
4455,"Hampir Seluruh Rumah Warga Desa Kapa Seperti Sumur Karena Terendam Lumpur Banjir Bandang Sebanyak 431 jiwa warga terpaksa mengungsi ke meunasah setempat. Marhalim (33), salah seorang warga, menjelaskan kondisi rumah-rumah di desanya. aceh.tribunnews.com Hampir Seluruh Rumah Warga Desa Kapa Seperti Sumur Karena Terendam Lumpur Banjir Bandang - Seramb... Banjir bandang ini mengakibatkan 18 rumah hilang, puluhan rumah lainnya rusak berat, dan tujuh pintu keude di desa setempat ikut rusak. 51",negatif,0,netral,95,Melaporkan kondisi kerusakan dan pengungsian akibat banjir bandang secara faktual.,True
4461,"PRAY FOR SUMATERA Hujan tak henti mengguyur, banjir dan longsor merenggut rasa aman saudara-saudara kita di Sumatra. Rumah terendam, jalan terputus, dan banyak keluarga terpaksa mengungsi dengan harap yang tinggal setipis doa. Ayo berdonasi untuk saudara kita!! 141",positif,2,positif,90,Mengajak berdonasi dan menyampaikan doa serta harapan baik untuk korban bencana.,False
4471,"Membalas @KangManto123 Bergerak membantu korban bukan omon² mulu. Korban jiwa sudah ribuan. Rumah, sawah masih banyak terendam lumpur. Presiden kok ngeles 6",negatif,0,negatif,98,Mengkritik pemerintah yang dianggap hanya bicara tanpa tindakan nyata dan 'ngeles' di tengah banyaknya korban.,False
4475,"Tips Aman Menyalakan Listrik Setelah Rumah Terendam Banjir, Keselamatan Nomor Satu Electrizen, pastikan rumah benar-benar aman sebelum menyalakan listrik kembali setelah rumah terendam banjir. Yuk simak tips dari PLN! #PLNUntukSemua #PLNUntukIndonesia #PrayforAceh Tampilkan lebih banyak 21",netral,1,netral,90,Memberikan tips keselamatan yang bersifat informatif dan peringatan.,False
4506,"Meureudu kembali banjir. Aceh, Sumatra, Indonesia Wilayah terdampak kembali terendam malam ini (6 Desember 2025). Hujan lebat yang turun tanpa henti membuat air naik dengan cepat, merendam jalan, rumah, dan fasilitas publik. #prayforAceh 39",negatif,0,netral,90,"Melaporkan kejadian banjir dan dampaknya secara faktual, disertai tagar doa yang tidak mengubah sentimen utama.",True
4510,Wakil Menteri Kesehatan Benjamin Paulus Octavianus telah memantau wilayah banjir di Sumatera. Ia mengungkap sejumlah fasilitas kesehatan (faskes) turut terdampak dari banjir. Setidaknya ada 31 rumah sakit dan 156 Puskesmas yang terendam banjir di Sumatera. >> Tampilkan lebih banyak 1 5 8 4 rb,netral,1,netral,95,Memberikan informasi faktual tentang pemantauan dan dampak banjir terhadap fasilitas kesehatan.,False
4519,"Tips Aman Menyalakan Listrik Setelah Banjir Electrizen, pastikan rumah benar-benar aman sebelum menyalakan listrik kembali setelah rumah terendam banjir. Yuk simak tips dari PLN! #PLNUntukSemua #PLNUntukIndonesia #PrayforAceh #PrayforSumut #PrayforSumbar #PLNUIDSulselrabar 1 16",netral,1,netral,90,Memberikan tips keselamatan yang bersifat informatif dan peringatan.,False
4538,Membalas @Nia_khalil Kota Bandar Lampung yg seumur hidup tidak pernah banjir - dalam 35 tahun terkahir... Tahun 2024 -2025 sudah dua kali banjir hingga beberapa meter diatas permukaan... Rumah warga terendam banjir saat musim hujan tiba... 1 81,negatif,0,negatif,95,"Tweet melaporkan kejadian banjir yang tidak pernah terjadi sebelumnya dan merendam rumah warga, menunjukkan situasi negatif.",False
4554,"Ryan melaporkan keluarganya di Aceh selamat usai banjir dan longsor, meski sempat hilang kontak. Jaringan telepon mulai pulih, tapi jalan terputus dan genangan air masih ada. Rumah orang tuanya terendam air setinggi pinggang. 30",negatif,0,netral,85,"Tweet melaporkan kondisi faktual pasca banjir dan longsor, termasuk kabar baik keluarga selamat namun juga dampak negatif yang masih ada.",True
4568,"Membalas @humaniesproject Coba masu ke daerah langkat, disana belum ada sama sekali bantuan dari pemerintah setempat dan masih banyak rumah yang masih terendam banjir, serta warga kesulitan mengevakuasi diri krn tak tau mau mengungsi kemana 82",negatif,0,negatif,95,Tweet mengeluhkan kurangnya bantuan pemerintah dan kesulitan warga yang rumahnya masih terendam banjir.,False
4585,"Banjir Kota Solok: 3.000+ warga mengungsi, 224 rumah terendam! Hujan deras genangi pemukiman, BPBD evakuasi darurat. Tetap waspada & bantu korban ya! #BanjirSolok #SumbarBencana #BNPB117 #mdkdriz #mdknbl 395",negatif,0,netral,80,"Tweet melaporkan informasi faktual tentang banjir dan evakuasi, disertai ajakan untuk waspada dan membantu korban.",True
4592,"Ratusan rumah warga terendam banjir diAtlas, Ulak Karang Utara, Padang, Sumatra Barat (Sumbar) pada Jumat (28/11) sekitar pukul 01.00 WIB. #PrayForSumatera Puluhan warga terpaksa harus mengungsi dari tempat tinggal masing-masing, meskipun sebagian warga memilih bertahan di Tampilkan lebih banyak 205",negatif,0,netral,85,Tweet melaporkan informasi faktual tentang ratusan rumah terendam banjir dan warga mengungsi.,True
4618,"Innalillahi wainnailaihi rojiuun longsor dan banjir bandang menghantam rumah warga di Sibolga, Provinsi Sumatera Utara. Rumah-rumah terendam dan tertimbun lumpur pekat, banyak kendaraan terseret arus. Mari kita panjatkan doa dan uluran tangan untuk saudara-saudari kita yang Tampilkan lebih banyak 16 26 979",negatif,0,netral,80,"Tweet melaporkan bencana longsor dan banjir bandang yang merusak rumah, disertai ajakan untuk berdoa dan membantu.",True
4619,Banjir Bandang dan Tanah longsor menerjang Tapanuli tengah imbas dari hujan besar kemarin. Dikabarkan 4 warga meninggal dan ribuan rumah saat ini masih terendam 15 88 259 6 rb,negatif,0,negatif,95,Tweet melaporkan bencana banjir bandang dan longsor yang menyebabkan korban jiwa dan ribuan rumah terendam.,False
4665,"Ngerasain banjir masuk rumah di bawah lutut aja stres banget, skrg liat rumah-rumah warga dsktrny di Sumatra smp gak bisa berkata2, ya Allah. Semoga warga Sumatra yang terdampak diberi kesabaran, ketabahan, dan kelapangan hati, Allah beri sebaik-baik balasan bagi yang sabar 35",negatif,0,positif,90,Tweet mengungkapkan empati dan doa untuk kesabaran serta ketabahan bagi korban banjir di Sumatra.,True
4666,"Ada yg tau minta bantuan ke mana ya ini? Teman kami di Lhoksukhon Aceh hari ini baru bisa kasih kabar, katanya berhari-hari belum ada bantuan masuk dan mereka yg di pengungsian pada kelaparan mereka semua mengungsi di masjid karena rumah semuanya hancur terbawa banjir 106",positif,2,negatif,95,Tweet meminta bantuan dan melaporkan kondisi pengungsi yang kelaparan serta rumah hancur tanpa bantuan.,True
4668,"Membalas @forthesonshine dulu 2017 pernah ngalamin banjir gede yang sampe masuk rumah, listrik padam 3 hari tapi bantuan ngalir darimana aja, timsar gercep sisir tiap rumah, diketokin satu satu. ga bisa bayangin di sumatera skala banjirnya lebih gede dan bantuan cuma dateng dari sesama warga 30",positif,2,negatif,90,Tweet membandingkan penanganan banjir di masa lalu yang baik dengan kondisi di Sumatra yang lebih parah dan kurangnya bantuan resmi.,True
4672,"Ga tega bgt liat mbak yg bantu beres"" rumah, bela""in masuk kerja demi nerima gaji mingguan buat anak-anaknya makan mana katanya wilayah dia dpt banjir susulan krn tanggul jebol dan belum dapat bantuan sama sekali, yaampun mau marah sama pemerintah 125",negatif,0,negatif,95,Tweet mengungkapkan kemarahan dan rasa tidak tega melihat korban banjir yang belum mendapat bantuan dan mengalami banjir susulan.,False
4695,Membalas @kuntilanakkkkk_ dan @tanyarlfes Keluarga di Sawang- Krueng mane- Lhok seumawe- belum bisa dihubungi sejak tadi malam. informasi terakhir banjir sudah masuk rumah dan nggak tau keadaan terakhir keluarga mengungsi dimana. 1 301,negatif,0,negatif,90,Tweet mengungkapkan kekhawatiran karena tidak bisa menghubungi keluarga yang terdampak banjir dan tidak diketahui keberadaannya.,False
4696,Membalas @tanyakanrl Sekarang di daerahku sedang mati listrik dan banjir sudah setinggi lutut. Ular-ular juga masuk ke dalam rumah 8 1 rb,negatif,0,negatif,95,"Tweet melaporkan dampak negatif banjir seperti mati listrik, air setinggi lutut, dan ular masuk rumah.",False
4702,"Banjir besar melanda Kota Medan pagi ini. Air masuk kerumah rumah Warga, Listrik Padam, Sejumlah Sekolah Libur Update korban banjir Sumut : 34 Orang meninggal , 52 Warga hilang 40 155 356 14 rb",negatif,0,negatif,95,"Tweet melaporkan banjir besar di Medan dengan dampak serius seperti korban meninggal, hilang, rumah terendam, dan listrik padam.",False
4728,"Material Banjir Tutup Jalur Lubuk Basung–Bukittinggi #Material #Banjir #Tutup #Jalur #Lubuk #Basung #Bukittinggi #Berita #Info matamaluku.com Material Banjir Tutup Jalur Lubuk Basung–Bukittinggi Lubuk Basung (MataMaluku) – Ruas jalan provinsi Sumatra Barat yang menghubungkan Kecamatan Lubuk Basung, Kabupaten Agam, dengan Kota Bukittinggi tertutup material lumpur dan bebatuan akibat meluapnya... 51",netral,1,netral,90,Tweet melaporkan informasi faktual tentang jalur jalan yang tertutup material banjir.,False
4735,"Banjir bandang menerjang sejumlah desa di Kecamatan Tebing Tinggi dan Halong, Kabupaten Balangan, Kalimantan Selatan, pada Sabtu (27/12). Derasnya air datang tiba-tiba usai hujan lebat mengguyur wilayah tersebut sejak tengah malam hingga pagi hari #ibenewsid #ibenewsid #banjir 1 71",netral,1,netral,90,Tweet melaporkan informasi faktual tentang kejadian banjir bandang di beberapa desa.,False
4739,"Penetapan status bencana nasional merupakan keputusan strategis yang butuh banyak pertimbangan. Terutama dalam menjaga kedaulatan, stabilitas nasional, dan memastikan negara tetap memimpin pemulihan. #BencanaAlam #Banjir #BNPB #PrayForSumatera #PeduliSesama 4 5 32",netral,1,netral,80,"Tweet membahas pertimbangan strategis penetapan status bencana nasional dan pemulihan, dengan sentimen dukungan melalui hashtag.",False
4740,"Durian dihadiahkan oleh warga Desa Ekan, Gayo Lues, Aceh, kepada awak helikopter TNI Angkatan Udara yang mengantar logistik. + #Banjir #Aceh ##Cut 2 26 58 7 rb",positif,2,positif,95,Tweet melaporkan tindakan apresiasi warga kepada awak helikopter TNI AU yang mengantar logistik.,False
4741,"Gotong royong seluruh pihak dalam pemulihan bencana sumatra membentuk kekuatan, sebuah mercusuar ketangguhan Nusantara #Bencana #Banjir #tanggapbencana #BanjirSumatera #NationalDisaster 5 4 32",positif,2,positif,95,Tweet mengapresiasi semangat gotong royong dan ketangguhan dalam pemulihan bencana di Sumatra.,False
4749,"(1/2) Sekitar sebulan pasca bencana #banjir dan #longsor di #Sumatra, kembali mengingatkan kita satu hal penting: #ManusiaButuhAlam #KonservasiIndonesia 57",netral,1,netral,85,"Tweet bersifat reflektif dan informatif, menghubungkan bencana dengan pentingnya konservasi alam.",False
4768,"Ya Allah banjir lagi. Hujan deras pada Rabu (24/12/2025) menyebabkan sejumlah sungai & waduk di Bireuen meluap, mengakibatkan puluhan desa di Pandrah, Jeunieb, Peulimbang & Jeumpa tergenang banjir. ___ Merry Christmas Natal --- Aura Kasih Ridwan Kamil 1 3 6 917",negatif,0,negatif,90,Tweet mengungkapkan kekhawatiran dan melaporkan kejadian banjir baru yang menggenangi puluhan desa.,False
4774,"Genie longsor, Ya Allah banjir lagi, stay safe semua 1 126",negatif,0,netral,80,"Tweet melaporkan kejadian longsor dan banjir lagi, disertai harapan agar semua tetap aman.",True
4776,"Ya Allah Banda dah mau sehari ujan. Takut banjir lagi, kasian korban banjir kalo kena lagi. Padahal yang salah bukan hujannya, jadi gelisah banget 23",negatif,0,negatif,95,"Tweet mengungkapkan ketakutan akan banjir susulan, rasa kasihan pada korban, dan kegelisahan.",False
4787,"Membalas @WeatherMonitors Lagi musim ya banjir bawa kayu2 hasil nebang hutan, seolah alam pengen ngasih lihat yang udah dilakuin manusia 1 4 63 4 rb",negatif,0,negatif,90,Tweet mengkritik aktivitas penebangan hutan yang dianggap sebagai penyebab banjir.,False
4797,"Membalas @ARSIPAJA Padahal penanganan dampak banjir kemarin aja belum kelar . dia gak becus, ini lagi. Mau sebegimana lg itu papua mau di eksploitasi ya allah 39",negatif,0,negatif,95,Tweet mengkritik penanganan dampak banjir yang tidak becus dan kekhawatiran akan eksploitasi.,False
4799,"Membalas @dxvxxdr Tentu saja pas sampe kost dilanjut nangisnya Emang lah lagi gk enak badan daritadi liat konten banjir sumatera mewek, liat langsung depan mata ya tambah2 2 46",negatif,0,negatif,95,Tweet mengungkapkan kesedihan dan tangisan setelah melihat konten dan dampak langsung banjir di Sumatra.,False
4827,Membalas @Dharma_tc dan @ganjarpranowo Di Sibolga kemarin juga ada banjir susulan.. Berilah saudara2 kami kekuatan & ketabahan ya Tuhan... Smg tdk ada korban jiwa lagi.. 1 2 4 52,negatif,0,positif,90,"Tweet melaporkan banjir susulan dan memanjatkan doa untuk kekuatan, ketabahan, serta agar tidak ada korban jiwa lagi.",True
4833,"Selesai shalat zuhur berjamaah td ikut menshalatkan jenazah korban banjir yang tidak dpt diidentifikasi lagi, sedihh bgt ya allahhh 28",negatif,0,negatif,95,Tweet mengungkapkan kesedihan mendalam setelah ikut menshalatkan jenazah korban banjir yang tidak teridentifikasi.,False
4837,"Bentar lagi Ramadhan, tapi saudara-saudara kita di Sumatera lagi kena musibah berat. Gimana ya nanti mereka jalani Ramadhannya di tengah masa-masa sulit ini? Semoga Ramadhan tahun ini bukan cuma tentang menahan diri, tapi juga tentang kemanusiaan. Mari peduli bencana banjir Tampilkan lebih banyak 2 3 143",negatif,0,positif,90,Tweet mengungkapkan kepedulian terhadap korban banjir menjelang Ramadhan dan mengajak untuk peduli kemanusiaan.,True
4839,"Membalas @zha_Erza Ya Allah, aku gak bisa bayangin butuh berapa lama buat bersih2 setelah kena lumpur kaya gitu.. semoga kamu & sekeluarga sehat selalu, dan semoga tidak ada banjir susulan lagi, aamiin 1 1 25",negatif,0,positif,90,Tweet mengungkapkan empati atas kesulitan pasca banjir dan memanjatkan doa untuk kesehatan serta tidak ada banjir susulan.,True
4854,"Membalas @ethadisaputra Membaca tulisan dari pelaku sejarah ini menjadikan kita bertanya tanya dengan kondisi saat ini, ya saat bencana banjir bandang di pulau Sumatra. Respon sebagian pejabat yang tidak mengutamakan kebutuhan korban sebagai prioritas. Gilanya lagi bencana jadi panggung pencitraan. GILA 4 88",negatif,0,negatif,95,Tweet mengkritik keras respons pejabat terhadap bencana banjir yang dianggap tidak memprioritaskan korban dan hanya pencitraan.,False
4856,"Membalas @CakD3pp Duuuuh, sedih ya? Ya Allah tolong saudara² kami disana yg lagi terkepung banjir. Knp gak bisa cepat ada bantuan sih? Pemerintah itu punya segala fasilitas dan pejabat² yg pasti sigap dlm mengambil langkah utk membantu. 1 4 65",negatif,0,negatif,95,"Tweet mengungkapkan kesedihan, permohonan bantuan, dan kritik terhadap lambatnya respons pemerintah dalam penanganan banjir.",False
4860,Membalas @pikiran_rakyat Emang bener2 ya ni orang kebelet viral. Dimana ada pusat perhatian orang disitu ada dia. Lu liat noh daerah lu lagi banjir juga. Astagfirullah mo kerja apa mo cari viral si? Cuih 24,negatif,0,negatif,95,Tweet mengkritik dan mencela seseorang yang dianggap mencari popularitas di tengah bencana banjir.,False
4863,"Membalas @AdelaideCh_ Dan dengan bangganya mereka bilang ""lihat, oemerintah cepat kan atasi banjir??"" sambil nahan bantuan dari luar demi ego ""kami bisa tangani sendiri"" Kalo kamu tanya mereka udah gila, ya jawabannya udah bukan gila lagi Lebih gila dari gila... Bunch of psycho bastards 1 2 796",negatif,0,negatif,95,Tweet mengungkapkan kemarahan dan kritik tajam terhadap pemerintah yang dianggap menghambat bantuan luar dan mengklaim penanganan cepat.,False
4877,"Akun komentar Banjir lagi malam ini Ya Allah Desa Kuning I, Aceh Selatan Dari Volcaholic 36",negatif,0,negatif,85,Tweet melaporkan kejadian banjir lagi dengan ekspresi kekhawatiran.,False
4893,"Anakku yg TK td pagi cerita, bu guru kemarin katanya mau kirim barang untuk yg lagi kena banjir. Trs kubilang ""ini kemarin ada uang kamu yg menang lomba, mau ndak buat donasi untuk bantu teman2 yg kena banjir?"" 'iya bu aku mau, ini buat donasi ya' Hatiku hangat 1 36",positif,2,positif,95,"Tweet menceritakan tindakan donasi yang tulus dari seorang anak untuk membantu korban banjir, menimbulkan perasaan positif.",False
4894,"dari mananya letak membaik anjirr ini orang makan makin susah semua2nya beli, lagi kena musibah gini masih dipalakin gilaa bgt pemrentah ini, kapan ya dikirim banjir ke rumah pejabat biar ngerasain gimana susahnya hidup rakyat ini 19",negatif,0,negatif,95,Tweet mengungkapkan kemarahan dan kritik keras terhadap pemerintah yang dianggap tidak peduli dan bahkan membebani rakyat di tengah musibah.,False
4896,"Hai teman teman, yayasan hoshizora @hz_foundation sedang ada penggalangan dana untuk keluarga yang terdampak banjir sumatra termasuk keluarga adik bintang Mungkin bisa bantu sebarkan supaya lebih banyak lagi keluarga yang bisa terbantu dari penggalangan ini ya 1 28 34 7 rb",negatif,0,positif,95,Tweet mengajak untuk menyebarkan informasi penggalangan dana guna membantu keluarga terdampak banjir.,True
4905,"Akun penggemar Membalas @txtdrimedia Ya yaapa lagi, mereka kekurangan makanan, kelaparan, bertahan hidup dengan makanan² sisa, minum air banjir yang dimana sudah terkontaminasi bakteri dari ratusan orang meninggal.. bantuan tidak merata, cuma bisa berharap bantuan dari warga² yg berdonasi.. pemerintah biadab 1 52 2 rb",negatif,0,negatif,95,"Tweet menggambarkan penderitaan parah korban banjir, mengkritik distribusi bantuan yang tidak merata, dan menyebut pemerintah biadab.",False
4912,Presiden @prabowo Sush tahu penyebab banjir bandang di Sumatera namun belum memerinci Yg pasti akan keluar kebijakan2 menuju kebaikan lingkungan sehingga kejadian serupa tak terjadi lagi di manapun ke depannya Ada yg deg deg an gak ya? key dan 9 lainnya 3 8 16 413,netral,1,positif,90,"Tweet melaporkan rencana kebijakan presiden untuk perbaikan lingkungan guna mencegah banjir di masa depan, menunjukkan harapan positif.",True
4919,"YaAllah ada rasa gak berdaya sama korban banjir aceh sumut sumbar, logikanya kalo bantuan masuk, itupun bantuan logistik pasti cuma untuk sekali makan kan ya.. konon lagi gak masuk bantuan sama sekali 32",negatif,0,negatif,95,Tweet mengungkapkan rasa tidak berdaya dan frustrasi atas kurangnya atau tidak masuknya bantuan untuk korban banjir.,False
4920,"ah koncet malah diperkirakan kena banjir ROB lagi babii, banyak x musibah ya akhir tahun ni 66",negatif,0,negatif,90,Tweet mengungkapkan frustrasi dan kekesalan atas perkiraan banjir rob susulan dan banyaknya musibah.,False
4921,"Membalas @nangkeq @fgskwws dan @bbhbaekyoong Eh paok, yg ngasi statement mendukung deforestation, menyepelekan bencana banjir Sumatra, bayar buzzer buat framing negatif korban bencana, juga main kampanye2 di tenda pengungsian itu, semua dilakukan sama presiden dukungan 58% ya. Belum lagi statement bawahannya yg tolol itu 1 1 23 550",negatif,0,negatif,95,"Tweet mengkritik keras presiden dan bawahannya yang dianggap mendukung deforestasi, menyepelekan bencana, dan melakukan kampanye di pengungsian.",False
4930,Membalas @tukangjualmebel dan @1WAKP4RI Bener lagi. Temen banyak yg begini. Asli gedek bgt. Gaada tuh yg update2 masalah banjir ini. Dan rata2 ya pada main tiktok. 3 366,negatif,0,negatif,90,Tweet mengungkapkan kekesalan atas kurangnya perhatian dan pembaruan informasi mengenai masalah banjir.,False
4933,eh jujur bgt WKWKWK gue bnrn lagi lebay bgt beberapa hari ini nangisin korban sumatera yang kena dampak banjir dan yg bikin gue tambah nangis tuh action dr pemerintahnya ga ada... sakit hati bgt bnrn sakit hati sesek bgt sedih knp ya indonesia jdi makin bobrok kayak gini 1 56,negatif,0,negatif,95,"Tweet mengungkapkan kesedihan mendalam, sakit hati, dan kekecewaan atas penderitaan korban banjir dan tidak adanya tindakan dari pemerintah.",False
4985,"Imbas banjir gede kemarin bikin jaringan pln kacau total di beberapa titik. Ada tower tumbang, fondasi rusak, akses jalan ketutup. Tapi petugas tetap gercep turun jd mohon pengertiannya ya, prosesnya lagi dikejar biar cepet nyala 49",negatif,0,netral,85,Tweet melaporkan dampak negatif banjir pada jaringan PLN namun juga menyoroti respons cepat petugas dan meminta pengertian.,True
4986,"Membalas @tekarok007 @konohaberjuang dan @HettyPraba Telek, termul nya bisa nya nyari kambing hitam.. Udah diam aja kalau emang ga bisa berempati sm korban banjir Sumatera.. Tahu sih memang lagi kerja mengalihkan perhatian ya krn junjungan nya ada andil sm banjir itu.. 1 62",negatif,0,negatif,95,"Tweet mengkritik keras pihak yang mencari kambing hitam dan tidak berempati terhadap korban banjir, serta menuduh adanya pengalihan perhatian.",False
4989,Membalas @ulil Jangan lagi salahkan wahabi lingkungan ya lil @ulil pasca banjir sumatera 77,negatif,0,negatif,80,Tweet berisi kritik atau sindiran agar tidak menyalahkan pihak tertentu terkait banjir Sumatra.,False
4996,"Akun parodi temen-temen semua yg di sumatra, aceh, dan semua wilayah yg terkena banjir stay safe semuanya. semoga segala musibah ini lekas segera membaik lagi ya temen-temen 3 22 1 rb",positif,2,positif,95,Tweet menyampaikan harapan dan doa agar semua yang terdampak banjir tetap aman dan musibah segera membaik.,False
5001,Membalas @Jumianto_RK Itu Cuma Survey kan ! BANJIR BANDANG DI SUMATRA URUS YG BENER ! Ratusan Orang MATI Gegara ! Pemerintah ! 18,negatif,0,negatif,95,"Tweet mengungkapkan kemarahan dan menuntut pemerintah untuk menangani banjir bandang dengan benar, menyalahkan pemerintah atas korban jiwa.",False
5060,"DPR Bentuk Panja Alih Fungsi Lahan Usut Penyebab Banjir Sumatra idntimes.com DPR Bentuk Panja Alih Fungsi Lahan Usut Penyebab Banjir Sumatra Komisi IV DPR RI memutuskan untuk membentuk Panitia Kerja Alih Fungsi Lahan guna menindaklanjuti banjir bandang di Sumatra yang mengepung Aceh, Sumatra Utara dan Sumatra Barat. 131",netral,1,netral,95,Berita faktual tentang tindakan DPR untuk mengusut penyebab banjir.,False
5067,"Membalas @wiyokooo Walau gempa besar ini udah diperingatkan oleh BMKG sebelumnya, bencana ini emang gak bisa dihindari jadi mereka berani muncul. Beda sama banjir Sumatra karena penyebab utamanya kerusakan alam yang disebabkan oleh para pejabat dan kroninya yang sekarang masih aktif- 1 1 52 12 rb",negatif,0,negatif,90,Menyalahkan pejabat dan kroninya sebagai penyebab utama banjir akibat kerusakan alam.,False
5069,Video: Kapolri Akan Bongkar Penyebab Banjir Sumatra Video: Kapolri Akan Bongkar Penyebab Banjir Sumatra Dari cnbcindonesia.com 286,netral,1,netral,95,Berita faktual tentang Kapolri yang akan mengusut penyebab banjir.,False
5075,Kapolri Akan Bongkar Sumber Kayu Gelondongan Penyebab Banjir Sumatra cnbcindonesia.com Kapolri Akan Bongkar Sumber Kayu Gelondongan Penyebab Banjir Sumatra Kapolri Listyo Sigit Prabowo akan usut sumber kayu gelondongan penyebab banjir dan longsor di Sumatra. Pelaku akan dihukum! 1 361,netral,1,netral,90,Berita faktual tentang tindakan Kapolri untuk mengusut penyebab banjir dan longsor.,False
5084,"Toba Pulp Lestari (TPL) membantah tuduhan sebagai penyebab banjir dahsyat di Sumatra yang menewaskan 604 orang. Begini penjelasan manajemen radarlawu.jawapos.com Kontroversi Memuncak: TPL Hadapi Tuduhan Deforestasi dan Banjir Besar, Begini Jawabannya! - Radar... Toba Pulp Lestari (TPL) membantah tuduhan sebagai penyebab banjir dahsyat di Sumatra yang menewaskan 604 orang. Begini penjelasan manajemen 60",netral,1,netral,95,Berita faktual tentang bantahan perusahaan terkait tuduhan penyebab banjir.,False
5094,"TOTAL KORBAN: 500 Orang Meninggal Akibat Bencana Banjir Sumatra > 500 org meninggal dan ratusan terluka akibat banjir besar yg dipicu hujan siklon di Indonesia. Ribuan warga di Sumatra terisolasi dan kekurangan suplai penting. Penyebab utama: Siklon Tropis Senyar, Tampilkan lebih banyak 4 212 288 65 rb",negatif,0,negatif,90,Melaporkan jumlah korban meninggal yang tinggi dan dampak bencana yang sangat parah.,False
5106,"Fakta hingga penyebab terjadinya banjir Sumatra yang menjadi duka bagi masyarakat Indonesia. insertlive.com Banjir Sumatra, Duka Indonesia Fakta hingga penyebab terjadinya banjir Sumatra yang menjadi duka bagi masyarakat Indonesia. 269",negatif,0,negatif,90,Menggambarkan banjir sebagai 'duka bagi masyarakat Indonesia' yang menunjukkan kesedihan.,False
5120,"Dampak Banjir Sumatra, Perpamsi: 50 Persen Saluran PDAM Rusak jatim.idntimes.com Dampak Banjir Sumatra, Perpamsi: 50 Persen Saluran PDAM Rusak IDN Times adalah media yang menyajikan berita terkini dan terbaru untuk Gen Z Indonesia. 30",negatif,0,negatif,90,Melaporkan dampak negatif banjir berupa kerusakan infrastruktur penting.,False
5125,"Membalas @Mongvns @beyipuffs dan @tanyarlfes Tujuan gue ngomong bukan bela mereka karna gapernah berasa dampak pemerintah disini, cuma kalian terlalu fokus salahin mereka, kalp mau nuntut tuh minta bantuan buat kita di sumatra yg jelas dari dulu rawan gempa longsor banjir bandang, tsunami bukan salah salahan 2 109",negatif,0,negatif,85,Mengungkapkan kebutuhan akan bantuan untuk daerah yang rawan bencana dan mengkritik fokus pada saling menyalahkan.,False
5127,"Membalas @cama_latte Bercanda juga tahu tempat dan situasi. Malah pada ngeramein dan ngebercandain banjir dengan dalih beda tempat lah, ini bukan sumatra lah. Kalian ga tahu apa yg bakal terjadi dan apa dampak pada orang2 setempat, tolong mulutnya dijaga. 1 59",negatif,0,negatif,95,Mengkritik dan marah terhadap orang yang bercanda tentang bencana banjir.,False
5128,"update infografis (Jum'at, 5 Desember 2025 Pukul 03.17 WIB) Berkaitan dengan Dampak Bencana Banjir yang melanda Provinsi Aceh, Sumatra Utara dan Sumatra Barat. Terhitung ada 51 Kabupaten/kota yang terdampak 28",netral,1,netral,95,Memberikan informasi faktual tentang jumlah daerah yang terdampak banjir.,False
5133,Penanganan Dampak Banjir di Sumatra Jadi Prioritas Nasional - Click to see also ☛ Penanganan Dampak Banjir di Sumatra Jadi Prioritas Nasional Dari thinkmedio.com 18,positif,2,netral,95,Berita faktual tentang penanganan banjir yang menjadi prioritas nasional.,True
5139,Dampak Banjir Sumatra bagi Mahasiswa Papua 1 32,netral,1,netral,95,Informasi faktual tentang dampak banjir pada kelompok tertentu.,False
5147,"Membalas @GrowWinID Bencana banjir dan longsor besar di Sumatra diduga kuat dipicu oleh kerusakan hutan dan aktivitas pembalakan liar di hulu sungai. Banyak pihak melaporkan bahwa penebangan liar memperparah dampak banjir, menyebabkan ribuan kayu gelondongan hanyut terbawa arus deras. 1 41",negatif,0,negatif,90,"Menyatakan penyebab bencana adalah kerusakan hutan dan pembalakan liar, menunjukkan kritik terhadap aktivitas tersebut.",False
5150,ga kebayang perasaan temen² aku yg keluarganya terkena dampak banjir sumatra :((( 26,negatif,0,negatif,95,Mengekspresikan kesedihan dan empati terhadap korban banjir.,False
5184,"Situasi di Tanjung Pura, Kabupaten Langkat, Sumatera Utara, terekam dalam video yang menunjukkan dampak bencana hidrometeorologi yang tengah melanda sejumlah wilayah di Sumatra. Genangan banjir setinggi hampir selutut orang dewasa merendam kawasan tersebut dan menyebabkan akses Tampilkan lebih banyak 3 13 1 rb",netral,1,netral,90,Deskripsi faktual tentang situasi banjir dan dampaknya di suatu wilayah.,False
5190,"Membalas @miyuwmiyaw dan @egaalice Tolong bantu up sampai pemerintah pusat turun tangan untuk mengevakuasi korban bencana banjir sumatra. Jangan sumber daya alam kami saja yang dikeruk, menikmati fasilitasnya, tapi dampak dari ini semua, warga yang menanggung akibatnya #PrayForSumatera 88",negatif,0,negatif,90,Permintaan bantuan kepada pemerintah dan kritik terhadap eksploitasi sumber daya alam tanpa tanggung jawab.,False
5192,"Membalas @tanyarlfes Btw ada yg aneh gk sih liat banjir sumatra ni ko banyak bgt potong an kayu loh,gw yakin ini salah satu dampak pemotongan yg berlebihan ,semoga banyak yg selamat ,ya rab berikan keselamatan saudara kami di sumatra amin... 3 37 1 rb",positif,2,negatif,85,Mengungkapkan kekhawatiran tentang penyebab banjir (pemotongan kayu berlebihan) dan mendoakan keselamatan korban.,True
5195,"Stop penebangan hutan dengan dalih kalian buka lahan,sekarang Sumatra banjir di mana-mana salah satu dampak hutannya tak lagi seperti dulu. 179",negatif,0,negatif,95,Kritik dan seruan untuk menghentikan penebangan hutan yang dianggap sebagai penyebab banjir.,False
5204,"Miniatur banjir bandang di Sumatera, semoga Allah mengganti setiap luka dan kehilangan menjadi kekuatan dan digantikan yang lebih baik Semoga lekas membaik #prayforsumatera #miniature #diorama #AI 1 4 586",negatif,0,positif,95,Mengungkapkan doa dan harapan untuk pemulihan serta kekuatan bagi korban.,True
5205,"1/10 Banjir+longsor Sumatera 2025: korban 961 jiwa, 1 juta+ mengungsi. Estimasi pemulihan? Awalnya Rp51,8 T (BNPB), tapi kalau lengkap + rumah warga + lahan = Rp75-85 T. Thread ringkasan fakta & skenario #PrayForSumatera #stoppembalakanhutan #Prabowo 44",negatif,0,negatif,90,"Melaporkan statistik korban dan kerugian yang besar, serta menyertakan seruan untuk menghentikan pembalakan hutan.",False
5210,Lanud Adi Soemarmo Salurkan Bantuan Untuk Korban Bencana Alam Di Sumatera #PrayForSumatera 2 81,negatif,0,positif,95,Melaporkan penyaluran bantuan untuk korban bencana.,True
5215,"Kepada yang amat terhormat Presiden RI bpk. @prabowo , apakah sekiranya etis bapak seorang kepala negara yang sedang terjadi bencana hebat di negaranya justru meninggalkan negaranya untuk kunker ke Pakistan? #SumateraPrioritasNasional #PrayForSumatera 1 1 78",negatif,0,negatif,95,Mengkritik tindakan Presiden yang dianggap tidak etis di tengah bencana besar.,False
5224,"Bencana Sumatra itu kayak saat warga Wall Maria pertama lihat Colossal. Tapi yang lebih ngeri bukan yang muncul di depan mata, melainkan sejarah panjang perusakan dan kerakusan di balik itu. #PrayForSumatera 48",negatif,0,negatif,90,Menggambarkan bencana dengan analogi mengerikan dan menyalahkan sejarah panjang perusakan dan kerakusan.,False
5225,"Update banjir & longsor Sumatera setakat 7.00 malam: 940 korban meninggal, 276 hilang. Operasi SAR masih berlanjut di Aceh, Sumut & Sumbar. #BanjirSumatera #PrayForSumatera Update 7 Desember Korban Bencana Sumatra: 940 Meninggal, 276 Hilang Dari cnnindonesia.com 66",negatif,0,negatif,95,Melaporkan jumlah korban meninggal dan hilang yang sangat tinggi akibat bencana.,False
5227,"Membalas @bekalicky dan @tempodotco Paman Gajah lagi kerja bersihkan puing kayu gelondongan banjir bandang dan longsor, malah kedatangan Team Rescue tak guna #PrayForSumatera @sharpandshark @barengwarga 2 5 239",negatif,0,negatif,90,Mengkritik tim penyelamat yang dianggap tidak berguna.,False
5236,Membalas @ACEH_Foundation Kabupaten Aceh Tamiang menjadi wilayah paling terdampak pascabencana banjir & longsor. Lumpuh Total. #YARAPeduli Posko Donasi Bantuan Bencana Banjir & Longsor #PrayforAceh #PrayForSumatera #banjir #longsor #YARABerbagi Semoga berkah & bermanfaat 2 70,positif,2,positif,80,Menginformasikan dampak parah bencana namun juga menyertakan informasi posko donasi dan doa baik.,False
5243,Membalas @chiyokaveyde Bukti penyaluran dana Charity stream kemarin #PrayForSumatera #PrayForIndonesia 1 38,netral,1,positif,95,Melaporkan bukti penyaluran dana amal.,True
5260,Ferry Irwandi kecewa dengan banyak pihak yang coba memperkeruh situasi bencana. Di lapangan seluruh elemen saling bahu membahu mengatasi bencana Sumatera. #PrayForSumatera #yukgasss 1 1 1 138,positif,2,positif,85,Mengungkapkan kekecewaan terhadap pihak yang memperkeruh situasi namun juga menyoroti upaya kolaborasi positif dalam penanganan bencana.,False
5280,"Ditengah pedihnya bencana, empati dan kebaikan rakyatpun masih diajak kompetisi dengan angka mata uang. @DPR_RI Anggota kalian sebenarnya mewakili siapa? #PrayForSumatera #10MvsTriliun #NegaraHebat 47",negatif,0,negatif,95,Mengkritik dan mengungkapkan kekecewaan terhadap pemerintah/DPR di tengah bencana.,False
5281,"Pemerintah terus memperkuat mitigasi dan mempercepat pemulihan di seluruh daerah terdampak bencana. Evakuasi, logistik, dan perbaikan infrastruktur bergerak sejak hari pertama #PrayForSumatera #SumateraKuat #PelukJauhSumatera #DukaSumateraDukaKita 1 3 32",negatif,0,positif,95,Melaporkan tindakan positif pemerintah dalam penanganan bencana dan menunjukkan solidaritas.,True
5284,Kok bisa @RajaJuliAntoni @kemenhut_ri @GakkumKLHK @ListyoSigitP @indo_pol @psi_id #PrayForSumatera @prabowo @Gerindra @DPR_RI @puanmaharani_ri @KemenLHK @Haniffaisol_N #IndonesiaGelap #TolakUUTNI #SupremasiSipil #MariBangunKesadaran #TolakOkupasiTanahRakyat #Desember2025 25,negatif,0,negatif,90,Mengungkapkan kritik dan pertanyaan terhadap berbagai pihak pemerintah dan kebijakan dengan hashtag negatif.,False
5286,Percaya Ama @ZUL_Hasan Ama kyk percaya Dajjal masuk surga wkwkk #PrayForSumatera Relawan 12.12 Blibli AKUUU MADDYYY Amanda Zahra Senin BPN Update Cilok Filipina. 1 2 296,positif,2,negatif,90,Menggunakan sarkasme dan perbandingan negatif untuk mengkritik seorang tokoh publik.,True
5287,"Biasanya hanya lihat atraksi saat 17an dan lihat seperti ini di Film-film.. Lihat kegiatan ini dikejadian nyata berasa Wow, It's Real... TNI kita Kerenn... @Puspen_TNI @_TNIAU #PrayForSumatera #AllEyesOnSumatera instagram.com INFO BENGKALIS-RIAU (@bengkalisku) • Instagram reel 34",positif,2,positif,95,Mengekspresikan kekaguman dan apresiasi terhadap tindakan TNI.,False
5288,Membalas @ARYAAZABASE Tiap kali buka x lalu baca berita tuh rasanya nyess bgt ya allah... #PrayForSumatera #AllEyesOnSumatera #BENCANANASIONAL #NATIONALDISASTER 28,negatif,0,negatif,95,Mengekspresikan kesedihan mendalam setelah membaca berita bencana.,False
5300,"Indonesia berduka bersama Sumatra. Doa dan bantuan terus mengalir, semoga Bapak Prabowo juga hadir membantu. Sumatra butuh kita. #PrayForSumatera #kitapeduli 41",negatif,0,positif,85,"Mengungkapkan duka namun juga doa, harapan bantuan, dan solidaritas.",True
5302,"Membalas @__AnakKolong Ujung² prpyek pengadaan, cuan pun mengalir dgn deras. Mngatasnamakan Rakyat dgn dalil bencana, adlh tindkan MUSANG berbulu domba #PrayForSumatera 1 38",negatif,0,negatif,95,Mengkritik keras pihak yang dituduh memanfaatkan bencana untuk keuntungan pribadi.,False
5310,Membalas @__AnakKolong @KemensetnegRI dan 2 lainnya Teknologi canggih manusianya gagap se gagap gagapnya. Balapan gugup se gugup gugupnya. #PrayForSumatera 1 152,negatif,0,negatif,90,Mengkritik ketidakmampuan manusia dalam menghadapi bencana meskipun ada teknologi canggih.,False
5317,"Pemerintah saat ini sepertinya hanya ingin ""hadir ketika ada masalah"" bukan untuk ""menyelesaikan masalah"" #PrayForSumatera 1 12",negatif,0,negatif,90,"Mengkritik pemerintah yang dianggap hanya hadir saat masalah muncul, bukan menyelesaikannya.",False
5329,Beda sekali ini kader @PKSejahtera satu ini yg juga Istri Gubernur Sumbar. #PrayForSumatera 148,netral,1,netral,70,Pernyataan observasi tanpa indikasi sentimen yang jelas.,True
5348,"Miris Siapa yg salah pembantu Presiden atau presiden nya BMKG sdh kasih peringatan 8 hari sebelum bencana, tapi respons pemerintah baru ramai setelah korban berjatuhan. Bukan kurang info yg kurang itu kemauan untuk bergerak cepat. Negara hadirnya selalu telat. #PrayForSumatera 1 3 5 152",negatif,0,negatif,95,Mengungkapkan kekecewaan dan kritik terhadap lambatnya respons pemerintah terhadap peringatan bencana.,False
5351,TERHARU! Pak Prabowo mencoba makanan di dapur umum Bireun untuk korban bencana #BENCANANASIONAL #prabowo #PrayForSumatera #prayforaceh #bireun 3 60,negatif,0,positif,95,Mengekspresikan rasa terharu dan melaporkan tindakan positif seorang tokoh.,True
5362,Korban-korban MD di dalam mobil-mobil #prayforaceh #PrayForSumatera 3 38 74 3 rb,negatif,0,negatif,95,"Melaporkan penemuan korban meninggal dunia, menunjukkan tragedi.",False
5371,Membalas @ommi_siregar Astaghfirullahaladziim … #PrayForSumatera #StopDeforestation 23,netral,1,negatif,90,Mengekspresikan kesedihan/keterkejutan dan seruan untuk menghentikan deforestasi.,True
5374,"Segenap manajemen PakeDriver menyatakan belasungkawa dan turut berduka atas musibah banjir bandang yang terjadi di wilayah Aceh, Sumut dan Sumbar. Semoga Tuhan YME memberikan ketabahan, kesabaran dan kekuatan bagi korban yang terdampak. #PrayForSumatera 128",negatif,0,positif,95,Menyatakan belasungkawa dan mendoakan ketabahan serta kekuatan bagi korban.,True
5390,"Membalas @tempodotco Sempet2 nya dia pidato sawit sawit sawit, ditengah2 kondisi bencana besar gini. Mabok sawit apa gimana sih pak ??! #wargabantuwarga #PrayForSumatera #RIPhatinuranipemerintah 1 4 1 rb",negatif,0,negatif,95,Mengkritik keras seorang tokoh yang dianggap tidak peka terhadap situasi bencana.,False
5394,"Surabaya, 07/12/25. #PrayForSumatera #AllEyesOnSumatera #arekgerak #LMI #Moedaberkelana #kawanhealing 1 21 56 3 rb",netral,1,positif,90,Menggunakan hashtag yang menunjukkan solidaritas dan dukungan untuk Sumatra.,True
5411,guys yang open donasi buat Sumatera tapi berupa pakaian itu yang paling tepercaya dimana ya? #PrayForSumatera 119,netral,1,positif,90,"Mencari informasi untuk menyalurkan donasi, menunjukkan niat membantu.",True
5412,Membalas @_bangagoengDuA dan @prabowo Jancok #OrdeOmonOmon #PrayForSumatera 1 23,negatif,0,negatif,95,Menggunakan kata umpatan dan hashtag kritis yang menunjukkan kemarahan atau frustrasi.,False
5429,Membalas @narkosun @tedy_bambang dan @prabowo Pecat Raja juli #PrayForSumatera #JusticeForSumatra #SaveForestIndonesia 1 1 42,negatif,0,negatif,95,Menuntut pemecatan seseorang dan menyerukan keadilan serta perlindungan hutan.,False
5431,Membalas @indepenSumatera Kami MATI Kelaparan #PrayforSUMATERA Kami MATI Kelaparan #PrayforSUMATERA Dari linkedin.com 2 6 2 rb,negatif,0,negatif,95,Mengungkapkan penderitaan dan kelaparan yang ekstrem.,False
5441,Akun komentar Syukurlah rakyat kita kuat. Soalnya bantuan resmi biasanya datang setelah fase sabar habis. Bukan begitu kiranya bang @Dandhy_Laksono ? #fakta #PrayForSumatera 42,positif,2,negatif,90,Mengandung sarkasme dan kritik terhadap lambatnya bantuan resmi.,True
5443,"gambaran laknatnya israel urusan tutup jalur bantuan kemanusiaan buat palestina, ada di negara kita sekarang ini. #PrayForSumatera #PrayForIndonesia 29",positif,2,negatif,95,Mengkritik keras situasi bantuan kemanusiaan dengan perbandingan negatif.,True
5444,Dari Depok-Sleman siap meluncur ke Sumatera. @PKSejahtera @pksdiy @PKSSleman_DIY #pkspeduli #pksdekat #PrayForSumatera 1 1 38,positif,2,positif,95,Menunjukkan kesiapan untuk memberikan bantuan dan kepedulian.,False
5452,"10 tahun dipimpin yang katanya ""sarjana kehutanan UGM"", semua mata tidak melihat ijazahnya tapi melihat 3 provinsi kehilangan hutan dan nyawa. . . Minggu Sumatra Aceh banjir prabowo jokowi anies #PrayForSumatera #prayforsibolga #PrayForTapanuli #indonesia kita bisa 59",negatif,0,negatif,90,Mengkritik kepemimpinan yang menyebabkan kerusakan hutan dan korban jiwa.,False
5455,Membalas @aqr_community Sumatera sedang berjuang. Jangan berpaling #PrayForSumatera #PrayForAceh #BENCANANASIONAL #NATIONALDISASTER 37,positif,2,netral,80,"Menyatakan kondisi perjuangan dan seruan untuk tidak berpaling, lebih ke informasi dan ajakan.",True
5490,"""Musibah Kali ini Seperti Tsunami Jilid 2"" sambil meneteskan Airmata seperti itulah ungkapan Gubernur Aceh. Reportase tim posko 3 Ma'had At-Tashfiyah Kuala Simpang. Oleh : Abu Atha Lokasi : Aceh Tamiang #PrayForSumatera #prayforaceh #BENCANANASIONAL 2 10 433",negatif,0,negatif,95,Menggambarkan tingkat keparahan musibah dan kesedihan yang mendalam.,False
5494,Satu lagi kerja penanganan bencana yang perlu diapresiasi nih. Thx to ⁦ @pln_123 ⁩ #prayforsumatera #salingbantu Afrizal Saputra (@afrizal_pby) on Threads Dari threads.com 45,positif,2,positif,95,Mengungkapkan apresiasi terhadap upaya penanganan bencana.,False
5507,Dulu Marapi alah mambari Pasan.. Kalam Sakuliliang Tanah Data Jo Luhak Agam...... Datang Juo Salamoko..... Nan ditakuikan..... Kini Aie Baluluak Nan Marandam... #PrayForSumatera 1 72,netral,1,negatif,90,Mengungkapkan ketakutan dan kenyataan bencana banjir yang merendam.,True
5511,ACEH TAMIANG MASIH BUTUH KITA Aktivasi RSUD Aceh Tamiang adalah tujuan utama untuk akses vital kesehatan. #Acehtamiang #prayforsumatera 2 6 591,netral,1,netral,85,Menyatakan kebutuhan mendesak akan bantuan dan akses kesehatan.,False
5512,Membalas @kompascom Disegerakan Pak proses Evakuasi dan bantuannya... @prabowo @BNPB_Indonesia #PrayForSumatera #AllEyesOnSumatra 304,positif,2,negatif,90,"Menuntut percepatan proses evakuasi dan bantuan, mengindikasikan ketidakpuasan atau urgensi.",True
5531,"Katanya ""bukan bencana nasional"", tapi pejabrut pusat nasional dari pucuk sampe bawah mulai datang untuk mencitrakan diri... Dasar somplak! Rakyat bantu rakyat #PrayForSumatera 22",negatif,0,negatif,95,Mengungkapkan kemarahan dan kritik terhadap pejabat yang dianggap tidak tulus.,False
5534,SEMOGA KEADAAN KEMBALI PULIH #PrayForSumatera 2 36,positif,2,positif,95,Mengungkapkan harapan dan doa untuk pemulihan kondisi.,False
5536,"Tim Relawan LAZISKU Distribusikan Bantuan Menyusuri Sungai Wampu Menuju Desa Tapak Kuda yang Terisolir - Ini Kebumen #lazisku #sungaiwampu #PrayForSumatera #desatapakkuda inikebumen.com Tim Relawan LAZISKU Distribusikan Bantuan Menyusuri Sungai Wampu Menuju Desa Tapak Kuda yang... Tim Relawan LAZISKU mendistribusikan bantuan dengan menyusuri Sungai Wampu menuju Desa Tapak Kuda, Tanjung Pura, Langkat, yang Terisolir. 1 44",positif,2,netral,90,Laporan faktual tentang distribusi bantuan ke daerah terisolir.,True
5550,"Lah, pemerintah selama ini kemana aja? Kocak!! Upaya preventif itu lebih penting daripada rehabilitasi! Mundur aja kalian kalau nggak bisa dalam bekerja (fungsi pemerintah itu adalah membuat kebijakan & melakukan pengawasan)! #PrayForSumatera finance.detik.com Menteri LH Stop Operasional 3 Perusahaan Diduga Penyebab Banjir Sumut, Ada BUMN Menteri Lingkungan Hidup menghentikan operasional tiga perusahaan di DAS Batang Toru untuk audit lingkungan. 42",negatif,0,negatif,95,Mengungkapkan kritik keras dan kemarahan terhadap kinerja pemerintah.,False
5552,Turut mendoakan untuk teman-teman yang berada di Sumatera dan terdampak bencana banjir. Semoga keadaan lekas pulih.. #PrayForSumatera #BENCANANASIONAL #NATIONALDISASTER 160,positif,2,positif,95,Mengungkapkan doa dan harapan untuk pemulihan korban bencana.,False
5555,"Ada yang menyiapkan tataan menyambut tahun 2026, namun sebagian saudara kita menata kehidupan mereka dimulai dari Nol. #sumatra #banjir #PrayForSumatera 1 39",netral,1,negatif,90,Menyoroti dampak parah bencana yang membuat korban harus memulai hidup dari nol.,True
5556,"Keadaan terkini banjir di Sumatera (sekitar jam 4:00 petang): Banyak wilayah di Sumatera — terutama Aceh, Sumatera Utara dan Sumatera Barat — masih dilanda banjir bandang dan tanah longsor. # #PrayForSumatera cnnindonesia.com Kondisi Terkini Daerah Terdampak Bencana Sumatra Ribuan orang terdampak bencana banjir bandang dan tanah longsor melanda tiga provinsi di Pulau Sumatra. Berikut update terbaru kondisi bencana tersebut. 77",netral,1,netral,95,Memberikan informasi faktual mengenai kondisi terkini bencana banjir.,False
5560,"Siklon Tropis Senyar #PrayForSumatera, #BanjirSumatera, #BanjirAceh Apa sih siklon tropis senyar , yang menyebabkan hujan deras di daerah Sumatera ? Siklon senyar adalah pusaran angin kuat di laut yang memicu : Hujan deras Angin kencang Gelombang tinggi Efeknya Tampilkan lebih banyak 56",netral,1,netral,95,Memberikan informasi dan penjelasan faktual tentang siklon tropis sebagai penyebab hujan deras.,False
5562,"Peduli Lindungi Sumatera Yuk bantu saudara kita di Sumatera! Bencana datang tanpa diduga, tapi kebaikan kita bisa datang kapan saja. Sisihkan sedikit rezeki untuk korban bencana Sumatera Dana, Pakaian, Dll Donasi akan disalurkan melalui Yayasan Asar Humanity #PrayForSumatera 2 6 505",negatif,0,positif,95,Mengajak untuk berdonasi dan menunjukkan semangat membantu.,True
5567,"Innalillahi wa inna ilaihi raji’un.⁠ ⁠ Kami turut berduka yang sedalam-dalamnya atas musibah banjir bandang yang terjadi di Aceh dan Sumatera.⁠ Semoga Allah memberikan kekuatan, kesabaran, dan perlindungan kepada semua saudara kita yang sedang diuji.⁠ ⁠ #PrayForAcehSumatera 1 40",negatif,0,positif,95,"Mengungkapkan belasungkawa, empati, dan doa untuk korban.",True
5577,"Bangun tidur dibuat nangis sama korban banjir di aceh ngomong gini. ""Pengen pulang kerumah, tapi rumah kami udah ga ada"" Damnn, bersyukur lah kalian yang masih bisa tidur dirumah 42",negatif,0,negatif,95,Mengungkapkan kesedihan mendalam dan kehilangan rumah akibat bencana.,False
5583,Membalas @P3gEl Lemparkan ke mata orang yang ngomong kalau bencana banjir bandang di Aceh itu cuma biasa saja... 2 12 308,negatif,0,negatif,90,Mengungkapkan kemarahan terhadap pihak yang meremehkan bencana.,False
5588,"Humanis,,relawan yang tergabung dalam Jaringan pendukung Anies Baswedan ukut salurkan bantuan pada korban banjir Aceh dan Sumatera 3 4 440",negatif,0,netral,90,Laporan faktual tentang penyaluran bantuan oleh relawan.,True
5594,GUBERNUR ACEH BERSEDIH HATI MELIHAT DARI UDARA KAMPUNG2 YANG HILANG DITELAN BANJIR BANDANG video Ruang Waktu! #TikTok TikTok · Ruang Waktu Dari tiktok.com 1 9 13 461,negatif,0,negatif,95,Menggambarkan kesedihan dan kehancuran desa akibat banjir bandang.,False
5606,"Anies Mendongeng untuk Anak Korban Banjir di Aceh, Tenda Pengungsian Pecah gelora.co Anies Mendongeng untuk Anak Korban Banjir di Aceh, Tenda Pengungsian Pecah GELORA.CO - Mantan Gubernur DKI Jakarta sekaligus eks Calon Presiden Anies Baswedan mendongeng di tenda pengungsian anak korban banjir Aceh... 3 12 1 rb",negatif,0,positif,90,Menggambarkan tindakan positif berupa hiburan dan dukungan moral untuk anak-anak korban banjir.,True
5608,"Membalas @lalaayeyeyee dan @ridwanadit Fakta menunjukkan MBG tidak memakai dana penanggulangan bencana, tetapi lebih dahulu hadir membawa makanan bagi korban banjir di Aceh sebagai kerja nyata yang nyata manfaatnya #LanjutkanMBG 28",negatif,0,positif,90,Memuji tindakan nyata dan bermanfaat dalam memberikan bantuan kepada korban banjir.,True
5616,Membalas @riatri_ria Jangan mengELAK ya #EndipatWijaya ktika nanti di #Riau terjadi bencana banjir yg lebih dahsyat dari #Aceh ... Kan anda dan #Menhut juga yg mengeluarkan izin ? #Prabowo #Gerindra 55,negatif,0,negatif,95,Mengandung kritik dan tuduhan terhadap pihak yang dianggap bertanggung jawab atas potensi bencana.,False
5628,Detik-Detik Banjir Bandang Aceh Tengah: Arus Deras Seret Tumpukan Kayu Raksasa! #BanjirBandang #AcehTengah #Takengon #BenerMeriah 1 37,netral,1,netral,90,Memberikan deskripsi faktual tentang kejadian banjir bandang.,False
5632,"Melihat video Najwa dan Mualem, sesak dan sedihnya berasa sekali Ya Allah, kuatkanlah aceh dan seluruh warga indonesia yg terdampak dr banjir atau bencana lainya 85",positif,2,positif,95,"Mengungkapkan kesedihan, empati, dan doa untuk kekuatan bagi korban bencana.",False
5640,"Pemulihan pasca banjir dan longsor di Aceh, Sumut, dan Sumbar terus dipercepat. Pemerintah terus bergerak mendistribusikan logistik, mendirikan shelter, serta mengoperasikan dapur umum di wilayah terdampak banjir. Simak selengkapnya di video berikut. 21 9 36 1 rb",positif,2,netral,95,Memberikan informasi faktual tentang upaya pemulihan dan bantuan pemerintah.,True
5643,Terimakasih Kepada Seluruh Masyarakat Abdya terkhusus nya Bupati Abdya yang telah menyalurkan Bantuan untuk Korban Banjir di Kabupaten Aceh Timur 35,negatif,0,positif,95,Mengungkapkan terima kasih atas penyaluran bantuan kepada korban banjir.,True
5651,"Visualisasi malam di Aceh tampak keliatan dari satelit VIIRS-nya NASA. Banyak wilayah gelap gulita akibat listrik mati. Tapi presidennya masih aja sempat percaya, banjir di Sumatera gak separah seperti aslinya. 7 341 567 22 rb",negatif,0,negatif,95,Mengkritik presiden yang dianggap meremehkan tingkat keparahan bencana.,False
5655,BRIMOB BAGI-BAGI MASKER KEPADA KORBAN BANJIR DI ACEH TAMIANG 39,negatif,0,netral,90,Laporan faktual tentang pembagian masker kepada korban banjir.,True
5659,"Banjir bandang di Aceh, Sumatera Utara, dan Sumatera Barat menimbulkan kerusakan luas. Jalan dan jembatan terputus, rumah bertumpuk di atas rumah, permukiman tertutup lumpur, dan deretan luka lain yang belum seluruhnya terucap. Presiden dan para menteri turun langsung menjejak Tampilkan lebih banyak 1 7 10 6 rb",negatif,0,negatif,90,Menggambarkan kerusakan luas dan dampak parah akibat banjir bandang.,False
5667,"BRIMOB ACEH GELAR DAPUR LAPANGAN, BANTU MASYARAKAT TERDAMPAK BANJIR 1 14",netral,1,netral,90,Laporan faktual tentang bantuan dapur lapangan untuk masyarakat terdampak banjir.,False
5670,"gw abis liat tiktok, scroll, menemukan konten yg bahas banjir di aceh n sumatra. n yap, buzzer + warga"" tolol itu masih aja ngebelain pemerintah. like? anjayyy, gobloknya uda sampe ke nadi"" anjir 34",negatif,0,negatif,95,Mengungkapkan kemarahan dan kritik keras terhadap pembelaan pemerintah di tengah bencana.,False
5681,"Menteri Dalam Negeri Tito Karnavian akhirnya mengambil langkah tegas soal polemik Bupati Aceh Selatan Mirwan MS yang kedapatan umrah di tengah warganya dilanda banjir. Mirwan resmi dinonaktifkan sementara selama tiga bulan karena pergi ke luar negeri tanpa izin. Tito menegaskan, Tampilkan lebih banyak 87",negatif,0,netral,90,Laporan faktual tentang tindakan disipliner terhadap pejabat terkait bencana.,True
5682,Terungkap! PT THL yang Dituding Pemicu Banjir Aceh Berelasi dengan Bank BSI - Terungkap! PT THL yang Dituding Pemicu Banjir Aceh Berelasi dengan Bank BSI Dari gelora.co 46,negatif,0,netral,85,Memberikan informasi faktual tentang tuduhan penyebab banjir.,True
5690,"Kegagalan empat BUMN strategis @pln_123 , @MyPertaminaID , @TelkomIndonesia , dan @Telkomsel dalam memulihkan layanan di Banda Aceh setelah 14 hari pasca-banjir adalah bukti nyata ketidaksiapan infrastruktur kritis nasional. 1 113",negatif,0,negatif,95,Mengkritik kegagalan BUMN dan ketidaksiapan infrastruktur pasca-banjir.,False
5696,"Membalas @IndiraNews Ide ini muncul usai bencana banjir dan longsor melanda Aceh, Sumatera Utara, dan Sumatera Barat. Dalam tanggapannya Puan meminta masyarakat berpusat pada penanganan bencana dan pemulihan warga terdampak musibah alam tersebut. 1 1 1 28",netral,1,netral,90,Laporan faktual tentang pernyataan yang meminta fokus pada penanganan dan pemulihan bencana.,False
5703,Membalas @BlubluABC @OrterMald dan @ikhwanuddin Tp di aceh sendiri lebih sering sosialisasi gempa dan tsunami drpd bencana longsor dan banjir bandang. Mgkn kajian soal ini bakal lebih banyak dikembangin kedepannya 1 2 128,netral,1,netral,85,Memberikan observasi faktual dan saran untuk pengembangan kajian bencana di masa depan.,False
5706,Mirwan MS Dicopot dari Bupati Aceh Selatan Gegara Umrah Saat Banjir Mirwan MS Dicopot dari Bupati Aceh Selatan Gegara Umrah Saat Banjir - Kabar Fajar Dari kabarfajar.com 17,negatif,0,netral,90,Laporan faktual tentang pencopotan jabatan bupati terkait bencana.,True
5717,Netizen Geram Usai Tahu Empat Gajah Dikerahkan Untuk Bantu Bersihkan Tumpukan Kayu Pasca Banjir di Aceh Netizen Geram Usai Tahu Empat Gajah Dikerahkan Untuk Bantu Bersihkan Tumpukan Kayu Pasca Banjir di... Dari viva.co.id 1 1 1 rb,negatif,0,negatif,90,Mengungkapkan kemarahan publik terhadap penggunaan gajah dalam penanganan pasca-banjir.,False
5727,"Perbaikan infrastruktur kelistrikan di daerah terdampak banjir bandang dan longsor di Aceh hadapi tantangan berat. #Ekonomi #AdadiKompas kompas.id Masih Banyak Lokasi Terisolasi, Pemulihan Listrik di Aceh Lebih Lama Perbaikan infrastruktur kelistrikan di daerah terdampak banjir bandang dan longsor di Aceh hadapi tantangan berat. 35",negatif,0,netral,90,Memberikan informasi faktual tentang tantangan dalam pemulihan infrastruktur listrik.,True
5734,Presiden Prabowo setujui subsidi 60juta untuk bangun rumah para korban Banjir di Aceh dan Sumatera --- BNPB Live Update Bencana Shanti Jakarta Pusat 2 443,negatif,0,positif,95,Memberikan informasi positif tentang persetujuan subsidi untuk pembangunan rumah korban banjir.,True
5747,Doa untuk saudara kita korban bencana banjir sumatera barat sumatra Utara Aceh 26,negatif,0,positif,95,Mengungkapkan doa dan dukungan untuk korban bencana.,True
5752,"Setelah melihat langsung kondisi warga terdampak banjir di Aceh, Presiden Prabowo menegaskan arahan: keselamatan rakyat jadi prioritas, bantuan harus tiba tanpa hambatan. 1 9",positif,2,netral,90,Laporan faktual tentang arahan presiden mengenai prioritas penanganan bencana.,True
5771,"Membalas @EN538474N6 @prabowo dan @setkabgoid @EN538474N6 Mohon maaf atas ketidaknyamanannya, dalam upaya menjaga keselamatan masyarakat dan pengamanan jaringan listrik, PLN masih melakukan pemadaman listrik di beberapa titik wilayah Sumatera dan Aceh akibat bencana banjir bandang. PLN akan segera mengaktifkan kembali Tampilkan lebih banyak 1 176",netral,1,netral,90,Memberikan penjelasan faktual tentang pemadaman listrik dan rencana pemulihan.,False
5797,"Dalam Instagram miliknya, Irish Bella dan suami, Haldy Sabri, menyalurkan bantuan bertahap untuk korban banjir dan longsor di Sumatera dan Aceh. Irish Bella dan Suami Beri Bantuan Bertahap untuk Korban Banjir-Longsor Sumatera Dari hot.detik.com 248",negatif,0,netral,90,Laporan faktual tentang penyaluran bantuan oleh figur publik.,True
5808,Membalas @Aceh Bersihkan atau tinggalkan !? Ratusan rumah di tenggelamkan lumpur paska banjir besar di Aceh Dari @is_pelssy 3 5 647,negatif,0,negatif,95,Menggambarkan dampak banjir yang parah dan nada putus asa/kritik.,False
5810,"Soloh – Gubernur Sulsel Kirim Aceh, provinsi yang terletak di ujung barat Indonesia, baru-baru ini mengalami serangkaian bencana alam yang mengakibatkan kerusakan parah dan menimbulkan banyak korban jiwa. Bencana yang melanda meliputi banjir bandang, tanah 20",negatif,0,negatif,90,Melaporkan kerusakan parah dan korban jiwa akibat bencana alam.,False
5820,"Berkas Kompas hari ini mengangkat soal bencana ekologis di tanah Sumatra. Menurut Badan Nasional Penanggulangan Bencana, dalam bencana banjir di Sumatera Utara, Sumatera Barat, dan Aceh, ada 52 kabupaten/kota terdampak. Laporan lain menunjukkan 157,6 ribu rumah dilaporkan rusak. Tampilkan lebih banyak 1 1 1 rb",negatif,0,netral,95,Menyajikan informasi faktual mengenai dampak bencana banjir tanpa emosi.,True
5822,Pernyataan Endipat Wijaya dalam rapat Komisi I DPR berkembang menjadi sorotan setelah ia mengkritik relawan yang menggalang donasi Rp10 miliar untuk penanganan banjir di Aceh. Ia menilai munculnya narasi di publik seolah relawan bekerja lebih besar dari pemerintah. Komisi I Tampilkan lebih banyak 1 211,negatif,0,negatif,85,Melaporkan kritik terhadap relawan yang membantu penanganan banjir.,False
5826,"Membalas @liuxiaovr Hooh, domku di Aceh Tengah, engga kena banjir atau longsor. Tapi kena imbasnya. Dom kami terisolir karena akses jalan putus, banyak wilayah yang parah akibat longsor 1 28",negatif,0,negatif,90,Menggambarkan dampak negatif berupa isolasi dan kerusakan jalan akibat bencana.,False
5827,"Kondisi itu juga dialami masyarakat di Gampong Alue Limeng yang juga ada sejumlah rumah warga rusak dampak banjir dan juga sudah mengungsi ke masjid, #Kunjungi #Korbanbanjir #AnggotaDPRK #Bireuen Anggota DPRK Adnen Nurdin Turun Ke Alue Limeng Dan Sarah Sirong Jaya - Serambinews.com Dari aceh.tribunnews.com 56",negatif,0,netral,90,Melaporkan kerusakan rumah dan pengungsian warga akibat banjir secara faktual.,True
5830,"Jembatan Gantung Simpang Mulia Tinggal Fondasi, Saksi Bisu Dahsyatnya Banjir Menerjang Bireuen Akibat banjir bandang, selain jembatan terputus, 23 unit rumah warga juga dihantam banjir. Jembatan Gantung Simpang Mulia Tinggal Fondasi, Saksi Bisu Dahsyatnya Banjir Menerjang Bireuen -... Dari aceh.tribunnews.com 26",netral,1,negatif,95,Menggambarkan kerusakan parah pada infrastruktur dan rumah warga akibat banjir.,True
5845,"Usai Bantu Sumut, Pemko Pekanbaru Kirim Bantuan Rp1,5 Miliar ke Aceh Terdampak Banjir dan Longsor suaraaktual.co Usai Bantu Sumut, Pemko Pekanbaru Kirim Bantuan Rp1,5 Miliar ke Aceh SUARAAKTUAL.CO - Sumber informasi berita teraktual. 54",positif,2,positif,95,Melaporkan pengiriman bantuan untuk korban banjir dan longsor.,False
5856,TNI AD Dirikan Pos Kesehatan Terpadu untuk Korban Banjir di Aceh ronajateng.com TNI AD Dirikan Pos Kesehatan Terpadu untuk Korban Banjir di Aceh - Rona Jateng TNI Angatan Darat Dirikan Pos Kesehatan Terpadu untuk Korban Banjir di Aceh-sumatera Senin 8 Desember 2025 1 14,negatif,0,positif,95,Melaporkan pendirian pos kesehatan untuk membantu korban banjir.,True
5868,"Membalas @KPI_CENTRAL Itu pasti demi ""kemajuan bangsa"", sampai hutan gundul, sungai meluap, dan longsor jadi hiburan rutin di Sumatera. Dulu gempa Aceh 2004, banjir 2010, erupsi Sinabung 2014—semua itu kayak pelajaran, tapi pemerintah kita ini murid teladan yang suka ulang kelas, ya? 99",negatif,0,negatif,95,Mengandung sarkasme dan kritik terhadap pemerintah terkait penanganan bencana.,False
5879,"Dari posko sederhana di sisi masjid pinggir sawah, setidaknya sudah 2 ton beras sudah tersalurkan ke lintas barat Aceh. Kawasan ini ada 25 ribu terdampak banjir, 46 sekolah rusak, 4 fasilitas kesehatan, 1.807 yang juga rusak. 4 14 37 8 rb",negatif,0,netral,85,Melaporkan penyaluran bantuan dan data kerusakan akibat banjir secara faktual.,True
5892,Personel kesehatan dari Brigif TP 90/Yudha Giri Dhanu dan Yonif TP 854/Dharma Kersaka Kodam Iskandar Muda (IM) menunjukkan dedikasi tinggi dengan menyalurkan obat-obatan ke wilayah terisolir akibat banjir dan tanah longsor di Kabupaten Aceh Tengah. Kegiatan yang dilaksanakan pada Tampilkan lebih banyak 2 7 18 1 rb,positif,2,positif,95,Menggambarkan dedikasi personel dalam menyalurkan bantuan obat-obatan ke wilayah terdampak.,False
5893,Kapolres Aceh Tamiang AKBP Muliadi pastikan tidak ada mayat di mobil yang terparkir di Kuala Simpang. Mobil-mobil tersebut milik korban banjir yang belum diambil. Pencarian korban terus dilakukan. #AcehTamiang #BanjirAceh #EvakuasiBanjir #InfoAceh #TanggapBencana 1 287,negatif,0,netral,80,Memberikan informasi faktual mengenai situasi pasca banjir dan upaya pencarian korban.,True
5896,"Polisi menyalurkan air bersih dan membagikan masker kepada masyarakat terdampak banjir di Kabupaten Nagan Raya, Provinsi Aceh. Aksi tersebut hadir sebagai respons cepat atas kondisi warga yang kesulitan mengakses air layak konsumsi sejak banjir melanda wilayah tersebut. Tampilkan lebih banyak 56 12 75 4 rb",positif,2,positif,95,Melaporkan penyaluran bantuan air bersih dan masker oleh polisi sebagai respons cepat.,False
5899,"Electrizen Banjir dan longsor yang terjadi di wilayah Sibolga, Tapanuli Selatan, Tapanuli Tengah dan Tapanuli Utara memutus akses jalan sehingga menjadi tantangan dalam proses pemulihan listrik. Namun, hal tersebut tidak mematahkan semangat personel PLN 37",negatif,0,netral,80,Melaporkan tantangan pemulihan listrik akibat bencana namun juga semangat personel PLN.,True
5914,"Penyaluran bantuan kepada wilayah terdampak banjir di Sumatera Utara dan Aceh terus di lakukan. Salah satunya adalah bantuan dari TNI yang distribusikan bantuan ke daerah terisolasi di Desa Mardame, Tapanuli Tengah. Sumber video @KompasTV 2 18 45 1 rb",negatif,0,positif,95,Melaporkan penyaluran bantuan kepada wilayah terdampak banjir.,True
5918,"Konsesi Raksasa Tambang–Sawit dan Rekam Jejak Zulkifli Hasan Perparah Banjir Tapanuli pribuminews.co.id Konsesi Raksasa Tambang–Sawit dan Rekam Jejak Zulkifli Hasan Perparah Banjir Tapanuli - PribumiNe... Konsesi Raksasa Tambang–Sawit dan Rekam Jejak Zulkifli Hasan Perparah Banjir Tapanuli JAKARTASATU.COM– Bencana banjir hebat yang melanda Tapanuli, Sumatera Utara, kembali membuka luka lama mengenai... 30",negatif,0,negatif,95,Mengkritik konsesi tambang-sawit dan rekam jejak tokoh yang dianggap memperparah banjir.,False
5926,"Membalas @akuratco Deforestasi Aceh kembali jadi sorotan. Lebih dari 10 ribu hektare hutan hilang dalam setahun, memicu banjir dan longsor di sejumlah wilayah. Pemerintah kini menghentikan sementara operasi tiga perusahaan di Tapanuli Selatan untuk diaudit dan diperiksa usai bencana. 1 136",negatif,0,negatif,85,Menyoroti deforestasi sebagai pemicu banjir dan longsor.,False
5936,"Kepala Badan Nasional Penanggulangan Bencana (BNPB) Letjen TNI Suharyanto menyampaikan perkiraan biaya untuk pemulihan pasca bencana banjir dan longsor di Aceh, Sumatera Utara, dan Sumatera Barat mencapai Rp51,82 triliun. Hal itu ia sampaikan saat mengikuti rapat terbatas Tampilkan lebih banyak 1 1 1 353",netral,1,netral,90,Menyampaikan informasi faktual mengenai perkiraan biaya pemulihan pasca bencana.,False
5950,"Nusron Wahid mengungkapkan terdapat 65.000 lahan sawah di Aceh, Sumatera Utara, dan Sumatera Barat yang tertutup lumpur imbas banjir Sumatera. Kondisi tersebut dikhawatirkan membuat lahan sawah menjadi rawan diserobot mafia tanah karena akan menjadi sawah musnah. Baca di sini: Tampilkan lebih banyak 5 67 123 33 rb",negatif,0,negatif,95,Menggambarkan dampak negatif banjir pada lahan sawah dan kekhawatiran akan penyerobotan tanah.,False
5954,"Perempuan dan anak-anak menjadi korban bencana lebih dari sekali dalam banjir bandang di Aceh, Sumatera Utara, serta Sumatera Barat. Mereka harus mengalami situasi darurat berikutnya yaitu krisis air bersih. | #BencanaSumatera Perempuan dan Anak Jadi Korban Ganda dalam Bencana Sumatera, Mengapa? Dari lestari.kompas.com 1 rb",negatif,0,negatif,95,Menyoroti dampak negatif berulang dan krisis air bersih yang dialami perempuan dan anak-anak.,False
5963,"Update BNPB, data korban meninggal akibat bencana banjir dan longsor di tiga Provinsi Sumatera yakni Aceh, Sumatera Utara, dan Sumatera Barat. Data per Senin (8/12) pukul 16.00 WIB, total 961 orang meninggal dunia. Selain itu disampaikan 293 orang masih dinyatakan hilang. Tampilkan lebih banyak 1 1 168",negatif,0,negatif,95,Melaporkan jumlah korban meninggal dan hilang yang sangat tinggi akibat bencana.,False
5965,"Penyintas Banjir Tamiang, 3 Hari Bertahan di Atap Pakai Air Kelapa sumut.idntimes.com Penyintas Banjir Tamiang, 3 Hari Bertahan di Atap Pakai Air Kelapa Malam yang kelam bagi David. Warga berhamburan menyelamatkan diri saat air menyapu Aceh Tamiang. Termasuk David, kakak dan dua keponakannya yang sempat dievakuasi terlebih dahulu. 1 36",negatif,0,negatif,95,Menggambarkan kondisi putus asa dan berbahaya yang dialami penyintas banjir.,False
5972,"Menurut Barita Simanjuntak selaku Ketua Tenaga Ahli Jaksa Agung sekaligus Juru Bicara (Jubir) Satuan Tugas Penertiban Kawasan Hutan (Satgas PKH), Jaksa Agung akan menegakkan hukum terkait penyebab banjir dan longsor yang melanda Aceh, Sumatera Utara, dan Sumatera Barat. Baca di Tampilkan lebih banyak 7 5 11 3 rb",netral,1,netral,85,Melaporkan rencana penegakan hukum terkait penyebab banjir dan longsor.,False
5973,Semangat TPL langsung turun tangan membantu kebutuhan para korban bencana banjir di Tapanuli Sumatera Utara salut 35,negatif,0,positif,95,Mengungkapkan apresiasi terhadap bantuan yang diberikan kepada korban banjir.,True
5976,"Akademi Kepolisian (Akpol) mengirimkan bantuan kepada masyarakat terdampak bencana banjir dan longsor di Provinsi Aceh, Sumatera Utara (Sumut) dan Sumatera Barat (Sumbar), Senin (8/12/2025). Akpol Kirim Bantuan untuk Warga Terdampak Banjir Longsor Aceh, Sumut dan Sumbar | ERAKINI.ID Dari erakini.id 70",positif,2,positif,95,Melaporkan pengiriman bantuan oleh Akpol kepada masyarakat terdampak bencana.,False
5984,"#BHNasional BNPB Indonesia melaporkan 961 kematian, 234 hilang dan kira-kira 5,000 cedera di wilayah Aceh, Sumatera Utara dan Sumatera Barat selain kerosakan ke atas lebih 156,000 rumah setakat Khamis lalu. Hampir 1,000 maut, sejuta hilang tempat tinggal akibat banjir di Sumatera Utara | Berita Harian Dari bharian.com.my 1 1 527",negatif,0,negatif,95,"Melaporkan jumlah korban jiwa, hilang, cedera, dan kerusakan rumah yang sangat besar.",False
6010,"Bukti Kesetiaan Satuan Brimob Polda Riau pada Kemanusiaan, Satuan Brimob Polda Riau bersama Basarnas menemukan Jenazah Samsimar Korban Akibat Bencana Banjir yang terdampak di Kampung Tanjung, Kecamatan Palembayan, Kabupaten Agam Wilayah Provinsi Sumatera Barat, 2 114",negatif,0,positif,80,"Mengapresiasi kesetiaan Brimob dalam menemukan korban banjir, meskipun dalam konteks yang menyedihkan.",True
6012,Membalas @obrolan_tentang dan @CNNIndonesia bukan karena kalah tapi takut sawit sm penebangan hutannya ketahuan. coba ke aceh sekarang sama kaya riau isinya sawit doang wajar pas hujan air ga keserap lagi jadi banjir gini. ngambil sda aceh paling lihai giliran urus bencana tarik ulur wajar nenek moyang minta mrdeka. 86,negatif,0,negatif,95,Mengkritik penyebab banjir akibat penebangan hutan dan penanganan bencana yang buruk.,False
6018,Duka Agam: Brimob Polda Riau Temukan Satu Lagi Korban Meninggal Dunia Terdampak Banjir riaumakmur.com Duka Agam: Brimob Polda Riau Temukan Satu Lagi Korban Meninggal Dunia Terdampak Banjir - Riau Makmur Brimob Polda Riau temukan jenazah Nasrul (63) korban banjir di Agam. Pencarian terus dilakukan meski medan sulit dan cuaca buruk. 44,negatif,0,negatif,90,Melaporkan penemuan korban meninggal dunia akibat banjir dan suasana duka.,False
6021,"Kemaren Presiden @PKSejahtera ngasih arahan mobilisasi bantuan termasuk relawan ke wilayah bencana. dan Kamis, 04 Desember 2025. Tim #RelawanPKS Riau turun langsung ke lokasi terdampak banjir bandang di Nagari Malalak, Kabupaten Agam, Sumatera Barat. 2 3 151",positif,2,positif,95,Melaporkan mobilisasi bantuan dan kehadiran relawan PKS di lokasi bencana.,False
6023,"Relawan PKS Riau Kembali Bersihkan Material Banjir di Malalak “PKS Riau akan terus mendampingi masyarakat Sumatera Barat hingga kondisi pulih kembali,” ujar Bayu Maulana, Ketua Bidang Kepanduan dan Bela Negara DPW PKS Riau pks.id Relawan PKS Riau Kembali Bersihkan Material Banjir di Malalak Tim Relawan PKS Riau kembali turun ke lokasi terdampak banjir bandang di Nagari Malalak, Kabupaten Agam, Sumatera Barat. Sejak pagi hari, para relawan bergerak cepat membersihkan material lumpur dan... 1 16 38 774",positif,2,positif,95,Menggambarkan upaya relawan PKS dalam membersihkan material banjir dan komitmen pendampingan.,False
6033,"Satuan Brimob Polda Riau bersama Satuan Brimob Polda Jambi dan Sumatera Barat Bergerak Cepat membawa Misi Utama menembus Longsor demi membuka kembali Denyut Hidup Warga yang terjebak dalam Isolasi Akibat Bencana Banjir di Jorong Tamtaman, Kabupaten Agam Provinsi Sumatera Barat... 1 74",positif,2,positif,95,Menggambarkan tindakan cepat Brimob untuk membantu warga yang terisolasi akibat bencana.,False
6034,"Mahasiswa Riau Terbang ke Sumbar, Bantu Trauma Healing Korban Banjir sumut.idntimes.com Mahasiswa Riau Terbang ke Sumbar, Bantu Trauma Healing Korban Bencana Sebanyak 30 orang yang tergabung dalam Himpunan Mahasiswa Psikologi Indonesia (HIMPSI) Provinsi Riau turun ke Provinsi Sumatra Barat (Sumbar), tepatnya di Kabupaten Agam 50",negatif,0,positif,95,Melaporkan bantuan trauma healing untuk korban banjir oleh mahasiswa.,True
6047,semangat saudara saudara yg terkena banjir turut berduka dan terimakasih untuk para Tim Trauma Healing Polda Riau diturunkan untuk BKO dengan cepat #polri #PolriPeduli #PeduliBencana #PrayForSumatera 2 2 40,negatif,0,positif,95,"Mengungkapkan semangat, duka, dan terima kasih atas bantuan trauma healing.",True
6048,Tim Trauma Healing Polda Riau bergerak cepat membantu pemulihan psikologis warga terdampak banjir bandang di Kabupaten Agam. #polri #PolriPeduli #PeduliBencana #PrayForSumatera 27,positif,2,positif,95,Menggambarkan tindakan cepat tim trauma healing dalam membantu pemulihan warga.,False
6050,"Untuk semua saudara yg terkena banjir, terus tabah yaa, dan untuk bantuannya terimakasih Tim Trauma Healing Polda Riau #polri #PolriPeduli #PeduliBencana #PrayForSumatera 19",positif,2,positif,95,Mengungkapkan harapan ketabahan dan terima kasih atas bantuan trauma healing.,False
6051,"Smoga semua saudara saudara terdampak banjir selalu diberikan ketabahan hati, and thanks yoo bapak Tim Trauma Healing Polda Riau #polri #PolriPeduli #PeduliBencana #PrayForSumatera 17",positif,2,positif,95,Mengungkapkan doa untuk ketabahan dan terima kasih atas bantuan trauma healing.,False
6066,"Pilu! Anak Hanyut di Depan Mata di Banjir Bandang Aceh Utara, Ibu Curhat ke Najwa Shihab: Umi Tolong 117",negatif,0,negatif,95,Menggambarkan kejadian tragis anak hanyut dan keputusasaan seorang ibu.,False
6081,"Pemerintah melalui Kementerian Lingkungan Hidup/Badan Pengendalian Lingkungan Hidup (KLH/BPLH) mengambil tindakan tegas pasca banjir besar dan longsor di Kabupaten Tapanuli Selatan, Sumatera Utara. Menteri Lingkungan Hidup, Hanif Faisol Nurofiq mengatakan, bahwa tiga perusahaan, Tampilkan lebih banyak 1 340",positif,2,netral,85,Melaporkan tindakan tegas pemerintah pasca bencana banjir dan longsor.,True
6093,"YANG SEDANG VIRAL AKIBAT BANJIR BANDANG DI SUMUT Ini bukan murni fenomena alam tapi kerusakan alam akibat ulah manusia Sebuah video memperlihatkan momen dimana sungai batang boru yang terletak di Tapanuli Selatan, Sumatera Utara mengalami banjir. Namun banyak warganet yang Tampilkan lebih banyak 7 72 112 3 rb",negatif,0,negatif,95,Mengkritik bahwa banjir bukan murni fenomena alam melainkan akibat kerusakan alam oleh manusia.,False
6099,"Segenap Keluarga Besar BRMP Ruminansia Kecil turut berduka atas bencana banjir dan tanah longsor di Tapanuli Selatan, Tapanuli Tengah, Sibolga, dan wilayah Sumatera. Doa terbaik untuk saudara di sana, semoga diberi keselamatan dan ketabahan dalam menghadapi musibah ini 130",negatif,0,positif,95,Mengungkapkan duka cita dan doa terbaik untuk korban bencana.,True
6119,"Klarifikasi Santai Menko Zulhas Usai Dih*uj4t Panggul Beras saat Kunjungi Korban Banjir Sumatera. jambi.tribunnews.com Klarifikasi Santai Menko Zulhas Usai Dihujat Panggul Beras saat Kunjungi Korban Banjir Sumatera -... Menko Bidang Pangan, Zulkifli Hasan (Zulhas), akhirnya buka suara menanggapi video viral yang menuai kritik tajam di media sosial. 1 1 532",negatif,0,negatif,90,Melaporkan kritik tajam yang diterima seorang pejabat terkait kunjungannya ke korban banjir.,False
6122,Wahana Lingkungan Hidup Jambi desak pemerintah mencabut izin perusahaan yang terbukti menjadi penyebab bencana banjir dan tanah longsor pada tiga provinsi di Pulau Sumatera. Walhi Jambi desak pencabutan izin perusahaan penyebab bencana Sumatera Dari antaranews.com 224,negatif,0,negatif,90,Melaporkan desakan untuk mencabut izin perusahaan yang dianggap penyebab bencana.,False
6131,"Membalas @alisyarief Pejabat RI dulu waktu Covid dicandain bgt Benar heboh, ada Bansos dikorupsi, Bencana alam dahsyat di Sumatra longsor banjir bw Glondongan kayu besar ada no stikernya sampai ke pantai Lampung dan Nias, kt Pejabat : Bencana Rame diMedsos doang, Rakyat kirim pangan dinyinyirin DPR 3 122",negatif,0,negatif,95,"Mengkritik korupsi bansos, pejabat yang meremehkan bencana, dan respons negatif terhadap bantuan rakyat.",False
6141,"Innalillahi wa innailaihi rojiun.. Turut berduka cita atas korban jiwa kebakaran di gedung terradrone.. Terbakarnya gedung terradrone.. Apakah ada hubungannya dengan banjir besar Sumatera ???, entahlah.. Indonesia sedang berduka karena air dan api... innalillah.. 2 3 951",negatif,0,negatif,90,Mengungkapkan duka cita dan kesedihan atas berbagai bencana yang melanda.,False
6146,"Membalas @ARSIPAJA Bisa ditebak wowok bakal pilih apa. Yap, pasti lebih milih melanjutkan program mbg yang gada persiapan itu daripada misi kemanusiaan buat warga aceh 4 221",negatif,0,negatif,90,Mengkritik prioritas seorang tokoh politik yang dianggap mengabaikan misi kemanusiaan untuk korban banjir.,False
6153,"Membalas @lucimaya123 ukuran tangan pemerintah yg tak kunjung datang setelah belasan hari. Dicekam kelaparan dan nyaris mati, hinga putus asa, mereka katakan tak perlu lagi kslian datang wahai pemerintah - cukup kirimkan kami kafan. Rakyat aceh seolah sengaja dibiarkan kelaparan dan mati sendiri. 1 26",negatif,0,negatif,95,Mengkritik keras kelambanan pemerintah dan menggambarkan keputusasaan serta penderitaan rakyat Aceh.,False
6155,"Sampai kpn kondisi bencana bisa pulih kembali, kuatkan saudaraku di Aceh dan Sumatera ya Alloh 7",positif,2,positif,90,Mengungkapkan harapan pemulihan dan doa untuk kekuatan bagi korban bencana.,False
6161,"demn, ternyata ibu laundry biasa aku satu tapanuli 6",negatif,0,netral,100,Tweet tidak relevan dengan topik banjir atau bencana di Sumatra.,True
6172,"Akun parodi Membalas @King_SpeakUp Jika dilihat dari citra satelit, perubahan lahan di wilayah Tapanuli Utara, Sumatera Utara terekam sangat jelas. Pembabatan hutan di wilayah tersebut disinyalir menjadi salah satu penyebab banjir bandang di Tapanuli dan sekitarnya. 1 2 93",negatif,0,netral,95,Menyampaikan informasi faktual mengenai penyebab banjir.,True
6173,"(Bukan Bencana Nasional) Akses jalan terendam banjir dan listrik padam. Nenek dan keluarga gue yg lain juga msh bisa dievakuasi. Alhamdulillah. Semoga buat saudara dan keluarga lain yg berada di lokasi Sumatra,Sumbar, Sibolga, Tapanuli dan Aceh bisa segera dievakuasi. #Pray 147",netral,1,positif,90,Mengungkapkan doa dan harapan untuk keselamatan korban bencana.,True
6190,"Kondisi di Sibolga dan Tapanuli Selatan: ""Saya khawatir dengan kesehatan anak"" - BBC News Indonesia youtube.com Kondisi di Sibolga dan Tapanuli Selatan: ""Saya khawatir dengan... Sepuluh hari pasca longsor di Kota Sibolga dan Kabupaten Tapanuli Tengah, Sumatera Utara, banyak bangunan dan akses jalan yang masih penuh lumpur. Wartawan B... 48",negatif,0,negatif,95,Mengungkapkan kekhawatiran dan kondisi pasca-bencana yang memprihatinkan.,False
6203,"Membalas @BudiBukanIntel Banyak akses jalan tertimbun Longsor atau rusak struktur. Kemarin waktu investigasi, jalan dari Silangit menuju sibolga saja ada 10 lebih titik longsor dengan lebar 10-30 meter. Meanwhile kalau dropping heli pun mesti tau akan di drop dimana2nya 3 2 31 14 rb",negatif,0,netral,90,Menyampaikan informasi faktual tentang kerusakan infrastruktur dan tantangan logistik.,True
6213,"Membalas @s_mulyatie @Aceh dan 2 lainnya Bumi Aceh , Sumbar , Sumut diperas,dirusak dirampok, begitu kena bencana pemerintah pusat di Jakarta pelit dan setengah hati bantu, ada dendam apa sama bumi Sumatera?? 33",negatif,0,negatif,95,Mengandung kritik dan keluhan terhadap respons pemerintah pusat.,False
6214,"Membalas @kompascom Negara 1001 perizinan, bencana kek begini nggak usah mesti izin langsung action yang diperlukan sama saudara-saudara kita di Aceh, Sumut dan Sumbar. 15",negatif,0,negatif,90,Mengkritik birokrasi yang menghambat penanganan bencana.,False
6215,Ada Label Kemenhut dan Perusahaan di Kayu Gelondongan dari Sumbar... Ada Label Kemenhut dan Perusahaan di Kayu Gelondongan dari Sumbar Dari cnnindonesia.com 1 1 3 65,netral,1,netral,85,Menyampaikan informasi faktual tanpa emosi atau penilaian kuat.,False
6217,"Membalas @BANGSAygSUJUD @prabowo dan 10 lainnya Bro bantu dukung mantan istri bos juga kini jgn"" hamparan kelapa sawit keluarga babe yg membentang dr Bengkulu lewat Sumbar smp ke Riau juga terlibat. 57",negatif,0,negatif,80,Menyiratkan dugaan keterlibatan pihak tertentu dalam penyebab bencana dengan nada negatif.,False
6230,"Akun parodi Liat berita tentang bencana yg terjadi di Aceh, Sumbar, Sumut bikin nangis rasanya sakitt bangett 23",negatif,0,negatif,95,Mengungkapkan kesedihan dan rasa sakit atas bencana.,False
6247,"Membalas @huhhh192 Ente udah berbuat apa buat Aceh, Sumbar sm Sumut.....? 13",netral,1,negatif,85,Pertanyaan retoris yang menyiratkan kritik atau tuntutan.,True
6249,"Membalas @abu_waras Kenapa gubernur² pada berbondong² ke Aceh, Sumut Sumbar? Alangkah baiknya donasi² yg dikumpulkan pemda² diserahkan ke negara atau kemensos... biarlah gubernur tetap tinggal di provinsi masing² yg jg msh ada bencana di daerahnya sendiri... nggak usah ikut rempong... 1 3 634",netral,1,negatif,90,Mengkritik tindakan para gubernur dan menyarankan penanganan donasi yang berbeda.,True
6255,"Update BNPB: 964 Orang Meninggal Akibat Bencana di Aceh-Sumut-Sumbar cnbcindonesia.com Update BNPB: 964 Orang Meninggal Akibat Bencana di Aceh-Sumut-Sumbar BNPB melaporkan 964 korban meninggal akibat banjir dan tanah longsor di Aceh, Sumut, dan Sumbar. Total pengungsi mencapai 894.101 orang. 210",negatif,0,netral,95,Menyampaikan laporan faktual mengenai jumlah korban bencana.,True
6261,"Dalam situasi bencana, kita harus menghargai sedekah dari masyarakat untuk saudaranya korban bencana di Aceh, Sumut dan Sumbar. Tak etis dan sungguh tidak bermoral pejabat menyindir rakyat yang berdonasi. Saatnya kita bersatu membantu saudara kita di Aceh, Sumut dan Sumbar. 1 70",negatif,0,negatif,85,Mengkritik tindakan pejabat yang dianggap tidak etis.,False
6262,"Bengkulu Kerahkan 100 Unit Ambulans dan Bantuan Logistik ke Sumbar, Sumut dan Aceh bengkuluinteraktif.com Bengkulu Kerahkan 100 Unit Ambulans dan Bantuan Logistik untuk Sumbar, Sumut dan Aceh - Bengkulu... Interaktif News - Gubernur Bengkulu Helmi Hasan resmi melepas keberangkatan bantuan logistik untuk masyarakat terdampak banjir dan longsor di Sumatera Barat, 20",positif,2,positif,95,Melaporkan tindakan bantuan dan dukungan untuk korban bencana.,False
6264,"adakah yang masih butuh relawan buat ke daerah terdampak, Aceh, Sumut maupun Sumbar. gua pribadi siap ngabdiin diri dan bantu dengan segenap tenaga yang gua punya. 32",positif,2,positif,95,Menawarkan diri sebagai relawan untuk membantu korban bencana.,False
6267,Pemprov Sumbar perpanjang status tanggap darurat bencana #PemprovSumbar #GubernurSumateraBarat #masatanggapdarurat #diperpanjang Pemprov Sumbar perpanjang status tanggap darurat bencana Dari elshinta.com 9,netral,1,netral,95,Menyampaikan informasi faktual tentang perpanjangan status tanggap darurat.,False
6270,Membalas @ganjarpranowo dan @panjianom102 Ayo kita ketawa pak...prabowo lagi dikuliti sma netizen atas ketakutannya menjadikan status bencana nasional di aceh sumut dan sumbar itu... 3 18 1 rb,negatif,0,negatif,90,Mengandung kritik dan sindiran terhadap penanganan bencana.,False
6271,"Makan gratis, beasiswa, dan pengiriman dana hingga tenaga medis dipersembahkan untuk warga dan perantau Aceh, Sumbar, dan Sumut. Solidaritas itu tidak mati. #Lingkungan #AdadiKompas Jangan Khawatir, Anak-anak Kalian Kami Jaga di Perantauan Dari kompas.id 1 284",positif,2,positif,95,Melaporkan berbagai bentuk bantuan dan dukungan serta menekankan solidaritas.,False
6281,"Presiden Prabowo menegaskan tak boleh ada korupsi dalam pemulihan Aceh, Sumut, Sumbar. Menteri PU Dody Hanggodo komit transparan & akuntabel: pulihkan lebih cepat, bangun lebih baik. #PU608 #SetahunBerdampak #SigapMembangunNegeriuntukRakyat 30",positif,2,positif,90,Menyampaikan komitmen positif pemerintah untuk pemulihan bencana.,False
6287,"BNPB Live Update Bencana Aceh, Sumut dan Sumbar, tetap kirimkan doa dan bantuan bahan pokok ke posko2 yang menyediakan. youtube.com BNPB Indonesia The Indonesia National Disaster Management Authority 9",positif,2,positif,95,Mengajak untuk memberikan doa dan bantuan kepada korban bencana.,False
6303,"Membalas @DivHumas_Polri Beneran deh, kerjasama pak polisi sama PLN bikin hidup di Sumbar normal balik 29",negatif,0,positif,95,Mengapresiasi kerja sama pihak berwenang dalam pemulihan.,True
6304,Membalas @jayhanibaram Nyalahin aceh gak dibantu sumbar juga dong yak kan yg menang di aceh sama sumbar 01 13,negatif,0,negatif,80,Bernada menyalahkan dan menyindir terkait bantuan.,False
6311,"Polri melalui jajaran Polda Sumatera Barat (Sumbar) memberikan dukungan penuh penanganan bencana alam yang terjadi di wilayah Sumatera, termasuk pengerahan personel untuk pemulihan listrik. Berkat sinergi antara Polri dan PLN, pemulihan listrik kini telah mencapai 100% wilayah 1 26",positif,2,positif,95,Melaporkan keberhasilan pemulihan listrik berkat sinergi pihak berwenang.,False
6330,"AHY sebut kebutuhan anggaran pemulihan bencana di Aceh, Sumut, dan Sumbar lebih dari Rp50 triliun bengkulu.antaranews.com AHY sebut kebutuhan anggaran pemulihan bencana di Aceh, Sumut, dan Sumbar lebih dari Rp50 triliun -... Menteri Koordinator Bidang Infrastruktur dan Pembangunan Kewilayahan (IPK) Agus Harimurti Yudhoyono (AHY) mengatakan, kalkulasi awal kebutuhan anggaran untuk ... 20",netral,1,netral,90,Menyampaikan informasi faktual mengenai estimasi kebutuhan anggaran pemulihan.,False
6332,"Membalas @rarasheepota Udah ga terbilangkanku kekmana lah ra, cuma mau keadaan membaik Di tempatku alhamdulillah udah aman tapi di tempat2 kek Aceh, Tapanuli, sama Sumbar ini belum lagi Lampung kena juga pas tanggal 2 kemarin tu (sekarang belum tau kabarnya gimana) 1 24",negatif,0,negatif,85,Mengungkapkan keprihatinan terhadap kondisi yang belum membaik di daerah terdampak.,False
6345,Total penduduk Sumbar dan Aceh sekitar 11 juta jiwa. Korban sekitar 1.000 jiwa. Kita kira bakal ada yang ngomong korban cuma 0.009% gak ya? Kayak yang udah udah...semua harus serba statistik 1 11,negatif,0,negatif,85,Bernada sarkasme dan kritik terhadap cara pandang statistik yang meremehkan korban.,False
6352,"Di Aceh: Presiden: ""Bagaimana listrik"" Bahlil: ""97% wilayah Aceh akan menyala malam ini pak Presiden."" Fix Presiden ditipu Bahlil #PLN #Banjir #Aceh #Sumut #Sumbar #Sumatera 65",negatif,0,negatif,90,Menyiratkan tuduhan penipuan atau kebohongan oleh pejabat.,False
6362,"PLN UID Bali mengirim 11 relawan ke wilayah terdampak banjir besar di Aceh, Sumut, dan Sumbar. Tim dibekali perlengkapan lengkap untuk membantu asesmen hingga perbaikan jaringan di UP3 Langsa, UID Aceh. #PLN #PLNUIDBali #PLNUntukSemua #PLNUntukIndonesia #PrayforSumut 1 114",positif,2,positif,95,Melaporkan pengiriman bantuan relawan untuk pemulihan.,False
6373,"Membalas @UmarHasibuan__ Ditunggu Andi Azwan,Gogon dkk jgn jd relawan Jkw aja ini blm ada Pemilu Bro klo merasa jd relawan terjun bantu dulur2mu korban banjir Aceh Sumut dan Sumbar, disarankan debat masalah Ijazah hentikan dulu konsen Indonesia sedang berduka krn banjir bandang,Semeru erupsi,Jabar banjir 66",negatif,0,negatif,85,Mengkritik kurangnya partisipasi relawan dan menyarankan fokus pada bencana.,False
6382,"Aku ingin menangis bersama Gubernur dan Rakyat Aceh, Sumut, dan Sumbar. Aku ingin seluruh rakyat Indonesia menangis bersama korban bencana Aceh, Sumut dan Sumbar. Mereka korban keserakahan oligarki #BersihkanKabinetPrabowo #BersihkanKabinetPrabowo 1 12 22 584",negatif,0,negatif,95,Mengungkapkan kesedihan dan menyalahkan pihak tertentu atas bencana.,False
6384,"Selain penyaluran CSR untuk warga terdampak bencana di Sumatera, Donasi Konsumen Alfamart melalui BAZNAS juga disalurkan untuk membantu masyarakat di Aceh, Sumut & Sumbar. Ribuan paket logistik & dapur darurat sudah digerakkan. Terima kasih para donatur. 1 429",positif,2,positif,95,Melaporkan penyaluran bantuan dan apresiasi kepada donatur.,False
6388,"IPB University bersama Persatuan Alumni Pelajar dan Mahasiswa Minang (PAPMM) mengadakan kegiatan kemanusiaan ""marandang basamo"" dengan memproduksi satu ton rendang daging untuk disalurkan kepada korban bencana banjir bandang dan longsor di Aceh, Sumut, dan Sumbar. Wakil Rektor Tampilkan lebih banyak 3 3 589",negatif,0,positif,95,Melaporkan kegiatan kemanusiaan dan penyaluran bantuan.,True
6399,"Membalas @Hilmi28 Ya Allah baru kali ini lihat pejabat yg tulus hati bekerja utk rakyatnya. Ya Allah, pulihkan kembali kehidupan saudara2 kami yang terdampak banjir di Aceh, Sumut dan Sumbar sprti semula sblum bencana banjir.Beri mereka kekuatan, keikhlasan dlm cobaan ini 3 33 1 rb",positif,2,positif,95,Mengapresiasi pejabat dan menyampaikan doa serta harapan positif.,False
6402,"Membalas @ILCTalkshow Dari sekian banyak RELAWAN Turun kelapangan tempat Bencana Aceh, Sumut dan Sumbar. Hanya RELAWAN JOKOWI yang tidak turun kesana, karena sedang sibuk ngurusi Jokowi 1 1 46",negatif,0,negatif,90,Mengkritik kurangnya partisipasi relawan tertentu di lokasi bencana.,False
6415,"10 Fakta Mengejutkan Operasi Besar TNI di Aceh, Sumut dan Sumbar yang Tak Banyak Diketahui Publik zonajakarta.com 10 Fakta Mengejutkan Operasi Besar TNI di Aceh, Sumut dan Sumbar yang Tak Banyak Diketahui Publik -... Fakta lengkap keterlibatan TNI dalam penanganan bencana di Aceh, Sumut, dan Sumbar, dari udara, laut, hingga darat secara maksimal. 1 11",netral,1,positif,90,Menyoroti dan mengapresiasi keterlibatan maksimal TNI dalam penanganan bencana.,True
6416,"Membalas @zahraproduction @ReynoldSi056 dan @BosPurwa Lha dgn premis elu ini, ngapin juga si Demul ngurusin banjir di Sumbar, Sumut dan Atjeh ? Lawak...!! 1 4 68",negatif,0,negatif,80,Bernada sarkasme dan kritik terhadap pihak yang dianggap tidak relevan.,False
6420,"Membalas @Mdy_Asmara1701 Otak miring Bahlul ngomongin bacot pimpinan daerah masih keadaan berduka dasar sinting Lo Bahlul bencana alam diSumut, Aceh dan Sumbar. 8",negatif,0,negatif,95,Mengandung makian dan kritik keras terhadap pernyataan pejabat di tengah bencana.,False
6426,Zulhas: Pasokan pangan di Aceh-Sumut-Sumbar dikuatkan dua kali lipat Zulhas: Pasokan pangan di Aceh-Sumut-Sumbar dikuatkan dua kali lipat Dari elshinta.com 1 453,netral,1,positif,90,Menyampaikan informasi tentang penguatan pasokan pangan untuk daerah terdampak.,True
6447,"#TPPPeduliBencanaSumatera2025 Bencana alam melanda Provinsi Aceh, Sumbar dan Sumut, TPP bergerak #KemendesPDTPeduliBencana #DariTPPUntukSumatera #TPPPeduliBencana #DonasiPendampingDesa #PendampingDesaPeduliIndonesia @prabowo @YandriSusanto @ArizaPatria @KerjaSeskabRI 19",netral,1,positif,95,Melaporkan gerakan dan kepedulian organisasi dalam membantu korban bencana.,True
6451,"Gubernur Sultra Andi Sumangerukka menyalurkan bantuan sebesar Rp1,5 miliar untuk korban bencana di tiga daerah Sumatra, yakni Provinsi Aceh, Sumut, dan Sumbar. Gubernur Sultra salurkan Rp1,5 miliar untuk korban bencana di Sumatra Dari antaranews.com 1 558",negatif,0,positif,95,Melaporkan penyaluran bantuan finansial untuk korban bencana.,True
6476,"Mungkin saya terlewat informasi… tapi sejak bencana di Aceh, Sumut & Sumbar, belum terlihat kehadiran Mensos di lokasi terdampak?? Padahal peran Kemensos sangat vital di fase tanggap darurat. Jika memang sudah hadir, tentu publik ingin mengetahui kegiatannya. 6 20 33 6 rb",negatif,0,negatif,90,Mengandung kritik tersirat terhadap ketidakhadiran pejabat di lokasi bencana.,False
6485,"Menteri UMKM Maman Abdurrahman menegaskan rencana penghapusan utang KUR bagi korban bencana di Aceh, Sumut, dan Sumbar. Koordinasi dengan bank segera dilakukan. Pemerintah Mau Hapus Utang UMKM Terdampak Bencana, Skema Masih Dibahas Dari finance.detik.com 182",negatif,0,positif,95,Menyampaikan rencana bantuan pemerintah berupa penghapusan utang.,True
6489,"Polda Jatim resmi memberangkatkan bantuan sosial untuk warga terdampak banjir bandang & longsor di Aceh, Sumut, dan Sumbar. Bencana di Sumatera menjadi duka kita bersama. #tvri #tvrijatim 73",negatif,0,positif,95,Melaporkan pengiriman bantuan sosial dan menunjukkan empati.,True
6490,Membalas @yaniarsim dan @prabowo Akibat keserakahan mu kau korbankan semua masyarakat di Aceh Sumut dan Sumbar Memang kau bersama LBP dan @jokowi itu pembunuh Pembunuh Wok 1 33,negatif,0,negatif,95,Mengandung tuduhan serius dan makian terhadap pihak yang dianggap bertanggung jawab.,False
6491,Membalas @MiRV19Kft dan @BudiBukanIntel Di sumbar justru daerah dataran tinggi yang paling parah dampaknya 1 17,negatif,0,netral,90,Menyampaikan informasi faktual mengenai dampak bencana di suatu wilayah.,True
6495,"Ratusan Anak di Pengungsian Sumbar Dapat Dukungan Psikososial Pascabencana #ElJohnMedia eljohnnews.com Ratusan Anak di Pengungsian Sumbar Dapat Dukungan Psikososial Pascabencana | EL John News Kondisi psikologis anak menjadi perhatian utama di tengah situasi bencana, termasuk bagi ratusan anak yang kini mengungsi di Kecamatan Pauh, Kota Padang, Sumatra Barat. Kawasan ini terdampak banjir... 1 5",positif,2,positif,95,Melaporkan pemberian dukungan psikososial kepada korban bencana.,False
6499,"Membalas @halalindonesia_ Terima kasih BPJPH dan Alfamart atas kerja cepatnya. Melihat deretan truk bantuan bergerak dari Cikokol sampai akhirnya diterbangkan ke Aceh, Sumut, dan Sumbar menunjukkan kepedulian yang nyata. Semoga bantuan ini bisa segera meringankan saudara kita di daerah terdampak. 26",positif,2,positif,95,Mengucapkan terima kasih atas bantuan dan menyampaikan harapan positif.,False
6515,"Membalas @VIVAcoid Kalo anggaran Pemulihan Bencana Aceh Sumut Sumbar disetujui & CAIR, Kepala BNPB & konco2nya bakal BANCAKAN. 5 1 8 56",negatif,0,negatif,90,Mengandung tuduhan korupsi terkait anggaran pemulihan bencana.,False
6525,"Membalas @detikcom Ditunggu para Pemain Lapor Pak,Pagi2 Ambyarrr,Brownies dll unt menjadi relawan di Aceh Sumut Sumbar yg terkena banjir bandang,tayangan kalian bisa dikenal krn penonton dan penontonnya mungkin ada dr ke 3 Provinsi tsb 97",positif,2,positif,80,Mengajak selebriti untuk menjadi relawan dan membantu korban bencana.,False
6526,"Df pengiriman JNE lagi gratis ongkir untuk korban bencana di Aceh, sumut, sumbar, dan sekitarnya, yuk yang punya rezeki lebih bisa langsung kirim barang atas nama kita ke jne cabang utama terdekat kita, ayo tanam kan rasa empati kita ke sudara yang lagi kesusahan disana 3 702",negatif,0,positif,95,Menginformasikan layanan bantuan dan mengajak masyarakat untuk berdonasi.,True
6527,"Status Darurat di Sumbar bakal Diperpanjang, Gubernur Mahyeldi: Pekerjaan Belum Tuntas inews.id Status Darurat di Sumbar bakal Diperpanjang, Gubernur Mahyeldi: Pekerjaan Belum Tuntas Gubernur Sumatera Barat (Sumbar) Mahyeldi Ansharullah menyatakan, status tanggap darurat bencana alam di wilayah Sumbar berpotensi diperpanjang 177",netral,1,netral,95,Berita faktual tentang perpanjangan status darurat bencana tanpa emosi kuat.,False
6528,"Membalas @halalindonesia_ Solidaritas luar biasa dari BPJPH dan Alfamart! Bantuan nyata untuk Aceh, Sumut, dan Sumbar terdampak banjir dan longsor. 16",positif,2,positif,98,Mengungkapkan apresiasi terhadap solidaritas dan bantuan yang diberikan.,False
6537,"Membalas @HumasPoldaRiau Semoga saudara yang ada di sumbar,aceh,sumut di berikan ketabahan,dan lekas membaik Sumatraku,salut dengan polri yang senantiasa hadir di tengah masyarakat 66",positif,2,positif,98,"Menyampaikan doa, harapan, dan apresiasi terhadap kehadiran Polri.",False
6538,"Membalas @Tirtasurya6 Emang Jokowi membenci Sumut, Aceh dan Sumbar? 23",negatif,0,negatif,85,Pertanyaan retoris yang menyiratkan kritik atau ketidakpuasan terhadap pemerintah.,False
6554,"Membalas @KangManto123 Pak @prabowo . Bersih-bersih pasca Banjir, bukan bersih-bersih secara nyata di daerah 3 terdampak yakni Aceh,Sumbar dan Sumut, melainkan bersih-bersih di sekitaran istana yang memberikan dampak ke pada 3 daerah tersebut, dan terutama bersih-bersih dari korupsi penggalangan dana. 115",negatif,0,negatif,95,Mengandung kritik dan sindiran terhadap penanganan pasca banjir dan isu korupsi.,False
6557,"*PDIP Minta Pemerintah Naikkan Status Banjir Aceh–Sumut–Sumbar Jadi Bencana Nasional* satuju.com PDIP Minta Pemerintah Naikkan Status Banjir Aceh–Sumut–Sumbar Jadi Bencana Nasional Jakarta, Satuju.com - Banjir yang menerjang kawasan bagian utara Sumatera, yakni Aceh, Sumatera Utara, dan Sumatera Barat, didukung PDIP untuk ditetapkan menjadi bencana nasional. PDIP mendukung 30",netral,1,netral,90,Berita faktual mengenai permintaan PDIP untuk menaikkan status bencana.,False
6580,bantuan bencana banjir bandang sumbar. #BanjirBandangSumbar #PrayForSumbar #BantuanUntukSumbar #PeduliSumbar #OpenDonasiSumbar #SumbarKuat #BantuKorbanBanjir #IndonesiaPeduli #AksiKemanusiaan #DonasiBanjir #KotaPadang #Nanggalo #GurunLaweh 1 8,netral,1,positif,98,"Seruan untuk bantuan dan kepedulian, serta doa untuk korban banjir.",True
6588,PaDaNG PARIAMAN SUMBAR GALADO SUSULAN hari AHAD 7 DESEMBER 2025... Reboisasi penanaman hutan kembali pun butuh waktu lamaaaaa apa lagi 175 ribu Hektar lha kalau ada hujan besar pasti resiko ACEH SUMBAR SUMUT akan diterpa musibah banjir lagi 76,negatif,0,negatif,90,Menyatakan kekhawatiran akan risiko banjir berulang di masa depan.,False
6593,AIPTU ANDAR W Bhabinkamtibmas Polsek Perbaungan polres Serdang Bedagai Polda Sumatera Utara mendampingi kepala desa sekaligus menyerahkan bansos khusus lansia yang belum mendapat bantuan apapun dari pemerintah. 27,positif,2,positif,95,Melaporkan tindakan positif penyerahan bantuan sosial kepada lansia.,False
6601,"FKep dan FK USU beri respons tanggap bencana di berbagai wilayah Sumatera Utara, seperti sembako, logistik, obat-obatan, layanan kesehatan. USU Turun Tangan! Kolaborasi FKep dan FK Beri Respons Tanggap Bencana di Sumatera Utara Dari zcampus.indozone.id 205",netral,1,positif,98,Melaporkan respons tanggap bencana dan bantuan yang diberikan oleh institusi.,True
6610,Benarkah Pernyataan Jenderal TNI Tak Ada Penggundulan Hutan di Sumatera Utara? #penggundulanhutan #sumut #banjirsumatra #eksplainer #cekfakta #cekfaktatempo Benarkah Pernyataan Jenderal TNI Tak Ada Penggundulan Hutan di Sumatera Utara? Dari tempo.co 30,negatif,0,netral,90,Pertanyaan faktual untuk cek fakta terkait penyebab banjir tanpa emosi kuat.,True
6627,"GB sederhana M5.4 berlaku di Luar Pantai Barat Sumatera Utara pada 3:02 petang, 9 Disember 2025. Pusat gempa bumi terletak 2.5° dan 95.9° T kedalaman 60 km. 32km Selatan dari Simeulue,Indonesia. Tiada ancaman tsunami kepada Malaysia. #gempabumiMETMalaysia #mygempa.met.gov.my 25 42 5 rb",negatif,0,netral,98,Laporan faktual mengenai kejadian gempa bumi tanpa emosi.,True
6637,"Mendag Budi Santoso memastikan stok kebutuhan pangan di Aceh, Sumatera Utara, dan Sumatera Barat sebenarnya cukup dan bahkan ada yang surplus (daging/telur). Sayangnya, pasokan ini terkendala parah. Masalah utama saat ini adalah akses dan distribusi karena infrastruktur banyak Tampilkan lebih banyak 2 21",negatif,0,netral,90,Memberikan informasi faktual tentang ketersediaan pangan dan kendala distribusi.,True
6640,"Membalas @DaudJTP @Metro_TV dan 7 lainnya Hrsya PS sadar&paham, PEMBATALAN KUNJUNGAN ke luar negeri pasti sgt bisa dipahami negara luar. Fakta BENCANA SUMATERA adlh DASARNYA. Namun PS lbh suka jalan2 & kabur dr rkyt saat masa2 sulit. Saya sbg rkyt asal SUMATERA UTARA MEMINTA ANDA MUNDUR SKRG krn Anda LANGGAR ETIKA MORAL. 1 43",negatif,0,negatif,98,Mengandung kritik keras dan permintaan mundur karena dianggap tidak peduli terhadap bencana.,False
6672,"Akun parodi GUYS yang pake provider Telkomsel dan punya banyak poin, daripada hangus nanti tanggal 31 Desember 2025, mending pointnya ditukar jadi donasi untuk korban bencana Aceh, Padang & Sumatera Utara. Semoga bisa sedikit membantu korban di sana 1 2 368",negatif,0,positif,98,Ajakan untuk berdonasi dan harapan agar bantuan dapat meringankan korban bencana.,True
6677,"Presiden Prabowo Subianto mengalokasikan Rp 4 miliar per kabupaten/kota terdampak bencana banjir di Aceh, Sumatera Utara, dan Sumatera Barat. Anggaran tersebut dikhususkan untuk kebutuhan warga, terutama bayi dan perempuan. Menteri Dalam Negeri Tito Karnavian menjelaskan daerah Tampilkan lebih banyak 2 780",netral,1,positif,95,Berita tentang alokasi bantuan dana dari pemerintah untuk korban bencana.,True
6699,"Dengan sigap dan penuh dedikasi, personel Dit Samapta Polda Riau mengevakuasi serta mengamankan kendaraan bermotor dan berbagai peralatan ke Lapangan SD 5 Kayu Pasak demi keselamatan dan ketertiban pasca bencana. #Kapoldariaubantusumbar #Kapoldariiaubantuaceh 2 2 44",positif,2,positif,98,Mengapresiasi kesigapan dan dedikasi personel dalam upaya evakuasi pasca bencana.,False
6715,"Perjalanan Hari Ke-3 armada bakti sosial Polda Sumsel menuju ""Sumatera Utara"" saat melintas kantor bupati labuhan batu jalan lintas Sumatra Bila ada permasalahan dan butuh bantuan Polisi silahkan hubungi : Call Center : 110 (Bebas Pulsa) ""KAMI SIAP MELAYANI 24 JAM"" #musisatu Tampilkan lebih banyak 74",negatif,0,positif,95,Melaporkan kegiatan bakti sosial dan menawarkan bantuan polisi kepada masyarakat.,True
6716,Membalas @mazzini_gsp Contohnya membangun fasilitas untuk pencegahan banjir & longsor di Jabar yang KDM tahu sendiri bakal terjadi tiap tahunan. KDM tetap lanjut ke Sumsel dan Aceh dan dalih banjir & longsor di Jabar itu terjadi tiap tahun seolah cukup diurus anak buah di sana. 1 6 5 rb,netral,1,negatif,90,Mengandung kritik terhadap prioritas penanganan bencana dan kurangnya perhatian.,True
6729,Membalas @chortisol IYAAA ANJIRRRRRR di daerah sumsel yg lain udh banyak longsor keri kali ak tengoknya makasiiii bb udah di koper semuaaa dokumen ku huhuuu semoga udahan deh hujannya biar sumatra bisa pulih lagi 1 43,negatif,0,negatif,90,Ungkapan ketakutan dan kekhawatiran terhadap longsor serta harapan agar situasi membaik.,False
6736,"Bantuan Bencana Alam Sumatera Oleh Sat Brimob Polda Sumsel Mengirimkan Tim Mobil Dapur Lapangan Bila ada permasalahan dan butuh bantuan Polisi silahkan hubungi : Call Center : 110 (Bebas Pulsa) ""KAMI SIAP MELAYANI 24 JAM"" #musisatu #kapoldasumsel #humaspoldasumsel Tampilkan lebih banyak 2 1 39",negatif,0,positif,98,Melaporkan bantuan yang diberikan dan kesiapan polisi untuk melayani masyarakat.,True
6756,"Cekcok Lahan Keluarga, Pria di Mura Tewas Dibacok Sepupu Depan Istri Cekcok Lahan Keluarga, Pria di Mura Tewas Dibacok Sepupu Depan Istri Dari sumsel.idntimes.com 18",negatif,0,netral,95,Berita faktual tentang kejadian kriminal yang tidak terkait dengan sentimen banjir.,True
6761,"Ditpolairud Polda Sumsel Gelar Salat Gaib, Istighosah, dan Doa Bersama untuk Korban Bencana Alam di Aceh, Sumut, dan Sumbar Sekaligus Peringati HUT ke-75 Polairud Ditpolairud Polda Sumsel menggelar rangkaian kegiatan religius berupa salat gaib, istighosah, dan doa bersama untuk Tampilkan lebih banyak 1 55",negatif,0,positif,98,Melaporkan kegiatan doa bersama untuk korban bencana alam.,True
6763,Membalas @detektive88 dan @toe_giman Amit amit jangan sampai daerah Sumsel jadi cak ini jg. Apalagi yg pengger sungai Musi skrg jg banyak lahan di jadiin ladang sawit 4 191,negatif,0,negatif,90,Ungkapan ketakutan dan kekhawatiran akan terjadinya bencana serupa.,False
6765,"Membalas @BangPino__ buang logistik 1000 orang terselamatkan, kalau buang gubernur seluruh Sumsel terselamatkan 4 17 205",negatif,0,negatif,95,Mengandung kritik tajam dan sarkasme terhadap kinerja gubernur.,False
6776,"Untuk mengatasi masalah banjir dan permukaan tanah yang rendah, negara seperti Belanda membangun rumah di atas air agar tetap aman saat muka air naik. Rumah terapung ini mampu menyesuaikan dengan aliran air, sehingga dinilai lebih aman saat terjadi bencana.⁣ ⁣ #rumahapung 37",netral,1,netral,90,Memberikan informasi faktual dan solusi inovatif terkait penanganan banjir.,False
6787,"Laporan follower dari Aceh : Min, Aceh sudah mulai naik lagi air daerah Pidie Jaya Meureudu (salah satu tempat putus jembatan nasional) menurut berita sudah 1 meter air nya. 3 33 67 2 rb",netral,1,netral,95,Laporan faktual mengenai kenaikan air banjir di suatu daerah.,False
6793,"air sudah naik ke jalanann, dah banyak masuk rumah orang hikddd stay safe guys 5",positif,2,negatif,90,Ungkapan kesedihan dan kekhawatiran karena air banjir sudah masuk rumah.,True
6798,"Debit Bendung Katulampa naik saat hujan guyur Bogor, Jawa Barat, sejak Jumat (5/12) siang. Warga di sepanjang aliran Sungai Ciliwung diminta waspadai banjir Pelaksana Bendung Katulampa Andi Sudirman di Kota Bogor, melaporkan Tinggi Muka Air (TMA) mencapai 90 centimeter Tampilkan lebih banyak 1 2 476",negatif,0,netral,95,Laporan faktual tentang kenaikan debit air dan peringatan kewaspadaan.,True
6824,"Air naik cepat, tapi Polisi Tanggap Bencana justru bergerak lebih cepat mengevakuasi warga yang terjebak. Terimakasih POLRI 1 3",positif,2,positif,98,Mengapresiasi kecepatan tanggap dan upaya evakuasi yang dilakukan oleh polisi.,False
6825,Membalas @nelladiantika sumut sumbar aceh ngalamin masa berat tapi Polisi Tanggap Bencana hadir jadi harapan pertama buat warga yang gak tau harus kemana saat air makin naik Terimakasih POLRI 1 5,positif,2,positif,98,Mengapresiasi kehadiran polisi sebagai harapan di tengah kesulitan bencana.,False
6831,"Air belum pada surut, rumah belum pada bersih, udah dihantam lagii. Air pada naik lagi di Medan 3 3 240",netral,1,negatif,95,Ungkapan frustrasi dan kesedihan karena banjir yang belum surut kembali naik.,True
6842,"Membalas @tanyarlfes sumatera utara hujan lagi apa ga nangis, banjir belum surut lagi, biasanya daerah kami gapernah banjir, dan ga seringkih ini, ini baru turun berapa jam langsung naik air 3 203",negatif,0,negatif,95,Ungkapan kesedihan dan frustrasi karena banjir yang belum surut kembali naik.,False
6849,Membalas @vienahartjes Intinya melihat kejadian di daerah sumatra cukup membuat kami aga waspada karena air semakin naik… pray for alam indonesia 22,netral,1,negatif,85,Ungkapan kewaspadaan dan kekhawatiran terhadap kenaikan air banjir.,True
6856,"Beredar isu air laut naik di kota, seorang warga meninggal dunia diduga karena serangan jantung. Sejumlah warga juga tampak panik dan menyelamatkan diri. Kemudian Satreskrim Polres Pidie Jaya Polda Aceh mengamankan lima terduga pelaku penyebar isu hox tersebut. #berita #viralシ 71",negatif,0,negatif,90,"Melaporkan kepanikan, kematian, dan penyebaran isu hoax terkait bencana.",False
6857,"keluarga dan sepupu ku terkena dampak, denger cerita mereka gak kebayang air hitungan menit udah sampai sepintu rumah. gak bisa bawa apa2 kecuali baju yg nempel di badan. berkas2 penting ijazah barang berharga kerendam semua. bayangin aja.. air naik nya cepet banget 1 3 55",negatif,0,negatif,98,Ungkapan kesedihan dan keputusasaan karena kehilangan harta benda akibat banjir yang cepat.,False
6864,yg bikin narasi air laut naik lagi musibah kaya gini gaada otak anjjjjjj 16,negatif,0,negatif,95,Ungkapan kemarahan terhadap penyebar narasi yang tidak bertanggung jawab di tengah musibah.,False
6866,"ketika air naik dan akses terputus, Bantuan Pelayanan Polri menjadi garda terdepan, membantu distribusi logistik bagi korban banjir di sumatra, kepedulian selalu menemukan jalan #BersamaPulihKembali 29",negatif,0,positif,98,Mengapresiasi peran Polri sebagai garda terdepan dalam membantu distribusi logistik.,True
6909,"Aceh Tamiang — Mobil-mobil yang masih terendam banjir mulai mengeluarkan bau busuk, diduga dari jenazah yang belum ditemukan. Akses sulit membuat evakuasi terhambat. Pencarian perlu dipercepat. 29",negatif,0,negatif,98,Menggambarkan situasi mengerikan pasca banjir dengan dugaan jenazah dan akses evakuasi yang sulit.,False
6913,Evakuasi jasad bayi yang hanyut kena banjir tau ngga bayinya masih dibedongan 1 43,negatif,0,negatif,98,Ungkapan kesedihan dan kengerian atas penemuan jasad bayi korban banjir.,False
6935,Salah satu kab Aceh Tamiang terdampak musibah banjir dari 12 kecamatan cuma 2 kecamatan yg sdh bsa di lalui ..10 kecamatan lgi blm di evakuasi.. Aceh Tamiang 8 17 448,netral,1,negatif,90,Laporan tentang dampak parah banjir dan kesulitan evakuasi di banyak kecamatan.,True
6941,Banjir yang melanda Aceh Tamiang menimbulkan situasi darurat bagi seorang pemuda yang terjebak selama 7 jam di kawasan terdampak. Kondisi debit air yang terus meningkat membuat proses penyelamatan membutuhkan kehati-hatian. Warga sekitar melakukan upaya evakuasi menggunakan tali. 1 1 649,negatif,0,negatif,95,Menggambarkan situasi darurat dan kesulitan dalam proses penyelamatan korban banjir.,False
6955,"Data terbaru mencatat banjir dan longsor di Sumatera menelan 883 korban jiwa, 520 hilang, serta ribuan warga luka dan rumah rusak berat. Proses evakuasi dan distribusi bantuan terhambat medan sulit, sementara ribuan warga masih mengungsi. #banjirsumatera #sumatera #wuzzsupdate 90",negatif,0,negatif,98,Laporan faktual tentang tingginya jumlah korban jiwa dan hambatan evakuasi yang menimbulkan kesedihan.,False
6965,Kepala Pusat Penerangan Mabes TNI Mayjen TNI Freddy Ardianzah mengatakan pihaknya akan memberikan penghargaan berupa kenaikan pangkat kepada tiga prajurit yang gugur saat berupaya mengevakuasi korban banjir dan tanah longsor di Sumatera Barat antaranews.com TNI naikan pangkat prajurit yang gugur saat evakuasi warga di Sumbar Kepala Pusat Penerangan (Kapuspen) Mabes TNI Mayjen TNI (Mar) Freddy Ardianzah mengatakan pihaknya akan memberikan penghargaan berupa kenaikan pangkat kepada ... 1 499,negatif,0,positif,95,Berita tentang penghargaan kenaikan pangkat bagi prajurit yang gugur saat evakuasi korban.,True
6970,ragedi mengharukan terjadi saat anggota Brimob temukan jenazah ibunya saat bertugas evakuasi korban banjir Sibolga. #banjirsumatera #banjir #viral2025 #Trending detikviralterupdate.blogspot.com Anggota Brimob Temukan Jenazah Ibunya Saat Bertugas Evakuasi Korban Banjir Sibolga ragedi mengharukan terjadi saat anggota Brimob temukan jenazah ibunya saat bertugas evakuasi korban banjir Sibolga. 59,negatif,0,negatif,98,Menggambarkan tragedi yang sangat mengharukan dan menyedihkan terkait korban banjir.,False
6975,"Menangani banjir nggak bisa asal tuding konsesi, butuh fakta ilmiah agar bantuan dan evakuasi korban lebih tepat #TanggapBencana 20",netral,1,netral,90,Pernyataan yang menyerukan penanganan banjir berdasarkan fakta ilmiah untuk efektivitas.,False
6982,"Banjir bandang di Sumatra kini jadi prioritas nasional. Namun, temuan kayu sisa tebangan di lokasi menguatkan dugaan akibat pembalakan liar. Evakuasi korban tetap utama, tapi hukum wajib tegas menindak perusak alam agar bencana tak terus berulang. #BanjirSumatra #PrayForSumatra 110",negatif,0,negatif,95,Mengandung kritik terhadap penyebab banjir (pembalakan liar) dan tuntutan penegakan hukum.,False
6988,"Berdasarkan data dari BNPB pada Kamis (4/12/2025) pukul 16.00 WIB, korban meninggal akibat banjir dan longsor di Sumatra bertambah menjadi 836 orang. Penanganan masih berjalan, termasuk evakuasi dan bantuan, seiring terbukanya akses ke wilayah yang terisolasi. #banjirsumatra Tampilkan lebih banyak 2 8 12 2 rb",negatif,0,negatif,98,Laporan faktual tentang peningkatan jumlah korban meninggal akibat banjir dan longsor.,False
6990,"Membalas @detiksumut_ ""Proses evakuasi, pencarian korban, dan penanganan pengungsi masih terus berlangsung. Nanti kalau ada perkembangan, kita kabari bang,"" kata Suyatno. Petugas gabungan dari Basarnas, TNI-Polri, BPBD, dan relawan terus melakukan pencarian.​ #bencanaalam #longsor #sibolga #banjir 1 83",positif,2,netral,95,"Laporan faktual mengenai proses evakuasi, pencarian, dan penanganan pengungsi yang sedang berlangsung.",True
6999,"Banjir di Sumatera, PGN kirim tim via jalur laut untuk evakuasi & distribusi bantuan. 35 orang sudah selamat. Perusahaan peduli bencana Aceh, Sumut dan Sumbar serta lainnya. #BanjirSumatera #PGN #Evakuasi #update #news #seketika seketika.com PGN Selamatkan Korban Banjir Sumatera: 35 Warga Dievakuasi Via Jalur Laut - seketika.com PGN kerahkan tim dan kapal bantu evakuasi korban banjir di Sumatera, distribusi logistik & pasang jaringan satelit untuk komunikasi darurat. 106",negatif,0,positif,98,Melaporkan upaya evakuasi dan distribusi bantuan oleh perusahaan serta keberhasilan penyelamatan korban.,True
7005,"Akun komentar Proses evakuasi korban banjir & longsor Aceh, Sumut, Sumbar sedang berlangsung. Tim SAR menghadapi medan berat: sungai meluap, aliran deras, reruntuhan longsor. Meski tantangan besar, mereka tetap berjuang menyelamatkan korban secepat mungkin. : @/tama_fidi & tim Tampilkan lebih banyak 1 5 9 137",negatif,0,positif,85,Menggambarkan perjuangan tim SAR yang gigih dalam menghadapi tantangan evakuasi.,True
7009,"Kisah pilu evakuasi mandiri dari Aceh Tamiang ke Medan. Kok ya masih ada yg manfaatin kesempatan berbuat kejahatan. #BencanaSumatera #PrayForSumatera #AllEyesOnSumatera #Acehtamiang harianterbit.com Kisah Pilu dan Mencekam, 6 Hari Terisolasi, 15 Korban Banjir Bandang Aceh Tamiang Terpaksa Evakuasi... Kisah pilu dan mencekam 15 korban banjir bandang Aceh Tamiang yang terisolasi dan terpaksa evakuasi mandiri ke Medan. 102",negatif,0,negatif,95,Mengungkapkan kesedihan dan kemarahan atas kejahatan yang terjadi di tengah bencana serta kondisi pilu korban.,False
7025,"Akun komentar Bencana datang tanpa permisi, tapi respons cepat selalu ditunggu. Kali ini Polisi Tanggap Bencana langsung hadir di garis depan evakuasi banjir di Sumut dan Aceh. Terimakasih POLRI 1 9",positif,2,positif,90,Mengungkapkan apresiasi terhadap respons cepat Polisi Tanggap Bencana.,False
7044,"Membalas @boynextdooo dan @pistoiamarliana tsunami cuman bbrp menit tapi dampaknya langsung banyak korban karna warga setempat udh susah juga nyelametin diri, kalo banjir ini perlahan harinya jadi warga banyak yg udh cepet evakuasi tapi korbannya bertahap karna ada yg meninggal karna kebawa arus, kelaperan, tertimbun, dll 22 1 rb",negatif,0,negatif,80,Menjelaskan dampak negatif dan korban jiwa akibat banjir secara rinci.,False
7047,"Data terbaru bencana banjir dan longsor di Aceh, Sumut, dan Sumbar menunjukkan kondisi yang sangat kritis. Tragedi ini bukan hanya tentang angka, tetapi tentang ribuan nyawa yang terdampak. Pencarian, evakuasi, dan pendataan terus berlangsung di lapangan. Pemerintah (BNPB, Tampilkan lebih banyak 1 88",negatif,0,negatif,85,Melaporkan kondisi bencana yang sangat kritis dan dampak pada ribuan nyawa.,False
7051,"Membalas @MurtadhaOne1 Kronologi menghadapi banjir dengan penuh rasa kecewa karena keterlambatan dan ketidakpastian akan bantuan Dari tim evakuasi. Siang hari itu, seorang Ibu dan anaknya datang ke Biara untuk minta tolong mengevakuasi Suami dan kedua anaknya yang terjebak di rumah. karena arus air Tampilkan lebih banyak 3 7 16 634",negatif,0,negatif,95,Mengungkapkan kekecewaan terhadap keterlambatan dan ketidakpastian bantuan evakuasi.,False
7056,Membalas @wkurniawan609 Anda pahami konteksnya Video bobby itu H+4 setelah banjir bandang melanda sibolga. Dan video Vietnam itu sebagai pembanding lambat nya hadir helikopter sebagai alternatif evakuasi lokasi yang terisolasi 115,negatif,0,negatif,90,Mengkritik lambatnya kehadiran helikopter untuk evakuasi.,False
7059,"Membalas @FDonghun Emang dasarnya pemerintah tunduk sama konglo. Kalau pemerintah kuat, status bencana nasional harusnya tdk jadi soal. Evakuasi masif jg penting. Kebayang gak, ada bupati yg akses komunikasi saja gak bisa krn rumahnya dikepung banjir, bagaimana mau koordinasi dg pihak Daerah? 1 1 1 rb",negatif,0,negatif,95,Mengkritik pemerintah yang dianggap tunduk pada konglomerat dan lambat dalam penetapan status bencana nasional.,False
7061,Total 3 Prajurit TNI Gugur Saat Evakuasi Korban Banjir dan Tanah Longsor di Sumbar sumatera24jam.com Sumatera24Jam: Total 3 Prajurit TNI Gugur Saat Evakuasi Korban Banjir dan Tanah Longsor di Sumbar 6,negatif,0,negatif,90,"Melaporkan gugurnya prajurit TNI saat evakuasi korban bencana, yang merupakan berita duka.",False
7073,"Pada hari kedua ini, pemerintah terus mengerahkan helikopter ke berbagai titik untuk distribusi bantuan logistik dan evakuasi di wilayah terdampak bencana banjir di Aceh, Sumatera Barat, dan Sumatera Utara. #BantuanBencanaAlam #DistribusiBantuanLogistik #WilayahTerdampakBencana Tampilkan lebih banyak 12 60 134 85 rb",positif,2,netral,95,Memberikan informasi faktual tentang upaya pemerintah dalam distribusi bantuan dan evakuasi.,True
7078,ikutan banjir ga sih mata kalian tiap liat video2 bencana dan evakuasi korban bencana di sumatera? 1 145,negatif,0,negatif,90,Mengungkapkan rasa sedih dan empati saat melihat video bencana.,False
7085,"Pencarian korban banjir dan longsor di Sibolga, Sumut terus dilakukan. Anggota Brimob mengevakuasi korban yang ternyata ibu rekannya yang juga sedang bertugas. Anggota Brimob Evakuasi Jasad di Sibolga, Ternyata Ibu Rekan Sesama Polisi Dari news.detik.com 2 2 rb",negatif,0,negatif,90,Melaporkan kejadian tragis evakuasi jasad ibu rekan sesama polisi.,False
7113,Membalas @masenyumu Polri aktif membantu evakuasi warga dan pengamanan aset di wilayah banjir #PrabowoPeduliSumatera Respons Cepat Negara 1 3,positif,2,positif,90,"Menyoroti peran aktif Polri dalam membantu evakuasi dan pengamanan, serta respons cepat negara.",False
7116,Akun parodi Membalas @xquitavee Polri TNI Basarnas dan berbagai instansi digerakkan untuk evakuasi logistik serta penanganan dampak banjir. Semua bergerak serempak sebagai bentuk Respons Cepat Negara atas musibah yang menimpa masyarakat. #PrabowoPeduliSumatera 1 36,positif,2,positif,90,Menggambarkan koordinasi dan respons cepat berbagai instansi dalam penanganan bencana.,False
7125,Membalas @nandadinayy tni dan polri berjibaku di lapangan sejak banjir melanda dari evakuasi lansia sampai pengamanan jalur bantuan semuanya sejalan dengan Respons Cepat Negara #PrabowoPeduliSumatera 1 3,positif,2,positif,90,Memuji upaya TNI dan Polri yang berjibaku di lapangan dalam penanganan bencana.,False
7142,Membalas @MariaAlkaff_ Kenapa ga diselipkan tambahan agenda utk Doa & mungkin donasi bagi saudara saudara di Sumatera yg sdg mengalami bencana ? Atau memberangkatkan relawan relawan 212 utk membantu evakuasi /pemulihan akibat bencana banjir Sumatera ? 4 417,positif,2,positif,85,"Menyarankan agenda doa, donasi, dan pengiriman relawan untuk membantu korban bencana.",False
7160,gua hbs nangisin evakuasi banjir-longsor di sumatera… sakiitt bgttt cokkk 87,negatif,0,negatif,95,Mengungkapkan rasa sakit dan kesedihan yang mendalam setelah melihat evakuasi bencana.,False
7167,Membalas @Sabillah2002 @Yurissa_Samosir dan 11 lainnya Banjir ini salah joko widodo yg merusak hutan seluruh Sumatera. Walau Prabowo kalah jauh dari Jokowi si mantan presiden dalam penanganan bencana 52,negatif,0,negatif,95,Menyalahkan presiden atas kerusakan hutan penyebab banjir dan mengkritik penanganan bencana.,False
7177,Membalas @PDI_Perjuangan DPD PDI Perjuangan Sumatera Barat solid bergerak cepat dan serentak mengupayakan yang terbaik dalam penanganan dan penyerahan bantuan kepada warga dalam masa tanggap darurat bencana longsor dan banjir bandang di Sumatera Barat. Kami juga senantiasa berdoa agar Ranah Minang Tampilkan lebih banyak 1 1 169,positif,2,positif,90,Menggambarkan upaya cepat dan solid dari DPD PDI Perjuangan dalam penanganan bantuan serta doa untuk daerah terdampak.,False
7178,"Penanganan Bencana Sumatra di Bidang Pendidikan Halo, #SahabatBahasa dan #SobatBelajar! Bencana banjir dan longsor yang melanda Sumatra berdampak signifikan terhadap layanan pendidikan. 1 28",negatif,0,netral,90,Memberikan informasi faktual tentang dampak bencana terhadap layanan pendidikan.,True
7183,"Bupati TRK menyampaikan bahwa data dimaksud akan diteruskan kepada Pemerintah Aceh dan Pemerintah Pusat sebagai dasar langkah penanganan lanjutan dan pemulihan pascabencana. #RakorTanggapDarurat #BupatiNaganRaya #BeritaNaganRaya Pimpin Rakor Tanggap Darurat, Bupati TRK Ungkap Daftar Kerusakan Banjir Bandang di Nagan Raya -... Dari aceh.tribunnews.com 53",negatif,0,netral,90,Melaporkan informasi faktual mengenai rakor tanggap darurat dan pengumpulan data kerusakan.,True
7193,"Membalas @ikhwanuddin Saya tanya ""ngikutin gak soal penanganan banjir di aceh smubar sumut. ?"" Beliau2 menjawab tdk tahu Dan besoknya nimbrung cerita klo p prab sudah turun kelapangan gercep banget hadir bersama rakyat. Muncul di fyp tiktoknya. Mantab bukan? 1 18",positif,2,positif,85,Memuji respons cepat seorang tokoh yang turun langsung ke lapangan.,False
7197,Membalas @lucimaya123 Apa ini yg diinginkan anggota dpr? Tidak perlu ada rekawan yg menolong? Cukup pemerintah yg punya duit triliunan tapi tak kunjung datang? Listrik yg katanya 97% menyala ternyata juga bohong? Apa kakian ingin rakyat oerlahan kehilangan nyawa dan harapannya untuk hidup? Pernyataan 1 12,negatif,0,negatif,95,"Mengkritik keras pemerintah/DPR atas ketidakpedulian dan kebohongan, serta kekhawatiran akan nasib rakyat.",False
7206,"Membalas @masihgelap Kek yaampun.. dia tuh mikir ga sih? Even pemerintah donasi 100T Pun itu juga duit rakyat. Bukannya ngucapin terima kasih malah jadiin rakyat jadi kompetitor, padahal ya sama2 ikut ngebantu. Perkara beda nominal y astaga. Goblok bgt deh 22",negatif,0,negatif,95,Mengungkapkan kemarahan dan frustrasi terhadap perbandingan donasi yang tidak adil.,False
7212,"Membalas @InfoPublikIP Presiden Prabowo saat meninjau pembangunan Jembatan Bailey Teupin Mane, ruas vital penghubung Bireuen-Takengon di Kabupaten Bireuen, Provinsi Aceh menegaskan bahwa pemerintah mengerahkan seluruh kemampuan untuk memastikan akses logistik dan pergerakan masyarakat segera pulih. 1 54",positif,2,positif,90,Melaporkan komitmen pemerintah untuk memulihkan akses logistik dan pergerakan masyarakat.,False
7233,"Membalas @mybelovedbride pusing dan GERAMMM BGT gksi kak liat berita ke tolollan pemerintah tiap hari apelagi si bahlil anj benci bgt liat mukanya, apalagi omongannya 1 24",negatif,0,negatif,95,"Mengungkapkan rasa pusing, geram, dan benci terhadap pemerintah.",False
7239,ya Allah nangisin korban sumatera mulu tiap hari azab dunia akhirat buat pemerintah laknat 46,negatif,0,negatif,95,Mengungkapkan kesedihan atas korban dan kemarahan ekstrem terhadap pemerintah.,False
7265,"PLN-BNPB-TNI Kolaborasi Angkut Genset dnegan Helikopter untuk Listrik RSUD Datu Beru di Takengon, Aceh Tengah #PLNUntukSemua #PLNUntukIndonesia #PrayforAceh 58",netral,1,positif,90,"Melaporkan kolaborasi positif antara PLN, BNPB, dan TNI untuk memulihkan listrik rumah sakit.",True
7266,"Viral! Duka Korban Banjir Bandang Belum Usai, Kepala BNPB Tertangkap Kamera sedang Nge-Mall di Kota Medan Viral! Duka Korban Banjir Bandang Belum Usai, Kepala BNPB Tertangkap Kamera sedang Nge-Mall di Kota... Dari gelora.co 1 38",negatif,0,negatif,95,Mengkritik Kepala BNPB yang terlihat di mall saat duka korban banjir belum usai.,False
7281,"Kepala Basarnas RI, Marsdya TNI Mohammad Syaf'i melaporkan total 974 korban jiwa meninggal dan 298 orang masih dalam pencarian dunia akibat bencana banjir bandang dan tanah longsor di Sumatera. #banjirBandang #Basarnas #BNPB 36",negatif,0,negatif,90,Melaporkan jumlah korban jiwa meninggal dan hilang akibat bencana.,False
7286,Ikuti terus yuk update info tentang banjir Sumatera di BNPB Live Update Bencana jam 17.00 youtube.com BNPB Indonesia The Indonesia National Disaster Management Authority 15,netral,1,netral,95,Memberikan informasi tentang sumber update bencana yang faktual.,False
7290,"BNPB Live Update Bencana, ini sangat membantu untuk perkembangan bencana saat ini, apalagi keluarga aku ada yg di aceh youtube.com BNPB Indonesia The Indonesia National Disaster Management Authority 27",positif,2,positif,85,Mengungkapkan bahwa update bencana dari BNPB sangat membantu.,False
7291,udah jam 17.00 nih waktunya ngikutin update bencana banjir Sumatera di BNPB Live Update Bencana youtube.com BNPB Indonesia The Indonesia National Disaster Management Authority 106,netral,1,netral,95,Memberikan informasi faktual tentang waktu untuk mengikuti update bencana.,False
7292,ayo kita bisa ikut pantau di BNPB Live Update Bencana semoga segera aman ya disana aminn youtube.com BNPB Indonesia The Indonesia National Disaster Management Authority 8,positif,2,positif,90,Mengajak untuk memantau dan menyampaikan doa serta harapan agar kondisi segera aman.,False
7314,"Membalas @dks_e12 Alhamdulillah mereka ngk papa, air masuk ke rumah tapi masih bisa ditinggalin. Semoga ngk hujan lagi, jadi bsok udah kering. Karena tadi pas ditelpon, air masih hampir setinggi pinggang org dewasa di teras rumah. #PrayForSumatera 85",netral,1,positif,90,Mengungkapkan rasa syukur karena keluarga selamat dan harapan agar hujan tidak turun lagi.,True
7315,"minggu lalu perumahanku banjir. pertama kali dalam sejarah, air sampe masuk ke dalam rumah. untungnya yg masuk ke dalem cuman semata kaki (karna rumahku lebih tinggi dari jalanan depan). gituuu aja aku suetresssss 2 hari perkara barang"" yg basah. APALAGI INI DI SUMATERA YAALLAH 40",negatif,0,negatif,90,Mengungkapkan stres pribadi akibat banjir dan empati terhadap kondisi yang lebih parah di Sumatera.,False
7324,Alhamdulillah adik cafe yg aku kenal pun baru balas message bagitahu dia Selamat kat rumah . Nampak macam tak teruk sangat kondisi air masuk rumah dia 1 253,negatif,0,positif,90,Mengungkapkan rasa syukur dan lega karena seseorang yang dikenal selamat dari banjir.,True
7335,LAPORAN HARIAN ABI RESPONSIF - TANGGAP BENCANA SUMATERA 7-8 Desember 2025 Donasi Sekarang: BCA 3753300313 (a.n. Yayasan Ahlulbait Indonesia Responsif) CP: Ali Murtadha 081991999914 #ABIResponsif #Indonesia #Aceh #Sumut #Sumbar #Banjir #Ahlulbait #AhlulbaitIndonesia #ABI 78,netral,1,positif,85,Memberikan laporan dan ajakan untuk donasi sebagai bentuk bantuan.,True
7338,"Membalas @toe_giman @tonichan157 dan @sjafriesjams Jika sebagai presiden, sudah saya tetapkan bencana banjir, Aceh, Sumut & Sumbar statusnya sebagai prioritas/bencana nasional agar segera maks penanganannya @prabowo @sjafriesjams 34",netral,1,negatif,85,Menyatakan kritik tersirat terhadap penanganan bencana yang belum maksimal dan menyarankan penetapan status bencana nasional.,True
7350,"Membalas @NataliusPigai2 BRO.... perjuangan HAMnya Saudara² di Aceh, Sumber, dan Sumut pasca Banjir Bandang Kayu Gelondongan dan Longsor... Tuntut Pelaku Ilegal Logging dan Tambang² Liar... BERANI GAK?!? 27",negatif,0,negatif,90,Menuntut penindakan terhadap pelaku ilegal logging dan tambang liar yang dianggap penyebab bencana.,False
7358,"Membalas @janicepages Kayak mereka ada yang lagi di rumah tiba-tiba banjir dengan cepat jadi harus ngungsi, ada juga yang lagi di jalan dan akhirnya kejebak sampe gak makan seharian. Dengan kondisi nggak makan itu, harus bertaruh nyawa dengan jalan kaki lewat medan yang masih banjir. 1 57",negatif,0,negatif,90,Menggambarkan kondisi sulit dan mengancam nyawa yang dialami korban banjir.,False
7373,"Membalas @folkshittmedia Masa yang begini ga dikategorikan bencana nasional 3 provinsi loh... FYI ini dikampung yang namanya Salareh Aia di Kec. Palembayan Kab. Agam banyak korban dan rumah sudah hancur tenggelam tak bersisa, rumah temanku juga terendam. 3 1 rb",negatif,0,negatif,90,"Mengungkapkan kekecewaan karena bencana tidak dikategorikan sebagai bencana nasional, menyoroti kerusakan parah dan banyak korban.",False
7377,"Info Terkinin: Kondisi rumah warga di Kecamatan Ranah Batahan akibat banjir yang semakin parah pada 25 November 2025. berdasarkan informasi yang disampaikan Zikri warga Ranah Batahan ada 4 kampung yang terendam banjir yaitu Jorong Air Napal, Jorong Taming Batahan, Jorong Kampung Tampilkan lebih banyak 1 19 40 1 rb",negatif,0,netral,90,Memberikan informasi faktual tentang kondisi banjir yang semakin parah di beberapa kampung.,True
7379,"Dari Wardatina Mawa hingga Teuku Ryan, para selebritas ini membagikan kondisi rumah keluarga mereka yang terendam banjir dan curahan hati penuh haru atas musibah yang terjadi. 4 Artis Asal Pulau Sumatera yang Ikut jadi Korban Banjir, Rumah Mawa Hingga Teuku Ryan Ikut... Dari aceh.tribunnews.com 86",negatif,0,negatif,85,Melaporkan kondisi rumah selebritas yang terendam banjir dan curahan hati penuh haru atas musibah.,False
7386,"Dari total itu, sebanyak 4.876 kk atau 18.158 jiwa memilih tidak mengungsi, sementara 14 KK atau 53 jiwa lainnya terpaksa harus mengungsi ketempat saudaranya, karena rumah mereka terendam banjir dan tidak bisa ditempati. #Banjir #WargaMengungsi Banjir Kepung 13 Kecamatan di Aceh Timur, 53 Jiwa Terpaksa Mengungsi - Serambinews.com Dari aceh.tribunnews.com 1 1 157",netral,1,negatif,85,Melaporkan jumlah warga yang terdampak dan terpaksa mengungsi akibat banjir.,True
7388,"Membalas @yoidomaya Kalau gempa atau tsunami kami bisa ikhlas, itu kuasa Tuhan, belum ada teknologi yang dapat mencegah. Namun banjir ini kami tahu dengan pasti, ini karena alam yang dirusak. Tak perlu kami masuk ke dalam-dalam hutan, dari rumah kami pun dapat kami lihat hutan2 itu sudah “colak”. 1 74",negatif,0,negatif,95,Mengungkapkan kemarahan dan menyalahkan kerusakan alam akibat ulah manusia sebagai penyebab banjir.,False
7408,"Perubahan guna tanah ganggu ekosistem sungai Bina benteng atau gali terusan, tidak banyak bezanya - Pakar #SinarHarian #banjir #SungaiKelantan sinarharian.com.my Perubahan guna tanah ganggu ekosistem sungai SHAH ALAM - Kaedah menggali terusan atau membina benteng di Sungai Kelantan bukanlah penyelesaian sepenuhnya terhadap masalah banjir di negeri itu... 503",netral,1,netral,85,Menyajikan analisis faktual dari pakar mengenai penyebab banjir dan solusi yang tidak efektif.,False
7409,aku bikin video ini sambil nahan nangis #kebanjiran #banjir #vtuber #vtuberindonesia #vtuberid 33,negatif,0,negatif,95,Mengungkapkan rasa sedih hingga menahan tangis saat membuat video tentang banjir.,False
7426,"abis liat story temen yg lagi ns di aceh ya Allah di tempatnya banjir dh surut tapi jalanan roboh, rumah kondisi miring dan udah setengah tertimbun tanah 112",negatif,0,negatif,90,Menggambarkan kerusakan parah akibat banjir seperti jalanan roboh dan rumah tertimbun tanah.,False
7444,"Entah mengapa saya punya feeling: isu lingkungan yang rame saat ini akibat menjadi biang kerok banjir di mana-mana, akan terlupakan dalam sepekan atau dua. Setelahnya? Ya balik lagi ekspansi sawit dan jorok (buang sampah sembarangan). Selain karena sifat orang Indonesia itu Tampilkan lebih banyak 1 24",negatif,0,negatif,90,Mengungkapkan pesimisme bahwa isu lingkungan penyebab banjir akan segera dilupakan dan kebiasaan buruk akan terulang.,False
7456,"Ya allah aku ingatkan banjir kat malaysia dah teruk, then tengok hatyai punya terkejut gak lah keadaan kat sana jadi macam tu, tapi bila tengok kat sumatra and aceh punya banjir fuh lagi mengucap panjang aku dah rupa macam tsunami allahuu. Takutnyaaa semoga selamat tetangga ku 1 176",negatif,0,negatif,90,Mengekspresikan ketakutan dan kekhawatiran yang kuat terhadap kondisi banjir yang parah.,False
7461,Dimana mana masih banjir pada kerendem banjir rumahnya bejil… ngeliat perabotan orang di depan rumah ketutupan lumpur ya allah sedih banget. Semoga hujannya ga turun lagi 2 36,negatif,0,negatif,95,Mengungkapkan kesedihan yang mendalam melihat dampak banjir dan harapan agar hujan berhenti.,False
7463,"Apakah ada info open donasi pakaian layak pakai untuk dikirim ke saudara2 kita yang lagi kena musibah banjir, dsb nya ga ya? 120",netral,1,positif,90,"Mencari informasi untuk melakukan donasi, menunjukkan niat baik dan dukungan.",True
7471,"Akun komentar Pada saat banyak orang yang menghujat program ini langsung dicounter yang punya alam semesta, ingat jangan lawan orang baik, yang balas bukan dia lagi. langsung dikasih paham kan manfaat nya seperti apa, jadi buat yg sering DFK mbg semoga secepatnya kalian sembuh ya, #Banjir 3 9 17 1 rb",negatif,0,negatif,70,Mengandung kritik terhadap pihak yang menghujat program dan nada sarkasme.,True
7474,"ga terdampak banjir (Alhamdulillah bgt) tp kena efek pemadaman listrik bergilir dan sinyal bener2 terputus. get well really soon, Aceh. I’m just here to earn a living. jangan ngambek lagi ya bumiku 2 188",negatif,0,positif,85,"Mengungkapkan rasa syukur, simpati, dan harapan positif untuk pemulihan Aceh.",True
7489,"Membalas @TrendAsia_Org Ya betol!!..oknum2 pemimpin daerah itu paling pinter klau sdh bicara politik apalgi klau sudah coba2 mau korupsi,Suap ,Kolusi,Nepotisme.yg menguntungkan mereka dn klompoknya tp untuk mikirin nasib warganya bahkan beri solusi agar tdk trjadi banjir dn longsor lagi ngak becus!. 1 33 4 rb",negatif,0,negatif,95,Berisi kritik keras dan kemarahan terhadap oknum pemimpin daerah yang dianggap tidak becus menangani masalah banjir dan korupsi.,False
7502,"Membalas @tanyarlfes Boro boro panas kak, rumahku kebanjiran. Yang dari dulu gak pernah banjir sekarang kena banjir, jalanan semua bnjir parah. Ujan gak berhenti dari hari senin, hari ini gak bisa berangkat kerja karena jalan semua ke rendem banjir. Do'ain medan cepet pulih lagi ya kawan kawan 16 893",negatif,0,negatif,90,Menggambarkan pengalaman pribadi yang negatif akibat banjir parah dan meminta doa untuk pemulihan.,False
7513,"gais sumpah satu sumut ini lagi banjir besar ya. rumah nenek ku biasanya klo hujan gede pun yg kena banjir cuma garasi, ini hampir satu rumah kena bahkan r. keluarga udh basah2 dikit. #PrayForSUMUT 38",negatif,0,negatif,90,"Melaporkan kondisi banjir besar yang parah dan berdampak pada rumah pribadi, serta menyertakan seruan doa.",False
7525,"Aceh, Tapsel, Sulut, Sumbar, bencana banjir dan longsor dalam satu waktu.. Ya Allah..... Semoga Jokowi dan luhut tenggelam gak balik lagi 2 194",negatif,0,negatif,95,Mengungkapkan keputusasaan atas bencana dan doa negatif yang ekstrem terhadap tokoh politik.,False
7534,Chiew meluahkan rasa bimbang dan kecewa apabila insiden sama terus berulang walaupun pelbagai usaha kononnya telah dijalankan oleh agensi berkaitan. #MalaysiaMADANI #RancakkanMADANI #Banjir2025 #NADMA Banjir: ‘Ada Yang Tak Kena Di Beberapa Kawasan Di Miri’ Dari harapanmadani.com 21,negatif,0,negatif,90,Mengungkapkan kekecewaan dan kekhawatiran atas terulangnya insiden banjir meskipun ada upaya yang diklaim telah dilakukan.,False
7537,"Membalas @GoettheKing dan @bo7124083 Lu misal kalau disuruh atasan lu buat adu domba/aduk tai di Banjir Sumatera ini, tau lokasi-lokasi peristiwa dulu anjay. Terus bikin narasi yang bagusan dikit, lu malah nyambungin aksi orang menjarah yang beda tempat dari Banda Aceh cuma karena DPRK-nya mengkritik masalah listrik 1 149",negatif,0,negatif,85,Berisi kritik tajam dan tuduhan terhadap pihak yang mencoba mengadu domba atau menyebarkan narasi negatif yang tidak akurat.,False
7553,Membalas @UTurbianto3766 Terima kasih atas perhatian dan dukungannya. Polri melalui Polda Sumatera Barat terus mengintensifkan distribusi bantuan logistik ke wilayah terdampak banjir bandang dan tanah longsor secara bertahap dan terkoordinasi. Seluruh bantuan disalurkan sesuai kebutuhan lapangan untuk Tampilkan lebih banyak 33,positif,2,positif,95,Mengucapkan terima kasih dan melaporkan upaya positif serta terkoordinasi dari pihak berwenang dalam menyalurkan bantuan.,False
7554,Bupati Al-Farlaky Tidak henti henti nya terus Mengantarkan Bantuan ke berbagai Pelosok Aceh Timur yang terdampak Banjir 23,positif,2,positif,95,Melaporkan tindakan positif dan berkelanjutan dari Bupati dalam menyalurkan bantuan kepada korban banjir.,False
7557,"Membalas @humaniesproject dan @irmapikajoon DARI PENGAMATAN LAPANGAN KONDISI ACEH TAMIANG PALING PARAH TERKENA DAMPAK BANJIR LONGSOR. USAHA PENANGGULANGAN YG DILAKUKAN WARGA SETEMPAT, DIBANTU DARI PARA RELAWAN & PEMERINTAH DAERAH TERUS BERLANGSUNG DGN TANTANGAN KONDISI MEDAN YG BERAT. ALHAMDULILLAH SEBAGIAN TERKENDALI. 1 59 7 rb",negatif,0,positif,85,"Meskipun melaporkan kondisi parah, tweet ini menyoroti upaya penanggulangan yang sedang berlangsung dan adanya sebagian kondisi yang terkendali, memberikan nada harapan.",True
7559,MASYA ALLAH.... Saluuttt! Lihat Ketabahan dan Kesabaran Jiwa Warga Aceh Korban Banjir Bandang Yang Masih Tetap Bisa Melucu dan Tertawa Karena Baju Daster yang Mereka Dapat Sehat-sehat terus dan In syaa Allah semuanya cepat pulih dan normal kembali yaa saudara-saudara di Tampilkan lebih banyak 1 6 36 1 rb,negatif,0,positif,95,"Mengungkapkan kekaguman, pujian, dan doa positif untuk ketabahan serta pemulihan korban banjir.",True
7562,Bantuan terus mengalir dari Masyarakat Kecamatan Paya Bakong kepada Korban banjir di Aceh Utara. 18,negatif,0,positif,95,Melaporkan fakta positif tentang aliran bantuan yang terus-menerus kepada korban banjir.,True
7564,"Pemerintah terus berupaya mengurangi beban korban bencana alam, termasuk untuk para mahasiswa. Bantuan apa saja yg diberikan pemerintah kepada para mahasiswa dan dosen yg terdampak bencana banjir di Sumatera & berapa lama ? Semula informasi dijabarkan dalam video dibawah ini. 2 9 9 751",negatif,0,netral,85,Memberikan informasi faktual tentang upaya pemerintah dan mengajukan pertanyaan untuk detail lebih lanjut mengenai bantuan.,True
7570,"Membalas @GEGAR_official Mereka ditawarkan sebuah rumah usang di kawasan yang sering dilanda banjir tetapi sewa mereka masih agak tinggi - RM650 sebulan. Selagi mereka tidak dapat dana untuk baiki rumah baru mereka, mereka juga terus terdedah kepada bencana banjir dan perubahan iklim yang semakin teruk. 1 45",netral,1,negatif,90,Menggambarkan kondisi negatif dan kerentanan korban banjir yang terus-menerus.,True
7574,"INDONESIA SUDAH DIRUSAK ALAMNYA ,DISELURUH SABANG SAMPAI MEUROKE BENCANA BANJIR BANDANG TERUS AKAN TERJADI SELAMA MUSIM HUJAN TINGGAL TUNGGU WAKTUNYA LANTAS SIAPA YG PATUT DISALAHKAN TAK LAIN ADALAH PRESIDEN,PIM PARPOL,KEPALA DAERAH YG TERUS MEMBERI IZIN TAMBANG DAN PERKEBUNAN 86",negatif,0,negatif,95,Berisi kritik keras dan tuduhan terhadap pemimpin negara dan daerah sebagai penyebab bencana banjir.,False
7576,"Akses Aceh Mulai Pulih, PU Intensif Pasang Jembatan Bailey Kementerian Pekerjaan Umum (PU) terus mempercepat penanganan darurat infrastruktur yang terdampak banjir dan longsor di Provinsi Aceh. Upaya difokuskan pada pemulihan konektivitas jalan dan jembatan nasional yang masih Tampilkan lebih banyak 1 2 285",positif,2,positif,95,Melaporkan kemajuan positif dalam pemulihan akses dan upaya penanganan darurat infrastruktur oleh pemerintah.,False
7581,"Update Donas Tanggal 8 Desember 2025 Pukul 18.00 WIB Sejumlah Rp. 49.645.000,- PMI Kota Cilegon terus menggalang donasi peduli bencana banjir & longsor di Sumatera. #PeduliSumatera #PMIKotaCilegon #PMISelaluBantu #Cilegon 2 129",netral,1,positif,95,Memberikan informasi faktual tentang penggalangan donasi yang sedang berlangsung untuk korban bencana.,True
7583,"kalo negara masi irit2 buat nanganin sumatra, mbg lu noh distop dulu kek dananya dalokasiin dlu. Disaat makanan disini banyak dibuang, di sisi lain korban banjir sumatra berusaha survive dari dingin, laper dan korban terus bertambah IS TOTALLY SICK!! 2 90",negatif,0,negatif,95,Mengkritik pemerintah yang dianggap kurang serius menangani banjir dan mengungkapkan kemarahan atas penderitaan korban.,False
7586,"dukung terus langkah pemerintah tangani banjir di Sumatera. Stay strong, semuanya 21",netral,1,positif,95,Mengungkapkan dukungan terhadap langkah pemerintah dan memberikan semangat.,True
7599,Membalas @Beritasatu BNPB memastikan seluruh daerah terdampak banjir bandang dan longsor di Aceh serta Sumatera sudah menerima logistik. Kepala BNPB Suharyanto menegaskan distribusi terus dipantau karena sebagian wilayah hanya bisa dijangkau melalui udara. 1 2 190,netral,1,positif,90,Melaporkan informasi faktual tentang distribusi logistik yang telah diterima dan dipantau oleh BNPB.,True
7628,"Hujan deras di Sibolga, Sumut, Minggu (7/12) malam menyebabkan Sungai Aek Doras meluap dan banjir merendam beberapa area, termasuk rumah dinas Wakapolres. Warga diminta menghindari area banjir. Belum ada korban jiwa, dan petugas terus memantau situasi. 42",negatif,0,netral,90,"Memberikan laporan faktual mengenai kejadian banjir, dampaknya, peringatan, dan pemantauan situasi tanpa emosi kuat.",True
7639,"Jumlah korban meninggal dunia akibat bencana banjir dan longsor di Provinsi Sumatera Utara terus bertambah. Hingga Minggu, 7 Desember 2025, tercatat 329 orang meninggal dunia berdasarkan data dari Badan Nasional Penanggulangan Bencana (BNPB). indomedia.co 329 Orang Meninggal Akibat Banjir dan Longsor di Sumut, 82 Warga Masih Hilang Jumlah korban meninggal dunia akibat bencana banjir dan longsor di Provinsi Sumatera Utara terus bertambah. Hingga Minggu, 7 Desember 2025, tercatat 329 orang meninggal dunia berdasarkan data dari... 41",negatif,0,negatif,90,"Melaporkan informasi faktual tentang peningkatan jumlah korban meninggal dan hilang akibat bencana, yang merupakan berita tragis.",False
7659,"Membalas @BiruBir26073179 @tvOneNews dan @prabowo Bahkan disembunyikan ditempat yg Aman, berhubung hutan itu Sdh gundul & hujan terus-menerus terjadilah banjir bandang, sehingga kayu hasil bajingan tersebut terbawa arus air berserakan dimana-mana, begitu Lho? 1 125",negatif,0,negatif,90,Mengkritik penyebab banjir bandang yang dikaitkan dengan penggundulan hutan dan aktivitas ilegal.,False
7660,Membalas @SHPDCMPABABD dan @YgMenang_KPU_MK - Atmospheric River (Sungai Atmosfer): Menumpahkan air hujan secara terus-menerus di sepanjang punggung pegunungan Bukit Barisan. Kombinasi faktor-faktor tersebut menciptakan kondisi cuaca ekstrem yang memicu banjir bandang dan tanah longsor di wilayah tersebut ¹ ² ³. 1 1 169,negatif,0,netral,95,Memberikan penjelasan faktual dan ilmiah mengenai penyebab cuaca ekstrem yang memicu banjir dan longsor.,True
7670,"Banjir bandang di Sumatra kini masuk babak baru. Negara resmi menggugat enam perusahaan yang diduga ikut merusak hulu sungai. Ini bukan lagi soal cuaca, tapi soal tanggung jawab. #BanjirSumatra #Lingkungan #KeadilanIklim",negatif,0,positif,90,Melaporkan tindakan hukum positif yang diambil pemerintah terhadap perusahaan yang diduga merusak lingkungan penyebab banjir.,True
7680,"Dan paling biadabnya rejim ini, tak satupun instansi pemerintah atau swasta yg diseret ke pengadilan atas deforestasi penyebab banjir dan tanah longsor yg menelan ribuan nyawa di Sumatra. Dan termul serta penjilat samsul msh ngomngin pilpres, dasar bedebah !!!",negatif,0,negatif,95,Mengungkapkan kemarahan dan kritik keras terhadap pemerintah yang dianggap tidak menindak tegas penyebab deforestasi dan banjir.,False
7698,Salut sama semua lini pemerintah yang langsung turun tangan pas banjir Aceh,positif,2,positif,95,Mengungkapkan apresiasi dan pujian terhadap respons cepat pemerintah dalam menangani banjir.,False
7703,"Ya, artikel Liputan6 tanggal 10 Januari 2026 memang melaporkan kesimpulan tim ahli IPB bahwa banjir bandang di Tapanuli lebih disebabkan faktor alam ekstrem (curah hujan tinggi, tanah tipis, lereng curam) daripada aktivitas PT TBS (perusahaan sawit), yang arealnya <0,5% di DAS.",netral,1,netral,95,Menyajikan laporan faktual dari kesimpulan tim ahli mengenai penyebab banjir.,False
7719,"Menteri Sosial Saifullah Yusuf alias Gus Ipul mengatakan Kementerian Sosial menyalurkan bantuan tambahan sebesar Rp 450 ribu per orang bagi korban bencana banjir bandang dan longsor di Aceh, Sumatera Utara, dan Sumatera Barat. Bantuan tersebut merupakan bantuan pangan pasca",negatif,0,positif,90,Melaporkan informasi faktual tentang penyaluran bantuan tambahan oleh Kementerian Sosial kepada korban bencana.,True
7745,"Kok gak ada lagi berita musibah Sumatera yaa... gmn nasibnya rumah2 yg terkubur lumpur,kayu2 yg kebawa banjir bandang sampe nutup sungai dll.. sempet liat di reel tadi kalo warga udah bikin kayu2 itu jadi papan utk rumah mereka.. mantaaap skaleeee setuju",netral,1,positif,80,Mengungkapkan kekaguman dan persetujuan terhadap ketangguhan dan kreativitas warga dalam menghadapi dampak banjir.,True
7759,"Ketua DPRD Provinsi Sumatera Barat, Drs. H. Muhidi, M.M., menghadiri Rapat Koordinasi Percepatan Rehabilitasi dan Rekonstruksi Pascabencana Hidrometeorologi di Provinsi Sumatera Barat sebagai wujud komitmen bersama dalam mempercepat pemulihan daerah terdampak",netral,1,positif,90,Melaporkan informasi faktual tentang rapat koordinasi dan komitmen untuk mempercepat pemulihan pascabencana.,True
7776,AWAS AJA KALO TIKETING NYA KECEPETAN H-2 BULAN AJA INI WARGA INDO MASIH LAGI PADA PUYENG MIKIRIN DUIT GRGRG PEMERINTAH sedih,netral,1,negatif,80,Mengungkapkan kesedihan dan frustrasi atas kesulitan finansial yang disebabkan oleh pemerintah.,True
7787,"Udh berganti rezim, tapi masalah di konoha masih tetap ga pernah beres. Banjir makin parah, korupsi makin ngeri, ekonomi makin sempit. Rakyat2 yg susah bukan karna malas, tapi korban dari sistem yg ga bener. Padahal negri konoha kaya raya SDA nya.",negatif,0,negatif,95,"Mengkritik kegagalan rezim dalam menyelesaikan masalah negara, termasuk banjir yang semakin parah, dan korupsi.",False
7789,"Banjir bandang dan longsor di Aceh, Sumut & Sumbar menunjukkan bahwa pengelolaan Daerah Aliran Sungai (DAS) harus diperkuat lewat reforestasi, rehabilitasi hulu sungai, dan tata ruang yang lebih bijak agar risiko bencana berkurang di masa depan. Solusi jangka panjang bukan hanya",netral,1,positif,95,Mengusulkan solusi jangka panjang yang konstruktif untuk mengurangi risiko bencana banjir di masa depan.,True
7816,"Kritik Bencana Banjir Sumatra dan Utang PLN, Influencer Sherly Annavita hingga DJ Donny Diteror",negatif,0,negatif,90,"Melaporkan insiden teror yang menimpa kritikus penanganan banjir, yang merupakan peristiwa negatif.",False
7818,"Berikut detail spesifik upaya pemerintah pusat untuk penanganan banjir di Aceh Utara (Nov-Des 2025): - Alokasi dana siap pakai (DSP) BNPB Rp4 miliar, bagian dari Rp268 miliar untuk Sumatra. - Pembersihan jalan nasional (72 dari 81 ruas pulih) & akses desa di Langkahan dengan 8",positif,2,positif,95,"Memberikan detail faktual tentang upaya dan alokasi dana pemerintah pusat untuk penanganan banjir, menunjukkan tindakan positif.",False
7828,"Iklim itu memang fakta ada. Kita tidak bisa memungkiri. Kayu gelondongan juga , kita tidak bisa cegah. Antara iklim yg menyebabkan banjir bandang dan kayu gelondongan itu yg bisa menghancurkan rumah dan membunuh manusia. Beda banjir bandang di jawa dan sumatra itu pada gelondong",negatif,0,netral,90,Menyajikan observasi faktual dan perbandingan mengenai penyebab dan karakteristik banjir bandang.,True
7830,Sekretaris Kabinet Teddy Indra Wijaya menyatakan sebanyak puluhan helikopter telah dikerahkan dalam menangani bencana banjir bandang dan longsor di Sumatra. #MERONA4D,netral,1,positif,95,"Melaporkan informasi faktual tentang pengerahan helikopter untuk penanganan bencana, menunjukkan upaya positif.",True
7836,"Melihat berita di @SCTV saat ini, banyak sekali daerah yang dilanda banjir. Jadi pengen tahu reaksi @prabowo tahu kondisi Indonesia seperti itu. -Senang karena sedikit bisa ngeles penyebab bencana di Aceh & Sumatra saat ini. Atau.... -Sedih? 🤧",negatif,0,negatif,85,Mengungkapkan kekhawatiran atas banjir dan nada sarkasme/kritik terhadap kemungkinan reaksi seorang tokoh politik.,False
7841,Apa gue bilang. 2 hari setelah ketahuan penyebab banjir di Sumatra adalah perusahan mili @prabowo . @kapolri langsung jadikan itu kartu As untuk lawan tim Reformasi polri. @mohmahfudmd dan @JimlyAs hanya bayang-bayang,negatif,0,negatif,90,Mengandung tuduhan serius yang mengaitkan penyebab banjir dengan perusahaan tokoh politik dan intrik politik.,False
7849,"Mengapa Dampak Banjir Bandang Sumatra tidak disebut Bencana Nasional ternyata banyak pejabat bermain dgn Hutang Sumatra khususnya Aceh jokowi raja Juli Antonio PSI masing"" dpt setoran blm lg para pembalak hutan nya GILAAA Lihat video @KangMus999 ! #TikTok",negatif,0,negatif,95,Mengungkapkan kritik keras dan tuduhan korupsi serta manipulasi politik terkait penanganan dan penyebab banjir.,False
7859,Banjir Bandang Kembali Hantam Padang #السعودية_العظمى,negatif,0,netral,90,Melaporkan informasi faktual tentang kejadian banjir bandang.,True
7860,Mereka tertawa bahagia... Di balik tertawa mereka ada yg Sangat susah.. Korban banjir Di Aceh. Padang. Sumut..,negatif,0,negatif,90,Mengungkapkan kesedihan dan kritik atas kontras antara kebahagiaan sebagian orang dengan penderitaan korban banjir.,False
7864,"Pupuk Kaltim hadir untuk Sumatera Melalui semangat kepedulian dan solidaritas, Pupuk Kaltim bersama karyawan menyalurkan bantuan kemanusiaan senilai Rp2,05 miliar bagi korban banjir di Aceh, Sumatera Utara, dan Sumatera Barat. Komitmen ini menjadi bukti bahwa keberlanjutan kerja sama",positif,2,positif,95,Melaporkan tindakan positif berupa penyaluran bantuan kemanusiaan dan menunjukkan semangat kepedulian.,False
7868,"Menteri Dalam Negeri (Mendagri) Tito Karnavian mengungkapkan, Sumatera Utara (Sumut) menjadi wilayah yang cepat pulih pasca-bencana banjir bandang dan tanah longsor. Sementara wilayah yang paling berat adalah Aceh Tamiang, sebab di wilayah tersebut layanan pemerintahan belum",positif,2,netral,85,"Memberikan informasi faktual mengenai status pemulihan di dua wilayah berbeda, dengan kondisi yang bervariasi.",True
7870,"Kementerian Pekerjaan Umum melalui Direktorat Jenderal Bina Marga memastikan Jembatan Kembar Margayasa di Tanah Datar, Sumatera Barat, dalam kondisi aman pascabencana banjir bandang dan longsor.",netral,1,positif,95,Melaporkan informasi faktual yang positif mengenai kondisi aman infrastruktur pascabencana.,True
7882,Langkah cepat Presiden Prabowo Pulihkan PascaBencana banjir Sumatera diwujudkan lewat Pembangunan Rumah Korban Bencana hunian sementara dibangun agar warga segera meninggalkan tenda pengungsian,negatif,0,positif,95,Menggambarkan langkah cepat pemerintah dalam pemulihan pascabencana.,True
7906,loh apa salahnya kejar ambisi yg salah itu yg korupsi yg bikin rakyat sengsara spt di aceh .. hutan digunduli akhirnya longsor banjir bandang .. anies berambisi untuk mengakhiri kesengsaraan dgn cara merebut kekuasaan yg disyahkan oleh undang undang yaitu lewat partai politik,negatif,0,negatif,90,Mengkritik korupsi dan penggundulan hutan yang menyebabkan bencana serta kesengsaraan rakyat.,False
7921,"Maluuuu wooooi yg dr luar Aceh pada kerja keras membantu para korban di Aceh eeeh kalian demo demo aja Maluuuu woooooi yg di bantu itu orang Aceh asli yg kena musibah itu Aceh Sumut Sumbar, kalian kerjanya demo demo aja",negatif,0,negatif,95,Mengekspresikan rasa malu dan kritik terhadap pihak yang berdemo alih-alih membantu korban bencana.,False
7929,"Ribuan keluarga korban banjir dan longsor di Aceh, Sumatera Utara, dan Sumatera Barat memilih bertahan di luar hunian sementara dengan menerima Dana Tunggu Hunian (DTH) dari pemerintah. Badan Nasional Penanggulangan Bencana (BNPB) mencatat, hingga kini sebanyak 16.264 kepala",negatif,0,netral,90,Memberikan informasi faktual mengenai jumlah korban dan bantuan yang diterima.,True
7941,Apa bakal kejadian lagi tahun baru banjir?,netral,1,negatif,85,Mengungkapkan kekhawatiran akan kemungkinan terjadinya banjir lagi.,True
7946,Penanganan Banjir Wilayah Sumatera dan Aceh Terus Berjalan,netral,1,netral,90,Menyampaikan informasi faktual bahwa penanganan banjir sedang berjalan.,False
7952,Dari dulu belim pernah denger BNPB di cek.. coba KPK/OJK/BI cek alur keluaf masuk uang di BNPB,negatif,0,negatif,90,"Menyarankan adanya pemeriksaan terhadap aliran dana BNPB, mengindikasikan ketidakpercayaan.",False
7956,"""Pusat kayaknya tutup mata,"" kata Ismail A Jalil, Bupati Aceh Utara. Dia menyatakan bencana banjir di Aceh 'lebih parah dari tsunami 2004. Dia menjelaskan, desa-desa berubah menjadi muara, dan rumah-rumah hanyut.",negatif,0,negatif,95,Mengkritik pemerintah pusat dan menggambarkan parahnya dampak bencana banjir.,False
7966,Brimob Sumut Bantu Pulihkan Sekolah Terdampak Banjir di Tanjung Pura @brimobpoldasumut Tim Produksi Humas Korps Brimob Polri #PrayForSumatra #Polriuntukmasyarakat #BrimobUntukNusadanBangsa #Jiwaragakudemikemanusiaan #humaskorbrimobpolri ©️,positif,2,positif,95,Menggambarkan upaya bantuan dan pemulihan oleh Brimob untuk sekolah terdampak banjir.,False
7967,Bukanya partai mikir utk bantuan banjir Aceh..Sumut ???,negatif,0,negatif,85,Menyiratkan kritik bahwa partai politik tidak memprioritaskan bantuan banjir.,False
7979,"60 KK di Jambo Kajeung Masih Mengungsi, Butuh Bantuan Alat Berat Bersihkan Lumpur Warga terpaksa mengungsi karena rumah mereka mengalami kerusakan serta masih terendam lumpur setebal sekitar 50 sentimeter, baik di halaman maupun di dalam rumah.",negatif,0,negatif,90,Menggambarkan kondisi pengungsian dan kebutuhan bantuan akibat kerusakan rumah dan lumpur.,False
7990,"Butuh bertahun tahun hutan yang sudah si rusak bisa hijau kembali, jika hujan deras maka banjir bandang akan terus seperti ini. Pak pratikno kemarin koar koar mau rekayasa cuaca buktinya mana?? @prabowo @Gerindra @setkabgoid",negatif,0,negatif,90,Mengkritik kerusakan hutan dan mempertanyakan janji rekayasa cuaca yang belum terbukti.,False
7993,Ga liat kembang api bikin dia meninggal terus keluarganya keseret banjir bandang kah? Ga punya hati bgt tu orang,negatif,0,negatif,95,Mengekspresikan kemarahan dan ketidakpedulian terhadap orang yang merayakan di tengah penderitaan korban banjir.,False
7997,"Kalau mau bicara sawit mbok yo tunggu penanganan banji sumatra-aceh maksimal dulu kek, hujan masih deras, banjir datang silih berganti, air mata belum kering, masyarakat masih ngungsi, tapi orang satu ini isi kepalanya cuma sawit.",negatif,0,negatif,95,Mengkritik fokus pada isu sawit saat masyarakat masih menderita akibat banjir.,False
8004,Saat rumah terendam harapan dijaga Projo Peduli Bencana bersama rakyat Sumatera Bersama Budi Arie Setiadi Projo Setia Digaris Rakyat mendukung pemulihan dan kerja keras pemerintah,positif,2,positif,90,Mengungkapkan dukungan terhadap upaya pemulihan dan kerja keras pemerintah.,False
8010,"Sama banget Nder, disini hampir tiap malem hujan deres aku selalu kepikiran gimana kalo mereka kehujanan dan kena banjir lagii. Akhirnya nangis lagi, ya Allah berat cobaan saudara saudaraku disanaa",negatif,0,negatif,95,Mengekspresikan kesedihan dan kekhawatiran mendalam terhadap kondisi korban banjir.,False
8023,evakuasi korban banjir bikin nangis pagi² sedih,negatif,0,negatif,95,Mengungkapkan kesedihan dan emosi negatif saat melihat evakuasi korban banjir.,False
8028,Seskab Teddy mengajak seluruh lapisan masyarakat untuk saling bantu dalam penanganan bencana banjir dan longsor di Sumatera. Teddy menekankan pentingnya gotong royong agar pemulihan berjalan lebih cepat dan menyeluruh.,positif,2,positif,95,Mengajak masyarakat untuk saling membantu dan menekankan pentingnya gotong royong dalam penanganan bencana.,False
8029,Pempus apa tidak berpikir akan adanya kebangkitan ide separatis krn keterlambatan pempus dlm penanganan bencana dan kelakuan para menteri yg ngehek mengatasi banjir,negatif,0,negatif,90,Mengkritik keterlambatan penanganan bencana oleh pemerintah pusat dan perilaku menteri.,False
8039,"Dari awal juga bantuannya gak jelas. Mereka buat kebutuhan utama aja kurang, masa mau ditambah biaya listrik buat ngecas becak? Kebiasaan pemerintah, ngasih solusi ngasal, gak bener"" dipikir akar masalahnya apa. Oon",negatif,0,negatif,95,Mengkritik bantuan pemerintah yang tidak jelas dan solusi yang dianggap tidak tepat sasaran.,False
8046,"Haru! Detik-detik distribusi bantuan udara untuk warga Sikundo, Aceh Barat yang terisolasi banjir. Akses jalan putus total, bantuan logistik jadi penyambung nyawa. ​Mari luangkan waktu sejenak untuk mendoakan keselamatan mereka. Semoga air segera surut! ​#BanjirAceh #AcehBarat",negatif,0,positif,95,"Mengungkapkan rasa haru, menggambarkan bantuan yang menyelamatkan nyawa, dan mendoakan keselamatan korban.",True
8048,"Salah satunya, yang baru baru ini. Bencana banjir rob di Sumatra, menurut aku sudah sangat sangat parah sekali. Sudah menghasilkan banyak sekali korban jiwa. Idealnya, sebagai pemimpin negara yang benar, pak prabowo harus lebih cepat tanggap akan hal ini. Tetapi???",negatif,0,negatif,90,Menggambarkan parahnya bencana dan mengkritik lambatnya tanggapan pemimpin.,False
8072,Muhammadiyah Terima Amanah Salurkan Bantuan Kemanusiaan UEA bagi Korban Banjir Gubernur Sumatera Utara Bobby Nasution memastikan bantuan kemanusiaan berupa beras sebanyak 30 ton dari Uni Emirat Arab (UEA) tetap disalurkan kepada para korban banjir. Bantuan tersebut dipastikan,negatif,0,positif,90,Memberikan informasi positif tentang penyaluran bantuan kemanusiaan untuk korban banjir.,True
8075,"Lagian jalan lintas juga dari sumatra, sementara ini putus. Tanah longsor juga masih banyak menumpuk. Posisi aceh itu kalau jalur darat hanya bisa datang dri sumut. Kami saja di medan kesulutan ke kuala simpang.",negatif,0,negatif,85,Menggambarkan kesulitan akses dan dampak negatif dari tanah longsor dan banjir.,False
8083,"Dalam penanggulangan bencana, Pemerintah Hadir dan Pemerintah Bareng Warga dari awal hingga pemulihan. Bersama, Aceh Sumatra Pulih, harapan tumbuh, dan Aceh Sumatra Bangkit lewat komitmen Pemerintah Sigap untuk Aceh Sumatra. #AcehSumateraPulih",positif,2,positif,95,Mengungkapkan harapan dan komitmen untuk pemulihan dan kebangkitan Aceh Sumatra.,False
8094,"Berdasarkan data terkini (Des 2025), bencana utama adalah banjir dan longsor di Sumatera (Aceh, Sumut, Sumbar) dengan korban >1000 jiwa. Belum ada laporan signifikan di Riau, Kalsel, atau Kalbar. Jakarta & Jabar sering banjir musiman, tapi tak ada eskalasi baru. Sumber: BNPB,",negatif,0,netral,90,Menyajikan data faktual mengenai bencana banjir dan longsor serta jumlah korban.,True
8098,"Bencana banjir besar dan tanah longsor di Sumatera Barat turut melumpuhkan jalur vital Lembah Anai, urat nadi ekonomi yang menghubungkan Padang dan Riau. Menko Infrastruktur dan Pembangunan Kewilayahan, Agus Harimurti Yudhoyono, hadir langsung meninjau lokasi terdampak,",netral,1,netral,90,Memberikan informasi faktual tentang dampak bencana dan kunjungan pejabat.,False
8104,"DPC PDI Perjuangan Tanah Datar bergotong royong menyalurkan bantuan dari DPP PDI Perjuangan untuk korban banjir yang mengungsi di Posko Utama Nagari Sumpur, Batipuh Selatan, Tanah Datar, Sumatera Barat, Minggu (15/12/2025). Kami berharap bantuan yang diberikan bisa sedikit",negatif,0,positif,90,Menggambarkan penyaluran bantuan oleh partai politik dan mengungkapkan harapan positif.,True
8105,"Banjir besar yang melanda Kecamatan Batang Toru, Kabupaten Tapanuli Selatan, Sumatera Utara, pada akhir November lalu menyisakan kisah keberanian seorang polisi. Aipda Jhon Kennedy Habiahan, Bhabinkamtibmas Polsek Batang Toru, turun langsung membantu warga saat Sungai Batang",positif,2,positif,95,Menggambarkan tindakan keberanian seorang polisi dalam membantu warga saat banjir.,False
8108,Percuma dibantu juga jika ujung-ujungnya kasus ditutup seperti yg terjadi di Lampung ! Jangan ngeprank rakyat lah. Korban meninggal akibat Bencana Banjir Bandang di Sumatera & Aceh itu sdh mencapai 1000an orang lho ! ----- Jajaran Sore Jumat DISKON 100K Pagiii,negatif,0,negatif,90,"Mengekspresikan sinisme terhadap bantuan dan mengkritik penutupan kasus, menyoroti jumlah korban jiwa.",False
8112,FK Unila Kirim Tim Medis dan Salurkan Rp60 Juta untuk Banjir Aceh,positif,2,positif,90,Memberikan informasi positif tentang pengiriman tim medis dan penyaluran dana bantuan.,False
8115,"awal tahun 90an itu ramai2 orang berpindah ke berbagai wilayah, terutama Jambi dan Riau untuk menjadi petani sawit, padahal mereka dulu relokasi dari banjir bandang Lampung akibat bukaan hutan untuk kebun kopi. saya tahu persis, hanya timelinenya sudah tak ingat",netral,1,netral,80,Memberikan informasi historis tentang migrasi dan perubahan penggunaan lahan yang terkait dengan banjir.,False
8122,aamiin yaaMujiib Semoga dengan mendapatkan emas bisa meringanakan beban sedikit dan buat bahagia yg kena musibah banjir Bandang.,positif,2,positif,95,Mengungkapkan doa dan harapan agar korban banjir mendapatkan keringanan beban dan kebahagiaan.,False
8128,"orang-orang yang tidak tahu berkata demikian. Tetapi Allah akan menghakimi mereka pada Hari Kiamat mengenai apa yang mereka perselisihkan."" (2:113) Orang-orang yang tidak tahu, menurut saya, merujuk pada ""banjir besar"" di zaman sekarang.",negatif,0,netral,75,Menginterpretasikan teks agama dalam konteks banjir besar tanpa sentimen emosional yang kuat.,True
8132,"±7.000 korban luka Sedikitnya 523,3 ribu orang mengungsi (-1,2 ribu) | Terbanyak di Aceh Utara (166,9 ribu) | Pengurangan terbanyak di Tapanuli Tengah (-1,2 ribu)",negatif,0,netral,90,Menyajikan data faktual mengenai jumlah korban luka dan pengungsi.,True
8134,"Ditengah tengah masyarakat desa Tapanuli Sumatra Utara kesulitan akan MCK, disitulah Polri hadir untuk mengatasi masalah dengan membuatkan MCK #kamipolisibaik #polseksumowono #polressemarang #poldajateng",negatif,0,positif,95,Menggambarkan tindakan positif Polri dalam membantu masyarakat mengatasi kesulitan MCK.,True
8139,"Cakap je tak guna Dr. Kena turun padang, masuk mesy tapak diorg ni. Ada site diary tak. Minit mesy tapak mcmana rupa. JKR setakat boleh pantau je la…",negatif,0,negatif,90,Mengkritik kurangnya tindakan nyata dan menuntut keterlibatan langsung di lapangan.,False
8140,"Haha, paham guyonnya, piss juga! Soal bantuan 10rb/hari dari Mensos Gus Ipul buat korban banjir Sumatra (usul 3 bulan, sumber Kompas 18 Des 2025), banyak kritik karena dianggap minim (setara 3 Indomie, kata netizen). Link ke hutan/deforestasi: banjir sering karena penebangan",negatif,0,negatif,90,Melaporkan kritik terhadap bantuan yang dianggap minim dan mengaitkan banjir dengan deforestasi.,False
8147,uang buat beli kembang apinya mending di donasikan buat korban banjir bandang Sumatra doa,negatif,0,positif,95,Menyarankan tindakan positif berupa donasi untuk korban banjir.,True
8149,Pemerintah menyiapkan regulasi terkait pemanfaatan kayu gelondongan yang terbawa banjir bandang dan longsor di Pulau Sumatra guna mendukung percepatan rehabilitasi dan rekonstruksi pascabencana. Aturan tersebut tertuang dalam surat edaran Kementerian Kehutanan (Kemenhut) yang,netral,1,netral,90,Memberikan informasi faktual tentang persiapan regulasi pemerintah untuk rehabilitasi pascabencana.,False
8166,"Untuk warga sumatra plis jgn sambut2 pejabat yg dateng lah, teriakin ajah, kalau bisa lemparin ajah lumpur banjir biar kerjanya bener dikit. Ga usah kita bersikap baik sm mereka tuntut mereka sekencang2nya buat kerja dan bikin penanganan bencana lebih cepat",negatif,0,negatif,95,Mengekspresikan kemarahan dan mendorong kritik keras terhadap pejabat yang dianggap tidak bekerja.,False
8184,"Di Jakarta dan bbrp Daerah lain tak ada hutan jika hujan lebat banjir di Pandeglang Banten Banyak SAWIT tak ada BANJIR, Antum perlu belajar lagi PENYEBAB Banjir yg Melanda Aceh dan Padang.",netral,1,negatif,85,Mengkritik pemahaman yang salah tentang penyebab banjir.,True
8189,Gubernur Sumatera Utara Bobby Nasution memastikan bantuan beras sebanyak 30 ton dari Uni Emirat Arab (UEA) tetap akan disalurkan kepada korban banjir di Kota Medan dan tidak dikembalikan ke negara asalnya. “Namun disampaikan Pak Wakil Wali Kota ini (bantuan) dari UEA bukan G2G.,negatif,0,positif,90,Memberikan informasi positif tentang kepastian penyaluran bantuan beras untuk korban banjir.,True
8192,"Menindaklanjuti instruksi Presiden Prabowo Subianto, Muhammad Rahul mengirimkan 15.000 paket sembako untuk membantu warga yang terdampak bencana banjir bandang di wilayah Sumatera Barat.",positif,2,positif,95,Menggambarkan tindakan positif pengiriman bantuan sembako untuk korban banjir.,False
8193,"Sekretaris Kabinet, Teddy Indra Wijaya menyingung berbagai pihak yang terus meminta agar pemerintah menetapkan banjir dan longsor di Sumatera Utara, Sumatera Barat dan Aceh menjadi bencana nasional. . ""Sejak hari pertama tanggal 26, pemerintah pusat sudah melakukan penanganan",netral,1,netral,85,Menyampaikan pernyataan pejabat pemerintah mengenai penanganan bencana dan permintaan status bencana nasional.,False
8218,"Prabowo : ""Kita punya sawit sebagai karunia"" Bencana banjir Sumatra dampak kerugian 70T. Sedangkan hasil sawit 3 provinsi digabung thn 2024 hanya 28T, itupun tak semua masuk ke negara. STOP NORMALISASI SAWIT seolah lebih berharga dari dampaknya peringatan 🛑⚠️📸",negatif,0,negatif,95,Mengkritik prioritas sawit dibandingkan kerugian besar akibat banjir dan menyerukan penghentian normalisasi sawit.,False
8221,"Bencana banjir bandang dan tanah longsor Sumatra Utara, Barat, dan Aceh menarik perhatian luas media asing, seperti Associated Press, New York Times, Reuters, hingga ABC Net. Kantor-kantor berita global soroti parahnya dampak bencana, terutama terkait dugaan kuat adanya peran",negatif,0,netral,85,Memberikan informasi faktual tentang perhatian media asing terhadap parahnya dampak bencana.,True
8223,"Prozis Ibnu Abbas memberangkatkan relawan, ambulans & logistik untuk saudara kita yang terdampak banjir di Sumatera. Semoga Allah jaga mereka. Donasi kebaikan: Muamalat 5260014381 BSI 7006271612 Info: 085601095333 #PrayForSumatera #AksiKemanusiaan #ProzisIbnuAbbas #Bencana #Aceh",positif,2,positif,95,"Menggambarkan upaya bantuan kemanusiaan, doa, dan ajakan untuk berdonasi.",False
8228,"Nuklir bisa jadi energi terbersih dan efektif, tapi juga bisa merusak lingkungan dengan signifikan jika salah kelola. Jujur saya khawatir, berkaca dari lambatnya respon pemerintah dalam menangani bencana banjir Sumatra, padahal penanganan PLTN membutuhkan respon cepat dan tepat",negatif,0,negatif,90,Mengekspresikan kekhawatiran dan mengkritik lambatnya respons pemerintah dalam menangani banjir.,False
8231,Dukung penanganan banjir Sumatra,positif,2,positif,95,Mengungkapkan dukungan terhadap penanganan banjir di Sumatra.,False
8244,Koq kabarnya Wowo nggak mau buka bantuan dari luar takut ketahuan dia punya lahan sawit yg baru dibuka dan paling luas dan jadi penyebab banjir di Aceh. Bener g sih gong?,negatif,0,negatif,90,Tweet ini menyiratkan tuduhan negatif dan kritik terhadap seseorang yang diduga menyembunyikan penyebab banjir.,False
8261,"Kemensos Bantu Perkuat Layanan Penanganan Bencana Aceh, Sumut dan Sumbar Jakarta — Kementerian Sosial RI memperkuat penanganan bencana banjir di Provinsi Aceh, Sumatera Utara, dan Sumatera Barat dengan terus mensuport dan bekerjasama dengan BNPB, TNI, Polri, BPBD, Pemda dan tim",netral,1,positif,95,Tweet ini melaporkan upaya bantuan dan dukungan dari Kementerian Sosial untuk penanganan bencana.,True
8263,"Nantikan Diskusi Interaktif Malam Ini: ""Pemerintah wacanakan terapkan sanksi perdata dan pidana terhadap perusahaan perusak lingkungan hidup usai banjir di Utara Sumatera, apa yang harus diperhatikan?"" Narasumber: Pkl 23.00 ::: Pakar Hukum Pidana - Dosen Fakultas Hukum (FH)",negatif,0,netral,90,Tweet ini adalah pengumuman diskusi faktual tentang wacana sanksi tanpa menunjukkan emosi kuat.,True
8268,"SUMATERA BUTUH STATUS #BENCANANASIONAL #NATIONALDISASTER Btw Guys kalau ada yg mau bantu donasi bisa dm gue ya, dijamin amanah. Karna gue juga terjun langsung sama mahasiswa lain nantinya setelah dana terkumpul ke tempat yg terkena banjir... Btw lokasi gue di Sumatera Barat.",positif,2,positif,95,Tweet ini berisi ajakan donasi dan niat untuk membantu korban banjir.,False
8286,"Sikat habis hutan, yang menderita rakyat bukan bos. Rumah dimana-mana semua mewah dan bebas banjir.",negatif,0,negatif,95,Tweet ini mengkritik keras perusakan hutan dan ketidakadilan sosial terkait dampak banjir.,False
8292,Hutan udah gundul...datengin banjir bandang baru bertindak...telat goblox Nyawa ratusan manusia sdh melayang sia-sia... Rumah harta benda lenyap... Infrastruktur hancur.... Mundur klean kader2 PSI yg nyarang dikemenhut... KERJA GA PECUSSSS...bikin rakyat susah,negatif,0,negatif,95,"Tweet ini menunjukkan kemarahan, kritik tajam, dan kekecewaan terhadap pemerintah atas penanganan dan penyebab banjir.",False
8300,"Yaa Allah… Aceh sudah kehilangan 4 kampung. Dan Aceh Tamiang masih rentan bencana susulan. Yaa Allah timpakan azab pada yang memgundang bencana ini, pada mereka pelaku perusakan alam.",negatif,0,negatif,90,Tweet ini mengungkapkan kesedihan atas dampak bencana dan doa negatif/kutukan terhadap pelaku perusakan alam.,False
8311,"Menurut update BNPB pada 6 Desember 2025, korban tewas banjir dan longsor di Sumatera capai 914 jiwa (Aceh 359, Sumut 329, Sumbar 226), hilang 389 orang.",negatif,0,netral,95,Tweet ini adalah laporan faktual mengenai jumlah korban bencana.,True
8348,"Ya, klaim itu benar. Tim Cook mengumumkan di X pada 2 Des 2025 bahwa Apple akan donasi untuk bantuan banjir di Indonesia (termasuk Sumatera) dan negara Asia lain. Sumber: AppleInsider, 9to5Mac, dan postingan Cook sendiri. Bencana ini memang mendapat perhatian internasional.",positif,2,positif,95,Tweet ini melaporkan adanya donasi dan bantuan dari pihak internasional.,False
8349,"perkataan mereka yg ""mengecilkan"" situasi /kondisi bencana di sumatra memang sangat sangat salah dan tidak ada empati tapi apakah antum pernah ke daerah bencana alam? tidak semudah itu pergerakan dan rescue kita, apalagi bencana longsor dan banjir parah yg menutup akses",negatif,0,negatif,85,Tweet ini mengkritik pihak yang meremehkan situasi bencana dan menunjukkan kesulitan dalam penanganan.,False
8350,banjir di semua daerah ketika musim hujan -- exploitation alam yg parah 🤌,negatif,0,negatif,90,Tweet ini mengeluh tentang banjir dan menyalahkan eksploitasi alam yang parah.,False
8353,teman² aku minta doanya buat teman aku yang lagi sakit di rumah sakit. sakitnya lumayan parah. kami belum bisa menghubungi keluarga nya karena terdampak banjir sumatra juga. terimakasih dukungan,negatif,0,positif,80,"Tweet ini berisi permintaan doa dan dukungan, meskipun ada konteks kesulitan akibat banjir.",True
8354,"Aceh Tamiang menjadi wilayah paling parah terdampak banjir bandang. Rumah warga porak-poranda, dan di sejumlah titik seluruh desa rata dengan tanah. Ternak seperti sapi dan kambing mati terkapar di jalan, sementara mayat korban masih tertimbun di bawah lumpur.",negatif,0,negatif,95,"Tweet ini menggambarkan kondisi kerusakan parah dan korban jiwa akibat banjir, menimbulkan kesedihan.",False
8363,"Mana nih Produsen2 Air Mineral,Indo Mie,Mie Sedappp dan sejenisnya,Minuman Vitamin,GulaKu dan Produsen2 cemilan Ayo....ditunggu partisipasi kalian unt bantu sodara2 kalian yg terkena Bencana Banjir di Aceh Sumut Sumbar",netral,1,positif,90,Tweet ini adalah ajakan untuk berpartisipasi dalam bantuan bagi korban banjir.,True
8381,"Akses Terputus, Harapan Terhambat Di balik tumpukan rumah yang hancur dan tanah yang terseret banjir, ribuan warga Aceh kini berjuang tanpa kepastian. Bantuan sulit masuk, jalan-jalan terputus, dan pemerintah khawatir jumlah korban akan terus bertambah karena kelaparan dan sedih",negatif,0,negatif,95,"Tweet ini menggambarkan kondisi yang menyedihkan, kesulitan, dan kekhawatiran akan dampak buruk banjir.",False
8382,"Ibu Citra Dewi menjadi Saksi, bahwa belum ada bantuan yang masuk. Hanya PKS yang membantu mereka. Ada 134 orang yang mengungsi di rumah ini sampe H+9 “Tsunami” Banjir Aceh Tamiang. Ada balita, Busui, Bumil. Tamiang, 4 Desember 2025 Dusun Bahagia, Desa Bundar Kab. Aceh Tamiang.",negatif,0,negatif,90,Tweet ini mengeluhkan kurangnya bantuan dari pihak lain dan menggambarkan kondisi pengungsian yang sulit.,False
8388,Mensesneg Prasetyo Hadi mengatakan Presiden RI Prabowo Subianto menginstruksikan seluruh jajaran untuk memprioritaskan pemulihan akses jalur darat agar tidak lagi ada yang terisolir di tiga provinsi Sumatera yang terdampak banjir dan longsor. #infohotnews #banjir,netral,1,positif,90,"Tweet ini melaporkan instruksi presiden untuk penanganan dan pemulihan akses, menunjukkan upaya positif.",True
8401,"Traumanya ada bgt… meski dirumahku baru kena dikit, tp kami semua panik karna terbayang rumah2 yg tenggelam jd memilih untuk ngungsi meskipun harus melewati arus air yg deras itu ditengah2 banjir itu di telp sm paman aku nanya keadaan akhirnya aku jawab sambil nangis2 sedih",negatif,0,negatif,95,"Tweet ini mengungkapkan trauma, kepanikan, dan kesedihan akibat banjir.",False
8404,#PrayForSumatera paham banget karena aku adalah warga yg sering kebanjiran juga. Lihat air banjir yg semakin naik tuh menakutkan. Gak bisa tidur dengan tenang. Cape angkut2 barang ke atas. Udah surut banjir bersihin rumah yg bikin sakit pinggang sampai kaki. sedih,negatif,0,negatif,95,"Tweet ini mengungkapkan ketakutan, kecemasan, dan kesedihan akibat pengalaman banjir.",False
8421,"Banjir dikawasan pulau Sumatra, pejabatnya bilang cuaca extrime, ya betul, saking extrime ya hujannya bukan hujan air, tapi hujan kayu gelondongan. Untuk semua pejabat, bikin aja terus kebijakan yg menyesatkan dan merusak. Kita tinggal sama2 hukuman dari Allah berupa bencana.",negatif,0,negatif,95,Tweet ini berisi sarkasme negatif dan kritik tajam terhadap pejabat serta kebijakan yang merusak lingkungan.,False
8426,"Lok : Desa Blangcut, Pidie Jaya, Aceh Update kondisi terkini Pemukiman warga masih tergenang banjir serta akses jalan masih terputus #PrayForIndonesia #PrayForAceh #PrayForSumatera sedih darurat sedih peringatan",netral,1,negatif,90,Tweet ini melaporkan kondisi buruk akibat banjir dan mengungkapkan kesedihan.,True
8435,"Cepat lah pak, kami di sumatra utara sudah keburu tenggelam nih dalam banjir. Tak banyak yang bisa menolong karena tak tersedia perahu atau rakit sekalipun untuk evakuasi atau sekedar mengantar bekal makanan atau obat2an bagi yg terjebak di rumah2 mereka.",negatif,0,negatif,95,Tweet ini adalah keluhan dan permohonan bantuan yang mendesak karena kondisi darurat dan kurangnya pertolongan.,False
8439,Pesawat CN-295 P-4501 Polri Angkut Bantuan Logistik Tiba di Aceh Pesawat angkut Polri jenis CN-295 P-4501 mendarat mulus di Bandara Sultan Iskandar Muda (SIM) membawa berbagai bantuan logistik untuk penanganan musibah banjir di Aceh. Sabtu 29 November 2025,positif,2,positif,95,Tweet ini melaporkan kedatangan bantuan logistik untuk korban banjir.,False
8464,Berarti yang ngebunuhin orang sumbar karena banjir bandang ini si kabau @RajaJuliAntoni biadab ini 😡,negatif,0,negatif,95,Tweet ini berisi tuduhan dan kemarahan yang sangat kuat terhadap seseorang yang dianggap bertanggung jawab atas korban banjir.,False
8476,"Ngeliat banjir di sumatra agak ketar ketir ya, walaupun sumsel masih aman, dan rumahku jauh dari sungai besar sedih",netral,1,negatif,90,Tweet ini mengungkapkan perasaan khawatir dan sedih melihat kondisi banjir.,True
8481,"Cukong2 boss kayu dan tambang itu lagi kongkow2 di S'pore, bininya lagi belanja tas di Paris, anaknya lagi nonton NBA di LA.. Kalian para peliharaan lagi nonton tv lihat saudara di Aceh, Sumut dan Sumbar tertimpa bencana.. OTAK KALIAN ADA DIMANA BABIK..?",negatif,0,negatif,95,Tweet ini menunjukkan kemarahan dan kritik tajam terhadap pihak-pihak yang dianggap tidak peduli terhadap penderitaan korban banjir.,False
8495,"Pray for Aceh & Sumatera Hati kami hancur melihat cobaan yang menimpa saudara-saudara kita di Aceh dan Sumatera. Duka mereka adalah duka kita bersama. Kami mengirimkan doa terbaik, harapan, dan kekuatan untuk semua yang terdampak. #PrayForAceh #PrayForSumatera #goodybag 🎗️",negatif,0,positif,95,"Tweet ini berisi doa, harapan, dan dukungan moral untuk korban banjir.",True
8502,Bahhh gapernah ngebayangin dia naik air asia beneran kepentok jadwal banget dah sedih,netral,1,netral,70,Tweet ini tidak secara langsung terkait dengan banjir di Sumatra dan lebih merupakan ekspresi pribadi yang tidak memiliki sentimen kuat terkait bencana.,True
8508,"Coba ngomong di depan warga yg rumah nya ancur kebanjiran sana bang,,,ga di timpukin tai juga sukur loe,,,enak aja ngomongin angka, rakyat mah susah gara2 kebijakan pejabat2 korup",negatif,0,negatif,95,Tweet ini menunjukkan kemarahan dan kritik keras terhadap pejabat yang dianggap tidak peduli dan korup.,False
8513,"Kantor Wilayah Direktorat Jenderal Imigrasi Kepulauan Riau menyampaikan doa dan empati terdalam atas bencana banjir dan longsor di Aceh, Sumut, dan Sumbar. Semoga keadaan segera membaik dan masyarakat dapat kembali beraktivitas dengan aman.",netral,1,positif,95,Tweet ini berisi doa dan harapan positif untuk pemulihan kondisi pasca bencana.,True
8517,Pemerintah keknya emang gapeduli sama sumatera. Jambi langganan banjir dan pernah surutnya nyampe berminggu2 gapernah tuh diperhatiin,negatif,0,negatif,95,Tweet ini mengkritik pemerintah yang dianggap tidak peduli terhadap masalah banjir di Sumatera.,False
8534,"Banjir gede gini kalau siklonnya (amit amit) lewat rumah gw yang di sana, udah pasti banjir sampe atep gak keliatan. Ya kan pung Lampung? Sekarang dikit² banjir, kayak mnyed.",negatif,0,negatif,90,Tweet ini mengungkapkan kekhawatiran dan keluhan tentang frekuensi banjir.,False
8542,"Pemikiran Cerdas Seorang Warga Saat Diwawancarai Mengenai Banjir dan Longsor “Banjir Bandang Bolehlah Datangnya Dari Hujan, Tapi Gelondongan Kayu Ini Tidak Mungkin Datang Dari Awan. Kalau Bukan Dari Gergaji² Yg Disebabkan Oleh Tangan² Jahil Manusia”",negatif,0,negatif,90,Tweet ini menyiratkan kritik terhadap penyebab banjir yang diakibatkan oleh aktivitas manusia (penebangan liar).,False
8559,"Sebanyak 21 jenazah telah ditemukan di aliran Sungai Batang Anai, Kabupaten Padang Pariaman, Sumatera Barat diduga korban banjir bandang atau galodo di Jembatan Kembar Kota Padang Panjang pada Kamis, 27 November 2025. ""Untuk sementara hingga malam tadi ada 21 jenazah yang telah",negatif,0,netral,95,Tweet ini adalah laporan faktual mengenai penemuan jenazah korban banjir.,True
8561,"Tolong lihat kemari!!!! Sumatera itu bukan provinsi melainkan pulau. Lihat ke ujung Indonesia ini, ada Aceh, Sumatra Utara, Sumatra Barat yang sedang butuh bantuan. Tolong cepat karna kamu bermain dengan seseorang yang tengah berusaha untuk tetap hidup ditengah pilunya!!!",negatif,0,negatif,95,Tweet ini adalah seruan mendesak yang menunjukkan kemarahan dan keputusasaan atas kurangnya perhatian terhadap korban banjir.,False
8562,"Deathbat Indonesia turut berbelasungkawa kepada korban banjir yang terjadi di Sumatera. Semoga teman-teman di Aceh, Sumatera Utara, Sumatera Barat dan sekitarnya selalu dalam lindungan Tuhan Yang Maha Esa. Foto Latar: Syifa Yulinnas, Antara",negatif,0,positif,95,Tweet ini berisi ucapan belasungkawa dan doa positif untuk korban banjir.,True
8567,"Ya, benar. Elon Musk mengumumkan di X bahwa Starlink memberikan layanan internet gratis untuk korban banjir parah di Indonesia, termasuk Sumatra, hingga akhir Desember 2025. Ini kebijakan standar SpaceX untuk tidak mengambil untung dari bencana.",negatif,0,positif,95,Tweet ini melaporkan adanya bantuan layanan internet gratis untuk korban banjir.,True
8576,BRI respons banjir bandang Sumatra dengan langsung turun ke lapangan dan nyiapin bantuan darurat biar warga bisa tetap bertahan di kondisi yang masih serba terbatas. #CSRBRI #BRIPeduli #qrisbri,positif,2,positif,95,Tweet ini melaporkan respons dan bantuan dari BRI untuk korban banjir.,False
8578,Pemerintah Malaysia Sdh Mengirim Bantuan Kemanusiaan Ke Aceh. Sementara Masih Tolol & Dungu Pemerintah Pusat & Daerah Atas Kejadian Banjir Bandang Di Sibolga Sumatra Utara.,positif,2,negatif,95,Tweet ini mengkritik keras pemerintah pusat dan daerah yang dianggap lambat dan tidak kompeten dalam menangani banjir.,True
8583,"Ya, banjir Sumatra Utara November 2025 menewaskan >170 jiwa. WALHI tuding deforestasi oleh perusahaan seperti PT TPL picu bencana, dengan kayu gelondongan sebagai bukti. Pemerintah sebut siklon tropis penyebab utama, tapi DPR dan WALHI desak investigasi mendalam. Kemenhut janji",netral,1,negatif,90,"Tweet ini melaporkan korban jiwa dan tudingan deforestasi sebagai penyebab banjir, serta desakan investigasi.",True
8591,Penyebab banjir dan longsor di Sumatra adalah karena pembalakan liar oleh oligarki dan diijinkan oleh pejabatnya sehingga merusak alam. Mereka memang pki anjing!,negatif,0,negatif,95,Tweet ini menyalahkan pembalakan liar dan pejabat korup sebagai penyebab banjir dengan bahasa yang sangat kasar dan marah.,False
8593,"and as for bencana banjir... aku baik-baik aja, ortu di Padang juga alhamdulillah daerah nya aman... namun ada beberapa dari keluarga ku daerah mereka kena dampak banjir nya... belum terlalu dapet update juga... semoga mereka aman dan bencana Sumatra cepat selesai... sedih doa",netral,1,positif,85,"Meskipun ada konteks dampak banjir, tweet ini fokus pada harapan dan doa positif untuk keselamatan keluarga dan penyelesaian bencana.",True
8594,"PRAY FOR SUMATRA Bencana banjir bandang telah melanda Sumatera, tepatnya di wilayah Sibolga, Medan, Padang, dan Aceh pada 24–26 November 2025. Hujan deras yang mengguyur selama beberapa hari menyebabkan meluapnya sungai dan merendam pemukiman warga. Dampak yang ditimbulkan 👇 doa",netral,1,positif,90,"Tweet ini berisi seruan doa dan informasi faktual tentang bencana, dengan fokus pada dukungan moral.",True
8595,"emg nyatanya Jawasentris, yang aku maksud kan pulaunya bukan sukunya, bulan bulan sblmnya juga terjadi banjir hampir di seluruh sumatra tp beritanya sepi banget, vt vt yg di upload sm orang yang terkena dampak gak naik",netral,1,negatif,90,"Tweet ini mengkritik kurangnya perhatian media terhadap banjir di Sumatera, menunjukkan kekecewaan.",True
8607,"Posko Utama Penanganan Bencana Banjir dan Tanah Longsoh telah beroperasi di Rumah Dinas Walikota Padang, Sumatra Barat. Posko ini menjadi pusat koordinasi dan seluruh aktivitas penanggulangan bencana di Kota Padang, termasuk pengelolaan data dan pendistribusian logistik.",netral,1,netral,95,Tweet ini adalah laporan faktual mengenai operasional posko penanganan bencana.,False
8614,"Presiden Prabowo Subianto memerintahkan penanganan serius bencana banjir dan longsor yang melanda Pulau Sumatra meliputi Aceh, Sumatera Utara dan Sumatera Barat.",netral,1,positif,90,"Tweet ini melaporkan perintah presiden untuk penanganan serius bencana, menunjukkan upaya positif dari pemerintah.",True
8625,"Video ini dari aksi penjarahan di Alfamart di Sibolga dan Tapanuli Tengah, Sumatera Utara, pada 29 November 2025, akibat kepanikan pasca banjir dan longsor yang menyebabkan kekurangan sembako.",negatif,0,negatif,90,"Tweet ini melaporkan insiden penjarahan akibat kepanikan dan kekurangan sembako pasca banjir, menunjukkan situasi negatif.",False
8626,"“Negara berperan besar,” ujar Walhi Sumut. Dan tiap kali banjir bandang menyapu Sibolga–Tapanuli, tubuh-tubuh kayu raksasa ikut hanyut, membawa bukti yang terlalu vulgar untuk ditepis: ada penebangan yang dibiarkan.",negatif,0,negatif,95,Tweet ini mengkritik peran negara dan menyalahkan penebangan liar yang dibiarkan sebagai penyebab banjir.,False
8634,"Gara2 banjir di Sibolga, semua orang menjadi Wahabi. Kecuali yg lagi rebutan tambang.",negatif,0,negatif,85,"Tweet ini menggunakan sarkasme negatif dan kritik terhadap situasi pasca banjir, menyiratkan konflik kepentingan.",False
8638,"Siaga Penuh! Wali Kota Rico Waas Tetapkan Medan Status Tanggap Darurat Banjir Hingga 11 Desember, 19 Kecamatan Terdampak",negatif,0,netral,95,Tweet ini adalah laporan faktual mengenai penetapan status tanggap darurat banjir.,True
